# Region type : patch inlet
# Faces         : 30
# Area          : 1.06980230e-08
# Scale factor  : 7.20000000e+01
# Time          	sum(p_rgh)
1.1976e-06      	3.90646036e+08
1.56105e-06     	-1.39406505e+08
1.96936e-06     	-4.89815956e+07
2.42882e-06     	-1.05112486e+07
2.94468e-06     	5.30239818e+06
3.52086e-06     	1.33735653e+07
4.14859e-06     	1.80606196e+07
4.80143e-06     	2.00872546e+07
5.47686e-06     	2.28905432e+07
6.16911e-06     	2.19020732e+07
6.87911e-06     	1.90192087e+07
7.60787e-06     	2.05902458e+07
8.35358e-06     	1.94191878e+07
9.11711e-06     	1.53112081e+07
9.90263e-06     	8.44314388e+06
1.06817e-05     	1.16291434e+07
1.14544e-05     	6.98335074e+06
1.2224e-05      	-2.70996898e+06
1.29905e-05     	1.92258965e+06
1.37538e-05     	-1.02211677e+07
1.45139e-05     	-8.60094051e+06
1.5271e-05      	-1.85593007e+07
1.60281e-05     	-1.57427896e+07
1.67821e-05     	-2.10172487e+07
1.75361e-05     	-2.46738189e+07
1.82901e-05     	-2.59112006e+07
1.90409e-05     	-3.29089933e+07
1.97918e-05     	-2.84500668e+07
2.05427e-05     	-2.12876401e+07
2.12967e-05     	-2.49031233e+07
2.20507e-05     	-2.90684859e+07
2.28047e-05     	-2.26236209e+07
2.3562e-05      	-2.29054894e+07
2.43225e-05     	-2.68314954e+07
2.50863e-05     	-1.93857064e+07
2.58535e-05     	-1.70827779e+07
2.66275e-05     	-1.63415539e+07
2.74084e-05     	-1.57116082e+07
2.81965e-05     	-1.54907179e+07
2.89919e-05     	-1.64189818e+07
2.97985e-05     	-1.64375197e+07
3.06168e-05     	-1.47565869e+07
3.14512e-05     	-1.38652490e+07
3.23025e-05     	-1.26403071e+07
3.31714e-05     	-1.19555181e+07
3.40635e-05     	-1.04325627e+07
3.49703e-05     	-8.01855527e+06
3.58623e-05     	-5.93000380e+06
3.67448e-05     	-3.39293304e+06
3.76178e-05     	-1.78066891e+06
3.84815e-05     	-7.99428906e+05
3.93407e-05     	-1.01070385e+07
4.01907e-05     	-8.91419244e+06
4.10363e-05     	-7.50661495e+06
4.18773e-05     	-6.11066770e+06
4.2714e-05      	-4.78518408e+06
4.35506e-05     	-3.11244281e+06
4.43828e-05     	-1.94635385e+06
4.5215e-05      	-5.84571702e+05
4.60427e-05     	7.10253082e+05
4.68749e-05     	1.86234266e+06
4.77071e-05     	2.70697118e+06
4.85393e-05     	3.60043660e+06
4.93715e-05     	4.45963317e+06
5.02083e-05     	5.25742683e+06
5.10498e-05     	6.05974805e+06
5.18961e-05     	3.09640052e+04
5.27473e-05     	-4.89710939e+06
5.36034e-05     	-3.71193172e+06
5.44697e-05     	-3.14172858e+06
5.53464e-05     	-2.13602066e+06
5.62338e-05     	-1.48223165e+06
5.71324e-05     	-4.31015633e+05
5.80482e-05     	5.27431884e+05
5.89821e-05     	1.40288643e+06
5.99349e-05     	2.25340168e+06
6.09076e-05     	2.99419074e+06
6.18735e-05     	3.73130844e+06
6.28261e-05     	4.24801058e+06
6.37656e-05     	-1.94199698e+05
6.46924e-05     	3.53667345e+04
6.56129e-05     	2.66984877e+05
6.65209e-05     	4.78558097e+05
6.74228e-05     	6.92404794e+05
6.83186e-05     	8.96149067e+05
6.92083e-05     	1.08765030e+06
7.0092e-05      	1.32352496e+06
7.09698e-05     	1.54186034e+06
7.18475e-05     	-3.21785126e+05
7.27193e-05     	1.56853697e+05
7.35911e-05     	6.30787878e+05
7.44629e-05     	1.07380207e+06
7.53347e-05     	1.46677035e+06
7.62126e-05     	1.84151216e+06
7.70905e-05     	1.76217140e+06
7.79748e-05     	3.06166685e+05
7.8859e-05      	3.18496250e+05
7.97498e-05     	4.83755129e+05
8.06471e-05     	6.72567199e+05
8.15513e-05     	8.26570256e+05
8.24695e-05     	9.90810570e+05
8.3395e-05      	1.13040778e+06
8.43353e-05     	1.17457949e+06
8.52834e-05     	1.29824651e+06
8.62474e-05     	1.39604303e+06
8.72366e-05     	1.48614564e+06
8.82434e-05     	1.59526959e+06
8.92687e-05     	1.68756724e+06
9.02753e-05     	1.71814737e+06
9.12728e-05     	1.74468510e+06
9.22523e-05     	1.79517835e+06
9.3223e-05      	1.85724852e+06
9.4185e-05      	1.92211706e+06
9.51383e-05     	1.97740452e+06
9.6083e-05      	2.06033195e+06
9.70192e-05     	2.10966659e+06
9.79554e-05     	2.14840852e+06
9.8883e-05      	2.14051251e+06
9.98107e-05     	2.12780726e+06
0.000100738     	2.11071086e+06
0.000101657     	2.11278744e+06
0.000102577     	2.09885844e+06
0.000103496     	2.07631667e+06
0.000104415     	2.04087684e+06
0.000105343     	1.94589803e+06
0.000106271     	1.57498066e+06
0.000107208     	1.58442408e+06
0.000108145     	1.59437473e+06
0.000109092     	1.60451298e+06
0.000110049     	1.61602444e+06
0.000111016     	1.62756708e+06
0.000111994     	1.61879857e+06
0.000112983     	1.59775252e+06
0.000113995     	1.56940465e+06
0.000115019     	1.55703189e+06
0.000116068     	1.56556344e+06
0.00011713      	1.57573480e+06
0.000118166     	1.51289751e+06
0.000119189     	1.46064560e+06
0.000120199     	1.41195826e+06
0.000121197     	1.37653942e+06
0.000122182     	1.33793685e+06
0.000123155     	1.29087832e+06
0.000124127     	1.24929305e+06
0.000125088     	1.19595747e+06
0.000126048     	1.13726296e+06
0.000126996     	1.07378701e+06
0.000127944     	1.01883632e+06
0.000128892     	9.84437302e+05
0.000129841     	9.28068572e+05
0.000130789     	8.66444277e+05
0.000131737     	8.03023444e+05
0.000132685     	7.31478566e+05
0.000133633     	6.68473440e+05
0.000134581     	5.99424825e+05
0.000135543     	5.33142550e+05
0.000136505     	4.73821349e+05
0.000137482     	4.16413032e+05
0.000138459     	3.57183361e+05
0.000139451     	3.04252107e+05
0.000140461     	2.51592038e+05
0.000141487     	2.06008016e+05
0.000142532     	1.53761817e+05
0.000143596     	1.00655094e+05
0.000144681     	5.94948277e+04
0.000145787     	1.68010059e+04
0.000146872     	-2.84060869e+04
0.000147934     	-6.51032974e+04
0.000148997     	-1.00466455e+05
0.000150038     	-1.31164471e+05
0.000151078     	-1.51251211e+05
0.000152098     	-1.76730043e+05
0.000153117     	-1.92388511e+05
0.000154114     	-2.11076253e+05
0.000155112     	-2.29086009e+05
0.000156109     	-2.49362350e+05
0.000157107     	-2.72276960e+05
0.000158104     	-2.92032175e+05
0.000159102     	-3.09680489e+05
0.000160099     	-3.28773108e+05
0.000161097     	-3.44568472e+05
0.000162094     	-3.56763201e+05
0.000163092     	-3.66083935e+05
0.000164089     	-3.74809018e+05
0.000165087     	-3.81194112e+05
0.000166114     	-3.85683484e+05
0.000167141     	-3.89817751e+05
0.000168168     	-3.93397364e+05
0.000169229     	-3.94769508e+05
0.00017029      	-3.94145918e+05
0.00017139      	-3.91992580e+05
0.00017249      	-3.90583809e+05
0.000173637     	-3.84950929e+05
0.000174783     	-3.77570449e+05
0.000175879     	-3.69844702e+05
0.000176976     	-3.58495000e+05
0.000178072     	-3.51413427e+05
0.000179116     	-3.42827785e+05
0.00018016      	-3.31036329e+05
0.000181205     	-3.17394131e+05
0.000182249     	-3.00606885e+05
0.000183293     	-2.81991337e+05
0.000184276     	-2.62789841e+05
0.000185259     	-2.41626107e+05
0.000186241     	-2.20692227e+05
0.000187224     	-2.00132439e+05
0.000188207     	-1.79284584e+05
0.00018919      	-1.57665588e+05
0.000190172     	-1.36427231e+05
0.000191155     	-1.15850239e+05
0.000192138     	-9.08579957e+04
0.000193121     	-6.10198478e+04
0.000194103     	-3.60670357e+04
0.000195086     	-6.05751939e+03
0.000196069     	1.02676001e+04
0.000197052     	2.73875756e+04
0.000198034     	4.61439020e+04
0.000199017     	6.55206619e+04
0.0002          	8.46138595e+04
0.000201093     	1.01349153e+05
0.00020221      	1.23377149e+05
0.000203347     	1.46144494e+05
0.00020449      	1.69387407e+05
0.000205614     	1.93544910e+05
0.000206718     	2.17811914e+05
0.00020781      	2.41834020e+05
0.00020889      	2.65466967e+05
0.000209958     	2.88449435e+05
0.00021102      	3.12430644e+05
0.000212075     	3.35536807e+05
0.000213125     	3.58874923e+05
0.000214169     	3.82116114e+05
0.000215207     	4.04995875e+05
0.000216245     	4.27501979e+05
0.000217284     	4.48898766e+05
0.000218322     	4.64106761e+05
0.00021936      	4.76933559e+05
0.000220398     	4.90347824e+05
0.000221442     	5.03814505e+05
0.000222493     	5.17102821e+05
0.000223549     	5.30943925e+05
0.000224619     	5.45569427e+05
0.000225701     	5.61680581e+05
0.000226797     	5.76288537e+05
0.000227908     	5.89012399e+05
0.000229033     	6.01335308e+05
0.000230172     	6.13040200e+05
0.000231336     	6.28704875e+05
0.000232523     	6.50631284e+05
0.000233703     	6.66940898e+05
0.000234858     	6.83750341e+05
0.000235996     	6.94031490e+05
0.00023712      	7.03428684e+05
0.000238228     	7.17395423e+05
0.000239321     	7.24017828e+05
0.000240407     	7.30089496e+05
0.000241485     	7.35382815e+05
0.000242556     	7.36391748e+05
0.000243627     	7.38268819e+05
0.000244691     	7.38438721e+05
0.000245754     	7.37518011e+05
0.000246818     	7.35550329e+05
0.000247889     	7.32650501e+05
0.000248961     	7.28557451e+05
0.000250039     	7.24430170e+05
0.000251118     	7.19411909e+05
0.000252205     	7.14517276e+05
0.0002533       	7.09952355e+05
0.000254411     	7.04257522e+05
0.00025554      	6.97376463e+05
0.000256677     	6.89570948e+05
0.000257843     	6.79429992e+05
0.000259027     	6.67883962e+05
0.000260232     	6.55009867e+05
0.000261469     	6.39427847e+05
0.000262695     	6.23771766e+05
0.000263899     	6.07461460e+05
0.000265093     	5.89757940e+05
0.000266266     	5.70354623e+05
0.000267429     	5.50750536e+05
0.000268582     	5.31148372e+05
0.000269725     	5.11294230e+05
0.000270858     	4.91722496e+05
0.000271981     	4.72116040e+05
0.000273104     	4.52864701e+05
0.000274226     	4.33780598e+05
0.000275349     	4.15366383e+05
0.000276472     	3.95666289e+05
0.000277595     	3.76339332e+05
0.000278729     	3.57512859e+05
0.000279862     	3.38536094e+05
0.000281006     	3.20078039e+05
0.000282162     	3.01500585e+05
0.00028334      	2.83175529e+05
0.00028453      	2.64649679e+05
0.000285746     	2.46759125e+05
0.000286974     	2.28074861e+05
0.00028823      	2.09773419e+05
0.000289515     	1.90912252e+05
0.000290785     	1.71625017e+05
0.000292026     	1.53330546e+05
0.000293239     	1.36703277e+05
0.000294439     	1.20774405e+05
0.000295625     	1.05527074e+05
0.000296798     	9.09810660e+04
0.000297957     	7.74127639e+04
0.000299104     	6.45973632e+04
0.00030025      	5.25845754e+04
0.000301384     	4.03709965e+04
0.000302517     	2.90438344e+04
0.000303651     	1.81031406e+04
0.000304784     	7.84296607e+03
0.000305918     	-1.76094714e+03
0.000307051     	-1.05460525e+04
0.000308199     	-1.78212363e+04
0.000309346     	-2.47238085e+04
0.000310509     	-3.10465846e+04
0.000311686     	-3.68089646e+04
0.000312864     	-4.18962858e+04
0.000314057     	-4.59604422e+04
0.000315268     	-4.95664193e+04
0.000316496     	-5.23073713e+04
0.000317742     	-5.39849163e+04
0.000319008     	-5.56612534e+04
0.000320254     	-5.61404408e+04
0.000321462     	-5.56262987e+04
0.000322652     	-5.41036816e+04
0.000323824     	-5.19959622e+04
0.000324996     	-4.90051224e+04
0.00032615      	-4.58031682e+04
0.000327286     	-4.20734689e+04
0.000328422     	-3.80730360e+04
0.00032954      	-3.36762470e+04
0.000330659     	-2.87151489e+04
0.000331777     	-2.35224254e+04
0.000332896     	-1.76775875e+04
0.000334014     	-1.15288902e+04
0.000335132     	-5.29122891e+03
0.000336251     	1.61346791e+03
0.000337369     	8.89051529e+03
0.000338488     	1.64594024e+04
0.000339606     	2.41792280e+04
0.000340746     	3.11781206e+04
0.000341885     	3.82575391e+04
0.000343047     	4.63399471e+04
0.00034421      	5.50229342e+04
0.000345397     	6.43463859e+04
0.00034661      	7.40902336e+04
0.000347824     	8.40128748e+04
0.000349066     	9.47386526e+04
0.000350339     	1.06272978e+05
0.000351581     	1.17955273e+05
0.000352822     	1.30042537e+05
0.000354032     	1.42174860e+05
0.000355211     	1.54184516e+05
0.000356389     	1.65878388e+05
0.000357568     	1.77875917e+05
0.000358715     	1.90448115e+05
0.000359862     	2.01997380e+05
0.000361008     	2.14702767e+05
0.000362155     	2.24886334e+05
0.000363302     	2.35693688e+05
0.000364449     	2.46703609e+05
0.000365596     	2.56914495e+05
0.000366742     	2.66729254e+05
0.000367889     	2.76295478e+05
0.000369036     	2.85954668e+05
0.000370183     	2.95311143e+05
0.000371376     	3.04616861e+05
0.000372568     	3.14152176e+05
0.000373761     	3.23701678e+05
0.000374954     	3.32757778e+05
0.000376206     	3.41170050e+05
0.000377458     	3.50087610e+05
0.000378711     	3.58547449e+05
0.000380041     	3.66777235e+05
0.000381289     	3.74751713e+05
0.000382536     	3.81931500e+05
0.000383783     	3.88585754e+05
0.000385031     	3.94652239e+05
0.000386278     	4.00169106e+05
0.000387526     	4.05109478e+05
0.00038866      	4.09842589e+05
0.000389794     	4.13961290e+05
0.000390928     	4.17585137e+05
0.000392062     	4.21068741e+05
0.000393196     	4.24248303e+05
0.00039433      	4.26930114e+05
0.000395464     	4.28853701e+05
0.000396598     	4.30147172e+05
0.000397732     	4.30587131e+05
0.000398866     	4.30547191e+05
0.0004          	4.30097548e+05
0.000401212     	4.29032368e+05
0.000402439     	4.27671871e+05
0.000403682     	4.26053955e+05
0.000404948     	4.24001991e+05
0.00040624      	4.21588556e+05
0.000407567     	4.18715437e+05
0.000408932     	4.15304682e+05
0.000410277     	4.11371583e+05
0.000411604     	4.07094516e+05
0.000412913     	4.02446685e+05
0.000414203     	3.97595595e+05
0.000415484     	3.92422139e+05
0.000416748     	3.87038999e+05
0.000418003     	3.81464637e+05
0.000419258     	3.75650608e+05
0.000420505     	3.69614686e+05
0.000421751     	3.63187357e+05
0.000422998     	3.56169995e+05
0.000424253     	3.48866737e+05
0.000425517     	3.41354533e+05
0.000426791     	3.33556874e+05
0.000428074     	3.25513200e+05
0.000429377     	3.16887358e+05
0.000430689     	3.08231408e+05
0.000432022     	2.99113654e+05
0.000433388     	2.89619253e+05
0.000434788     	2.79933411e+05
0.000436212     	2.69914676e+05
0.000437649     	2.59870977e+05
0.000439073     	2.49668235e+05
0.000440472     	2.39928315e+05
0.000441848     	2.30389215e+05
0.000443211     	2.21131441e+05
0.000444551     	2.12217193e+05
0.000445891     	2.03560415e+05
0.00044722      	1.95106255e+05
0.000448548     	1.86992689e+05
0.000449877     	1.79231442e+05
0.000451205     	1.71845538e+05
0.000452546     	1.64633098e+05
0.000453899     	1.57589686e+05
0.000455264     	1.50854663e+05
0.000456642     	1.44481225e+05
0.000458048     	1.38469754e+05
0.000459467     	1.32770321e+05
0.000460916     	1.27366340e+05
0.000462412     	1.22300885e+05
0.000463941     	1.17936386e+05
0.000465436     	1.13718704e+05
0.000466914     	1.10282540e+05
0.000468377     	1.07684121e+05
0.000469823     	1.04657118e+05
0.000471254     	1.02575421e+05
0.000472669     	1.01022300e+05
0.000474083     	1.00100527e+05
0.000475482     	9.95184687e+04
0.000476882     	9.95581462e+04
0.000478281     	9.97507509e+04
0.000479696     	1.00230569e+05
0.000481128     	1.01055437e+05
0.000482578     	1.02190246e+05
0.000484046     	1.03696669e+05
0.000485532     	1.05742526e+05
0.000487038     	1.07751204e+05
0.000488586     	1.10080461e+05
0.000490155     	1.12928399e+05
0.000491747     	1.16145410e+05
0.000493316     	1.19723783e+05
0.00049484      	1.23635769e+05
0.000496342     	1.27775597e+05
0.000497823     	1.32293137e+05
0.000499304     	1.36898400e+05
0.000500763     	1.41711754e+05
0.000502223     	1.46629567e+05
0.000503682     	1.51761106e+05
0.000505141     	1.57032159e+05
0.000506623     	1.62639103e+05
0.000508106     	1.68479619e+05
0.000509612     	1.74695005e+05
0.000511144     	1.81539393e+05
0.000512703     	1.89596761e+05
0.00051429      	1.97882134e+05
0.000515907     	2.06436483e+05
0.000517556     	2.15215780e+05
0.000519173     	2.23721151e+05
0.000520758     	2.32087711e+05
0.000522311     	2.40299468e+05
0.000523835     	2.48326588e+05
0.000525358     	2.56299055e+05
0.000526881     	2.64146302e+05
0.000528374     	2.71694157e+05
0.000529866     	2.79081676e+05
0.000531358     	2.86251884e+05
0.00053285      	2.93088870e+05
0.000534376     	2.98781814e+05
0.000535902     	2.83521045e+05
0.000537466     	2.90143309e+05
0.000539069     	2.96873093e+05
0.000540716     	3.03479700e+05
0.00054241      	3.09971216e+05
0.000544055     	3.15926918e+05
0.000545654     	3.21412399e+05
0.000547206     	3.26544800e+05
0.000548759     	3.31322377e+05
0.000550266     	3.35458608e+05
0.000551773     	3.38560303e+05
0.000553235     	3.42116242e+05
0.000554696     	3.45204072e+05
0.000556158     	3.47928794e+05
0.000557619     	3.50309151e+05
0.00055908      	3.52370694e+05
0.000560542     	3.54067014e+05
0.000562003     	3.55561584e+05
0.000563523     	3.56798938e+05
0.000565043     	3.57734044e+05
0.000566632     	3.58604298e+05
0.000568221     	3.59018198e+05
0.000569893     	3.59582246e+05
0.000571566     	3.59548587e+05
0.000573146     	3.58748669e+05
0.000574725     	3.58056914e+05
0.000576305     	3.57144557e+05
0.000577786     	3.55652166e+05
0.000579267     	3.54319507e+05
0.000580748     	3.52777106e+05
0.000582229     	3.51038713e+05
0.00058371      	3.49076329e+05
0.000585191     	3.46858702e+05
0.000586672     	3.44420557e+05
0.000588153     	3.41790944e+05
0.000589633     	3.38967629e+05
0.000591114     	3.35955546e+05
0.000592595     	3.32766870e+05
0.000594076     	3.29442447e+05
0.000595557     	3.25990667e+05
0.000597038     	3.22402745e+05
0.000598519     	3.18687760e+05
0.0006          	3.14859501e+05
0.000601653     	3.10782541e+05
0.000603306     	3.06192432e+05
0.000604931     	3.01521340e+05
0.00060653      	2.96812646e+05
0.000608103     	2.92074534e+05
0.000609663     	2.87267083e+05
0.000611223     	2.82307626e+05
0.000612771     	2.77283904e+05
0.000614318     	2.72138863e+05
0.000615879     	2.66863724e+05
0.000617439     	2.61490560e+05
0.000619013     	2.55760996e+05
0.0006206       	2.50001629e+05
0.000622202     	2.44148548e+05
0.000623833     	2.38082440e+05
0.000625495     	2.31865962e+05
0.000627206     	2.25427987e+05
0.000628951     	2.18911068e+05
0.000630645     	2.12914876e+05
0.000632305     	2.07401910e+05
0.000633949     	2.01587461e+05
0.000635562     	1.95963999e+05
0.000637158     	1.90488794e+05
0.000638755     	1.85106240e+05
0.000640335     	1.79958745e+05
0.000641916     	1.74946928e+05
0.000643497     	1.70119651e+05
0.000645094     	1.65401724e+05
0.000646691     	1.60950107e+05
0.000648305     	1.56692609e+05
0.000649936     	1.52600170e+05
0.000651603     	1.48621104e+05
0.000653309     	1.44727388e+05
0.000655055     	1.41023805e+05
0.000656823     	1.37670239e+05
0.000658527     	1.35268481e+05
0.000660212     	1.32975962e+05
0.000661856     	1.31142571e+05
0.000663481     	1.29530952e+05
0.000665087     	1.28178172e+05
0.000666675     	1.27224559e+05
0.000668243     	1.26587142e+05
0.000669812     	1.25890482e+05
0.00067138      	1.25239495e+05
0.000672949     	1.24914364e+05
0.000674537     	1.24845249e+05
0.000676125     	1.25298093e+05
0.000677755     	1.25705998e+05
0.000679407     	1.26601215e+05
0.000681105     	1.27689565e+05
0.000682829     	1.29251720e+05
0.000684604     	1.31047547e+05
0.000686326     	1.33675287e+05
0.000687998     	1.36462924e+05
0.000689645     	1.39349603e+05
0.000691268     	1.42531821e+05
0.000692867     	1.45752435e+05
0.000694442     	1.49235247e+05
0.000695995     	1.52911241e+05
0.000697547     	1.56792739e+05
0.000699076     	1.60863403e+05
0.000700605     	1.65120578e+05
0.000702158     	1.69582749e+05
0.000703711     	1.73597414e+05
0.000705264     	1.74429968e+05
0.000706843     	1.80225770e+05
0.000708449     	1.86350893e+05
0.000710084     	1.92848334e+05
0.000711749     	1.99597460e+05
0.000713447     	2.05060332e+05
0.000715178     	1.96625235e+05
0.000716909     	2.05918406e+05
0.000718604     	2.15252146e+05
0.000720266     	2.24374507e+05
0.000721893     	2.33453634e+05
0.000723487     	2.42475786e+05
0.000725081     	2.51708951e+05
0.000726642     	2.60644278e+05
0.000728202     	2.69622149e+05
0.000729763     	2.78467504e+05
0.000731324     	2.87160581e+05
0.000732885     	2.95668504e+05
0.000734446     	3.03976273e+05
0.000736045     	3.12295142e+05
0.000737644     	3.20285850e+05
0.000739284     	3.28330809e+05
0.000740925     	3.35986071e+05
0.000742613     	3.43649361e+05
0.000744301     	3.50786971e+05
0.000746042     	3.57919081e+05
0.00074784      	3.64853558e+05
0.000749639     	3.70927151e+05
0.000751438     	3.76427842e+05
0.000753172     	3.80807441e+05
0.000754906     	3.85064257e+05
0.000756641     	3.88754470e+05
0.000758375     	3.91832962e+05
0.000760109     	3.94510904e+05
0.000761844     	3.96808891e+05
0.000763578     	3.98514928e+05
0.000765313     	3.99623369e+05
0.000767047     	4.00171111e+05
0.000768781     	4.00172853e+05
0.000770516     	3.99683096e+05
0.000772358     	3.99380754e+05
0.000774201     	3.97563494e+05
0.000776044     	3.94756980e+05
0.000777887     	3.91478374e+05
0.000779897     	3.88303966e+05
0.000781907     	3.83173645e+05
0.000783918     	3.77077224e+05
0.000785928     	3.69866803e+05
0.000787938     	3.62561095e+05
0.000789949     	3.54654245e+05
0.000791959     	3.46147852e+05
0.000793969     	3.37097115e+05
0.000795979     	3.27486852e+05
0.00079799      	3.17263594e+05
0.0008          	3.06376458e+05
0.000802        	2.94913147e+05
0.000804        	2.82767521e+05
0.000806        	2.70049231e+05
0.000808        	2.56853574e+05
0.00081         	2.43287204e+05
0.000812        	2.29345630e+05
0.000814        	2.15417136e+05
0.000816        	2.01807438e+05
0.000818        	1.88071280e+05
0.00082         	1.74489825e+05
0.000822        	1.61042402e+05
0.000824        	1.48115546e+05
0.000826        	1.35875868e+05
0.000828        	1.23812893e+05
0.00083         	1.12814016e+05
0.000832        	1.02435321e+05
0.000834        	9.30151599e+04
0.000836        	8.43039071e+04
0.000838        	7.68449049e+04
0.00084         	7.02925132e+04
0.000842        	6.47807086e+04
0.000844        	6.01601427e+04
0.000846        	5.66244838e+04
0.000848        	5.39527813e+04
0.00085         	5.23985167e+04
0.000852        	5.19046126e+04
0.000854        	5.24534348e+04
0.000856        	5.40232099e+04
0.000858        	5.65771747e+04
0.00086         	5.95701894e+04
0.000862        	6.29595046e+04
0.000864        	6.71937458e+04
0.000866        	7.23077876e+04
0.000868        	7.82501528e+04
0.00087         	8.49718110e+04
0.000872        	9.26266451e+04
0.000874        	1.00840272e+05
0.000876        	1.09746105e+05
0.000878        	1.19338910e+05
0.00088         	1.29543965e+05
0.000882        	1.40249026e+05
0.000884        	1.51390036e+05
0.000886        	1.62915796e+05
0.000888        	1.74783157e+05
0.00089         	1.87050979e+05
0.000892        	1.99780670e+05
0.000894        	2.12979525e+05
0.000896        	2.26623448e+05
0.000898        	2.40750954e+05
0.0009          	2.56104634e+05
0.000902        	2.71662664e+05
0.000904        	2.87135072e+05
0.000906        	3.02257622e+05
0.000908        	3.16933467e+05
0.00091         	3.30999928e+05
0.000911957     	3.33975250e+05
0.000913913     	3.42495129e+05
0.00091587      	3.54822847e+05
0.000917826     	3.66356241e+05
0.000919783     	3.76229850e+05
0.000921788     	3.85711552e+05
0.000923793     	3.93727898e+05
0.000925799     	4.00520176e+05
0.000927804     	4.06078038e+05
0.00092981      	4.10289691e+05
0.000931815     	4.12580330e+05
0.000933821     	3.69636017e+05
0.000935826     	3.68174724e+05
0.000937832     	3.67297087e+05
0.000939774     	3.74254662e+05
0.000941717     	3.81865554e+05
0.00094366      	3.88152620e+05
0.000945603     	3.92783439e+05
0.000947545     	3.96183533e+05
0.000949488     	3.98053801e+05
0.000951431     	3.98727651e+05
0.000953374     	3.98207347e+05
0.000955401     	3.96603437e+05
0.000957428     	3.93023269e+05
0.000959455     	3.24015088e+05
0.000961483     	3.23464023e+05
0.00096351      	3.13403221e+05
0.000965537     	3.02651461e+05
0.000967564     	2.91211373e+05
0.000969592     	2.79017751e+05
0.000971619     	2.66142676e+05
0.000973646     	2.52673790e+05
0.000975673     	2.38641834e+05
0.0009777       	2.24203217e+05
0.000979728     	2.09274278e+05
0.000981755     	1.94161866e+05
0.000983782     	1.79026200e+05
0.000985809     	1.63922822e+05
0.000987837     	1.49002941e+05
0.000989864     	1.34529537e+05
0.000991891     	1.20674646e+05
0.000993918     	1.07634825e+05
0.000995946     	9.57048024e+04
0.000997973     	8.47392606e+04
0.001           	7.47048870e+04
0.001002        	6.60952170e+04
0.001004        	5.83715822e+04
0.001006        	5.15656112e+04
0.001008        	4.58539177e+04
0.00101         	4.11149131e+04
0.001012        	3.76538729e+04
0.001014        	3.51870632e+04
0.001016        	3.39061993e+04
0.001018        	3.37297228e+04
0.00102         	3.46620216e+04
0.001022        	3.66831915e+04
0.001024        	3.99973666e+04
0.001026        	4.43201201e+04
0.001028        	4.89516675e+04
0.00103         	5.41474942e+04
0.001032        	6.02677690e+04
0.001034        	6.72994511e+04
0.001036        	7.52021367e+04
0.001038        	8.38856881e+04
0.00104         	9.33431890e+04
0.001042        	1.03529617e+05
0.001044        	1.14357046e+05
0.001046        	1.25863602e+05
0.001048        	1.38129546e+05
0.00105         	1.52024608e+05
0.001052        	1.69720305e+05
0.001054        	1.82665628e+05
0.001056        	1.94860477e+05
0.001058        	2.07070496e+05
0.00106         	2.13945261e+05
0.001062        	2.19804664e+05
0.001064        	2.33655852e+05
0.001066        	2.47500983e+05
0.001068        	2.61163484e+05
0.00107         	2.74542788e+05
0.001072        	2.87536199e+05
0.001074        	3.00039684e+05
0.001076        	3.11950890e+05
0.001078        	3.23151630e+05
0.00108         	3.33485068e+05
0.001082        	3.42435155e+05
0.001084        	3.37985082e+05
0.001086        	3.40441391e+05
0.001088        	3.48696140e+05
0.00109         	3.55781377e+05
0.001092        	3.61553540e+05
0.001094        	3.65902101e+05
0.001096        	3.68943346e+05
0.001098        	3.70808156e+05
0.0011          	3.71415917e+05
0.001102        	3.70797078e+05
0.001104        	3.69118542e+05
0.001106        	3.66329849e+05
0.001108        	3.62473534e+05
0.00111         	3.57718540e+05
0.001112        	3.51974974e+05
0.001114        	3.45340016e+05
0.001116        	3.37915897e+05
0.001118        	3.29601557e+05
0.00112         	3.20516117e+05
0.001122        	3.10842018e+05
0.001124        	3.00256135e+05
0.001126        	2.89207150e+05
0.001128        	2.77950801e+05
0.00113         	2.66347282e+05
0.001132        	2.54427980e+05
0.001134        	2.42244257e+05
0.001136        	2.29693045e+05
0.001138        	2.16884239e+05
0.00114         	2.03948892e+05
0.001142        	1.90886521e+05
0.001144        	1.77695069e+05
0.001146        	1.64842930e+05
0.001148        	1.52409264e+05
0.00115         	1.40431824e+05
0.001152        	1.28984945e+05
0.001154        	1.18195071e+05
0.001156        	1.08075180e+05
0.001158        	9.86955263e+04
0.00116         	9.01089320e+04
0.001162        	8.23732567e+04
0.001164        	7.55053953e+04
0.001166        	6.95447325e+04
0.001168        	6.45538906e+04
0.00117         	6.05346680e+04
0.001172        	5.74934000e+04
0.001174        	5.54322867e+04
0.001176        	5.43768914e+04
0.001178        	5.43135498e+04
0.00118         	5.52182180e+04
0.001182        	5.70277380e+04
0.001184        	5.96847024e+04
0.001186        	6.30885989e+04
0.001188        	6.67247844e+04
0.00119         	7.11699260e+04
0.001192        	7.64446439e+04
0.001194        	8.24927902e+04
0.001196        	8.92755950e+04
0.001198        	9.66978226e+04
0.0012          	1.04753418e+05
0.001202        	1.13381263e+05
0.001204        	1.22538314e+05
0.001206        	1.32189603e+05
0.001208        	1.42335368e+05
0.00121         	1.53061379e+05
0.001212        	1.64814273e+05
0.001214        	1.80971412e+05
0.001216        	1.93985495e+05
0.001218        	2.04694134e+05
0.00122         	2.14912131e+05
0.001222        	2.24952748e+05
0.001224        	2.34886645e+05
0.001226        	2.44721494e+05
0.001228        	2.54401029e+05
0.00123         	2.63873794e+05
0.001232        	2.73131127e+05
0.001234        	2.82567253e+05
0.001236        	2.93316083e+05
0.001238        	3.00440357e+05
0.00124         	3.06628964e+05
0.001242        	3.11976262e+05
0.001244        	3.16385569e+05
0.001246        	3.19363227e+05
0.001248        	3.11823661e+05
0.00125         	3.14396556e+05
0.001252        	3.16483871e+05
0.001254        	3.17490138e+05
0.001256        	3.17454576e+05
0.001258        	3.16458268e+05
0.00126         	3.14531831e+05
0.001262        	3.11752598e+05
0.001264        	3.08143927e+05
0.001266        	3.03845508e+05
0.001268        	2.98684460e+05
0.00127         	2.92804855e+05
0.001272        	2.86218427e+05
0.001274        	2.78953059e+05
0.001276        	2.71063376e+05
0.001278        	2.62606693e+05
0.00128         	2.53629842e+05
0.001282        	2.44157654e+05
0.001284        	2.34604111e+05
0.001286        	2.24420414e+05
0.001288        	2.13754216e+05
0.00129         	2.02748788e+05
0.001292        	1.91445741e+05
0.001294        	1.79947850e+05
0.001296        	1.68348690e+05
0.001298        	1.56686807e+05
0.0013          	1.45084821e+05
0.001302        	1.33807907e+05
0.001304        	1.22912228e+05
0.001306        	1.12479763e+05
0.001308        	1.02586759e+05
0.00131         	9.33339404e+04
0.001312        	8.47888845e+04
0.001314        	7.69789393e+04
0.001316        	6.99540062e+04
0.001318        	6.37493155e+04
0.00132         	5.84349287e+04
0.001322        	5.40580529e+04
0.001324        	5.05375000e+04
0.001326        	4.79501673e+04
0.001328        	4.62972289e+04
0.00133         	4.56635378e+04
0.001332        	4.60535107e+04
0.001334        	4.73794599e+04
0.001336        	4.92300875e+04
0.001338        	5.17378160e+04
0.00134         	5.50191698e+04
0.001342        	5.91386492e+04
0.001344        	6.39799287e+04
0.001346        	6.95037097e+04
0.001348        	7.58052931e+04
0.00135         	8.28606864e+04
0.001352        	9.08198873e+04
0.001354        	9.96924455e+04
0.001356        	1.10160816e+05
0.001358        	1.25771318e+05
0.00136         	1.37548618e+05
0.001362        	1.47662921e+05
0.001364        	1.57485070e+05
0.001366        	1.67356198e+05
0.001368        	1.77473151e+05
0.00137         	1.87819493e+05
0.001372        	1.98433201e+05
0.001374        	2.09292585e+05
0.001376        	2.20367171e+05
0.001378        	2.31559365e+05
0.00138         	2.42780598e+05
0.001382        	2.53974485e+05
0.001384        	2.64959451e+05
0.001386        	2.75640181e+05
0.001388        	2.85924678e+05
0.00139         	2.95733155e+05
0.001392        	3.05214017e+05
0.001394        	3.15418791e+05
0.001396        	3.22943135e+05
0.001398        	3.29542741e+05
0.0014          	3.35387260e+05
0.001402        	3.40261177e+05
0.001404        	3.44102253e+05
0.001406        	3.46992475e+05
0.001408        	3.48964695e+05
0.00141         	3.50101644e+05
0.001412        	3.50222948e+05
0.001414        	3.49441992e+05
0.001416        	3.47872754e+05
0.001418        	3.45524329e+05
0.00142         	3.42311183e+05
0.001422        	3.38287638e+05
0.001424        	3.33483735e+05
0.001426        	3.27918900e+05
0.001428        	3.22150492e+05
0.00143         	3.16105927e+05
0.001432        	3.09205584e+05
0.001434        	3.01605548e+05
0.001436        	2.93361665e+05
0.001438        	2.84531937e+05
0.00144         	2.75182290e+05
0.001442        	2.65446702e+05
0.001444        	2.55381597e+05
0.001446        	2.44987000e+05
0.001448        	2.34266901e+05
0.00145         	2.23264015e+05
0.001452        	2.11928870e+05
0.001454        	2.00262318e+05
0.001456        	1.88271031e+05
0.001458        	1.76213743e+05
0.00146         	1.64193075e+05
0.001462        	1.52252408e+05
0.001464        	1.40486235e+05
0.001466        	1.28986270e+05
0.001468        	1.17846389e+05
0.00147         	1.07180137e+05
0.001472        	9.70734768e+04
0.001474        	8.76026782e+04
0.001476        	7.88385401e+04
0.001478        	7.08280928e+04
0.00148         	6.36271879e+04
0.001482        	5.72680692e+04
0.001484        	5.17716284e+04
0.001486        	4.71612120e+04
0.001488        	4.34486914e+04
0.00149         	4.06413626e+04
0.001492        	3.87345049e+04
0.001494        	3.76686771e+04
0.001496        	3.75144626e+04
0.001498        	3.82443461e+04
0.0015          	3.98429162e+04
0.001502        	4.23179981e+04
0.001504        	4.57261081e+04
0.001506        	4.92786492e+04
0.001508        	5.36910745e+04
0.00151         	5.90726540e+04
0.001512        	6.55300732e+04
0.001514        	7.35455708e+04
0.001516        	8.66178341e+04
0.001518        	9.77048223e+04
0.00152         	1.05726963e+05
0.001522        	1.13438395e+05
0.001524        	1.21238523e+05
0.001526        	1.29256407e+05
0.001528        	1.37521571e+05
0.00153         	1.45956233e+05
0.001532        	1.54361283e+05
0.001534        	1.62395878e+05
0.001536        	1.70128784e+05
0.001538        	1.78710185e+05
0.00154         	1.87329864e+05
0.001542        	1.95909095e+05
0.001544        	2.04432248e+05
0.001546        	2.13545349e+05
0.001548        	2.25692834e+05
0.00155         	2.04735066e+05
0.001552        	2.26471994e+05
0.001554        	2.47762292e+05
0.001556        	2.68028800e+05
0.001558        	2.86693951e+05
0.00156         	3.02841150e+05
0.001562        	3.10884827e+05
0.001564        	3.18271359e+05
0.001566        	3.24841623e+05
0.001568        	3.30635446e+05
0.00157         	3.35597926e+05
0.001572        	3.39715390e+05
0.001574        	3.42945484e+05
0.001576        	3.45244726e+05
0.001578        	3.46812665e+05
0.00158         	3.48400141e+05
0.001582        	3.48425462e+05
0.001584        	3.47439230e+05
0.001586        	3.45702074e+05
0.001588        	3.43268261e+05
0.00159         	3.40171580e+05
0.001592        	3.36596976e+05
0.001594        	3.32529610e+05
0.001596        	3.27958539e+05
0.001598        	3.22932864e+05
0.0016          	3.17486797e+05
0.001602        	3.11670885e+05
0.001604        	3.05514479e+05
0.001606        	2.99048845e+05
0.001608        	2.92322460e+05
0.00161         	2.85387576e+05
0.001612        	2.78288726e+05
0.001614        	2.71056895e+05
0.001616        	2.63790200e+05
0.001618        	2.56488128e+05
0.00162         	2.49171896e+05
0.001622        	2.41748026e+05
0.001624        	2.34463742e+05
0.001626        	2.27334812e+05
0.001628        	2.20394839e+05
0.00163         	2.13682785e+05
0.001632        	2.07231098e+05
0.001634        	2.01076229e+05
0.001636        	1.95252461e+05
0.001638        	1.89792512e+05
0.00164         	1.84726766e+05
0.001642        	1.80089572e+05
0.001644        	1.75900651e+05
0.001646        	1.72181113e+05
0.001648        	1.68947201e+05
0.00165         	1.66212035e+05
0.001652        	1.63974320e+05
0.001654        	1.62213602e+05
0.001656        	1.60994746e+05
0.001658        	1.60334220e+05
0.00166         	1.60237062e+05
0.001662        	1.60666623e+05
0.001664        	1.61608066e+05
0.001666        	1.62860279e+05
0.001668        	1.64424775e+05
0.00167         	1.66466613e+05
0.001672        	1.68956992e+05
0.001674        	1.71834740e+05
0.001676        	1.75094610e+05
0.001678        	1.78719078e+05
0.00168         	1.82666250e+05
0.001682        	1.86904267e+05
0.001684        	1.91424446e+05
0.001686        	1.96180466e+05
0.001688        	2.01161947e+05
0.00169         	2.06348732e+05
0.001692        	2.11690917e+05
0.001694        	2.17190445e+05
0.001696        	2.22818783e+05
0.001698        	2.28538293e+05
0.0017          	2.34295209e+05
0.001702        	2.40031173e+05
0.001704        	2.45630927e+05
0.001706        	2.51059284e+05
0.001708        	2.56174993e+05
0.00171         	2.60883748e+05
0.001712        	2.65324182e+05
0.001714        	2.69377779e+05
0.001716        	2.73061415e+05
0.001718        	2.76405255e+05
0.00172         	2.79374309e+05
0.001722        	2.81991794e+05
0.001724        	2.84276902e+05
0.001726        	2.86178635e+05
0.001728        	2.87759309e+05
0.00173         	2.88959368e+05
0.001732        	2.89815148e+05
0.001734        	2.90287874e+05
0.001736        	2.90405503e+05
0.001738        	2.90156022e+05
0.00174         	2.89505457e+05
0.001742        	2.88474535e+05
0.001744        	2.87064519e+05
0.001746        	2.85319675e+05
0.001748        	2.83276868e+05
0.00175         	2.80944884e+05
0.001752        	2.78335412e+05
0.001754        	2.75510878e+05
0.001756        	2.72461985e+05
0.001758        	2.69230706e+05
0.00176         	2.65827265e+05
0.001762        	2.62278047e+05
0.001764        	2.58611206e+05
0.001766        	2.54807107e+05
0.001768        	2.50969286e+05
0.00177         	2.47066930e+05
0.001772        	2.43133108e+05
0.001774        	2.39191773e+05
0.001776        	2.35275032e+05
0.001778        	2.31325958e+05
0.00178         	2.27456849e+05
0.001782        	2.23671586e+05
0.001784        	2.20050923e+05
0.001786        	2.16578182e+05
0.001788        	2.13272932e+05
0.00179         	2.10156408e+05
0.001792        	2.07240533e+05
0.001794        	2.04565696e+05
0.001796        	2.02131720e+05
0.001798        	1.99953364e+05
0.0018          	1.98042133e+05
0.001802        	1.96354179e+05
0.001804        	1.94991340e+05
0.001806        	1.93921099e+05
0.001808        	1.93150049e+05
0.00181         	1.92698288e+05
0.001812        	1.92532349e+05
0.001814        	1.92485952e+05
0.001816        	1.92742719e+05
0.001818        	1.93329543e+05
0.00182         	1.94231515e+05
0.001822        	1.95399931e+05
0.001824        	1.96838738e+05
0.001826        	1.98547505e+05
0.001828        	2.00497171e+05
0.00183         	2.02652941e+05
0.001832        	2.05030556e+05
0.001834        	2.07592853e+05
0.001836        	2.10317742e+05
0.001838        	2.13187402e+05
0.00184         	2.16185072e+05
0.001842        	2.19282464e+05
0.001844        	2.22460582e+05
0.001846        	2.25705105e+05
0.001848        	2.28973115e+05
0.00185         	2.32251990e+05
0.001852        	2.35507894e+05
0.001854        	2.38747749e+05
0.001856        	2.41852468e+05
0.001858        	2.44979766e+05
0.00186         	2.47980739e+05
0.001862        	2.50832249e+05
0.001864        	2.53569830e+05
0.001866        	2.56145688e+05
0.001868        	2.58539276e+05
0.00187         	2.60769692e+05
0.001872        	2.62797396e+05
0.001874        	2.64631164e+05
0.001876        	2.66266583e+05
0.001878        	2.67688513e+05
0.00188         	2.68871362e+05
0.001882        	2.69830717e+05
0.001884        	2.70569161e+05
0.001886        	2.71065741e+05
0.001888        	2.71308853e+05
0.00189         	2.71338955e+05
0.001892        	2.71121275e+05
0.001894        	2.70673517e+05
0.001896        	2.69973357e+05
0.001898        	2.69035446e+05
0.0019          	2.67876795e+05
0.001902        	2.66506873e+05
0.001904        	2.64947858e+05
0.001906        	2.63229276e+05
0.001908        	2.61337701e+05
0.00191         	2.59315097e+05
0.001912        	2.57163955e+05
0.001914        	2.54894310e+05
0.001916        	2.52532478e+05
0.001918        	2.50060180e+05
0.00192         	2.47533639e+05
0.001922        	2.44968564e+05
0.001924        	2.42362673e+05
0.001926        	2.39738254e+05
0.001928        	2.37069399e+05
0.00193         	2.34430456e+05
0.001932        	2.31808077e+05
0.001934        	2.29220767e+05
0.001936        	2.26703769e+05
0.001938        	2.24268194e+05
0.00194         	2.21928007e+05
0.001942        	2.19696317e+05
0.001944        	2.17581936e+05
0.001946        	2.15605109e+05
0.001948        	2.13744183e+05
0.00195         	2.12048413e+05
0.001952        	2.10513070e+05
0.001954        	2.09162067e+05
0.001956        	2.07990213e+05
0.001958        	2.07004715e+05
0.00196         	2.06209471e+05
0.001962        	2.05607046e+05
0.001964        	2.05195794e+05
0.001966        	2.04839070e+05
0.001968        	2.04692569e+05
0.00197         	2.04758421e+05
0.001972        	2.05029564e+05
0.001974        	2.05472176e+05
0.001976        	2.06106838e+05
0.001978        	2.06915798e+05
0.00198         	2.07890675e+05
0.001982        	2.09030978e+05
0.001984        	2.10324098e+05
0.001986        	2.11754748e+05
0.001988        	2.13317232e+05
0.00199         	2.14995785e+05
0.001992        	2.16771944e+05
0.001994        	2.18636785e+05
0.001996        	2.20567763e+05
0.001998        	2.22551971e+05
0.002           	2.24576737e+05
0.002002        	2.26645099e+05
0.002004        	2.28721917e+05
0.002006        	2.30800950e+05
0.002008        	2.32882461e+05
0.00201         	2.34939717e+05
0.002012        	2.36931892e+05
0.002014        	2.38858720e+05
0.002016        	2.40774574e+05
0.002018        	2.42599175e+05
0.00202         	2.44336092e+05
0.002022        	2.45988905e+05
0.002024        	2.47540011e+05
0.002026        	2.48974897e+05
0.002028        	2.50240225e+05
0.00203         	2.51445297e+05
0.002032        	2.52496405e+05
0.002034        	2.53403515e+05
0.002036        	2.54197338e+05
0.002038        	2.54847028e+05
0.00204         	2.55354218e+05
0.002042        	2.55701904e+05
0.002044        	2.55926214e+05
0.002046        	2.56001496e+05
0.002048        	2.55945317e+05
0.00205         	2.55751049e+05
0.002052        	2.55405689e+05
0.002054        	2.54943698e+05
0.002056        	2.54363769e+05
0.002058        	2.53652270e+05
0.00206         	2.52813017e+05
0.002062        	2.51869194e+05
0.002064        	2.50817868e+05
0.002066        	2.49678256e+05
0.002068        	2.48461768e+05
0.00207         	2.47184443e+05
0.002072        	2.45814178e+05
0.002074        	2.44424208e+05
0.002076        	2.42979988e+05
0.002078        	2.41508346e+05
0.00208         	2.39965817e+05
0.002082        	2.38462634e+05
0.002084        	2.36948096e+05
0.002086        	2.35432439e+05
0.002088        	2.33927487e+05
0.00209         	2.32443912e+05
0.002092        	2.30989699e+05
0.002094        	2.29562182e+05
0.002096        	2.28181931e+05
0.002098        	2.26827904e+05
0.0021          	2.25537255e+05
0.002102        	2.24328687e+05
0.002104        	2.23189931e+05
0.002106        	2.22128996e+05
0.002108        	2.21147441e+05
0.00211         	2.20248577e+05
0.002112        	2.19435363e+05
0.002114        	2.18706083e+05
0.002116        	2.18061958e+05
0.002118        	2.17445605e+05
0.00212         	2.16916381e+05
0.002122        	2.16498047e+05
0.002124        	2.16172486e+05
0.002126        	2.15940735e+05
0.002128        	2.15794777e+05
0.00213         	2.15740205e+05
0.002132        	2.15774354e+05
0.002134        	2.15881822e+05
0.002136        	2.16069315e+05
0.002138        	2.16331757e+05
0.00214         	2.16652983e+05
0.002142        	2.17034860e+05
0.002144        	2.17478819e+05
0.002146        	2.17967939e+05
0.002148        	2.18494172e+05
0.00215         	2.19057966e+05
0.002152        	2.19663063e+05
0.002154        	2.20293619e+05
0.002156        	2.20933010e+05
0.002158        	2.21584570e+05
0.00216         	2.22256062e+05
0.002162        	2.22929090e+05
0.002164        	2.23597448e+05
0.002166        	2.24257607e+05
0.002168        	2.24909000e+05
0.00217         	2.25524340e+05
0.002172        	2.26131638e+05
0.002174        	2.26716319e+05
0.002176        	2.27271455e+05
0.002178        	2.27787657e+05
0.00218         	2.28266635e+05
0.002182        	2.28716092e+05
0.002184        	2.29127055e+05
0.002186        	2.29493491e+05
0.002188        	2.29804953e+05
0.00219         	2.30088618e+05
0.002192        	2.30335355e+05
0.002194        	2.30531315e+05
0.002196        	2.30694678e+05
0.002198        	2.30801128e+05
0.0022          	2.30886707e+05
0.002202        	2.30933930e+05
0.002204        	2.30945912e+05
0.002206        	2.30925352e+05
0.002208        	2.30877706e+05
0.00221         	2.30800456e+05
0.002212        	2.30689220e+05
0.002214        	2.30568139e+05
0.002216        	2.30439078e+05
0.002218        	2.30291338e+05
0.00222         	2.30141371e+05
0.002222        	2.29974558e+05
0.002224        	2.29811478e+05
0.002226        	2.29659338e+05
0.002228        	2.29514520e+05
0.00223         	2.29378557e+05
0.002232        	2.29256167e+05
0.002234        	2.29146413e+05
0.002236        	2.29061733e+05
0.002238        	2.28998811e+05
0.00224         	2.28966117e+05
0.002242        	2.28962778e+05
0.002244        	2.28992009e+05
0.002246        	2.29054269e+05
0.002248        	2.29150801e+05
0.00225         	2.29283015e+05
0.002252        	2.29449333e+05
0.002254        	2.29655242e+05
0.002256        	2.29896568e+05
0.002258        	2.30174515e+05
0.00226         	2.30488040e+05
0.002262        	2.30835759e+05
0.002264        	2.31216976e+05
0.002266        	2.31629730e+05
0.002268        	2.32071813e+05
0.00227         	2.32541871e+05
0.002272        	2.33037156e+05
0.002274        	2.33554833e+05
0.002276        	2.34091727e+05
0.002278        	2.34644830e+05
0.00228         	2.35210763e+05
0.002282        	2.35786658e+05
0.002284        	2.36368483e+05
0.002286        	2.36952136e+05
0.002288        	2.37534538e+05
0.00229         	2.38111821e+05
0.002292        	2.38679246e+05
0.002294        	2.39234296e+05
0.002296        	2.39773071e+05
0.002298        	2.40291117e+05
0.0023          	2.40786113e+05
0.002302        	2.41254830e+05
0.002304        	2.41692699e+05
0.002306        	2.42097880e+05
0.002308        	2.42467570e+05
0.00231         	2.42797920e+05
0.002312        	2.43088195e+05
0.002314        	2.43334503e+05
0.002316        	2.43535076e+05
0.002318        	2.43690641e+05
0.00232         	2.43797218e+05
0.002322        	2.43855436e+05
0.002324        	2.43864583e+05
0.002326        	2.43823878e+05
0.002328        	2.43733217e+05
0.00233         	2.43593754e+05
0.002332        	2.43405071e+05
0.002334        	2.43168764e+05
0.002336        	2.42885958e+05
0.002338        	2.42558009e+05
0.00234         	2.42187272e+05
0.002342        	2.41775234e+05
0.002344        	2.41324124e+05
0.002346        	2.40837793e+05
0.002348        	2.40317528e+05
0.00235         	2.39767545e+05
0.002352        	2.39189664e+05
0.002354        	2.38588541e+05
0.002356        	2.37966902e+05
0.002358        	2.37328248e+05
0.00236         	2.36676054e+05
0.002362        	2.36013917e+05
0.002364        	2.35345803e+05
0.002366        	2.34675234e+05
0.002368        	2.34005711e+05
0.00237         	2.33340647e+05
0.002372        	2.32683353e+05
0.002374        	2.32036913e+05
0.002376        	2.31404488e+05
0.00237785      	2.30847291e+05
0.00237969      	2.30314273e+05
0.00238154      	2.29786339e+05
0.00238338      	2.29275729e+05
0.00238523      	2.28786160e+05
0.00238708      	2.28319407e+05
0.00238892      	2.27876513e+05
0.00239077      	2.27458828e+05
0.00239262      	2.27067216e+05
0.00239446      	2.26702426e+05
0.00239631      	2.26365328e+05
0.00239815      	2.26056077e+05
0.0024          	2.25774863e+05
0.00240179      	2.25534357e+05
0.00240357      	2.25321673e+05
0.00240534      	2.25130740e+05
0.00240711      	2.24963619e+05
0.00240886      	2.24819204e+05
0.00241062      	2.24697464e+05
0.00241236      	2.24595265e+05
0.00241409      	2.24513757e+05
0.00241583      	2.24446643e+05
0.00241755      	2.24396855e+05
0.00241927      	2.24363705e+05
0.00242098      	2.24341186e+05
0.00242268      	2.24332474e+05
0.00242437      	2.24330538e+05
0.00242606      	2.24339525e+05
0.00242775      	2.24352998e+05
0.00242942      	2.24369166e+05
0.00243109      	2.24392031e+05
0.00243277      	2.24414693e+05
0.00243442      	2.24434999e+05
0.00243608      	2.24457790e+05
0.00243772      	2.24474075e+05
0.00243936      	2.24490482e+05
0.00244099      	2.24500313e+05
0.00244262      	2.24501817e+05
0.00244424      	2.24501558e+05
0.00244586      	2.24492285e+05
0.00244747      	2.24472520e+05
0.00244907      	2.24449051e+05
0.00245068      	2.24414101e+05
0.00245227      	2.24367682e+05
0.00245386      	2.24315932e+05
0.00245544      	2.24251947e+05
0.00245703      	2.24176958e+05
0.0024586       	2.24089945e+05
0.00246018      	2.23997415e+05
0.00246175      	2.23892448e+05
0.00246332      	2.23776797e+05
0.00246487      	2.23651062e+05
0.00246642      	2.23520494e+05
0.00246798      	2.23379088e+05
0.00246953      	2.23228965e+05
0.00247108      	2.23071080e+05
0.00247262      	2.22907133e+05
0.00247415      	2.22740667e+05
0.00247569      	2.22566317e+05
0.00247722      	2.22386476e+05
0.00247876      	2.22202924e+05
0.00248027      	2.22018344e+05
0.00248179      	2.21835802e+05
0.0024833       	2.21650599e+05
0.00248482      	2.21466087e+05
0.00248633      	2.21283930e+05
0.00248785      	2.21105936e+05
0.00248937      	2.20933573e+05
0.00249088      	2.20768583e+05
0.0024924       	2.20612580e+05
0.00249391      	2.20467238e+05
0.00249543      	2.20334230e+05
0.00249694      	2.20215180e+05
0.00249846      	2.20111762e+05
0.00249997      	2.20025553e+05
0.00250149      	2.19958126e+05
0.00250301      	2.19911101e+05
0.00250452      	2.19886174e+05
0.00250604      	2.19885042e+05
0.00250755      	2.19909415e+05
0.00250907      	2.19961005e+05
0.00251058      	2.20041336e+05
0.0025121       	2.20151844e+05
0.00251361      	2.20293758e+05
0.00251513      	2.20468251e+05
0.00251665      	2.20676248e+05
0.00251816      	2.20918599e+05
0.00251968      	2.21195878e+05
0.00252119      	2.21508709e+05
0.00252271      	2.21857338e+05
0.00252419      	2.22222519e+05
0.00252568      	2.22638200e+05
0.00252717      	2.23084928e+05
0.00252865      	2.23565177e+05
0.00253014      	2.24079201e+05
0.00253163      	2.24626881e+05
0.00253311      	2.25207612e+05
0.0025346       	2.25820877e+05
0.00253609      	2.26465956e+05
0.00253757      	2.27141735e+05
0.00253906      	2.27847420e+05
0.00254051      	2.28539675e+05
0.00254196      	2.29287149e+05
0.00254341      	2.30055428e+05
0.00254486      	2.30846362e+05
0.00254631      	2.31658509e+05
0.00254776      	2.32490221e+05
0.00254922      	2.33339536e+05
0.00255067      	2.34204815e+05
0.00255212      	2.35084164e+05
0.00255357      	2.35975582e+05
0.00255498      	2.36806299e+05
0.00255638      	2.37694177e+05
0.00255779      	2.38582814e+05
0.0025592       	2.39474455e+05
0.0025606       	2.40368317e+05
0.00256201      	2.41262810e+05
0.00256342      	2.42156035e+05
0.00256482      	2.43046091e+05
0.00256623      	2.43931087e+05
0.00256764      	2.44809022e+05
0.00256905      	2.45677988e+05
0.00257045      	2.46535623e+05
0.00257186      	2.47379911e+05
0.00257327      	2.48209023e+05
0.00257467      	2.49020614e+05
0.00257608      	2.49812700e+05
0.00257749      	2.50582722e+05
0.00257889      	2.51329330e+05
0.0025803       	2.52049994e+05
0.00258171      	2.52742837e+05
0.00258312      	2.53405560e+05
0.00258452      	2.54036406e+05
0.00258593      	2.54633537e+05
0.00258734      	2.55195899e+05
0.00258874      	2.55728213e+05
0.00259015      	2.56220762e+05
0.00259156      	2.56672856e+05
0.00259296      	2.57083072e+05
0.00259437      	2.57449927e+05
0.00259578      	2.57770941e+05
0.00259719      	2.58045541e+05
0.00259859      	2.58271196e+05
0.0026          	2.58446920e+05
0.00260132      	2.58423188e+05
0.00260262      	2.58495079e+05
0.00260393      	2.58517383e+05
0.00260523      	2.58471390e+05
0.00260653      	2.58389076e+05
0.00260783      	2.58255839e+05
0.00260912      	2.58062823e+05
0.00261041      	2.57836231e+05
0.00261169      	2.57561824e+05
0.00261298      	2.57230595e+05
0.00261426      	2.56868228e+05
0.00261554      	2.56459921e+05
0.00261681      	2.55998899e+05
0.00261808      	2.55508827e+05
0.00261935      	2.54975083e+05
0.00262062      	2.54393267e+05
0.00262188      	2.53784043e+05
0.00262314      	2.53131609e+05
0.0026244       	2.52437620e+05
0.00262565      	2.51721759e+05
0.00262691      	2.50969862e+05
0.00262816      	2.50183998e+05
0.00262941      	2.49362398e+05
0.00263065      	2.48523958e+05
0.0026319       	2.47655445e+05
0.00263314      	2.46759756e+05
0.00263439      	2.45838112e+05
0.00263562      	2.44891376e+05
0.00263686      	2.43932821e+05
0.00263809      	2.42951875e+05
0.00263933      	2.41951134e+05
0.00264057      	2.40932353e+05
0.0026418       	2.39897175e+05
0.00264304      	2.38847279e+05
0.00264427      	2.37783710e+05
0.00264551      	2.36708640e+05
0.00264674      	2.35628256e+05
0.00264796      	2.34547392e+05
0.00264919      	2.33458051e+05
0.00265041      	2.32363989e+05
0.00265164      	2.31266771e+05
0.00265287      	2.30168502e+05
0.00265409      	2.29071261e+05
0.00265532      	2.27976874e+05
0.00265656      	2.26879896e+05
0.00265779      	2.25784942e+05
0.00265903      	2.24700626e+05
0.00266027      	2.23627572e+05
0.0026615       	2.22567088e+05
0.00266274      	2.21521480e+05
0.00266398      	2.20490590e+05
0.00266521      	2.19476249e+05
0.00266645      	2.18483981e+05
0.00266769      	2.17515590e+05
0.00266892      	2.16572807e+05
0.00267016      	2.15657038e+05
0.00267139      	2.14770031e+05
0.00267263      	2.13913222e+05
0.00267386      	2.13096361e+05
0.00267508      	2.12314833e+05
0.00267631      	2.11564483e+05
0.00267753      	2.10848429e+05
0.00267876      	2.10168382e+05
0.00267998      	2.09525940e+05
0.00268119      	2.08928221e+05
0.0026824       	2.08373277e+05
0.00268362      	2.07856527e+05
0.00268483      	2.07323867e+05
0.00268603      	2.06811125e+05
0.00268723      	2.06350859e+05
0.00268843      	2.05942657e+05
0.00268963      	2.05585844e+05
0.00269081      	2.05280378e+05
0.002692        	2.05032003e+05
0.00269319      	2.04825358e+05
0.00269437      	2.04662557e+05
0.00269555      	2.04543480e+05
0.00269672      	2.04479151e+05
0.0026979       	2.04458181e+05
0.00269906      	2.04475148e+05
0.00270022      	2.04545732e+05
0.00270138      	2.04656997e+05
0.00270254      	2.04809936e+05
0.00270368      	2.04994826e+05
0.00270483      	2.05230966e+05
0.00270598      	2.05503957e+05
0.00270712      	2.05814916e+05
0.00270826      	2.06151436e+05
0.00270939      	2.06536084e+05
0.00271052      	2.06953398e+05
0.00271165      	2.07404097e+05
0.00271279      	2.07887820e+05
0.0027139       	2.08388803e+05
0.00271502      	2.08932374e+05
0.00271614      	2.09502273e+05
0.00271726      	2.10099093e+05
0.00271838      	2.10722181e+05
0.0027195       	2.11370441e+05
0.0027206       	2.12025461e+05
0.0027217       	2.12711303e+05
0.0027228       	2.13412736e+05
0.00272391      	2.14140449e+05
0.00272501      	2.14883558e+05
0.00272611      	2.15641901e+05
0.0027272       	2.16395630e+05
0.00272829      	2.17174197e+05
0.00272937      	2.17960948e+05
0.00273046      	2.18756500e+05
0.00273155      	2.19560117e+05
0.00273263      	2.20370589e+05
0.00273372      	2.21186612e+05
0.00273479      	2.21986242e+05
0.00273586      	2.22800733e+05
0.00273693      	2.23613384e+05
0.00273799      	2.24425067e+05
0.00273906      	2.25235223e+05
0.00274013      	2.26042580e+05
0.0027412       	2.26846464e+05
0.00274227      	2.27645491e+05
0.00274334      	2.28438060e+05
0.00274439      	2.29200139e+05
0.00274544      	2.29966221e+05
0.00274649      	2.30718245e+05
0.00274754      	2.31457787e+05
0.00274859      	2.32184607e+05
0.00274964      	2.32897895e+05
0.00275068      	2.33596985e+05
0.00275173      	2.34280592e+05
0.00275278      	2.34948449e+05
0.00275383      	2.35599328e+05
0.00275486      	2.36208252e+05
0.00275588      	2.36815806e+05
0.00275691      	2.37400520e+05
0.00275794      	2.37964699e+05
0.00275896      	2.38508740e+05
0.00275999      	2.39032383e+05
0.00276101      	2.39535200e+05
0.00276204      	2.40016662e+05
0.00276307      	2.40476264e+05
0.00276409      	2.40913450e+05
0.00276512      	2.41327850e+05
0.00276614      	2.41719041e+05
0.00276717      	2.42086591e+05
0.0027682       	2.42430225e+05
0.00276922      	2.42749587e+05
0.00277025      	2.43044457e+05
0.00277127      	2.43314625e+05
0.0027723       	2.43560043e+05
0.00277333      	2.43779973e+05
0.00277435      	2.43975366e+05
0.00277538      	2.44145679e+05
0.0027764       	2.44291097e+05
0.00277743      	2.44411507e+05
0.00277846      	2.44506758e+05
0.00277948      	2.44577397e+05
0.00278051      	2.44623101e+05
0.00278153      	2.44644254e+05
0.00278256      	2.44640958e+05
0.00278358      	2.44613464e+05
0.00278461      	2.44561921e+05
0.00278564      	2.44486647e+05
0.00278666      	2.44387761e+05
0.00278769      	2.44265701e+05
0.00278871      	2.44120686e+05
0.00278974      	2.43952773e+05
0.00279077      	2.43762295e+05
0.00279179      	2.43549723e+05
0.00279282      	2.43315491e+05
0.00279384      	2.43060056e+05
0.00279487      	2.42783916e+05
0.0027959       	2.42487621e+05
0.00279692      	2.42171708e+05
0.00279795      	2.41836832e+05
0.00279897      	2.41483624e+05
0.0028          	2.41112746e+05
0.00280096      	2.40708480e+05
0.00280192      	2.40350160e+05
0.00280288      	2.39963600e+05
0.00280384      	2.39563860e+05
0.00280479      	2.39148001e+05
0.00280574      	2.38724137e+05
0.00280669      	2.38286938e+05
0.00280763      	2.37842698e+05
0.00280857      	2.37392697e+05
0.00280951      	2.36931377e+05
0.00281045      	2.36466558e+05
0.00281139      	2.35991959e+05
0.00281232      	2.35515552e+05
0.00281325      	2.35030864e+05
0.00281418      	2.34545984e+05
0.0028151       	2.34054102e+05
0.00281602      	2.33560661e+05
0.00281694      	2.33065031e+05
0.00281786      	2.32566157e+05
0.00281878      	2.32063747e+05
0.00281969      	2.31567321e+05
0.0028206       	2.31068153e+05
0.00282151      	2.30576027e+05
0.00282242      	2.30084177e+05
0.00282333      	2.29591928e+05
0.00282424      	2.29109501e+05
0.00282514      	2.28629870e+05
0.00282604      	2.28151469e+05
0.00282694      	2.27685988e+05
0.00282785      	2.27225599e+05
0.00282875      	2.26772064e+05
0.00282964      	2.26321875e+05
0.00283054      	2.25887886e+05
0.00283144      	2.25461592e+05
0.00283233      	2.25044206e+05
0.00283323      	2.24636399e+05
0.00283412      	2.24233964e+05
0.00283501      	2.23852568e+05
0.00283591      	2.23481716e+05
0.0028368       	2.23122411e+05
0.00283769      	2.22771853e+05
0.00283858      	2.22433928e+05
0.00283947      	2.22110375e+05
0.00284036      	2.21801863e+05
0.00284126      	2.21508660e+05
0.00284215      	2.21231036e+05
0.00284304      	2.20969207e+05
0.00284393      	2.20723356e+05
0.00284482      	2.20493778e+05
0.00284572      	2.20280539e+05
0.00284661      	2.20083465e+05
0.0028475       	2.19902646e+05
0.00284839      	2.19738365e+05
0.00284928      	2.19590834e+05
0.00285017      	2.19460299e+05
0.00285107      	2.19354652e+05
0.00285197      	2.19256089e+05
0.00285287      	2.19176465e+05
0.00285376      	2.19115037e+05
0.00285466      	2.19071675e+05
0.00285556      	2.19046476e+05
0.00285645      	2.19039266e+05
0.00285735      	2.19050037e+05
0.00285825      	2.19078859e+05
0.00285915      	2.19125726e+05
0.00286004      	2.19191277e+05
0.00286095      	2.19284587e+05
0.00286185      	2.19384862e+05
0.00286275      	2.19504002e+05
0.00286366      	2.19641220e+05
0.00286456      	2.19796041e+05
0.00286546      	2.19968493e+05
0.00286636      	2.20158722e+05
0.00286727      	2.20366146e+05
0.00286817      	2.20590517e+05
0.00286907      	2.20831522e+05
0.00286998      	2.21088826e+05
0.00287089      	2.21371506e+05
0.00287179      	2.21659921e+05
0.0028727       	2.21965153e+05
0.00287361      	2.22285750e+05
0.00287452      	2.22620697e+05
0.00287543      	2.22967942e+05
0.00287634      	2.23327832e+05
0.00287725      	2.23700332e+05
0.00287816      	2.24085041e+05
0.00287907      	2.24481392e+05
0.00287998      	2.24888890e+05
0.00288089      	2.25316938e+05
0.00288181      	2.25745868e+05
0.00288273      	2.26185998e+05
0.00288364      	2.26636052e+05
0.00288456      	2.27094947e+05
0.00288548      	2.27561959e+05
0.00288639      	2.28036507e+05
0.00288731      	2.28518018e+05
0.00288822      	2.29005925e+05
0.00288914      	2.29499695e+05
0.00289006      	2.30000796e+05
0.00289099      	2.30506031e+05
0.00289191      	2.31019482e+05
0.00289284      	2.31535465e+05
0.00289376      	2.32053787e+05
0.00289468      	2.32574113e+05
0.00289561      	2.33096010e+05
0.00289653      	2.33618970e+05
0.00289745      	2.34142396e+05
0.00289838      	2.34665807e+05
0.00289931      	2.35200523e+05
0.00290024      	2.35724032e+05
0.00290118      	2.36247635e+05
0.00290211      	2.36769549e+05
0.00290304      	2.37288713e+05
0.00290397      	2.37804407e+05
0.0029049       	2.38315982e+05
0.00290584      	2.38822870e+05
0.00290677      	2.39324488e+05
0.00290771      	2.39833498e+05
0.00290865      	2.40324675e+05
0.00290959      	2.40810870e+05
0.00291054      	2.41290214e+05
0.00291148      	2.41761691e+05
0.00291242      	2.42224609e+05
0.00291336      	2.42678440e+05
0.0029143       	2.43122658e+05
0.00291524      	2.43556820e+05
0.00291619      	2.43980475e+05
0.00291713      	2.44393184e+05
0.00291807      	2.44794492e+05
0.00291901      	2.45183998e+05
0.00291995      	2.45561304e+05
0.00292089      	2.45926071e+05
0.00292184      	2.46278196e+05
0.00292278      	2.46617281e+05
0.00292372      	2.46943047e+05
0.00292466      	2.47255224e+05
0.0029256       	2.47553486e+05
0.00292655      	2.47837638e+05
0.00292749      	2.48107319e+05
0.00292843      	2.48362304e+05
0.00292937      	2.48602380e+05
0.00293031      	2.48827289e+05
0.00293125      	2.49036640e+05
0.00293218      	2.49215030e+05
0.00293311      	2.49395328e+05
0.00293404      	2.49557403e+05
0.00293497      	2.49702951e+05
0.0029359       	2.49832563e+05
0.00293683      	2.49946322e+05
0.00293776      	2.50044329e+05
0.00293867      	2.50111013e+05
0.00293959      	2.50181301e+05
0.0029405       	2.50233243e+05
0.00294142      	2.50268718e+05
0.00294233      	2.50288545e+05
0.00294325      	2.50293031e+05
0.00294415      	2.50267093e+05
0.00294505      	2.50247072e+05
0.00294595      	2.50209302e+05
0.00294685      	2.50155999e+05
0.00294775      	2.50087938e+05
0.00294865      	2.50005581e+05
0.00294955      	2.49909146e+05
0.00295044      	2.49783457e+05
0.00295132      	2.49666452e+05
0.00295221      	2.49530402e+05
0.00295309      	2.49377766e+05
0.00295398      	2.49210276e+05
0.00295486      	2.49028830e+05
0.00295575      	2.48834271e+05
0.00295662      	2.48611080e+05
0.00295748      	2.48402943e+05
0.00295835      	2.48179809e+05
0.00295922      	2.47944576e+05
0.00296009      	2.47698711e+05
0.00296096      	2.47443036e+05
0.00296182      	2.47178000e+05
0.00296269      	2.46904240e+05
0.00296356      	2.46622038e+05
0.00296443      	2.46331821e+05
0.00296529      	2.46033993e+05
0.00296616      	2.45728851e+05
0.00296703      	2.45416885e+05
0.0029679       	2.45098364e+05
0.00296876      	2.44773662e+05
0.00296963      	2.44443217e+05
0.0029705       	2.44107256e+05
0.00297137      	2.43766284e+05
0.00297224      	2.43420521e+05
0.0029731       	2.43070347e+05
0.00297397      	2.42716141e+05
0.00297484      	2.42358113e+05
0.00297571      	2.41996735e+05
0.00297657      	2.41632196e+05
0.00297744      	2.41264698e+05
0.00297831      	2.40894074e+05
0.00297918      	2.40520802e+05
0.00298004      	2.40145889e+05
0.00298091      	2.39769735e+05
0.00298178      	2.39392717e+05
0.00298265      	2.39014693e+05
0.00298351      	2.38636202e+05
0.00298438      	2.38257718e+05
0.00298525      	2.37879485e+05
0.00298612      	2.37501751e+05
0.00298699      	2.37124772e+05
0.00298785      	2.36748704e+05
0.00298872      	2.36373484e+05
0.00298959      	2.36001092e+05
0.00299046      	2.35630363e+05
0.00299132      	2.35261617e+05
0.00299219      	2.34895109e+05
0.00299306      	2.34531064e+05
0.00299393      	2.34169884e+05
0.00299479      	2.33811680e+05
0.00299566      	2.33456460e+05
0.00299653      	2.33104598e+05
0.0029974       	2.32756532e+05
0.00299826      	2.32412223e+05
0.00299913      	2.32071921e+05
0.003           	2.31735781e+05
0.00300091      	2.31438130e+05
0.00300182      	2.31078940e+05
0.00300273      	2.30737714e+05
0.00300364      	2.30399135e+05
0.00300456      	2.30071609e+05
0.00300548      	2.29744227e+05
0.0030064       	2.29427150e+05
0.00300732      	2.29110134e+05
0.00300825      	2.28804750e+05
0.00300918      	2.28504738e+05
0.00301011      	2.28205669e+05
0.00301104      	2.27909708e+05
0.00301197      	2.27624681e+05
0.00301291      	2.27340836e+05
0.00301385      	2.27068298e+05
0.00301479      	2.26797282e+05
0.00301573      	2.26534693e+05
0.00301667      	2.26282759e+05
0.00301762      	2.26022795e+05
0.00301856      	2.25750751e+05
0.00301951      	2.25483588e+05
0.00302045      	2.25228164e+05
0.0030214       	2.24986897e+05
0.00302235      	2.24749640e+05
0.0030233       	2.24522939e+05
0.00302425      	2.24305544e+05
0.0030252       	2.24096876e+05
0.00302615      	2.23896106e+05
0.0030271       	2.23703140e+05
0.00302805      	2.23517941e+05
0.003029        	2.23340037e+05
0.00302995      	2.23168963e+05
0.0030309       	2.23001218e+05
0.00303184      	2.22846612e+05
0.00303279      	2.22697377e+05
0.00303373      	2.22554064e+05
0.00303468      	2.22416723e+05
0.00303562      	2.22281300e+05
0.00303656      	2.22158227e+05
0.0030375       	2.22039531e+05
0.00303843      	2.21921646e+05
0.00303936      	2.21811326e+05
0.00304029      	2.21711516e+05
0.00304121      	2.21610566e+05
0.00304213      	2.21514728e+05
0.00304305      	2.21428491e+05
0.00304396      	2.21342414e+05
0.00304487      	2.21265993e+05
0.00304578      	2.21186971e+05
0.00304668      	2.21113134e+05
0.00304758      	2.21048180e+05
0.00304848      	2.20979864e+05
0.00304937      	2.20920877e+05
0.00305027      	2.20858397e+05
0.00305116      	2.20805056e+05
0.00305204      	2.20747853e+05
0.00305293      	2.20699519e+05
0.00305381      	2.20646919e+05
0.00305469      	2.20602887e+05
0.00305557      	2.20554331e+05
0.00305644      	2.20514092e+05
0.00305731      	2.20468992e+05
0.00305818      	2.20431990e+05
0.00305905      	2.20389887e+05
0.00305991      	2.20355686e+05
0.00306077      	2.20316136e+05
0.00306163      	2.20284308e+05
0.00306249      	2.20251919e+05
0.00306334      	2.20214807e+05
0.0030642       	2.20185574e+05
0.00306505      	2.20155666e+05
0.0030659       	2.20120910e+05
0.00306675      	2.20093873e+05
0.0030676       	2.20066024e+05
0.00306845      	2.20038125e+05
0.00306929      	2.20005518e+05
0.00307013      	2.19980540e+05
0.00307098      	2.19954500e+05
0.00307182      	2.19928144e+05
0.00307266      	2.19901744e+05
0.00307351      	2.19875348e+05
0.00307434      	2.19844106e+05
0.00307518      	2.19820244e+05
0.00307602      	2.19795072e+05
0.00307686      	2.19769395e+05
0.00307769      	2.19743565e+05
0.00307853      	2.19717710e+05
0.00307936      	2.19686866e+05
0.0030802       	2.19663737e+05
0.00308103      	2.19639766e+05
0.00308186      	2.19615699e+05
0.00308269      	2.19591897e+05
0.00308352      	2.19568568e+05
0.00308436      	2.19545876e+05
0.00308519      	2.19523942e+05
0.00308602      	2.19502894e+05
0.00308685      	2.19482836e+05
0.00308768      	2.19463894e+05
0.00308851      	2.19440856e+05
0.00308934      	2.19427074e+05
0.00309016      	2.19413290e+05
0.00309099      	2.19400523e+05
0.00309181      	2.19389254e+05
0.00309264      	2.19379831e+05
0.00309347      	2.19372404e+05
0.00309429      	2.19367162e+05
0.00309512      	2.19364266e+05
0.00309594      	2.19357874e+05
0.00309676      	2.19362652e+05
0.00309757      	2.19368595e+05
0.00309839      	2.19376765e+05
0.00309921      	2.19387756e+05
0.00310003      	2.19395358e+05
0.00310084      	2.19415209e+05
0.00310165      	2.19436901e+05
0.00310246      	2.19461494e+05
0.00310327      	2.19482683e+05
0.00310408      	2.19517144e+05
0.00310488      	2.19553987e+05
0.00310568      	2.19587145e+05
0.00310648      	2.19634007e+05
0.00310728      	2.19683943e+05
0.00310807      	2.19730396e+05
0.00310887      	2.19791600e+05
0.00310966      	2.19856124e+05
0.00311044      	2.19917058e+05
0.00311123      	2.19993573e+05
0.00311202      	2.20073740e+05
0.00311279      	2.20150381e+05
0.00311357      	2.20243141e+05
0.00311435      	2.20339844e+05
0.00311512      	2.20432948e+05
0.00311589      	2.20542650e+05
0.00311667      	2.20656503e+05
0.00311744      	2.20775668e+05
0.0031182       	2.20891615e+05
0.00311897      	2.21024753e+05
0.00311973      	2.21162182e+05
0.00312049      	2.21295747e+05
0.00312125      	2.21446379e+05
0.003122        	2.21601205e+05
0.00312276      	2.21761389e+05
0.00312351      	2.21917865e+05
0.00312426      	2.22091651e+05
0.00312501      	2.22269620e+05
0.00312576      	2.22452911e+05
0.00312651      	2.22642051e+05
0.00312725      	2.22827432e+05
0.00312799      	2.23030233e+05
0.00312874      	2.23237173e+05
0.00312948      	2.23449414e+05
0.00313022      	2.23667453e+05
0.00313096      	2.23891495e+05
0.0031317       	2.24111524e+05
0.00313243      	2.24348858e+05
0.00313317      	2.24590127e+05
0.0031339       	2.24836517e+05
0.00313464      	2.25088474e+05
0.00313537      	2.25346218e+05
0.0031361       	2.25609810e+05
0.00313684      	2.25879235e+05
0.00313757      	2.26154487e+05
0.00313831      	2.26435322e+05
0.00313903      	2.26711634e+05
0.00313976      	2.27004398e+05
0.00314049      	2.27300383e+05
0.00314121      	2.27600766e+05
0.00314194      	2.27905865e+05
0.00314266      	2.28215629e+05
0.00314339      	2.28530004e+05
0.00314411      	2.28848819e+05
0.00314484      	2.29171968e+05
0.00314557      	2.29499305e+05
0.00314629      	2.29830671e+05
0.00314702      	2.30165986e+05
0.00314774      	2.30505028e+05
0.00314847      	2.30847719e+05
0.00314919      	2.31193864e+05
0.00314992      	2.31543362e+05
0.00315065      	2.31896058e+05
0.00315137      	2.32251825e+05
0.0031521       	2.32610498e+05
0.00315282      	2.32971938e+05
0.00315355      	2.33336046e+05
0.00315428      	2.33702500e+05
0.003155        	2.34071525e+05
0.00315573      	2.34442688e+05
0.00315645      	2.34815940e+05
0.00315718      	2.35191172e+05
0.0031579       	2.35568223e+05
0.00315862      	2.35932083e+05
0.00315933      	2.36311158e+05
0.00316004      	2.36688333e+05
0.00316076      	2.37065274e+05
0.00316147      	2.37442461e+05
0.00316219      	2.37820292e+05
0.0031629       	2.38198664e+05
0.00316361      	2.38577468e+05
0.00316433      	2.38956526e+05
0.00316504      	2.39335688e+05
0.00316575      	2.39714723e+05
0.00316647      	2.40093404e+05
0.00316718      	2.40471528e+05
0.00316789      	2.40848891e+05
0.00316861      	2.41225241e+05
0.00316932      	2.41600324e+05
0.00317003      	2.41973886e+05
0.00317073      	2.42322170e+05
0.00317143      	2.42691029e+05
0.00317212      	2.43053262e+05
0.00317282      	2.43411307e+05
0.00317352      	2.43765977e+05
0.00317421      	2.44117568e+05
0.00317491      	2.44466114e+05
0.00317561      	2.44811685e+05
0.00317631      	2.45154120e+05
0.003177        	2.45493292e+05
0.0031777       	2.45829026e+05
0.0031784       	2.46161244e+05
0.00317909      	2.46489584e+05
0.00317979      	2.46813877e+05
0.00318046      	2.47097927e+05
0.00318114      	2.47414421e+05
0.00318181      	2.47720258e+05
0.00318248      	2.48018684e+05
0.00318316      	2.48311334e+05
0.00318383      	2.48598448e+05
0.00318451      	2.48880479e+05
0.00318518      	2.49157304e+05
0.00318585      	2.49428495e+05
0.00318653      	2.49694013e+05
0.0031872       	2.49953950e+05
0.00318787      	2.50207943e+05
0.00318855      	2.50457100e+05
0.00318922      	2.50698761e+05
0.00318989      	2.50933609e+05
0.00319057      	2.51161426e+05
0.00319124      	2.51381951e+05
0.00319192      	2.51594958e+05
0.00319259      	2.51800170e+05
0.00319326      	2.51997419e+05
0.00319394      	2.52186448e+05
0.00319461      	2.52367063e+05
0.00319528      	2.52539062e+05
0.00319596      	2.52702257e+05
0.00319663      	2.52856455e+05
0.00319731      	2.53001455e+05
0.00319798      	2.53137114e+05
0.00319865      	2.53263272e+05
0.00319933      	2.53379748e+05
0.0032          	2.53486457e+05
0.00320065      	2.53549362e+05
0.0032013       	2.53645549e+05
0.00320195      	2.53725362e+05
0.0032026       	2.53792543e+05
0.00320325      	2.53848686e+05
0.0032039       	2.53894483e+05
0.00320454      	2.53927253e+05
0.00320519      	2.53954111e+05
0.00320584      	2.53969763e+05
0.00320648      	2.53973424e+05
0.00320713      	2.53964869e+05
0.00320778      	2.53944433e+05
0.00320843      	2.53912433e+05
0.00320907      	2.53869044e+05
0.00320972      	2.53814465e+05
0.00321037      	2.53748902e+05
0.00321102      	2.53672479e+05
0.00321166      	2.53585261e+05
0.00321231      	2.53487331e+05
0.00321296      	2.53378912e+05
0.0032136       	2.53260017e+05
0.00321425      	2.53130750e+05
0.0032149       	2.52991219e+05
0.00321555      	2.52841468e+05
0.00321619      	2.52681673e+05
0.00321684      	2.52511910e+05
0.00321749      	2.52332266e+05
0.00321813      	2.52142860e+05
0.00321878      	2.51943838e+05
0.00321943      	2.51738785e+05
0.00322008      	2.51518798e+05
0.00322073      	2.51290152e+05
0.00322138      	2.51052605e+05
0.00322203      	2.50806123e+05
0.00322268      	2.50550713e+05
0.00322333      	2.50286552e+05
0.00322398      	2.50013683e+05
0.00322463      	2.49732209e+05
0.00322528      	2.49442309e+05
0.00322593      	2.49144066e+05
0.00322658      	2.48837618e+05
0.00322723      	2.48522291e+05
0.00322788      	2.48197602e+05
0.00322852      	2.47865114e+05
0.00322917      	2.47521566e+05
0.00322982      	2.47177841e+05
0.00323047      	2.46826242e+05
0.00323111      	2.46467086e+05
0.00323176      	2.46100555e+05
0.00323241      	2.45726768e+05
0.00323305      	2.45341697e+05
0.0032337       	2.44954997e+05
0.00323434      	2.44563299e+05
0.00323499      	2.44164870e+05
0.00323563      	2.43755525e+05
0.00323627      	2.43346873e+05
0.00323691      	2.42931214e+05
0.00323755      	2.42505010e+05
0.00323819      	2.42080185e+05
0.00323883      	2.41648785e+05
0.00323947      	2.41207209e+05
0.0032401       	2.40767251e+05
0.00324074      	2.40321120e+05
0.00324138      	2.39865244e+05
0.00324201      	2.39411558e+05
0.00324264      	2.38947988e+05
0.00324327      	2.38486863e+05
0.0032439       	2.38016098e+05
0.00324453      	2.37547915e+05
0.00324516      	2.37074114e+05
0.00324579      	2.36591883e+05
0.00324642      	2.36113479e+05
0.00324704      	2.35626423e+05
0.00324767      	2.35143441e+05
0.00324829      	2.34651862e+05
0.00324891      	2.34164551e+05
0.00324953      	2.33669245e+05
0.00325015      	2.33178899e+05
0.00325076      	2.32680601e+05
0.00325138      	2.32187881e+05
0.00325199      	2.31687520e+05
0.00325261      	2.31193390e+05
0.00325322      	2.30692033e+05
0.00325383      	2.30197549e+05
0.00325444      	2.29701218e+05
0.00325505      	2.29198650e+05
0.00325566      	2.28704248e+05
0.00325627      	2.28203459e+05
0.00325687      	2.27711446e+05
0.00325748      	2.27219008e+05
0.00325808      	2.26721231e+05
0.00325869      	2.26233518e+05
0.00325929      	2.25746100e+05
0.0032599       	2.25259728e+05
0.0032605       	2.24768742e+05
0.0032611       	2.24289359e+05
0.0032617       	2.23811234e+05
0.0032623       	2.23335167e+05
0.0032629       	2.22855002e+05
0.0032635       	2.22387765e+05
0.0032641       	2.21922766e+05
0.0032647       	2.21460724e+05
0.0032653       	2.21002065e+05
0.00326589      	2.20547047e+05
0.00326649      	2.20088766e+05
0.00326709      	2.19645632e+05
0.00326768      	2.19206189e+05
0.00326828      	2.18771060e+05
0.00326887      	2.18340810e+05
0.00326947      	2.17916488e+05
0.00327007      	2.17497319e+05
0.00327066      	2.17084169e+05
0.00327126      	2.16676672e+05
0.00327185      	2.16275135e+05
0.00327245      	2.15880443e+05
0.00327305      	2.15492134e+05
0.00327364      	2.15110610e+05
0.00327424      	2.14736125e+05
0.00327483      	2.14368825e+05
0.00327543      	2.14009021e+05
0.00327603      	2.13656788e+05
0.00327662      	2.13312337e+05
0.00327722      	2.12975870e+05
0.00327781      	2.12647572e+05
0.00327841      	2.12337061e+05
0.00327901      	2.12022116e+05
0.00327961      	2.11716789e+05
0.00328021      	2.11420706e+05
0.00328081      	2.11113979e+05
0.00328141      	2.10789975e+05
0.00328201      	2.10467904e+05
0.00328261      	2.10161132e+05
0.0032832       	2.09869303e+05
0.0032838       	2.09591276e+05
0.0032844       	2.09326439e+05
0.003285        	2.09074276e+05
0.0032856       	2.08845091e+05
0.00328621      	2.08614094e+05
0.00328681      	2.08396034e+05
0.00328741      	2.08190296e+05
0.00328801      	2.07997240e+05
0.00328861      	2.07819243e+05
0.00328922      	2.07650509e+05
0.00328982      	2.07487870e+05
0.00329042      	2.07340766e+05
0.00329102      	2.07204623e+05
0.00329162      	2.07079754e+05
0.00329223      	2.06966412e+05
0.00329283      	2.06864588e+05
0.00329343      	2.06774636e+05
0.00329403      	2.06696222e+05
0.00329464      	2.06629656e+05
0.00329524      	2.06575035e+05
0.00329584      	2.06532160e+05
0.00329644      	2.06501010e+05
0.00329704      	2.06481596e+05
0.00329765      	2.06473834e+05
0.00329825      	2.06477648e+05
0.00329885      	2.06493009e+05
0.00329945      	2.06519852e+05
0.00330005      	2.06558135e+05
0.00330066      	2.06607782e+05
0.00330126      	2.06668700e+05
0.00330186      	2.06740852e+05
0.00330246      	2.06824192e+05
0.00330306      	2.06918629e+05
0.00330367      	2.07024075e+05
0.00330426      	2.07129560e+05
0.00330486      	2.07258468e+05
0.00330546      	2.07396834e+05
0.00330606      	2.07545194e+05
0.00330666      	2.07703764e+05
0.00330726      	2.07872514e+05
0.00330785      	2.08051501e+05
0.00330845      	2.08240545e+05
0.00330905      	2.08429440e+05
0.00330964      	2.08639694e+05
0.00331024      	2.08858521e+05
0.00331083      	2.09086214e+05
0.00331143      	2.09323553e+05
0.00331202      	2.09569924e+05
0.00331261      	2.09825420e+05
0.00331321      	2.10089694e+05
0.0033138       	2.10353175e+05
0.00331439      	2.10635190e+05
0.00331498      	2.10924129e+05
0.00331557      	2.11220443e+05
0.00331616      	2.11524226e+05
0.00331675      	2.11835499e+05
0.00331734      	2.12154132e+05
0.00331793      	2.12479997e+05
0.00331852      	2.12812949e+05
0.00331911      	2.13152808e+05
0.0033197       	2.13491058e+05
0.00332029      	2.13844304e+05
0.00332087      	2.14202571e+05
0.00332146      	2.14566445e+05
0.00332204      	2.14928046e+05
0.00332263      	2.15299459e+05
0.00332322      	2.15682740e+05
0.0033238       	2.16070019e+05
0.00332439      	2.16461677e+05
0.00332497      	2.16857835e+05
0.00332556      	2.17258454e+05
0.00332615      	2.17663415e+05
0.00332673      	2.18073043e+05
0.00332732      	2.18486870e+05
0.00332791      	2.18904744e+05
0.00332849      	2.19326478e+05
0.00332908      	2.19751932e+05
0.00332966      	2.20180874e+05
0.00333025      	2.20613129e+05
0.00333084      	2.21048353e+05
0.00333142      	2.21486712e+05
0.00333201      	2.21927843e+05
0.00333259      	2.22371469e+05
0.00333318      	2.22817431e+05
0.00333377      	2.23265466e+05
0.00333435      	2.23715419e+05
0.00333494      	2.24173869e+05
0.00333554      	2.24628098e+05
0.00333613      	2.25085199e+05
0.00333672      	2.25544115e+05
0.00333731      	2.26004268e+05
0.0033379       	2.26465244e+05
0.00333849      	2.26926740e+05
0.00333908      	2.27388466e+05
0.00333968      	2.27856895e+05
0.00334028      	2.28319419e+05
0.00334088      	2.28783637e+05
0.00334147      	2.29247845e+05
0.00334207      	2.29711591e+05
0.00334267      	2.30174373e+05
0.00334326      	2.30635780e+05
0.00334386      	2.31095518e+05
0.00334446      	2.31553245e+05
0.00334506      	2.32015649e+05
0.00334567      	2.32470018e+05
0.00334627      	2.32923408e+05
0.00334687      	2.33374672e+05
0.00334748      	2.33823135e+05
0.00334808      	2.34268456e+05
0.00334868      	2.34710525e+05
0.00334929      	2.35149254e+05
0.00334989      	2.35584478e+05
0.0033505       	2.36016015e+05
0.0033511       	2.36443724e+05
0.00335171      	2.36875269e+05
0.00335232      	2.37296133e+05
0.00335293      	2.37714737e+05
0.00335354      	2.38129706e+05
0.00335416      	2.38540455e+05
0.00335477      	2.38946336e+05
0.00335538      	2.39347202e+05
0.00335599      	2.39742753e+05
0.0033566       	2.40132719e+05
0.00335721      	2.40516950e+05
0.00335782      	2.40895178e+05
0.00335843      	2.41267292e+05
0.00335905      	2.41633051e+05
0.00335966      	2.41992348e+05
0.00336027      	2.42344889e+05
0.00336089      	2.42699697e+05
0.00336151      	2.43038468e+05
0.00336213      	2.43372560e+05
0.00336275      	2.43700327e+05
0.00336337      	2.44020866e+05
0.00336399      	2.44333643e+05
0.00336461      	2.44638405e+05
0.00336523      	2.44934836e+05
0.00336586      	2.45222776e+05
0.00336648      	2.45502026e+05
0.0033671       	2.45772437e+05
0.00336772      	2.46033866e+05
0.00336834      	2.46286236e+05
0.00336896      	2.46529278e+05
0.00336958      	2.46762967e+05
0.0033702       	2.46987099e+05
0.00337082      	2.47201740e+05
0.00337144      	2.47406564e+05
0.00337206      	2.47601600e+05
0.00337268      	2.47786656e+05
0.00337331      	2.47961745e+05
0.00337393      	2.48126646e+05
0.00337455      	2.48281407e+05
0.00337517      	2.48425924e+05
0.00337579      	2.48560130e+05
0.00337641      	2.48684018e+05
0.00337703      	2.48797522e+05
0.00337765      	2.48900588e+05
0.00337827      	2.48993304e+05
0.00337889      	2.49075584e+05
0.00337951      	2.49147298e+05
0.00338013      	2.49208552e+05
0.00338076      	2.49259369e+05
0.00338138      	2.49299803e+05
0.003382        	2.49329778e+05
0.00338262      	2.49349443e+05
0.00338324      	2.49358881e+05
0.00338386      	2.49358174e+05
0.00338448      	2.49347319e+05
0.0033851       	2.49326395e+05
0.00338572      	2.49295560e+05
0.00338634      	2.49254881e+05
0.00338696      	2.49204356e+05
0.00338758      	2.49144023e+05
0.0033882       	2.49073964e+05
0.00338883      	2.48994249e+05
0.00338945      	2.48904918e+05
0.00339007      	2.48806163e+05
0.00339069      	2.48698055e+05
0.00339131      	2.48580502e+05
0.00339193      	2.48453621e+05
0.00339255      	2.48317468e+05
0.00339317      	2.48172211e+05
0.00339379      	2.48017906e+05
0.00339441      	2.47854689e+05
0.00339503      	2.47682418e+05
0.00339565      	2.47500300e+05
0.00339628      	2.47307804e+05
0.0033969       	2.47105313e+05
0.00339752      	2.46893200e+05
0.00339814      	2.46671868e+05
0.00339876      	2.46441672e+05
0.00339938      	2.46202945e+05
0.0034          	2.45955909e+05
0.00340064      	2.45716722e+05
0.00340128      	2.45436738e+05
0.00340192      	2.45156064e+05
0.00340256      	2.44866347e+05
0.0034032       	2.44570942e+05
0.00340384      	2.44270974e+05
0.00340449      	2.43960375e+05
0.00340513      	2.43643690e+05
0.00340578      	2.43322729e+05
0.00340642      	2.42991426e+05
0.00340707      	2.42654673e+05
0.00340771      	2.42312291e+05
0.00340836      	2.41966499e+05
0.00340901      	2.41610873e+05
0.00340965      	2.41250646e+05
0.0034103       	2.40886623e+05
0.00341095      	2.40512193e+05
0.00341161      	2.40136384e+05
0.00341226      	2.39752584e+05
0.00341291      	2.39366232e+05
0.00341356      	2.38979279e+05
0.00341422      	2.38583896e+05
0.00341487      	2.38185297e+05
0.00341553      	2.37787790e+05
0.00341618      	2.37382225e+05
0.00341684      	2.36976415e+05
0.0034175       	2.36560039e+05
0.00341816      	2.36142930e+05
0.00341882      	2.35727348e+05
0.00341948      	2.35304954e+05
0.00342015      	2.34885450e+05
0.00342081      	2.34459654e+05
0.00342147      	2.34034336e+05
0.00342214      	2.33612784e+05
0.00342281      	2.33185460e+05
0.00342348      	2.32763065e+05
0.00342414      	2.32335863e+05
0.00342481      	2.31911349e+05
0.00342548      	2.31492924e+05
0.00342615      	2.31070031e+05
0.00342683      	2.30654452e+05
0.0034275       	2.30234939e+05
0.00342818      	2.29823516e+05
0.00342886      	2.29408441e+05
0.00342953      	2.28997319e+05
0.00343021      	2.28595683e+05
0.00343089      	2.28190191e+05
0.00343157      	2.27788061e+05
0.00343225      	2.27383613e+05
0.00343294      	2.26990989e+05
0.00343362      	2.26597476e+05
0.00343431      	2.26217022e+05
0.003435        	2.25835964e+05
0.00343569      	2.25462971e+05
0.00343638      	2.25103592e+05
0.00343707      	2.24743436e+05
0.00343776      	2.24397667e+05
0.00343845      	2.24051621e+05
0.00343915      	2.23720942e+05
0.00343985      	2.23390397e+05
0.00344054      	2.23069676e+05
0.00344124      	2.22764498e+05
0.00344194      	2.22459774e+05
0.00344264      	2.22165504e+05
0.00344334      	2.21887561e+05
0.00344405      	2.21610589e+05
0.00344475      	2.21321496e+05
0.00344545      	2.21034977e+05
0.00344616      	2.20753229e+05
0.00344687      	2.20486945e+05
0.00344757      	2.20241822e+05
0.00344828      	2.20000983e+05
0.00344899      	2.19774511e+05
0.0034497       	2.19568639e+05
0.00345042      	2.19366354e+05
0.00345113      	2.19177739e+05
0.00345184      	2.19002163e+05
0.00345255      	2.18839419e+05
0.00345327      	2.18697409e+05
0.00345398      	2.18565348e+05
0.0034547       	2.18431322e+05
0.00345542      	2.18318434e+05
0.00345613      	2.18217914e+05
0.00345685      	2.18130346e+05
0.00345757      	2.18063803e+05
0.00345829      	2.18000723e+05
0.00345901      	2.17952178e+05
0.00345973      	2.17917577e+05
0.00346044      	2.17896728e+05
0.00346116      	2.17889459e+05
0.00346188      	2.17895742e+05
0.00346261      	2.17923305e+05
0.00346333      	2.17954358e+05
0.00346405      	2.18001093e+05
0.00346478      	2.18062800e+05
0.0034655       	2.18137489e+05
0.00346622      	2.18225349e+05
0.00346695      	2.18325929e+05
0.00346767      	2.18439007e+05
0.00346839      	2.18564335e+05
0.00346911      	2.18702230e+05
0.00346984      	2.18860289e+05
0.00347057      	2.19021302e+05
0.0034713       	2.19195362e+05
0.00347202      	2.19381660e+05
0.00347275      	2.19579727e+05
0.00347348      	2.19789235e+05
0.0034742       	2.20009908e+05
0.00347493      	2.20241532e+05
0.00347566      	2.20483877e+05
0.00347639      	2.20736736e+05
0.00347712      	2.21007730e+05
0.00347785      	2.21278761e+05
0.00347858      	2.21560835e+05
0.00347931      	2.21853091e+05
0.00348004      	2.22155049e+05
0.00348077      	2.22466328e+05
0.00348151      	2.22786588e+05
0.00348224      	2.23123481e+05
0.00348298      	2.23460660e+05
0.00348371      	2.23807022e+05
0.00348445      	2.24162026e+05
0.00348519      	2.24524584e+05
0.00348593      	2.24902596e+05
0.00348667      	2.25279827e+05
0.00348741      	2.25664952e+05
0.00348815      	2.26056942e+05
0.00348889      	2.26463255e+05
0.00348964      	2.26867493e+05
0.00349039      	2.27278344e+05
0.00349113      	2.27694671e+05
0.00349188      	2.28123194e+05
0.00349263      	2.28535186e+05
0.00349338      	2.28971462e+05
0.00349414      	2.29409166e+05
0.00349489      	2.29857229e+05
0.00349565      	2.30299531e+05
0.0034964       	2.30745137e+05
0.00349717      	2.31201608e+05
0.00349793      	2.31651917e+05
0.00349869      	2.32104782e+05
0.00349945      	2.32558935e+05
0.00350022      	2.33022471e+05
0.00350099      	2.33478010e+05
0.00350175      	2.33934545e+05
0.00350252      	2.34390794e+05
0.00350329      	2.34855078e+05
0.00350407      	2.35309509e+05
0.00350484      	2.35763379e+05
0.00350562      	2.36215329e+05
0.0035064       	2.36673894e+05
0.00350718      	2.37120595e+05
0.00350796      	2.37564962e+05
0.00350874      	2.38005513e+05
0.00350952      	2.38450996e+05
0.00351031      	2.38882319e+05
0.0035111       	2.39309551e+05
0.00351188      	2.39731433e+05
0.00351267      	2.40147223e+05
0.00351346      	2.40566378e+05
0.00351426      	2.40969123e+05
0.00351505      	2.41366142e+05
0.00351584      	2.41755931e+05
0.00351664      	2.42137720e+05
0.00351743      	2.42510924e+05
0.00351823      	2.42885425e+05
0.00351904      	2.43240383e+05
0.00351984      	2.43587347e+05
0.00352064      	2.43924774e+05
0.00352144      	2.44251897e+05
0.00352224      	2.44568206e+05
0.00352304      	2.44874036e+05
0.00352385      	2.45168350e+05
0.00352465      	2.45450565e+05
0.00352545      	2.45720620e+05
0.00352625      	2.45978264e+05
0.00352705      	2.46223212e+05
0.00352785      	2.46455221e+05
0.00352866      	2.46684398e+05
0.00352948      	2.46888216e+05
0.00353029      	2.47080354e+05
0.0035311       	2.47259114e+05
0.00353191      	2.47423869e+05
0.00353272      	2.47574207e+05
0.00353353      	2.47709822e+05
0.00353434      	2.47830471e+05
0.00353515      	2.47936119e+05
0.00353596      	2.48026638e+05
0.00353677      	2.48101905e+05
0.00353758      	2.48161787e+05
0.00353839      	2.48206282e+05
0.00353919      	2.48225194e+05
0.00353999      	2.48243060e+05
0.00354079      	2.48243223e+05
0.00354159      	2.48227247e+05
0.00354239      	2.48195829e+05
0.00354319      	2.48149229e+05
0.00354399      	2.48087659e+05
0.00354479      	2.48011222e+05
0.00354559      	2.47920026e+05
0.00354639      	2.47814129e+05
0.00354719      	2.47693672e+05
0.00354799      	2.47558768e+05
0.00354879      	2.47409618e+05
0.00354959      	2.47246370e+05
0.00355039      	2.47069261e+05
0.00355119      	2.46878454e+05
0.00355199      	2.46672977e+05
0.00355279      	2.46452089e+05
0.00355359      	2.46216163e+05
0.00355439      	2.45965855e+05
0.00355519      	2.45701885e+05
0.00355599      	2.45424828e+05
0.00355679      	2.45135283e+05
0.00355759      	2.44833719e+05
0.00355839      	2.44520642e+05
0.00355919      	2.44196526e+05
0.00355999      	2.43861813e+05
0.00356079      	2.43516913e+05
0.0035616       	2.43162269e+05
0.0035624       	2.42798234e+05
0.0035632       	2.42425233e+05
0.003564        	2.42043608e+05
0.0035648       	2.41653772e+05
0.0035656       	2.41256071e+05
0.0035664       	2.40850962e+05
0.0035672       	2.40438758e+05
0.003568        	2.40019839e+05
0.0035688       	2.39594602e+05
0.0035696       	2.39163517e+05
0.0035704       	2.38726870e+05
0.0035712       	2.38284781e+05
0.003572        	2.37836596e+05
0.0035728       	2.37383273e+05
0.0035736       	2.36926245e+05
0.0035744       	2.36466380e+05
0.0035752       	2.36003721e+05
0.003576        	2.35538386e+05
0.0035768       	2.35070652e+05
0.0035776       	2.34600479e+05
0.0035784       	2.34128518e+05
0.0035792       	2.33656074e+05
0.00358         	2.33182211e+05
0.0035808       	2.32708034e+05
0.0035816       	2.32234052e+05
0.0035824       	2.31760661e+05
0.0035832       	2.31288184e+05
0.003584        	2.30816922e+05
0.0035848       	2.30347356e+05
0.0035856       	2.29879900e+05
0.0035864       	2.29414857e+05
0.0035872       	2.28952786e+05
0.003588        	2.28494094e+05
0.0035888       	2.28039260e+05
0.0035896       	2.27588691e+05
0.0035904       	2.27142890e+05
0.0035912       	2.26702523e+05
0.003592        	2.26267477e+05
0.0035928       	2.25839246e+05
0.0035936       	2.25417423e+05
0.0035944       	2.25002698e+05
0.0035952       	2.24595231e+05
0.003596        	2.24195498e+05
0.0035968       	2.23803860e+05
0.0035976       	2.23420647e+05
0.0035984       	2.23046245e+05
0.0035992       	2.22681018e+05
0.0036          	2.22324997e+05
0.00360079      	2.21962717e+05
0.00360157      	2.21638432e+05
0.00360236      	2.21319939e+05
0.00360315      	2.21010405e+05
0.00360393      	2.20690961e+05
0.00360472      	2.20370907e+05
0.0036055       	2.20057393e+05
0.00360628      	2.19754498e+05
0.00360706      	2.19473218e+05
0.00360785      	2.19205555e+05
0.00360862      	2.18947723e+05
0.0036094       	2.18716381e+05
0.00361018      	2.18484720e+05
0.00361095      	2.18266213e+05
0.00361173      	2.18067331e+05
0.0036125       	2.17880639e+05
0.00361328      	2.17701591e+05
0.00361405      	2.17542860e+05
0.00361482      	2.17396418e+05
0.00361559      	2.17262695e+05
0.00361636      	2.17136622e+05
0.00361713      	2.17030941e+05
0.0036179       	2.16937378e+05
0.00361866      	2.16856543e+05
0.00361943      	2.16788654e+05
0.0036202       	2.16728246e+05
0.00362096      	2.16688492e+05
0.00362173      	2.16661102e+05
0.00362249      	2.16646298e+05
0.00362326      	2.16644299e+05
0.00362402      	2.16655109e+05
0.00362479      	2.16678604e+05
0.00362555      	2.16715163e+05
0.00362632      	2.16762875e+05
0.00362708      	2.16817255e+05
0.00362784      	2.16890933e+05
0.0036286       	2.16975690e+05
0.00362937      	2.17071880e+05
0.00363013      	2.17179545e+05
0.00363089      	2.17304403e+05
0.00363166      	2.17433615e+05
0.00363242      	2.17574895e+05
0.00363319      	2.17727582e+05
0.00363395      	2.17891127e+05
0.00363472      	2.18065190e+05
0.00363548      	2.18249334e+05
0.00363625      	2.18443751e+05
0.00363701      	2.18648031e+05
0.00363778      	2.18867454e+05
0.00363855      	2.19089929e+05
0.00363932      	2.19322333e+05
0.00364009      	2.19563642e+05
0.00364086      	2.19813687e+05
0.00364163      	2.20071674e+05
0.0036424       	2.20337331e+05
0.00364316      	2.20610348e+05
0.00364394      	2.20895803e+05
0.00364471      	2.21182337e+05
0.00364548      	2.21476353e+05
0.00364625      	2.21776974e+05
0.00364703      	2.22088978e+05
0.00364781      	2.22395474e+05
0.00364858      	2.22711586e+05
0.00364936      	2.23037564e+05
0.00365014      	2.23367114e+05
0.00365092      	2.23705497e+05
0.0036517       	2.24042427e+05
0.00365248      	2.24383892e+05
0.00365326      	2.24728993e+05
0.00365404      	2.25082321e+05
0.00365483      	2.25433639e+05
0.00365561      	2.25788401e+05
0.0036564       	2.26145733e+05
0.00365718      	2.26504966e+05
0.00365797      	2.26870720e+05
0.00365876      	2.27232648e+05
0.00365955      	2.27596327e+05
0.00366034      	2.27960889e+05
0.00366113      	2.28325574e+05
0.00366192      	2.28694942e+05
0.00366272      	2.29058823e+05
0.00366351      	2.29422663e+05
0.0036643       	2.29785404e+05
0.0036651       	2.30146389e+05
0.00366589      	2.30505081e+05
0.00366668      	2.30861052e+05
0.00366748      	2.31218783e+05
0.00366828      	2.31568337e+05
0.00366908      	2.31915266e+05
0.00366988      	2.32258519e+05
0.00367067      	2.32597504e+05
0.00367147      	2.32931735e+05
0.00367227      	2.33260945e+05
0.00367307      	2.33584839e+05
0.00367387      	2.33903116e+05
0.00367467      	2.34215503e+05
0.00367546      	2.34521703e+05
0.00367626      	2.34821525e+05
0.00367706      	2.35114698e+05
0.00367786      	2.35401037e+05
0.00367866      	2.35680260e+05
0.00367946      	2.35952206e+05
0.00368025      	2.36216649e+05
0.00368105      	2.36473364e+05
0.00368185      	2.36722197e+05
0.00368265      	2.36962963e+05
0.00368345      	2.37195481e+05
0.00368425      	2.37419637e+05
0.00368504      	2.37635207e+05
0.00368584      	2.37842100e+05
0.00368663      	2.38035277e+05
0.00368743      	2.38225386e+05
0.00368822      	2.38405134e+05
0.00368901      	2.38575249e+05
0.00368981      	2.38735907e+05
0.0036906       	2.38887055e+05
0.00369139      	2.39023815e+05
0.00369217      	2.39157325e+05
0.00369296      	2.39279840e+05
0.00369375      	2.39392214e+05
0.00369453      	2.39489816e+05
0.00369531      	2.39584400e+05
0.00369609      	2.39667968e+05
0.00369687      	2.39741475e+05
0.00369765      	2.39800281e+05
0.00369842      	2.39856656e+05
0.0036992       	2.39902199e+05
0.00369997      	2.39932873e+05
0.00370074      	2.39961546e+05
0.0037015       	2.39974565e+05
0.00370226      	2.39985631e+05
0.00370302      	2.39981104e+05
0.00370378      	2.39975090e+05
0.00370454      	2.39958916e+05
0.00370529      	2.39928505e+05
0.00370604      	2.39897871e+05
0.00370679      	2.39852296e+05
0.00370753      	2.39806726e+05
0.00370827      	2.39746317e+05
0.00370901      	2.39686433e+05
0.00370975      	2.39617501e+05
0.00371049      	2.39535220e+05
0.00371122      	2.39454765e+05
0.00371195      	2.39360227e+05
0.00371267      	2.39267755e+05
0.0037134       	2.39167116e+05
0.00371412      	2.39053645e+05
0.00371485      	2.38943576e+05
0.00371556      	2.38819922e+05
0.00371628      	2.38699922e+05
0.00371699      	2.38572583e+05
0.0037177       	2.38432975e+05
0.00371841      	2.38298341e+05
0.00371912      	2.38157143e+05
0.00371982      	2.38004007e+05
0.00372053      	2.37856904e+05
0.00372123      	2.37703724e+05
0.00372193      	2.37545695e+05
0.00372263      	2.37376570e+05
0.00372333      	2.37215100e+05
0.00372402      	2.37048331e+05
0.00372472      	2.36870154e+05
0.00372541      	2.36700626e+05
0.0037261       	2.36526286e+05
0.00372679      	2.36348523e+05
0.00372747      	2.36160080e+05
0.00372816      	2.35982184e+05
0.00372884      	2.35800668e+05
0.00372952      	2.35616774e+05
0.00373021      	2.35431211e+05
0.00373089      	2.35235773e+05
0.00373156      	2.35053322e+05
0.00373224      	2.34868387e+05
0.00373292      	2.34682286e+05
0.0037336       	2.34495597e+05
0.00373427      	2.34299211e+05
0.00373494      	2.34117911e+05
0.00373561      	2.33935061e+05
0.00373628      	2.33751919e+05
0.00373695      	2.33569170e+05
0.00373762      	2.33387190e+05
0.00373829      	2.33206270e+05
0.00373896      	2.33026664e+05
0.00373963      	2.32848536e+05
0.0037403       	2.32660921e+05
0.00374096      	2.32492032e+05
0.00374162      	2.32322975e+05
0.00374229      	2.32154460e+05
0.00374295      	2.31988113e+05
0.00374361      	2.31823970e+05
0.00374428      	2.31662779e+05
0.00374494      	2.31504223e+05
0.0037456       	2.31348564e+05
0.00374627      	2.31196113e+05
0.00374693      	2.31046893e+05
0.00374759      	2.30900918e+05
0.00374826      	2.30758279e+05
0.00374892      	2.30619618e+05
0.00374958      	2.30484600e+05
0.00375024      	2.30339331e+05
0.00375089      	2.30218603e+05
0.00375155      	2.30099400e+05
0.0037522       	2.29983353e+05
0.00375286      	2.29871194e+05
0.00375351      	2.29763226e+05
0.00375417      	2.29659828e+05
0.00375482      	2.29561165e+05
0.00375548      	2.29467290e+05
0.00375613      	2.29378409e+05
0.00375679      	2.29294726e+05
0.00375744      	2.29216163e+05
0.0037581       	2.29142975e+05
0.00375875      	2.29075256e+05
0.00375941      	2.29012948e+05
0.00376006      	2.28956364e+05
0.00376071      	2.28905504e+05
0.00376137      	2.28860325e+05
0.00376202      	2.28821000e+05
0.00376268      	2.28787480e+05
0.00376333      	2.28759621e+05
0.00376399      	2.28737608e+05
0.00376464      	2.28721416e+05
0.0037653       	2.28710922e+05
0.00376594      	2.28685723e+05
0.00376658      	2.28693482e+05
0.00376723      	2.28703236e+05
0.00376787      	2.28717078e+05
0.00376851      	2.28735891e+05
0.00376915      	2.28759903e+05
0.0037698       	2.28789471e+05
0.00377044      	2.28824706e+05
0.00377108      	2.28865477e+05
0.00377172      	2.28911948e+05
0.00377237      	2.28964143e+05
0.00377301      	2.29021889e+05
0.00377365      	2.29085353e+05
0.00377429      	2.29154535e+05
0.00377494      	2.29229235e+05
0.00377558      	2.29309625e+05
0.00377622      	2.29395684e+05
0.00377687      	2.29487235e+05
0.00377751      	2.29584408e+05
0.00377815      	2.29687176e+05
0.00377879      	2.29795360e+05
0.00377944      	2.29909073e+05
0.00378008      	2.30028279e+05
0.00378072      	2.30152792e+05
0.00378136      	2.30282716e+05
0.00378201      	2.30417998e+05
0.00378265      	2.30558448e+05
0.00378329      	2.30703878e+05
0.00378393      	2.30854112e+05
0.00378458      	2.31009347e+05
0.00378522      	2.31169658e+05
0.00378586      	2.31334980e+05
0.0037865       	2.31505103e+05
0.00378715      	2.31680076e+05
0.00378779      	2.31859788e+05
0.00378843      	2.32044089e+05
0.00378908      	2.32232956e+05
0.00378972      	2.32426315e+05
0.00379036      	2.32623928e+05
0.003791        	2.32825831e+05
0.00379165      	2.33031910e+05
0.00379229      	2.33242397e+05
0.00379293      	2.33457374e+05
0.00379357      	2.33673776e+05
0.00379422      	2.33892057e+05
0.00379486      	2.34119337e+05
0.0037955       	2.34349367e+05
0.00379614      	2.34582246e+05
0.00379679      	2.34818156e+05
0.00379743      	2.35057058e+05
0.00379807      	2.35298764e+05
0.00379871      	2.35543300e+05
0.00379936      	2.35790530e+05
0.0038          	2.36040218e+05
0.00380063      	2.36265339e+05
0.00380126      	2.36521769e+05
0.00380189      	2.36776146e+05
0.00380252      	2.37030783e+05
0.00380314      	2.37286548e+05
0.00380377      	2.37539654e+05
0.0038044       	2.37798768e+05
0.00380503      	2.38058963e+05
0.00380565      	2.38320397e+05
0.00380628      	2.38583273e+05
0.00380691      	2.38847553e+05
0.00380753      	2.39113089e+05
0.00380816      	2.39379901e+05
0.00380879      	2.39647872e+05
0.00380941      	2.39912494e+05
0.00381004      	2.40182612e+05
0.00381066      	2.40452930e+05
0.00381129      	2.40723575e+05
0.00381191      	2.40994686e+05
0.00381253      	2.41261860e+05
0.00381316      	2.41533878e+05
0.00381378      	2.41805485e+05
0.0038144       	2.42076903e+05
0.00381503      	2.42348063e+05
0.00381565      	2.42614646e+05
0.00381627      	2.42885571e+05
0.00381689      	2.43155343e+05
0.00381751      	2.43424277e+05
0.00381813      	2.43688060e+05
0.00381875      	2.43955535e+05
0.00381936      	2.44221395e+05
0.00381998      	2.44481585e+05
0.0038206       	2.44744968e+05
0.00382121      	2.45002060e+05
0.00382183      	2.45261988e+05
0.00382244      	2.45519432e+05
0.00382305      	2.45770637e+05
0.00382366      	2.46024372e+05
0.00382428      	2.46271207e+05
0.00382489      	2.46520146e+05
0.0038255       	2.46766084e+05
0.0038261       	2.47005218e+05
0.00382671      	2.47246169e+05
0.00382732      	2.47479764e+05
0.00382792      	2.47714844e+05
0.00382853      	2.47942526e+05
0.00382913      	2.48171272e+05
0.00382973      	2.48396111e+05
0.00383034      	2.48613737e+05
0.00383094      	2.48832275e+05
0.00383154      	2.49043060e+05
0.00383214      	2.49254309e+05
0.00383273      	2.49457789e+05
0.00383333      	2.49661357e+05
0.00383393      	2.49857044e+05
0.00383452      	2.50052715e+05
0.00383512      	2.50243682e+05
0.00383571      	2.50427083e+05
0.0038363       	2.50610399e+05
0.00383689      	2.50785668e+05
0.00383749      	2.50960419e+05
0.00383808      	2.51130305e+05
0.00383867      	2.51292220e+05
0.00383925      	2.51452361e+05
0.00383984      	2.51602877e+05
0.00384043      	2.51750667e+05
0.00384101      	2.51891705e+05
0.0038416       	2.52024090e+05
0.00384218      	2.52154340e+05
0.00384277      	2.52278469e+05
0.00384335      	2.52394291e+05
0.00384393      	2.52508384e+05
0.00384451      	2.52616638e+05
0.00384509      	2.52717001e+05
0.00384567      	2.52815782e+05
0.00384626      	2.52908936e+05
0.00384684      	2.52997029e+05
0.00384741      	2.53077548e+05
0.00384799      	2.53156891e+05
0.00384857      	2.53230961e+05
0.00384915      	2.53299979e+05
0.00384973      	2.53364263e+05
0.0038503       	2.53424064e+05
0.00385088      	2.53476742e+05
0.00385145      	2.53528627e+05
0.00385203      	2.53575517e+05
0.00385261      	2.53617634e+05
0.00385318      	2.53655255e+05
0.00385376      	2.53688743e+05
0.00385433      	2.53717793e+05
0.00385491      	2.53742538e+05
0.00385549      	2.53763413e+05
0.00385606      	2.53780040e+05
0.00385664      	2.53792587e+05
0.00385721      	2.53801250e+05
0.00385779      	2.53805795e+05
0.00385836      	2.53806459e+05
0.00385894      	2.53803382e+05
0.00385952      	2.53796364e+05
0.00386009      	2.53785584e+05
0.00386067      	2.53771164e+05
0.00386124      	2.53752944e+05
0.00386182      	2.53731107e+05
0.00386239      	2.53705840e+05
0.00386297      	2.53676951e+05
0.00386355      	2.53647117e+05
0.00386413      	2.53609758e+05
0.0038647       	2.53569714e+05
0.00386528      	2.53526647e+05
0.00386586      	2.53480683e+05
0.00386644      	2.53431443e+05
0.00386702      	2.53379003e+05
0.0038676       	2.53323705e+05
0.00386817      	2.53265212e+05
0.00386875      	2.53203731e+05
0.00386933      	2.53139424e+05
0.00386991      	2.53072178e+05
0.00387049      	2.53001330e+05
0.00387106      	2.52927596e+05
0.00387164      	2.52851026e+05
0.00387222      	2.52771993e+05
0.0038728       	2.52691069e+05
0.00387338      	2.52607564e+05
0.00387396      	2.52521617e+05
0.00387453      	2.52433630e+05
0.00387511      	2.52343148e+05
0.00387569      	2.52250280e+05
0.00387627      	2.52155594e+05
0.00387685      	2.52058559e+05
0.00387742      	2.51959372e+05
0.00387801      	2.51861677e+05
0.00387859      	2.51756573e+05
0.00387917      	2.51650385e+05
0.00387975      	2.51542350e+05
0.00388033      	2.51432128e+05
0.00388091      	2.51323911e+05
0.00388149      	2.51214395e+05
0.00388207      	2.51103100e+05
0.00388265      	2.50990509e+05
0.00388323      	2.50877216e+05
0.00388381      	2.50762521e+05
0.0038844       	2.50646612e+05
0.00388498      	2.50530248e+05
0.00388556      	2.50412713e+05
0.00388614      	2.50294212e+05
0.00388672      	2.50175475e+05
0.0038873       	2.50055799e+05
0.00388788      	2.49935402e+05
0.00388846      	2.49814998e+05
0.00388904      	2.49690051e+05
0.00388962      	2.49570936e+05
0.0038902       	2.49451058e+05
0.00389077      	2.49330214e+05
0.00389135      	2.49208887e+05
0.00389193      	2.49087877e+05
0.00389251      	2.48966544e+05
0.00389309      	2.48845140e+05
0.00389366      	2.48724428e+05
0.00389424      	2.48603676e+05
0.00389482      	2.48483009e+05
0.0038954       	2.48363289e+05
0.00389598      	2.48243803e+05
0.00389655      	2.48124750e+05
0.00389713      	2.48002546e+05
0.0038977       	2.47887777e+05
0.00389828      	2.47772582e+05
0.00389885      	2.47658187e+05
0.00389943      	2.47544169e+05
0.0039          	2.47430872e+05
0.00390058      	2.47319106e+05
0.00390115      	2.47208083e+05
0.00390173      	2.47098146e+05
0.0039023       	2.46989846e+05
0.00390287      	2.46882554e+05
0.00390345      	2.46771684e+05
0.00390402      	2.46670378e+05
0.00390459      	2.46569002e+05
0.00390516      	2.46468503e+05
0.00390573      	2.46369730e+05
0.0039063       	2.46272115e+05
0.00390687      	2.46175938e+05
0.00390745      	2.46081981e+05
0.00390802      	2.45989365e+05
0.00390859      	2.45898423e+05
0.00390916      	2.45809723e+05
0.00390973      	2.45717327e+05
0.00391029      	2.45634794e+05
0.00391086      	2.45553450e+05
0.00391143      	2.45473080e+05
0.003912        	2.45394276e+05
0.00391257      	2.45317750e+05
0.00391313      	2.45242792e+05
0.0039137       	2.45169682e+05
0.00391427      	2.45099123e+05
0.00391484      	2.45030290e+05
0.0039154       	2.44963484e+05
0.00391597      	2.44899259e+05
0.00391654      	2.44836806e+05
0.00391711      	2.44776350e+05
0.00391767      	2.44712928e+05
0.00391824      	2.44659893e+05
0.0039188       	2.44607514e+05
0.00391936      	2.44557075e+05
0.00391993      	2.44508097e+05
0.00392049      	2.44460945e+05
0.00392106      	2.44416402e+05
0.00392162      	2.44373543e+05
0.00392218      	2.44332762e+05
0.00392275      	2.44294462e+05
0.00392331      	2.44257887e+05
0.00392387      	2.44223252e+05
0.00392444      	2.44191304e+05
0.003925        	2.44160999e+05
0.00392557      	2.44132658e+05
0.00392613      	2.44106714e+05
0.00392669      	2.44082410e+05
0.00392726      	2.44059985e+05
0.00392782      	2.44039966e+05
0.00392839      	2.44021496e+05
0.00392895      	2.44004813e+05
0.00392951      	2.43990425e+05
0.00393008      	2.43977467e+05
0.00393064      	2.43966102e+05
0.00393121      	2.43957002e+05
0.00393177      	2.43949138e+05
0.00393233      	2.43942754e+05
0.0039329       	2.43944017e+05
0.00393347      	2.43937342e+05
0.00393404      	2.43933671e+05
0.00393461      	2.43932634e+05
0.00393518      	2.43932916e+05
0.00393574      	2.43934509e+05
0.00393631      	2.43937825e+05
0.00393688      	2.43941900e+05
0.00393745      	2.43946826e+05
0.00393802      	2.43953250e+05
0.00393859      	2.43960141e+05
0.00393916      	2.43972917e+05
0.00393974      	2.43978017e+05
0.00394031      	2.43985275e+05
0.00394088      	2.43993742e+05
0.00394146      	2.44003606e+05
0.00394203      	2.44013704e+05
0.00394261      	2.44024081e+05
0.00394318      	2.44035187e+05
0.00394375      	2.44046125e+05
0.00394433      	2.44057012e+05
0.0039449       	2.44068246e+05
0.00394548      	2.44083656e+05
0.00394606      	2.44090164e+05
0.00394664      	2.44098770e+05
0.00394722      	2.44107513e+05
0.0039478       	2.44116208e+05
0.00394838      	2.44124836e+05
0.00394896      	2.44132547e+05
0.00394954      	2.44139590e+05
0.00395012      	2.44145939e+05
0.0039507       	2.44151110e+05
0.00395128      	2.44155271e+05
0.00395187      	2.44162163e+05
0.00395246      	2.44159171e+05
0.00395304      	2.44157331e+05
0.00395363      	2.44155207e+05
0.00395422      	2.44151782e+05
0.0039548       	2.44147007e+05
0.00395539      	2.44140537e+05
0.00395598      	2.44132257e+05
0.00395656      	2.44121396e+05
0.00395715      	2.44108636e+05
0.00395774      	2.44093166e+05
0.00395832      	2.44075293e+05
0.00395892      	2.44057304e+05
0.00395952      	2.44028042e+05
0.00396011      	2.43998825e+05
0.00396071      	2.43967887e+05
0.0039613       	2.43933823e+05
0.0039619       	2.43897314e+05
0.00396249      	2.43857308e+05
0.00396309      	2.43813578e+05
0.00396368      	2.43766317e+05
0.00396428      	2.43715390e+05
0.00396487      	2.43660373e+05
0.00396547      	2.43601472e+05
0.00396606      	2.43538646e+05
0.00396666      	2.43471786e+05
0.00396726      	2.43400037e+05
0.00396785      	2.43324920e+05
0.00396845      	2.43244866e+05
0.00396904      	2.43160478e+05
0.00396964      	2.43071696e+05
0.00397023      	2.42978085e+05
0.00397083      	2.42879974e+05
0.00397142      	2.42777313e+05
0.00397202      	2.42669741e+05
0.00397261      	2.42557435e+05
0.00397321      	2.42440368e+05
0.0039738       	2.42318183e+05
0.0039744       	2.42191130e+05
0.00397499      	2.42059164e+05
0.00397559      	2.41921917e+05
0.00397619      	2.41779703e+05
0.00397678      	2.41632415e+05
0.00397738      	2.41479660e+05
0.00397797      	2.41321832e+05
0.00397857      	2.41158786e+05
0.00397916      	2.40990199e+05
0.00397976      	2.40816420e+05
0.00398035      	2.40637256e+05
0.00398095      	2.40452536e+05
0.00398154      	2.40262462e+05
0.00398214      	2.40067014e+05
0.00398273      	2.39865810e+05
0.00398333      	2.39660464e+05
0.00398393      	2.39453420e+05
0.00398452      	2.39240223e+05
0.00398512      	2.39021689e+05
0.00398571      	2.38797858e+05
0.00398631      	2.38568587e+05
0.0039869       	2.38334558e+05
0.0039875       	2.38095500e+05
0.00398809      	2.37851163e+05
0.00398869      	2.37601980e+05
0.00398928      	2.37347924e+05
0.00398988      	2.37088672e+05
0.00399047      	2.36824579e+05
0.00399107      	2.36555641e+05
0.00399166      	2.36281467e+05
0.00399226      	2.36002520e+05
0.00399286      	2.35718531e+05
0.00399345      	2.35429482e+05
0.00399405      	2.35135743e+05
0.00399464      	2.34837302e+05
0.00399524      	2.34533797e+05
0.00399583      	2.34225605e+05
0.00399643      	2.33912812e+05
0.00399702      	2.33595040e+05
0.00399762      	2.33273013e+05
0.00399821      	2.32948563e+05
0.00399881      	2.32619993e+05
0.0039994       	2.32287486e+05
0.004           	2.31951060e+05
0.00400062      	2.31616063e+05
0.00400124      	2.31244707e+05
0.00400186      	2.30873514e+05
0.00400248      	2.30501330e+05
0.0040031       	2.30123388e+05
0.00400372      	2.29742062e+05
0.00400434      	2.29356169e+05
0.00400497      	2.28962702e+05
0.00400559      	2.28565332e+05
0.00400622      	2.28160102e+05
0.00400684      	2.27750293e+05
0.00400747      	2.27336031e+05
0.00400809      	2.26913765e+05
0.00400872      	2.26486702e+05
0.00400935      	2.26052465e+05
0.00400998      	2.25613453e+05
0.00401061      	2.25169272e+05
0.00401125      	2.24717789e+05
0.00401188      	2.24261611e+05
0.00401251      	2.23800151e+05
0.00401314      	2.23331703e+05
0.00401378      	2.22857981e+05
0.00401441      	2.22377281e+05
0.00401505      	2.21892692e+05
0.00401569      	2.21402409e+05
0.00401633      	2.20905174e+05
0.00401696      	2.20404484e+05
0.0040176       	2.19898090e+05
0.00401824      	2.19385195e+05
0.00401888      	2.18868640e+05
0.00401953      	2.18346878e+05
0.00402017      	2.17818878e+05
0.00402081      	2.17286285e+05
0.00402146      	2.16747963e+05
0.0040221       	2.16206527e+05
0.00402275      	2.15660397e+05
0.0040234       	2.15108585e+05
0.00402404      	2.14554382e+05
0.00402469      	2.13995365e+05
0.00402534      	2.13431655e+05
0.00402599      	2.12865497e+05
0.00402664      	2.12295458e+05
0.00402729      	2.11720784e+05
0.00402795      	2.11144259e+05
0.0040286       	2.10565938e+05
0.00402925      	2.09983952e+05
0.00402991      	2.09399682e+05
0.00403056      	2.08815490e+05
0.00403122      	2.08228961e+05
0.00403187      	2.07640119e+05
0.00403253      	2.07051544e+05
0.00403319      	2.06462692e+05
0.00403385      	2.05872483e+05
0.00403451      	2.05279805e+05
0.00403516      	2.04687542e+05
0.00403582      	2.04095678e+05
0.00403648      	2.03504380e+05
0.00403715      	2.02912061e+05
0.00403781      	2.02317341e+05
0.00403847      	2.01723941e+05
0.00403913      	2.01131135e+05
0.00403979      	2.00539066e+05
0.00404046      	1.99947460e+05
0.00404112      	1.99365723e+05
0.00404179      	1.98791476e+05
0.00404245      	1.98219098e+05
0.00404312      	1.97649556e+05
0.00404378      	1.97083689e+05
0.00404445      	1.96518127e+05
0.00404512      	1.95957745e+05
0.00404579      	1.95402509e+05
0.00404645      	1.94852451e+05
0.00404712      	1.94307557e+05
0.00404779      	1.93768759e+05
0.00404846      	1.93231279e+05
0.00404913      	1.92700530e+05
0.0040498       	1.92176368e+05
0.00405048      	1.91658765e+05
0.00405115      	1.91147536e+05
0.00405182      	1.90644290e+05
0.00405249      	1.90143504e+05
0.00405317      	1.89650465e+05
0.00405384      	1.89164955e+05
0.00405451      	1.88687816e+05
0.00405519      	1.88218091e+05
0.00405586      	1.87757794e+05
0.00405654      	1.87300602e+05
0.00405722      	1.86852286e+05
0.00405789      	1.86412681e+05
0.00405857      	1.85982251e+05
0.00405925      	1.85562332e+05
0.00405993      	1.85145414e+05
0.00406061      	1.84738845e+05
0.00406129      	1.84341489e+05
0.00406197      	1.83953201e+05
0.00406265      	1.83577767e+05
0.00406334      	1.83205264e+05
0.00406402      	1.82843111e+05
0.0040647       	1.82491676e+05
0.00406539      	1.82152475e+05
0.00406608      	1.81817064e+05
0.00406676      	1.81492865e+05
0.00406745      	1.81178401e+05
0.00406814      	1.80875539e+05
0.00406883      	1.80585245e+05
0.00406952      	1.80299359e+05
0.00407021      	1.80024829e+05
0.0040709       	1.79764022e+05
0.0040716       	1.79507598e+05
0.00407229      	1.79234049e+05
0.00407298      	1.78911826e+05
0.00407368      	1.78607613e+05
0.00407438      	1.78302639e+05
0.00407508      	1.78026398e+05
0.00407578      	1.77771870e+05
0.00407648      	1.77529478e+05
0.00407718      	1.77303545e+05
0.00407789      	1.77094804e+05
0.00407859      	1.76905409e+05
0.0040793       	1.76723614e+05
0.00408         	1.76557652e+05
0.00408071      	1.76410027e+05
0.00408142      	1.76269201e+05
0.00408213      	1.76143359e+05
0.00408284      	1.76031047e+05
0.00408356      	1.75935893e+05
0.00408427      	1.75846624e+05
0.00408499      	1.75771795e+05
0.00408571      	1.75713721e+05
0.00408642      	1.75661576e+05
0.00408714      	1.75623270e+05
0.00408787      	1.75601404e+05
0.00408859      	1.75585551e+05
0.00408931      	1.75583031e+05
0.00409004      	1.75592515e+05
0.00409077      	1.75618490e+05
0.00409149      	1.75649701e+05
0.00409222      	1.75693530e+05
0.00409295      	1.75753504e+05
0.00409369      	1.75819101e+05
0.00409442      	1.75896635e+05
0.00409516      	1.75990203e+05
0.0040959       	1.76089102e+05
0.00409664      	1.76199888e+05
0.00409737      	1.76322769e+05
0.00409812      	1.76459709e+05
0.00409886      	1.76601989e+05
0.00409961      	1.76759064e+05
0.00410035      	1.76925205e+05
0.0041011       	1.77102695e+05
0.00410185      	1.77284989e+05
0.0041026       	1.77479164e+05
0.00410335      	1.77683033e+05
0.0041041       	1.77899429e+05
0.00410486      	1.78121235e+05
0.00410561      	1.78353223e+05
0.00410637      	1.78594490e+05
0.00410712      	1.78844389e+05
0.00410788      	1.79105579e+05
0.00410864      	1.79370995e+05
0.00410941      	1.79646059e+05
0.00411017      	1.79929004e+05
0.00411093      	1.80218670e+05
0.0041117       	1.80514350e+05
0.00411246      	1.80815217e+05
0.00411323      	1.81123770e+05
0.004114        	1.81438616e+05
0.00411477      	1.81759166e+05
0.00411554      	1.82085268e+05
0.00411631      	1.82419429e+05
0.00411709      	1.82756041e+05
0.00411786      	1.83098877e+05
0.00411863      	1.83446625e+05
0.00411941      	1.83798378e+05
0.00412018      	1.84153680e+05
0.00412096      	1.84511909e+05
0.00412173      	1.84872735e+05
0.00412252      	1.85238088e+05
0.0041233       	1.85603571e+05
0.00412408      	1.85972482e+05
0.00412487      	1.86343219e+05
0.00412565      	1.86715216e+05
0.00412643      	1.87087615e+05
0.00412721      	1.87460076e+05
0.004128        	1.87832269e+05
0.00412878      	1.88203578e+05
0.00412956      	1.88574005e+05
0.00413034      	1.88942988e+05
0.00413113      	1.89310002e+05
0.00413191      	1.89675413e+05
0.00413269      	1.90038400e+05
0.00413348      	1.90400739e+05
0.00413428      	1.90759265e+05
0.00413507      	1.91117084e+05
0.00413586      	1.91472449e+05
0.00413665      	1.91824796e+05
0.00413744      	1.92173850e+05
0.00413823      	1.92519150e+05
0.00413903      	1.92860639e+05
0.00413982      	1.93198447e+05
0.00414061      	1.93532200e+05
0.0041414       	1.93861813e+05
0.00414219      	1.94187721e+05
0.00414299      	1.94509132e+05
0.00414378      	1.94826501e+05
0.00414457      	1.95140181e+05
0.00414536      	1.95449714e+05
0.00414615      	1.95755181e+05
0.00414695      	1.96056479e+05
0.00414774      	1.96353681e+05
0.00414853      	1.96647033e+05
0.00414932      	1.96936391e+05
0.00415011      	1.97221894e+05
0.0041509       	1.97503652e+05
0.0041517       	1.97781699e+05
0.00415249      	1.98056204e+05
0.00415328      	1.98327155e+05
0.00415407      	1.98594705e+05
0.00415486      	1.98858932e+05
0.00415566      	1.99119918e+05
0.00415645      	1.99377817e+05
0.00415724      	1.99632649e+05
0.00415803      	1.99884936e+05
0.00415882      	2.00134294e+05
0.00415963      	2.00389630e+05
0.00416044      	2.00633543e+05
0.00416125      	2.00878755e+05
0.00416205      	2.01123226e+05
0.00416286      	2.01366423e+05
0.00416367      	2.01608196e+05
0.00416447      	2.01848641e+05
0.00416528      	2.02087879e+05
0.00416609      	2.02326071e+05
0.0041669       	2.02563486e+05
0.0041677       	2.02800249e+05
0.00416851      	2.03036875e+05
0.00416932      	2.03273102e+05
0.00417013      	2.03509484e+05
0.00417093      	2.03746205e+05
0.00417174      	2.03983317e+05
0.00417255      	2.04221067e+05
0.00417336      	2.04459755e+05
0.00417416      	2.04699447e+05
0.00417497      	2.04940158e+05
0.00417578      	2.05182243e+05
0.00417659      	2.05426092e+05
0.00417739      	2.05671603e+05
0.0041782       	2.05918815e+05
0.00417901      	2.06168077e+05
0.00417982      	2.06419404e+05
0.00418062      	2.06672792e+05
0.00418143      	2.06928657e+05
0.00418224      	2.07186936e+05
0.00418304      	2.07447747e+05
0.00418385      	2.07711389e+05
0.00418466      	2.07977819e+05
0.00418547      	2.08247190e+05
0.00418627      	2.08519533e+05
0.00418708      	2.08793874e+05
0.00418789      	2.09070402e+05
0.0041887       	2.09350129e+05
0.0041895       	2.09633975e+05
0.00419031      	2.09921790e+05
0.00419112      	2.10213617e+05
0.00419193      	2.10509791e+05
0.00419273      	2.10810289e+05
0.00419354      	2.11114958e+05
0.00419435      	2.11424559e+05
0.00419516      	2.11738511e+05
0.00419596      	2.12057080e+05
0.00419677      	2.12380524e+05
0.00419758      	2.12708603e+05
0.00419839      	2.13041923e+05
0.00419919      	2.13380253e+05
0.0042          	2.13723226e+05
0.00420085      	2.14123146e+05
0.00420169      	2.14479833e+05
0.00420255      	2.14855137e+05
0.0042034       	2.15234391e+05
0.00420425      	2.15620622e+05
0.0042051       	2.16012036e+05
0.00420595      	2.16408169e+05
0.0042068       	2.16809087e+05
0.00420765      	2.17214124e+05
0.0042085       	2.17623468e+05
0.00420935      	2.18037182e+05
0.00421021      	2.18460561e+05
0.00421106      	2.18883413e+05
0.00421192      	2.19311274e+05
0.00421277      	2.19743285e+05
0.00421363      	2.20179493e+05
0.00421448      	2.20620138e+05
0.00421534      	2.21064724e+05
0.00421619      	2.21513568e+05
0.00421705      	2.21966348e+05
0.0042179       	2.22422758e+05
0.00421876      	2.22883382e+05
0.00421961      	2.23347588e+05
0.00422046      	2.23808681e+05
0.00422132      	2.24282094e+05
0.00422217      	2.24756921e+05
0.00422302      	2.25234795e+05
0.00422387      	2.25716057e+05
0.00422472      	2.26200563e+05
0.00422557      	2.26687852e+05
0.00422642      	2.27169307e+05
0.00422726      	2.27661488e+05
0.00422811      	2.28154620e+05
0.00422896      	2.28649994e+05
0.0042298       	2.29147300e+05
0.00423065      	2.29636419e+05
0.00423149      	2.30135838e+05
0.00423233      	2.30635288e+05
0.00423317      	2.31135914e+05
0.00423401      	2.31626278e+05
0.00423485      	2.32126553e+05
0.00423569      	2.32626024e+05
0.00423653      	2.33125551e+05
0.00423736      	2.33613941e+05
0.0042382       	2.34112897e+05
0.00423903      	2.34611198e+05
0.00423986      	2.35109265e+05
0.00424069      	2.35594833e+05
0.00424152      	2.36091263e+05
0.00424235      	2.36586227e+05
0.00424318      	2.37079969e+05
0.00424401      	2.37559723e+05
0.00424483      	2.38049947e+05
0.00424566      	2.38537419e+05
0.00424648      	2.39022568e+05
0.0042473       	2.39492029e+05
0.00424813      	2.39971145e+05
0.00424895      	2.40446127e+05
0.00424977      	2.40917200e+05
0.00425058      	2.41370760e+05
0.0042514       	2.41832782e+05
0.00425222      	2.42288967e+05
0.00425303      	2.42739364e+05
0.00425385      	2.43184370e+05
0.00425466      	2.43609638e+05
0.00425547      	2.44041474e+05
0.00425629      	2.44465320e+05
0.0042571       	2.44881198e+05
0.00425791      	2.45289324e+05
0.00425872      	2.45675185e+05
0.00425952      	2.46063361e+05
0.00426033      	2.46438060e+05
0.00426114      	2.46799843e+05
0.00426195      	2.47148952e+05
0.00426275      	2.47485239e+05
0.00426356      	2.47794237e+05
0.00426436      	2.48104302e+05
0.00426516      	2.48400741e+05
0.00426596      	2.48684045e+05
0.00426677      	2.48954275e+05
0.00426757      	2.49211381e+05
0.00426837      	2.49443131e+05
0.00426916      	2.49674135e+05
0.00426996      	2.49890228e+05
0.00427076      	2.50091913e+05
0.00427156      	2.50279133e+05
0.00427236      	2.50451757e+05
0.00427315      	2.50598241e+05
0.00427394      	2.50742475e+05
0.00427473      	2.50870297e+05
0.00427553      	2.50982094e+05
0.00427631      	2.51067240e+05
0.0042771       	2.51149082e+05
0.00427789      	2.51213652e+05
0.00427868      	2.51261443e+05
0.00427947      	2.51292737e+05
0.00428025      	2.51296967e+05
0.00428103      	2.51297286e+05
0.00428181      	2.51279592e+05
0.0042826       	2.51244544e+05
0.00428337      	2.51182405e+05
0.00428415      	2.51115106e+05
0.00428493      	2.51028273e+05
0.00428571      	2.50924589e+05
0.00428648      	2.50794664e+05
0.00428725      	2.50660955e+05
0.00428802      	2.50508862e+05
0.0042888       	2.50339084e+05
0.00428957      	2.50151868e+05
0.00429034      	2.49937971e+05
0.0042911       	2.49719854e+05
0.00429187      	2.49483107e+05
0.00429264      	2.49232368e+05
0.0042934       	2.48955453e+05
0.00429416      	2.48675831e+05
0.00429492      	2.48378531e+05
0.00429568      	2.48064484e+05
0.00429644      	2.47734295e+05
0.0042972       	2.47378852e+05
0.00429795      	2.47022342e+05
0.00429871      	2.46648870e+05
0.00429947      	2.46259530e+05
0.00430022      	2.45854697e+05
0.00430098      	2.45434815e+05
0.00430173      	2.44990904e+05
0.00430248      	2.44547972e+05
0.00430323      	2.44089189e+05
0.00430398      	2.43615873e+05
0.00430473      	2.43128549e+05
0.00430548      	2.42627676e+05
0.00430622      	2.42104251e+05
0.00430697      	2.41584507e+05
0.00430771      	2.41050601e+05
0.00430846      	2.40503835e+05
0.0043092       	2.39944822e+05
0.00430994      	2.39374133e+05
0.00431069      	2.38792050e+05
0.00431143      	2.38198980e+05
0.00431217      	2.37585980e+05
0.00431291      	2.36980539e+05
0.00431365      	2.36363121e+05
0.00431439      	2.35735701e+05
0.00431512      	2.35098443e+05
0.00431586      	2.34452014e+05
0.0043166       	2.33796704e+05
0.00431734      	2.33132735e+05
0.00431808      	2.32460004e+05
0.00431881      	2.31779693e+05
0.00431955      	2.31091774e+05
0.00432029      	2.30396670e+05
0.00432103      	2.29694463e+05
0.00432176      	2.28976821e+05
0.00432249      	2.28271381e+05
0.00432322      	2.27558478e+05
0.00432395      	2.26838473e+05
0.00432468      	2.26112265e+05
0.00432542      	2.25380016e+05
0.00432615      	2.24643573e+05
0.00432688      	2.23902336e+05
0.00432761      	2.23156556e+05
0.00432834      	2.22406438e+05
0.00432907      	2.21652457e+05
0.0043298       	2.20894969e+05
0.00433053      	2.20134229e+05
0.00433127      	2.19370446e+05
0.004332        	2.18604471e+05
0.00433273      	2.17836300e+05
0.00433346      	2.17066254e+05
0.00433418      	2.16286847e+05
0.00433491      	2.15527079e+05
0.00433563      	2.14764158e+05
0.00433635      	2.13999843e+05
0.00433708      	2.13235028e+05
0.0043378       	2.12470429e+05
0.00433852      	2.11706522e+05
0.00433925      	2.10943662e+05
0.00433997      	2.10182249e+05
0.00434069      	2.09422829e+05
0.00434141      	2.08665683e+05
0.00434214      	2.07911240e+05
0.00434285      	2.07150374e+05
0.00434357      	2.06416720e+05
0.00434428      	2.05684119e+05
0.004345        	2.04954576e+05
0.00434571      	2.04229228e+05
0.00434642      	2.03508899e+05
0.00434714      	2.02793918e+05
0.00434785      	2.02084716e+05
0.00434857      	2.01382084e+05
0.00434928      	2.00685926e+05
0.00434999      	1.99984328e+05
0.00435069      	1.99318117e+05
0.00435139      	1.98656501e+05
0.0043521       	1.98001729e+05
0.0043528       	1.97355241e+05
0.00435351      	1.96717033e+05
0.00435421      	1.96087942e+05
0.00435492      	1.95468463e+05
0.00435562      	1.94858842e+05
0.00435631      	1.94242002e+05
0.00435701      	1.93668807e+05
0.0043577       	1.93102177e+05
0.0043584       	1.92545308e+05
0.00435909      	1.91999469e+05
0.00435978      	1.91463980e+05
0.00436048      	1.90940363e+05
0.00436117      	1.90428454e+05
0.00436185      	1.89905916e+05
0.00436253      	1.89433843e+05
0.00436321      	1.88970583e+05
0.00436389      	1.88517640e+05
0.00436457      	1.88076576e+05
0.00436526      	1.87647990e+05
0.00436594      	1.87232249e+05
0.00436662      	1.86829466e+05
0.0043673       	1.86439841e+05
0.00436797      	1.86035189e+05
0.00436863      	1.85688863e+05
0.0043693       	1.85351341e+05
0.00436997      	1.85025180e+05
0.00437064      	1.84711367e+05
0.0043713       	1.84410623e+05
0.00437197      	1.84116221e+05
0.00437264      	1.83757951e+05
0.00437331      	1.83401856e+05
0.00437397      	1.83068953e+05
0.00437464      	1.82760381e+05
0.00437529      	1.82434591e+05
0.00437594      	1.82186511e+05
0.00437659      	1.81952011e+05
0.00437724      	1.81733247e+05
0.00437789      	1.81530491e+05
0.00437854      	1.81347656e+05
0.00437919      	1.81175967e+05
0.00437984      	1.81018582e+05
0.00438049      	1.80878245e+05
0.00438114      	1.80752515e+05
0.00438179      	1.80641945e+05
0.00438244      	1.80546639e+05
0.00438309      	1.80466493e+05
0.00438374      	1.80401310e+05
0.00438439      	1.80350997e+05
0.00438504      	1.80315302e+05
0.00438569      	1.80294135e+05
0.00438635      	1.80287324e+05
0.004387        	1.80294664e+05
0.00438765      	1.80316069e+05
0.0043883       	1.80351314e+05
0.00438895      	1.80400341e+05
0.0043896       	1.80462944e+05
0.00439025      	1.80538958e+05
0.0043909       	1.80628316e+05
0.00439155      	1.80730742e+05
0.0043922       	1.80846173e+05
0.00439285      	1.80974354e+05
0.0043935       	1.81115239e+05
0.00439415      	1.81268613e+05
0.0043948       	1.81434253e+05
0.00439545      	1.81612061e+05
0.0043961       	1.81801808e+05
0.00439675      	1.82003357e+05
0.0043974       	1.82216449e+05
0.00439805      	1.82440852e+05
0.0043987       	1.82676895e+05
0.00439935      	1.82914414e+05
0.0044          	1.83170814e+05
0.00440062      	1.83377479e+05
0.00440123      	1.83658909e+05
0.00440185      	1.83943472e+05
0.00440246      	1.84231593e+05
0.00440308      	1.84522144e+05
0.00440369      	1.84823905e+05
0.0044043       	1.85132785e+05
0.00440492      	1.85445838e+05
0.00440553      	1.85770495e+05
0.00440614      	1.86101825e+05
0.00440675      	1.86437338e+05
0.00440736      	1.86783337e+05
0.00440797      	1.87135667e+05
0.00440858      	1.87494473e+05
0.00440918      	1.87856588e+05
0.00440979      	1.88228125e+05
0.0044104       	1.88605097e+05
0.00441101      	1.88987678e+05
0.00441162      	1.89375730e+05
0.00441222      	1.89766310e+05
0.00441283      	1.90164441e+05
0.00441343      	1.90567388e+05
0.00441404      	1.90974471e+05
0.00441464      	1.91385795e+05
0.00441525      	1.91798715e+05
0.00441585      	1.92217887e+05
0.00441646      	1.92640005e+05
0.00441706      	1.93065302e+05
0.00441766      	1.93493817e+05
0.00441826      	1.93922828e+05
0.00441887      	1.94356489e+05
0.00441947      	1.94791980e+05
0.00442007      	1.95229332e+05
0.00442067      	1.95668476e+05
0.00442127      	1.96107393e+05
0.00442187      	1.96549238e+05
0.00442247      	1.96991640e+05
0.00442307      	1.97435091e+05
0.00442367      	1.97878946e+05
0.00442427      	1.98321541e+05
0.00442487      	1.98765789e+05
0.00442546      	1.99209538e+05
0.00442606      	1.99652909e+05
0.00442666      	2.00095717e+05
0.00442725      	2.00536358e+05
0.00442785      	2.00977389e+05
0.00442845      	2.01416866e+05
0.00442904      	2.01854628e+05
0.00442964      	2.02291008e+05
0.00443023      	2.02724451e+05
0.00443082      	2.03157174e+05
0.00443142      	2.03587492e+05
0.00443201      	2.04015491e+05
0.00443261      	2.04441113e+05
0.0044332       	2.04864294e+05
0.00443379      	2.05283676e+05
0.00443438      	2.05701103e+05
0.00443497      	2.06115032e+05
0.00443557      	2.06525522e+05
0.00443616      	2.06932587e+05
0.00443675      	2.07336223e+05
0.00443734      	2.07735177e+05
0.00443793      	2.08131412e+05
0.00443852      	2.08523166e+05
0.00443911      	2.08910664e+05
0.00443969      	2.09294007e+05
0.00444028      	2.09673136e+05
0.00444087      	2.10047035e+05
0.00444146      	2.10417398e+05
0.00444205      	2.10782825e+05
0.00444263      	2.11143672e+05
0.00444322      	2.11503247e+05
0.00444381      	2.11855298e+05
0.00444439      	2.12203539e+05
0.00444498      	2.12546583e+05
0.00444556      	2.12884763e+05
0.00444615      	2.13218121e+05
0.00444673      	2.13545671e+05
0.00444731      	2.13869392e+05
0.00444789      	2.14187717e+05
0.00444848      	2.14500926e+05
0.00444906      	2.14809064e+05
0.00444964      	2.15111085e+05
0.00445022      	2.15409083e+05
0.0044508       	2.15701419e+05
0.00445138      	2.15988362e+05
0.00445196      	2.16269081e+05
0.00445254      	2.16545681e+05
0.00445312      	2.16816657e+05
0.00445369      	2.17082152e+05
0.00445427      	2.17342373e+05
0.00445485      	2.17596313e+05
0.00445542      	2.17846353e+05
0.004456        	2.18090654e+05
0.00445658      	2.18329508e+05
0.00445715      	2.18561884e+05
0.00445772      	2.18790457e+05
0.0044583       	2.19013341e+05
0.00445887      	2.19230851e+05
0.00445945      	2.19443040e+05
0.00446002      	2.19648672e+05
0.00446059      	2.19850675e+05
0.00446116      	2.20046820e+05
0.00446173      	2.20237577e+05
0.0044623       	2.20422905e+05
0.00446287      	2.20601677e+05
0.00446344      	2.20777278e+05
0.00446401      	2.20946936e+05
0.00446458      	2.21111237e+05
0.00446515      	2.21270324e+05
0.00446571      	2.21422559e+05
0.00446628      	2.21572048e+05
0.00446685      	2.21715820e+05
0.00446741      	2.21854168e+05
0.00446798      	2.21987414e+05
0.00446855      	2.22115699e+05
0.00446911      	2.22237254e+05
0.00446968      	2.22356355e+05
0.00447024      	2.22470269e+05
0.0044708       	2.22578927e+05
0.00447137      	2.22682920e+05
0.00447193      	2.22782289e+05
0.0044725       	2.22877016e+05
0.00447306      	2.22965494e+05
0.00447362      	2.23052597e+05
0.00447418      	2.23134646e+05
0.00447474      	2.23212348e+05
0.0044753       	2.23285827e+05
0.00447587      	2.23355002e+05
0.00447643      	2.23420485e+05
0.00447699      	2.23482124e+05
0.00447755      	2.23539870e+05
0.00447811      	2.23593917e+05
0.00447867      	2.23644434e+05
0.00447924      	2.23690795e+05
0.0044798       	2.23730552e+05
0.00448036      	2.23772317e+05
0.00448092      	2.23809885e+05
0.00448148      	2.23843769e+05
0.00448204      	2.23874235e+05
0.00448261      	2.23901224e+05
0.00448317      	2.23924885e+05
0.00448373      	2.23945431e+05
0.00448429      	2.23962802e+05
0.00448485      	2.23977121e+05
0.00448541      	2.23988589e+05
0.00448598      	2.23997110e+05
0.00448654      	2.24002810e+05
0.0044871       	2.24005938e+05
0.00448766      	2.24006336e+05
0.00448822      	2.24004209e+05
0.00448878      	2.23999699e+05
0.00448935      	2.23992732e+05
0.00448991      	2.23983405e+05
0.00449047      	2.23971944e+05
0.00449103      	2.23957608e+05
0.00449159      	2.23942333e+05
0.00449216      	2.23925078e+05
0.00449272      	2.23905859e+05
0.00449328      	2.23885091e+05
0.00449384      	2.23862644e+05
0.0044944       	2.23838466e+05
0.00449496      	2.23812997e+05
0.00449553      	2.23786129e+05
0.00449609      	2.23757944e+05
0.00449665      	2.23728561e+05
0.00449721      	2.23698094e+05
0.00449777      	2.23666505e+05
0.00449833      	2.23634111e+05
0.0044989       	2.23600795e+05
0.00449946      	2.23566735e+05
0.00450002      	2.23531875e+05
0.00450058      	2.23495787e+05
0.00450114      	2.23456404e+05
0.0045017       	2.23416401e+05
0.00450227      	2.23376419e+05
0.00450283      	2.23336738e+05
0.00450339      	2.23297447e+05
0.00450395      	2.23258537e+05
0.00450451      	2.23219409e+05
0.00450507      	2.23180925e+05
0.00450564      	2.23143110e+05
0.0045062       	2.23106045e+05
0.00450676      	2.23069909e+05
0.00450732      	2.23034616e+05
0.00450788      	2.23000029e+05
0.00450844      	2.22966898e+05
0.00450901      	2.22934267e+05
0.00450957      	2.22903112e+05
0.00451013      	2.22873331e+05
0.00451069      	2.22844484e+05
0.00451125      	2.22817036e+05
0.00451181      	2.22790797e+05
0.00451238      	2.22765681e+05
0.00451294      	2.22741833e+05
0.0045135       	2.22719290e+05
0.00451406      	2.22691871e+05
0.00451462      	2.22674144e+05
0.00451517      	2.22656709e+05
0.00451573      	2.22640253e+05
0.00451629      	2.22624850e+05
0.00451685      	2.22610842e+05
0.00451741      	2.22598369e+05
0.00451796      	2.22587411e+05
0.00451852      	2.22578232e+05
0.00451908      	2.22570840e+05
0.00451964      	2.22565232e+05
0.0045202       	2.22561506e+05
0.00452075      	2.22559680e+05
0.00452131      	2.22559824e+05
0.00452187      	2.22561964e+05
0.00452243      	2.22566083e+05
0.00452299      	2.22572364e+05
0.00452354      	2.22580683e+05
0.0045241       	2.22591202e+05
0.00452466      	2.22595595e+05
0.00452521      	2.22612736e+05
0.00452576      	2.22630936e+05
0.00452632      	2.22650734e+05
0.00452687      	2.22672530e+05
0.00452743      	2.22696416e+05
0.00452798      	2.22722628e+05
0.00452853      	2.22751228e+05
0.00452909      	2.22782203e+05
0.00452964      	2.22815725e+05
0.0045302       	2.22851736e+05
0.00453075      	2.22890370e+05
0.0045313       	2.22931599e+05
0.00453186      	2.22975433e+05
0.00453241      	2.23021936e+05
0.00453297      	2.23071131e+05
0.00453352      	2.23122992e+05
0.00453407      	2.23177547e+05
0.00453463      	2.23234997e+05
0.00453518      	2.23295006e+05
0.00453574      	2.23357955e+05
0.00453629      	2.23423756e+05
0.00453684      	2.23491928e+05
0.0045374       	2.23563127e+05
0.00453795      	2.23637064e+05
0.00453851      	2.23725902e+05
0.00453907      	2.23802648e+05
0.00453963      	2.23883645e+05
0.00454019      	2.23967623e+05
0.00454075      	2.24054764e+05
0.00454131      	2.24144607e+05
0.00454187      	2.24236673e+05
0.00454242      	2.24331265e+05
0.00454298      	2.24428287e+05
0.00454354      	2.24527302e+05
0.0045441       	2.24628645e+05
0.00454466      	2.24732151e+05
0.00454522      	2.24837643e+05
0.00454578      	2.24945173e+05
0.00454634      	2.25054750e+05
0.0045469       	2.25166090e+05
0.00454746      	2.25279421e+05
0.00454801      	2.25394569e+05
0.00454857      	2.25511334e+05
0.00454913      	2.25629810e+05
0.00454969      	2.25749881e+05
0.00455026      	2.25888423e+05
0.00455082      	2.26008852e+05
0.00455139      	2.26132605e+05
0.00455195      	2.26258759e+05
0.00455252      	2.26386557e+05
0.00455308      	2.26515769e+05
0.00455365      	2.26646110e+05
0.00455421      	2.26777495e+05
0.00455478      	2.26909534e+05
0.00455534      	2.27042790e+05
0.00455591      	2.27176545e+05
0.00455647      	2.27310913e+05
0.00455704      	2.27445846e+05
0.00455761      	2.27581206e+05
0.00455817      	2.27716894e+05
0.00455874      	2.27852769e+05
0.0045593       	2.27988798e+05
0.00455987      	2.28124844e+05
0.00456043      	2.28260745e+05
0.004561        	2.28396241e+05
0.00456156      	2.28531328e+05
0.00456213      	2.28665899e+05
0.00456269      	2.28799822e+05
0.00456326      	2.28931958e+05
0.00456382      	2.29052168e+05
0.00456439      	2.29184480e+05
0.00456495      	2.29314153e+05
0.00456552      	2.29441545e+05
0.00456608      	2.29566800e+05
0.00456665      	2.29689999e+05
0.00456721      	2.29810963e+05
0.00456778      	2.29929633e+05
0.00456835      	2.30045837e+05
0.00456891      	2.30159467e+05
0.00456948      	2.30270297e+05
0.00457004      	2.30378219e+05
0.00457061      	2.30483153e+05
0.00457117      	2.30584894e+05
0.00457174      	2.30683272e+05
0.0045723       	2.30778258e+05
0.00457287      	2.30869559e+05
0.00457343      	2.30956906e+05
0.004574        	2.31039682e+05
0.00457456      	2.31117804e+05
0.00457513      	2.31191156e+05
0.00457569      	2.31259827e+05
0.00457626      	2.31323650e+05
0.00457682      	2.31382752e+05
0.00457739      	2.31437001e+05
0.00457795      	2.31486333e+05
0.00457852      	2.31530516e+05
0.00457909      	2.31569859e+05
0.00457965      	2.31604069e+05
0.00458022      	2.31633255e+05
0.00458078      	2.31657210e+05
0.00458135      	2.31675858e+05
0.00458191      	2.31689182e+05
0.00458248      	2.31696998e+05
0.00458304      	2.31699372e+05
0.00458361      	2.31696131e+05
0.00458417      	2.31687330e+05
0.00458474      	2.31672793e+05
0.0045853       	2.31652430e+05
0.00458587      	2.31626291e+05
0.00458643      	2.31594140e+05
0.004587        	2.31555992e+05
0.00458756      	2.31511773e+05
0.00458813      	2.31461281e+05
0.00458869      	2.31404571e+05
0.00458926      	2.31341519e+05
0.00458983      	2.31272001e+05
0.00459039      	2.31196051e+05
0.00459096      	2.31113259e+05
0.00459152      	2.31024392e+05
0.00459209      	2.30928548e+05
0.00459265      	2.30826070e+05
0.00459322      	2.30716807e+05
0.00459378      	2.30600934e+05
0.00459435      	2.30478122e+05
0.00459491      	2.30348562e+05
0.00459548      	2.30212276e+05
0.00459604      	2.30069181e+05
0.00459661      	2.29919402e+05
0.00459717      	2.29762973e+05
0.00459774      	2.29599789e+05
0.0045983       	2.29430093e+05
0.00459887      	2.29253823e+05
0.00459943      	2.29071044e+05
0.0046          	2.28881760e+05
0.00460058      	2.28709367e+05
0.00460115      	2.28499356e+05
0.00460173      	2.28281317e+05
0.00460231      	2.28058979e+05
0.00460289      	2.27834570e+05
0.00460347      	2.27598952e+05
0.00460405      	2.27357623e+05
0.00460463      	2.27113597e+05
0.00460521      	2.26857884e+05
0.00460579      	2.26596282e+05
0.00460638      	2.26331974e+05
0.00460696      	2.26055754e+05
0.00460754      	2.25773634e+05
0.00460813      	2.25485247e+05
0.00460871      	2.25193788e+05
0.0046093       	2.24890188e+05
0.00460988      	2.24580131e+05
0.00461047      	2.24266360e+05
0.00461106      	2.23940541e+05
0.00461164      	2.23608837e+05
0.00461223      	2.23274251e+05
0.00461282      	2.22927884e+05
0.00461341      	2.22575548e+05
0.004614        	2.22219963e+05
0.00461459      	2.21852215e+05
0.00461518      	2.21478377e+05
0.00461577      	2.21098064e+05
0.00461636      	2.20714061e+05
0.00461695      	2.20317672e+05
0.00461755      	2.19915384e+05
0.00461814      	2.19505782e+05
0.00461873      	2.19092436e+05
0.00461933      	2.18669301e+05
0.00461992      	2.18239974e+05
0.00462052      	2.17804161e+05
0.00462111      	2.17361955e+05
0.00462171      	2.16913304e+05
0.0046223       	2.16460829e+05
0.0046229       	2.15996486e+05
0.00462349      	2.15526782e+05
0.00462409      	2.15051098e+05
0.00462469      	2.14569401e+05
0.00462528      	2.14081667e+05
0.00462588      	2.13590674e+05
0.00462648      	2.13088132e+05
0.00462708      	2.12580603e+05
0.00462768      	2.12067732e+05
0.00462827      	2.11549462e+05
0.00462887      	2.11025847e+05
0.00462947      	2.10497137e+05
0.00463007      	2.09966169e+05
0.00463067      	2.09424520e+05
0.00463127      	2.08878847e+05
0.00463187      	2.08328955e+05
0.00463247      	2.07775218e+05
0.00463307      	2.07217408e+05
0.00463367      	2.06655887e+05
0.00463428      	2.06090835e+05
0.00463488      	2.05522454e+05
0.00463548      	2.04951038e+05
0.00463608      	2.04380298e+05
0.00463668      	2.03800246e+05
0.00463728      	2.03218592e+05
0.00463789      	2.02635340e+05
0.00463849      	2.02050103e+05
0.00463909      	2.01463305e+05
0.00463969      	2.00875689e+05
0.0046403       	2.00287273e+05
0.0046409       	1.99698372e+05
0.0046415       	1.99109477e+05
0.00464211      	1.98520611e+05
0.00464271      	1.97936831e+05
0.00464332      	1.97345069e+05
0.00464392      	1.96755257e+05
0.00464453      	1.96167323e+05
0.00464513      	1.95581228e+05
0.00464574      	1.94997026e+05
0.00464634      	1.94412111e+05
0.00464694      	1.93830780e+05
0.00464755      	1.93258110e+05
0.00464816      	1.92679122e+05
0.00464877      	1.92104365e+05
0.00464937      	1.91533776e+05
0.00464998      	1.90967454e+05
0.00465059      	1.90405541e+05
0.0046512       	1.89848350e+05
0.00465181      	1.89303048e+05
0.00465242      	1.88752363e+05
0.00465303      	1.88208105e+05
0.00465364      	1.87670063e+05
0.00465425      	1.87145582e+05
0.00465486      	1.86616589e+05
0.00465547      	1.86095144e+05
0.00465609      	1.85552926e+05
0.0046567       	1.85004027e+05
0.00465732      	1.84449023e+05
0.00465793      	1.83907205e+05
0.00465855      	1.83378485e+05
0.00465916      	1.82870411e+05
0.00465978      	1.82362509e+05
0.0046604       	1.81866700e+05
0.00466102      	1.81391693e+05
0.00466164      	1.80915202e+05
0.00466226      	1.80450958e+05
0.00466288      	1.80007969e+05
0.00466351      	1.79563277e+05
0.00466413      	1.79131334e+05
0.00466475      	1.78712002e+05
0.00466538      	1.78322081e+05
0.00466601      	1.77918690e+05
0.00466663      	1.77531848e+05
0.00466726      	1.77168255e+05
0.00466789      	1.76803346e+05
0.00466852      	1.76452647e+05
0.00466915      	1.76126438e+05
0.00466978      	1.75799942e+05
0.00467042      	1.75488496e+05
0.00467105      	1.75191588e+05
0.00467168      	1.74920233e+05
0.00467232      	1.74649092e+05
0.00467295      	1.74393560e+05
0.00467359      	1.74164605e+05
0.00467423      	1.73936502e+05
0.00467487      	1.73724679e+05
0.00467551      	1.73539830e+05
0.00467615      	1.73356684e+05
0.00467679      	1.73190006e+05
0.00467744      	1.73040032e+05
0.00467808      	1.72917509e+05
0.00467873      	1.72796870e+05
0.00467937      	1.72693462e+05
0.00468002      	1.72607242e+05
0.00468066      	1.72548778e+05
0.00468131      	1.72493120e+05
0.00468196      	1.72455036e+05
0.00468261      	1.72445411e+05
0.00468327      	1.72439666e+05
0.00468392      	1.72452071e+05
0.00468457      	1.72481915e+05
0.00468522      	1.72529066e+05
0.00468588      	1.72604227e+05
0.00468653      	1.72683664e+05
0.00468719      	1.72781571e+05
0.00468785      	1.72897219e+05
0.00468851      	1.73040808e+05
0.00468916      	1.73189732e+05
0.00468982      	1.73357171e+05
0.00469048      	1.73542483e+05
0.00469114      	1.73745359e+05
0.00469181      	1.73975634e+05
0.00469247      	1.74212085e+05
0.00469314      	1.74467092e+05
0.0046938       	1.74739857e+05
0.00469446      	1.75030187e+05
0.00469513      	1.75337550e+05
0.00469579      	1.75671441e+05
0.00469646      	1.76012567e+05
0.00469713      	1.76371786e+05
0.0046978       	1.76748383e+05
0.00469847      	1.77142002e+05
0.00469913      	1.77552157e+05
0.0046998       	1.77978800e+05
0.00470047      	1.78430208e+05
0.00470115      	1.78889614e+05
0.00470182      	1.79366406e+05
0.00470249      	1.79859684e+05
0.00470316      	1.80368608e+05
0.00470384      	1.80892435e+05
0.00470451      	1.81431203e+05
0.00470518      	1.81984275e+05
0.00470585      	1.82551277e+05
0.00470653      	1.83131858e+05
0.0047072       	1.83725414e+05
0.00470788      	1.84338753e+05
0.00470855      	1.84959557e+05
0.00470923      	1.85593713e+05
0.00470991      	1.86240532e+05
0.00471059      	1.86887457e+05
0.00471126      	1.87558425e+05
0.00471194      	1.88239572e+05
0.00471262      	1.88929947e+05
0.0047133       	1.89628893e+05
0.00471397      	1.90337189e+05
0.00471465      	1.91053740e+05
0.00471533      	1.91778206e+05
0.00471601      	1.92510332e+05
0.00471669      	1.93255841e+05
0.00471737      	1.94004873e+05
0.00471805      	1.94762524e+05
0.00471874      	1.95526349e+05
0.00471942      	1.96295619e+05
0.0047201       	1.97069559e+05
0.00472079      	1.97848578e+05
0.00472147      	1.98630958e+05
0.00472215      	1.99416564e+05
0.00472283      	2.00205218e+05
0.00472352      	2.00995937e+05
0.0047242       	2.01788473e+05
0.00472488      	2.02582702e+05
0.00472557      	2.03384302e+05
0.00472626      	2.04184329e+05
0.00472695      	2.04986075e+05
0.00472764      	2.05788133e+05
0.00472833      	2.06589719e+05
0.00472902      	2.07390212e+05
0.00472971      	2.08189132e+05
0.0047304       	2.08986033e+05
0.00473109      	2.09780568e+05
0.00473177      	2.10572296e+05
0.00473246      	2.11360880e+05
0.00473315      	2.12146080e+05
0.00473385      	2.12936365e+05
0.00473455      	2.13719318e+05
0.00473524      	2.14500788e+05
0.00473594      	2.15279817e+05
0.00473663      	2.16055965e+05
0.00473733      	2.16828773e+05
0.00473803      	2.17602848e+05
0.00473872      	2.18372145e+05
0.00473942      	2.19136982e+05
0.00474012      	2.19898012e+05
0.00474081      	2.20655003e+05
0.00474151      	2.21406988e+05
0.00474221      	2.22165831e+05
0.00474292      	2.22913126e+05
0.00474362      	2.23656816e+05
0.00474433      	2.24395547e+05
0.00474503      	2.25128596e+05
0.00474574      	2.25855106e+05
0.00474644      	2.26574828e+05
0.00474715      	2.27287286e+05
0.00474785      	2.27992035e+05
0.00474856      	2.28688830e+05
0.00474926      	2.29377181e+05
0.00474998      	2.30069356e+05
0.00475069      	2.30744719e+05
0.0047514       	2.31412646e+05
0.00475212      	2.32071462e+05
0.00475283      	2.32720152e+05
0.00475355      	2.33358060e+05
0.00475426      	2.33984596e+05
0.00475498      	2.34599344e+05
0.00475569      	2.35201826e+05
0.00475641      	2.35791414e+05
0.00475712      	2.36368369e+05
0.00475784      	2.36931803e+05
0.00475856      	2.37493850e+05
0.00475929      	2.38033033e+05
0.00476002      	2.38560222e+05
0.00476074      	2.39074394e+05
0.00476147      	2.39572850e+05
0.0047622       	2.40055753e+05
0.00476292      	2.40522699e+05
0.00476365      	2.40973094e+05
0.00476438      	2.41406487e+05
0.00476511      	2.41823416e+05
0.00476583      	2.42222890e+05
0.00476656      	2.42604896e+05
0.00476729      	2.42969337e+05
0.00476801      	2.43315836e+05
0.00476874      	2.43644251e+05
0.00476948      	2.43967266e+05
0.00477023      	2.44258825e+05
0.00477097      	2.44535475e+05
0.00477172      	2.44794622e+05
0.00477246      	2.45034987e+05
0.00477321      	2.45256077e+05
0.00477395      	2.45457715e+05
0.00477469      	2.45639662e+05
0.00477544      	2.45801943e+05
0.00477618      	2.45944495e+05
0.00477693      	2.46067374e+05
0.00477767      	2.46170514e+05
0.00477842      	2.46254059e+05
0.00477916      	2.46315852e+05
0.0047799       	2.46354157e+05
0.00478065      	2.46369025e+05
0.00478139      	2.46361235e+05
0.00478214      	2.46331672e+05
0.00478288      	2.46280867e+05
0.00478363      	2.46209460e+05
0.00478437      	2.46118025e+05
0.00478511      	2.46007171e+05
0.00478586      	2.45877256e+05
0.0047866       	2.45728758e+05
0.00478735      	2.45562180e+05
0.00478809      	2.45377866e+05
0.00478884      	2.45176176e+05
0.00478958      	2.44957636e+05
0.00479032      	2.44722530e+05
0.00479107      	2.44471315e+05
0.00479181      	2.44204408e+05
0.00479256      	2.43922146e+05
0.0047933       	2.43623697e+05
0.00479405      	2.43307759e+05
0.00479479      	2.42978976e+05
0.00479553      	2.42637772e+05
0.00479628      	2.42283272e+05
0.00479702      	2.41915462e+05
0.00479777      	2.41533255e+05
0.00479851      	2.41139985e+05
0.00479926      	2.40734712e+05
0.0048          	2.40317408e+05
0.00480078      	2.39933389e+05
0.00480156      	2.39458688e+05
0.00480233      	2.38980660e+05
0.00480311      	2.38494572e+05
0.00480389      	2.37998648e+05
0.00480467      	2.37492431e+05
0.00480545      	2.36975831e+05
0.00480623      	2.36452476e+05
0.00480701      	2.35908066e+05
0.00480779      	2.35354683e+05
0.00480857      	2.34792834e+05
0.00480935      	2.34222318e+05
0.00481014      	2.33644532e+05
0.00481092      	2.33059543e+05
0.0048117       	2.32466991e+05
0.00481248      	2.31867388e+05
0.00481326      	2.31259782e+05
0.00481404      	2.30624281e+05
0.00481482      	2.29990308e+05
0.0048156       	2.29351403e+05
0.00481639      	2.28708775e+05
0.00481717      	2.28063453e+05
0.00481795      	2.27415306e+05
0.00481873      	2.26764184e+05
0.00481951      	2.26110666e+05
0.00482029      	2.25455120e+05
0.00482107      	2.24797239e+05
0.00482186      	2.24137980e+05
0.00482264      	2.23477634e+05
0.00482342      	2.22816056e+05
0.0048242       	2.22154489e+05
0.00482498      	2.21493067e+05
0.00482576      	2.20832118e+05
0.00482654      	2.20172391e+05
0.00482732      	2.19514233e+05
0.0048281       	2.18853133e+05
0.00482888      	2.18203934e+05
0.00482966      	2.17556959e+05
0.00483044      	2.16912570e+05
0.00483121      	2.16272241e+05
0.00483199      	2.15636132e+05
0.00483277      	2.15004627e+05
0.00483355      	2.14378376e+05
0.00483433      	2.13758031e+05
0.0048351       	2.13143620e+05
0.00483588      	2.12535981e+05
0.00483666      	2.11935672e+05
0.00483743      	2.11336768e+05
0.00483821      	2.10756697e+05
0.00483898      	2.10183821e+05
0.00483976      	2.09619254e+05
0.00484053      	2.09063863e+05
0.0048413       	2.08517984e+05
0.00484208      	2.07982148e+05
0.00484285      	2.07456613e+05
0.00484363      	2.06941970e+05
0.0048444       	2.06438460e+05
0.00484517      	2.05946204e+05
0.00484595      	2.05466012e+05
0.00484672      	2.04997890e+05
0.0048475       	2.04542046e+05
0.00484827      	2.04098803e+05
0.00484904      	2.03668859e+05
0.00484982      	2.03251932e+05
0.00485059      	2.02848497e+05
0.00485137      	2.02458790e+05
0.00485214      	2.02082979e+05
0.00485292      	2.01721226e+05
0.00485369      	2.01373824e+05
0.00485446      	2.01040808e+05
0.00485524      	2.00721757e+05
0.00485601      	2.00416582e+05
0.00485679      	2.00125472e+05
0.00485756      	1.99848755e+05
0.00485833      	1.99586368e+05
0.00485911      	1.99297803e+05
0.00485988      	1.98998951e+05
0.00486066      	1.98716122e+05
0.00486143      	1.98453975e+05
0.0048622       	1.98214734e+05
0.00486298      	1.97996260e+05
0.00486375      	1.97797804e+05
0.00486453      	1.97626997e+05
0.00486531      	1.97463528e+05
0.00486609      	1.97326904e+05
0.00486687      	1.97193447e+05
0.00486765      	1.97084968e+05
0.00486842      	1.96994711e+05
0.0048692       	1.96920975e+05
0.00486998      	1.96863541e+05
0.00487076      	1.96822616e+05
0.00487154      	1.96798310e+05
0.00487232      	1.96790729e+05
0.0048731       	1.96799503e+05
0.00487387      	1.96824413e+05
0.00487466      	1.96874126e+05
0.00487544      	1.96928213e+05
0.00487622      	1.96999018e+05
0.00487701      	1.97085047e+05
0.00487779      	1.97186045e+05
0.00487857      	1.97301804e+05
0.00487936      	1.97431319e+05
0.00488014      	1.97574527e+05
0.00488092      	1.97731119e+05
0.00488171      	1.97900308e+05
0.00488249      	1.98082156e+05
0.00488328      	1.98276410e+05
0.00488406      	1.98482123e+05
0.00488484      	1.98699618e+05
0.00488563      	1.98928456e+05
0.00488641      	1.99167851e+05
0.00488719      	1.99417903e+05
0.00488798      	1.99678197e+05
0.00488876      	1.99948137e+05
0.00488954      	2.00227654e+05
0.00489033      	2.00516078e+05
0.00489111      	2.00813109e+05
0.00489189      	2.01118677e+05
0.00489268      	2.01432581e+05
0.00489346      	2.01754110e+05
0.00489424      	2.02082946e+05
0.00489503      	2.02416021e+05
0.00489581      	2.02742982e+05
0.00489659      	2.03096516e+05
0.00489738      	2.03452945e+05
0.00489816      	2.03813038e+05
0.00489894      	2.04177204e+05
0.00489973      	2.04545398e+05
0.00490051      	2.04917384e+05
0.00490129      	2.05292991e+05
0.00490208      	2.05671871e+05
0.00490286      	2.06053611e+05
0.00490364      	2.06437914e+05
0.00490443      	2.06824402e+05
0.00490521      	2.07212558e+05
0.00490599      	2.07602073e+05
0.00490678      	2.07992529e+05
0.00490756      	2.08383374e+05
0.00490834      	2.08774340e+05
0.00490913      	2.09165027e+05
0.0049099       	2.09547387e+05
0.00491068      	2.09935942e+05
0.00491146      	2.10321399e+05
0.00491223      	2.10704408e+05
0.00491301      	2.11085049e+05
0.00491379      	2.11463170e+05
0.00491456      	2.11838496e+05
0.00491534      	2.12210835e+05
0.00491611      	2.12572514e+05
0.00491688      	2.12937621e+05
0.00491765      	2.13297135e+05
0.00491842      	2.13651865e+05
0.00491919      	2.14001754e+05
0.00491996      	2.14346959e+05
0.00492073      	2.14687324e+05
0.00492149      	2.15015129e+05
0.00492225      	2.15344977e+05
0.00492301      	2.15667477e+05
0.00492378      	2.15983362e+05
0.00492454      	2.16293034e+05
0.0049253       	2.16596541e+05
0.00492606      	2.16893554e+05
0.00492683      	2.17184149e+05
0.00492759      	2.17468145e+05
0.00492834      	2.17737705e+05
0.0049291       	2.18008405e+05
0.00492985      	2.18270115e+05
0.00493061      	2.18523474e+05
0.00493136      	2.18769183e+05
0.00493211      	2.19007344e+05
0.00493287      	2.19237454e+05
0.00493362      	2.19459833e+05
0.00493437      	2.19666961e+05
0.00493511      	2.19874712e+05
0.00493586      	2.20072418e+05
0.00493661      	2.20261486e+05
0.00493735      	2.20441656e+05
0.0049381       	2.20613827e+05
0.00493884      	2.20777978e+05
0.00493959      	2.20933648e+05
0.00494033      	2.21081363e+05
0.00494107      	2.21212927e+05
0.00494181      	2.21346463e+05
0.00494254      	2.21469861e+05
0.00494328      	2.21584204e+05
0.00494402      	2.21689810e+05
0.00494475      	2.21787573e+05
0.00494549      	2.21877252e+05
0.00494623      	2.21958900e+05
0.00494696      	2.22032668e+05
0.0049477       	2.22098603e+05
0.00494844      	2.22156678e+05
0.00494916      	2.22198018e+05
0.00494989      	2.22244696e+05
0.00495062      	2.22281124e+05
0.00495134      	2.22309014e+05
0.00495207      	2.22329101e+05
0.00495279      	2.22341745e+05
0.00495352      	2.22347197e+05
0.00495425      	2.22345680e+05
0.00495497      	2.22337241e+05
0.0049557       	2.22321970e+05
0.00495643      	2.22299915e+05
0.00495714      	2.22260826e+05
0.00495785      	2.22231922e+05
0.00495857      	2.22193651e+05
0.00495928      	2.22147968e+05
0.00496         	2.22095797e+05
0.00496071      	2.22037592e+05
0.00496143      	2.21973598e+05
0.00496214      	2.21904117e+05
0.00496285      	2.21829243e+05
0.00496357      	2.21749088e+05
0.00496428      	2.21663897e+05
0.004965        	2.21573713e+05
0.0049657       	2.21464881e+05
0.0049664       	2.21373742e+05
0.0049671       	2.21274780e+05
0.0049678       	2.21169528e+05
0.0049685       	2.21059654e+05
0.0049692       	2.20945518e+05
0.0049699       	2.20827060e+05
0.0049706       	2.20704696e+05
0.0049713       	2.20578706e+05
0.004972        	2.20449442e+05
0.0049727       	2.20317091e+05
0.0049734       	2.20181938e+05
0.0049741       	2.20044073e+05
0.0049748       	2.19903768e+05
0.0049755       	2.19761178e+05
0.0049762       	2.19616535e+05
0.0049769       	2.19470104e+05
0.0049776       	2.19322021e+05
0.0049783       	2.19172463e+05
0.004979        	2.19021644e+05
0.0049797       	2.18869871e+05
0.0049804       	2.18717194e+05
0.0049811       	2.18563931e+05
0.0049818       	2.18410144e+05
0.0049825       	2.18256058e+05
0.0049832       	2.18101813e+05
0.0049839       	2.17947609e+05
0.0049846       	2.17793677e+05
0.0049853       	2.17640010e+05
0.004986        	2.17486965e+05
0.0049867       	2.17334681e+05
0.0049874       	2.17183089e+05
0.0049881       	2.17031877e+05
0.0049888       	2.16882232e+05
0.0049895       	2.16733774e+05
0.0049902       	2.16587133e+05
0.0049909       	2.16442531e+05
0.0049916       	2.16299264e+05
0.0049923       	2.16158616e+05
0.004993        	2.16020038e+05
0.0049937       	2.15883514e+05
0.0049944       	2.15749570e+05
0.0049951       	2.15618380e+05
0.0049958       	2.15489666e+05
0.0049965       	2.15363962e+05
0.0049972       	2.15241415e+05
0.0049979       	2.15121763e+05
0.0049986       	2.15005522e+05
0.0049993       	2.14892809e+05
0.005           	2.14783373e+05
0.00500069      	2.14659257e+05
0.00500137      	2.14565655e+05
0.00500206      	2.14471969e+05
0.00500275      	2.14380646e+05
0.00500344      	2.14292632e+05
0.00500412      	2.14208147e+05
0.00500481      	2.14127757e+05
0.0050055       	2.14047971e+05
0.00500618      	2.13977421e+05
0.00500687      	2.13910613e+05
0.00500755      	2.13848023e+05
0.00500824      	2.13789640e+05
0.00500892      	2.13735842e+05
0.00500961      	2.13686715e+05
0.00501029      	2.13638279e+05
0.00501097      	2.13599874e+05
0.00501165      	2.13565600e+05
0.00501233      	2.13535598e+05
0.00501302      	2.13510281e+05
0.0050137       	2.13489761e+05
0.00501438      	2.13473834e+05
0.00501506      	2.13458776e+05
0.00501574      	2.13453857e+05
0.00501642      	2.13452794e+05
0.0050171       	2.13456249e+05
0.00501778      	2.13464388e+05
0.00501846      	2.13476987e+05
0.00501914      	2.13490227e+05
0.00501982      	2.13513588e+05
0.00502049      	2.13540638e+05
0.00502117      	2.13572062e+05
0.00502185      	2.13608039e+05
0.00502252      	2.13644070e+05
0.0050232       	2.13690090e+05
0.00502387      	2.13739944e+05
0.00502455      	2.13793595e+05
0.00502522      	2.13851581e+05
0.0050259       	2.13914099e+05
0.00502657      	2.13975951e+05
0.00502724      	2.14048140e+05
0.00502791      	2.14123451e+05
0.00502859      	2.14202398e+05
0.00502926      	2.14285292e+05
0.00502993      	2.14367808e+05
0.0050306       	2.14459325e+05
0.00503127      	2.14553714e+05
0.00503194      	2.14652171e+05
0.00503261      	2.14753635e+05
0.00503327      	2.14854196e+05
0.00503394      	2.14963239e+05
0.00503461      	2.15074159e+05
0.00503527      	2.15188157e+05
0.00503594      	2.15305249e+05
0.00503661      	2.15425348e+05
0.00503727      	2.15548448e+05
0.00503794      	2.15669890e+05
0.0050386       	2.15799635e+05
0.00503927      	2.15931337e+05
0.00503993      	2.16065169e+05
0.0050406       	2.16201303e+05
0.00504126      	2.16335037e+05
0.00504192      	2.16476554e+05
0.00504258      	2.16619303e+05
0.00504324      	2.16763668e+05
0.0050439       	2.16909744e+05
0.00504456      	2.17052685e+05
0.00504522      	2.17202602e+05
0.00504588      	2.17353606e+05
0.00504654      	2.17503618e+05
0.0050472       	2.17651514e+05
0.00504785      	2.17802275e+05
0.00504851      	2.17958721e+05
0.00504916      	2.18114788e+05
0.00504982      	2.18270861e+05
0.00505047      	2.18422373e+05
0.00505113      	2.18579855e+05
0.00505178      	2.18736781e+05
0.00505243      	2.18893505e+05
0.00505308      	2.19045230e+05
0.00505373      	2.19202312e+05
0.00505438      	2.19358789e+05
0.00505503      	2.19514248e+05
0.00505568      	2.19664462e+05
0.00505633      	2.19819679e+05
0.00505697      	2.19973555e+05
0.00505762      	2.20125891e+05
0.00505826      	2.20272280e+05
0.00505891      	2.20423524e+05
0.00505955      	2.20572637e+05
0.0050602       	2.20720135e+05
0.00506084      	2.20861162e+05
0.00506148      	2.21006594e+05
0.00506212      	2.21149179e+05
0.00506276      	2.21289777e+05
0.0050634       	2.21423682e+05
0.00506404      	2.21561065e+05
0.00506468      	2.21695639e+05
0.00506532      	2.21827835e+05
0.00506595      	2.21952334e+05
0.00506659      	2.22080482e+05
0.00506722      	2.22205326e+05
0.00506786      	2.22326856e+05
0.00506849      	2.22445641e+05
0.00506913      	2.22561646e+05
0.00506976      	2.22669642e+05
0.00507039      	2.22780728e+05
0.00507102      	2.22887924e+05
0.00507166      	2.22991305e+05
0.00507229      	2.23091347e+05
0.00507292      	2.23188073e+05
0.00507355      	2.23281100e+05
0.00507418      	2.23365896e+05
0.00507481      	2.23453371e+05
0.00507544      	2.23536048e+05
0.00507607      	2.23614733e+05
0.0050767       	2.23689514e+05
0.00507733      	2.23760146e+05
0.00507796      	2.23826967e+05
0.00507859      	2.23889930e+05
0.00507921      	2.23948650e+05
0.00507984      	2.24003379e+05
0.00508047      	2.24054102e+05
0.0050811       	2.24100430e+05
0.00508173      	2.24142657e+05
0.00508236      	2.24180766e+05
0.00508299      	2.24214235e+05
0.00508362      	2.24248438e+05
0.00508425      	2.24271706e+05
0.00508489      	2.24291292e+05
0.00508552      	2.24306956e+05
0.00508615      	2.24318431e+05
0.00508678      	2.24325201e+05
0.00508742      	2.24327575e+05
0.00508805      	2.24325514e+05
0.00508868      	2.24318554e+05
0.00508931      	2.24307108e+05
0.00508995      	2.24291194e+05
0.00509058      	2.24270334e+05
0.00509121      	2.24244954e+05
0.00509184      	2.24215115e+05
0.00509248      	2.24180296e+05
0.00509311      	2.24140954e+05
0.00509374      	2.24097122e+05
0.00509437      	2.24048230e+05
0.00509501      	2.24000036e+05
0.00509565      	2.23939712e+05
0.00509628      	2.23875407e+05
0.00509692      	2.23807176e+05
0.00509756      	2.23734727e+05
0.00509819      	2.23657386e+05
0.00509883      	2.23575715e+05
0.00509946      	2.23489688e+05
0.0051001       	2.23398831e+05
0.00510074      	2.23303699e+05
0.00510137      	2.23204311e+05
0.00510201      	2.23100297e+05
0.00510265      	2.22992094e+05
0.00510328      	2.22879871e+05
0.00510392      	2.22763203e+05
0.00510455      	2.22642483e+05
0.00510519      	2.22518003e+05
0.00510583      	2.22389281e+05
0.00510646      	2.22256806e+05
0.0051071       	2.22120603e+05
0.00510774      	2.21980517e+05
0.00510837      	2.21836882e+05
0.00510901      	2.21689742e+05
0.00510965      	2.21539054e+05
0.00511028      	2.21385021e+05
0.00511092      	2.21227715e+05
0.00511155      	2.21067143e+05
0.00511219      	2.20903506e+05
0.00511283      	2.20736881e+05
0.00511346      	2.20560764e+05
0.00511409      	2.20392096e+05
0.00511472      	2.20219561e+05
0.00511535      	2.20043621e+05
0.00511599      	2.19865213e+05
0.00511662      	2.19683687e+05
0.00511725      	2.19500358e+05
0.00511788      	2.19314686e+05
0.00511851      	2.19126882e+05
0.00511914      	2.18930019e+05
0.00511977      	2.18742631e+05
0.00512039      	2.18552057e+05
0.00512102      	2.18359213e+05
0.00512165      	2.18164543e+05
0.00512227      	2.17968303e+05
0.0051229       	2.17770767e+05
0.00512353      	2.17571973e+05
0.00512415      	2.17364222e+05
0.00512477      	2.17168015e+05
0.00512539      	2.16969363e+05
0.00512601      	2.16769274e+05
0.00512664      	2.16568336e+05
0.00512726      	2.16366698e+05
0.00512788      	2.16164638e+05
0.0051285       	2.15962302e+05
0.00512912      	2.15751103e+05
0.00512973      	2.15553438e+05
0.00513035      	2.15354217e+05
0.00513097      	2.15154455e+05
0.00513158      	2.14954611e+05
0.0051322       	2.14755039e+05
0.00513282      	2.14556046e+05
0.00513343      	2.14357629e+05
0.00513404      	2.14150347e+05
0.00513465      	2.13958724e+05
0.00513526      	2.13766665e+05
0.00513587      	2.13574817e+05
0.00513649      	2.13384169e+05
0.0051371       	2.13194772e+05
0.00513771      	2.13006855e+05
0.00513832      	2.12820676e+05
0.00513893      	2.12636282e+05
0.00513954      	2.12453821e+05
0.00514015      	2.12272697e+05
0.00514076      	2.12094355e+05
0.00514136      	2.11906661e+05
0.00514197      	2.11738425e+05
0.00514257      	2.11570679e+05
0.00514318      	2.11404520e+05
0.00514378      	2.11240525e+05
0.00514439      	2.11078911e+05
0.00514499      	2.10920146e+05
0.0051456       	2.10764164e+05
0.0051462       	2.10611082e+05
0.00514681      	2.10460878e+05
0.00514741      	2.10314041e+05
0.00514801      	2.10170234e+05
0.00514862      	2.10029782e+05
0.00514922      	2.09892619e+05
0.00514983      	2.09758912e+05
0.00515043      	2.09628683e+05
0.00515104      	2.09501961e+05
0.00515164      	2.09379000e+05
0.00515225      	2.09259720e+05
0.00515285      	2.09144213e+05
0.00515345      	2.09032543e+05
0.00515406      	2.08924770e+05
0.00515466      	2.08821029e+05
0.00515527      	2.08721258e+05
0.00515587      	2.08625629e+05
0.00515648      	2.08534148e+05
0.00515708      	2.08446836e+05
0.00515769      	2.08363804e+05
0.00515829      	2.08285067e+05
0.00515889      	2.08210647e+05
0.0051595       	2.08140635e+05
0.0051601       	2.08075096e+05
0.00516071      	2.08013966e+05
0.00516131      	2.07957366e+05
0.00516192      	2.07905333e+05
0.00516252      	2.07857861e+05
0.00516313      	2.07814940e+05
0.00516374      	2.07794743e+05
0.00516436      	2.07754551e+05
0.00516497      	2.07722272e+05
0.00516558      	2.07696230e+05
0.0051662       	2.07675837e+05
0.00516681      	2.07660528e+05
0.00516743      	2.07650282e+05
0.00516804      	2.07644947e+05
0.00516866      	2.07644486e+05
0.00516927      	2.07648875e+05
0.00516989      	2.07658139e+05
0.0051705       	2.07672187e+05
0.00517112      	2.07691151e+05
0.00517173      	2.07714895e+05
0.00517234      	2.07743396e+05
0.00517296      	2.07776704e+05
0.00517357      	2.07814689e+05
0.00517419      	2.07857463e+05
0.0051748       	2.07904862e+05
0.00517542      	2.07956941e+05
0.00517603      	2.08013602e+05
0.00517665      	2.08074865e+05
0.00517726      	2.08140671e+05
0.00517788      	2.08210877e+05
0.00517849      	2.08285604e+05
0.0051791       	2.08364712e+05
0.00517972      	2.08448159e+05
0.00518033      	2.08535868e+05
0.00518095      	2.08627898e+05
0.00518156      	2.08724145e+05
0.00518218      	2.08823135e+05
0.00518279      	2.08924968e+05
0.00518341      	2.09034161e+05
0.00518402      	2.09146790e+05
0.00518464      	2.09263080e+05
0.00518525      	2.09382984e+05
0.00518587      	2.09506518e+05
0.00518648      	2.09633700e+05
0.00518709      	2.09764346e+05
0.00518771      	2.09898565e+05
0.00518832      	2.10036196e+05
0.00518894      	2.10177141e+05
0.00518955      	2.10321250e+05
0.00519017      	2.10468811e+05
0.00519078      	2.10619317e+05
0.0051914       	2.10773019e+05
0.00519201      	2.10929653e+05
0.00519263      	2.11089159e+05
0.00519324      	2.11251464e+05
0.00519385      	2.11416509e+05
0.00519447      	2.11584178e+05
0.00519508      	2.11754355e+05
0.0051957       	2.11926923e+05
0.00519631      	2.12102026e+05
0.00519693      	2.12279306e+05
0.00519754      	2.12458762e+05
0.00519816      	2.12640254e+05
0.00519877      	2.12823659e+05
0.00519939      	2.13009053e+05
0.0052          	2.13196115e+05
0.00520061      	2.13378199e+05
0.00520122      	2.13569759e+05
0.00520183      	2.13761244e+05
0.00520244      	2.13953409e+05
0.00520305      	2.14146475e+05
0.00520366      	2.14340455e+05
0.00520427      	2.14535444e+05
0.00520488      	2.14728625e+05
0.00520548      	2.14925746e+05
0.00520609      	2.15122902e+05
0.0052067       	2.15320398e+05
0.00520731      	2.15518221e+05
0.00520792      	2.15716295e+05
0.00520852      	2.15914693e+05
0.00520913      	2.16113162e+05
0.00520974      	2.16311679e+05
0.00521035      	2.16510066e+05
0.00521095      	2.16708307e+05
0.00521156      	2.16906212e+05
0.00521217      	2.17103712e+05
0.00521278      	2.17300639e+05
0.00521339      	2.17497057e+05
0.00521399      	2.17692662e+05
0.0052146       	2.17887441e+05
0.00521521      	2.18081199e+05
0.00521582      	2.18274036e+05
0.00521643      	2.18465598e+05
0.00521703      	2.18656043e+05
0.00521764      	2.18845151e+05
0.00521825      	2.19035486e+05
0.00521886      	2.19221026e+05
0.00521947      	2.19405585e+05
0.00522008      	2.19588630e+05
0.00522069      	2.19770008e+05
0.0052213       	2.19952209e+05
0.00522191      	2.20129048e+05
0.00522253      	2.20304436e+05
0.00522314      	2.20477924e+05
0.00522375      	2.20651836e+05
0.00522437      	2.20820148e+05
0.00522498      	2.20986581e+05
0.0052256       	2.21150641e+05
0.00522621      	2.21314862e+05
0.00522683      	2.21472901e+05
0.00522744      	2.21628502e+05
0.00522806      	2.21781598e+05
0.00522868      	2.21931708e+05
0.00522929      	2.22081225e+05
0.00522991      	2.22224072e+05
0.00523053      	2.22364169e+05
0.00523115      	2.22500963e+05
0.00523177      	2.22637080e+05
0.00523239      	2.22765940e+05
0.00523301      	2.22891683e+05
0.00523363      	2.23013841e+05
0.00523425      	2.23132128e+05
0.00523488      	2.23249224e+05
0.0052355       	2.23358518e+05
0.00523612      	2.23464269e+05
0.00523675      	2.23566022e+05
0.00523737      	2.23663479e+05
0.00523799      	2.23756576e+05
0.00523862      	2.23847937e+05
0.00523924      	2.23930944e+05
0.00523987      	2.24009967e+05
0.00524049      	2.24084532e+05
0.00524112      	2.24154538e+05
0.00524175      	2.24219627e+05
0.00524237      	2.24279966e+05
0.005243        	2.24338239e+05
0.00524363      	2.24387444e+05
0.00524426      	2.24432433e+05
0.00524488      	2.24472585e+05
0.00524551      	2.24507785e+05
0.00524614      	2.24537904e+05
0.00524677      	2.24562852e+05
0.0052474       	2.24582614e+05
0.00524802      	2.24597156e+05
0.00524865      	2.24606422e+05
0.00524928      	2.24610444e+05
0.00524991      	2.24609200e+05
0.00525054      	2.24602578e+05
0.00525116      	2.24590736e+05
0.00525179      	2.24573613e+05
0.00525242      	2.24551196e+05
0.00525305      	2.24523497e+05
0.00525368      	2.24490519e+05
0.0052543       	2.24452263e+05
0.00525493      	2.24408771e+05
0.00525556      	2.24360027e+05
0.00525619      	2.24306039e+05
0.00525682      	2.24246869e+05
0.00525744      	2.24182542e+05
0.00525807      	2.24113036e+05
0.0052587       	2.24038396e+05
0.00525933      	2.23958626e+05
0.00525996      	2.23873870e+05
0.00526058      	2.23784057e+05
0.00526121      	2.23689238e+05
0.00526184      	2.23586220e+05
0.00526246      	2.23483627e+05
0.00526309      	2.23375240e+05
0.00526371      	2.23261733e+05
0.00526434      	2.23143334e+05
0.00526496      	2.23020339e+05
0.00526559      	2.22892513e+05
0.00526621      	2.22760278e+05
0.00526684      	2.22623532e+05
0.00526746      	2.22482318e+05
0.00526809      	2.22336829e+05
0.00526871      	2.22183480e+05
0.00526933      	2.22031869e+05
0.00526996      	2.21875257e+05
0.00527058      	2.21714237e+05
0.0052712       	2.21549041e+05
0.00527182      	2.21379677e+05
0.00527244      	2.21206916e+05
0.00527307      	2.21030202e+05
0.00527369      	2.20849836e+05
0.00527431      	2.20665920e+05
0.00527493      	2.20478573e+05
0.00527556      	2.20287875e+05
0.00527618      	2.20093825e+05
0.0052768       	2.19896606e+05
0.00527742      	2.19696256e+05
0.00527804      	2.19492688e+05
0.00527867      	2.19285969e+05
0.00527929      	2.19076197e+05
0.00527991      	2.18863489e+05
0.00528053      	2.18648045e+05
0.00528116      	2.18429939e+05
0.00528178      	2.18209508e+05
0.0052824       	2.17986654e+05
0.00528302      	2.17761611e+05
0.00528364      	2.17534554e+05
0.00528427      	2.17305448e+05
0.00528489      	2.17074527e+05
0.00528551      	2.16841850e+05
0.00528613      	2.16607876e+05
0.00528676      	2.16371967e+05
0.00528738      	2.16135144e+05
0.005288        	2.15896994e+05
0.00528862      	2.15657608e+05
0.00528924      	2.15417228e+05
0.00528987      	2.15175950e+05
0.00529049      	2.14933876e+05
0.00529111      	2.14691074e+05
0.00529174      	2.14452972e+05
0.00529236      	2.14205688e+05
0.00529299      	2.13959131e+05
0.00529361      	2.13712795e+05
0.00529424      	2.13466497e+05
0.00529487      	2.13217851e+05
0.0052955       	2.12973490e+05
0.00529612      	2.12718788e+05
0.00529675      	2.12465857e+05
0.00529738      	2.12213926e+05
0.00529801      	2.11962684e+05
0.00529864      	2.11712065e+05
0.00529927      	2.11462092e+05
0.00529991      	2.11218925e+05
0.00530054      	2.10966578e+05
0.00530117      	2.10716294e+05
0.00530181      	2.10467589e+05
0.00530244      	2.10220113e+05
0.00530307      	2.09973924e+05
0.00530371      	2.09735560e+05
0.00530435      	2.09488103e+05
0.00530499      	2.09243392e+05
0.00530562      	2.09000806e+05
0.00530626      	2.08760183e+05
0.0053069       	2.08521472e+05
0.00530754      	2.08284694e+05
0.00530818      	2.08057084e+05
0.00530882      	2.07820381e+05
0.00530946      	2.07587205e+05
0.00531011      	2.07356949e+05
0.00531075      	2.07129383e+05
0.00531139      	2.06904385e+05
0.00531203      	2.06682129e+05
0.00531267      	2.06462534e+05
0.00531332      	2.06253413e+05
0.00531397      	2.06035316e+05
0.00531461      	2.05821422e+05
0.00531526      	2.05611374e+05
0.00531591      	2.05404812e+05
0.00531656      	2.05201529e+05
0.0053172       	2.05001709e+05
0.00531785      	2.04813711e+05
0.00531851      	2.04616254e+05
0.00531916      	2.04424115e+05
0.00531981      	2.04236162e+05
0.00532046      	2.04052184e+05
0.00532111      	2.03872239e+05
0.00532177      	2.03696196e+05
0.00532242      	2.03524045e+05
0.00532307      	2.03355849e+05
0.00532372      	2.03191679e+05
0.00532437      	2.03031507e+05
0.00532503      	2.02875473e+05
0.00532568      	2.02723588e+05
0.00532634      	2.02585503e+05
0.00532699      	2.02437212e+05
0.00532765      	2.02295509e+05
0.00532831      	2.02158626e+05
0.00532897      	2.02026506e+05
0.00532962      	2.01898894e+05
0.00533028      	2.01775837e+05
0.00533094      	2.01657172e+05
0.0053316       	2.01542933e+05
0.00533225      	2.01433332e+05
0.00533291      	2.01328023e+05
0.00533357      	2.01227315e+05
0.00533423      	2.01131081e+05
0.00533489      	2.01039267e+05
0.00533554      	2.00951985e+05
0.0053362       	2.00869198e+05
0.00533686      	2.00790826e+05
0.00533752      	2.00716951e+05
0.00533817      	2.00647558e+05
0.00533883      	2.00582516e+05
0.00533949      	2.00521938e+05
0.00534015      	2.00465580e+05
0.0053408       	2.00413837e+05
0.00534146      	2.00366319e+05
0.00534212      	2.00323137e+05
0.00534278      	2.00284138e+05
0.00534344      	2.00249410e+05
0.00534409      	2.00218918e+05
0.00534475      	2.00192474e+05
0.00534541      	2.00170182e+05
0.00534607      	2.00152014e+05
0.00534672      	2.00137709e+05
0.00534738      	2.00127354e+05
0.00534804      	2.00121153e+05
0.0053487       	2.00118380e+05
0.00534936      	2.00119647e+05
0.00535001      	2.00124903e+05
0.00535067      	2.00133481e+05
0.00535133      	2.00144590e+05
0.00535199      	2.00158173e+05
0.00535264      	2.00178198e+05
0.0053533       	2.00201305e+05
0.00535396      	2.00227588e+05
0.00535462      	2.00256612e+05
0.00535527      	2.00288919e+05
0.00535593      	2.00324486e+05
0.00535659      	2.00362811e+05
0.00535725      	2.00404218e+05
0.00535791      	2.00448589e+05
0.00535856      	2.00495579e+05
0.00535922      	2.00545404e+05
0.00535988      	2.00597967e+05
0.00536054      	2.00652939e+05
0.00536119      	2.00710502e+05
0.00536185      	2.00770555e+05
0.00536251      	2.00832792e+05
0.00536317      	2.00897367e+05
0.00536383      	2.00964179e+05
0.00536448      	2.01032938e+05
0.00536514      	2.01103776e+05
0.0053658       	2.01176593e+05
0.00536646      	2.01251111e+05
0.00536711      	2.01327447e+05
0.00536777      	2.01405499e+05
0.00536843      	2.01485002e+05
0.00536909      	2.01566059e+05
0.00536974      	2.01648567e+05
0.0053704       	2.01732274e+05
0.00537106      	2.01817269e+05
0.00537172      	2.01903451e+05
0.00537238      	2.01990577e+05
0.00537303      	2.02078726e+05
0.00537369      	2.02167871e+05
0.00537435      	2.02257572e+05
0.00537501      	2.02348085e+05
0.00537566      	2.02439195e+05
0.00537632      	2.02530865e+05
0.00537698      	2.02622980e+05
0.00537766      	2.02740432e+05
0.00537833      	2.02825857e+05
0.00537901      	2.02917090e+05
0.00537969      	2.03010898e+05
0.00538037      	2.03105812e+05
0.00538104      	2.03201079e+05
0.00538172      	2.03296477e+05
0.0053824       	2.03391597e+05
0.00538307      	2.03486444e+05
0.00538375      	2.03580920e+05
0.00538443      	2.03674802e+05
0.0053851       	2.03768132e+05
0.00538578      	2.03860847e+05
0.00538646      	2.03952746e+05
0.00538714      	2.04043886e+05
0.00538781      	2.04134190e+05
0.00538849      	2.04223442e+05
0.00538917      	2.04311716e+05
0.00538984      	2.04398943e+05
0.00539052      	2.04484931e+05
0.0053912       	2.04569740e+05
0.00539188      	2.04653288e+05
0.00539255      	2.04735384e+05
0.00539323      	2.04816106e+05
0.00539391      	2.04895354e+05
0.00539458      	2.04973038e+05
0.00539526      	2.05049142e+05
0.00539594      	2.05123638e+05
0.00539661      	2.05196334e+05
0.00539729      	2.05267324e+05
0.00539797      	2.05336556e+05
0.00539865      	2.05403838e+05
0.00539932      	2.05469278e+05
0.0054          	2.05532829e+05
0.0054007       	2.05615736e+05
0.00540139      	2.05667227e+05
0.00540209      	2.05724748e+05
0.00540279      	2.05778803e+05
0.00540349      	2.05835009e+05
0.0054042       	2.05886147e+05
0.0054049       	2.05935814e+05
0.0054056       	2.05986185e+05
0.00540631      	2.06030739e+05
0.00540701      	2.06073471e+05
0.00540772      	2.06116763e+05
0.00540842      	2.06154082e+05
0.00540913      	2.06189513e+05
0.00540984      	2.06225501e+05
0.00541055      	2.06255432e+05
0.00541126      	2.06283435e+05
0.00541197      	2.06309331e+05
0.00541268      	2.06335677e+05
0.00541339      	2.06355476e+05
0.00541411      	2.06373610e+05
0.00541482      	2.06389677e+05
0.00541553      	2.06405955e+05
0.00541625      	2.06415916e+05
0.00541696      	2.06424322e+05
0.00541768      	2.06430342e+05
0.0054184       	2.06437097e+05
0.00541911      	2.06437544e+05
0.00541983      	2.06436085e+05
0.00542055      	2.06432781e+05
0.00542127      	2.06427542e+05
0.00542199      	2.06422716e+05
0.00542271      	2.06411534e+05
0.00542343      	2.06399231e+05
0.00542415      	2.06384666e+05
0.00542487      	2.06368429e+05
0.00542559      	2.06350443e+05
0.00542631      	2.06330106e+05
0.00542704      	2.06311333e+05
0.00542776      	2.06286232e+05
0.00542848      	2.06259799e+05
0.00542921      	2.06232194e+05
0.00542993      	2.06203263e+05
0.00543065      	2.06172515e+05
0.00543138      	2.06140475e+05
0.0054321       	2.06107177e+05
0.00543283      	2.06075835e+05
0.00543356      	2.06038278e+05
0.00543428      	2.06000522e+05
0.00543501      	2.05961783e+05
0.00543574      	2.05922336e+05
0.00543646      	2.05882169e+05
0.00543719      	2.05840951e+05
0.00543792      	2.05799187e+05
0.00543864      	2.05756872e+05
0.00543937      	2.05713633e+05
0.0054401       	2.05670384e+05
0.00544082      	2.05626732e+05
0.00544155      	2.05582613e+05
0.00544228      	2.05538436e+05
0.00544301      	2.05498716e+05
0.00544374      	2.05452781e+05
0.00544447      	2.05408003e+05
0.0054452       	2.05363920e+05
0.00544593      	2.05320242e+05
0.00544666      	2.05277157e+05
0.00544739      	2.05234652e+05
0.00544812      	2.05192762e+05
0.00544885      	2.05151667e+05
0.00544958      	2.05111354e+05
0.00545031      	2.05072060e+05
0.00545104      	2.05033768e+05
0.00545177      	2.04996595e+05
0.0054525       	2.04960700e+05
0.00545323      	2.04926102e+05
0.00545396      	2.04892970e+05
0.00545469      	2.04861354e+05
0.00545542      	2.04831339e+05
0.00545616      	2.04808592e+05
0.00545689      	2.04780248e+05
0.00545762      	2.04754813e+05
0.00545836      	2.04731786e+05
0.00545909      	2.04711001e+05
0.00545982      	2.04692386e+05
0.00546056      	2.04676040e+05
0.00546129      	2.04662123e+05
0.00546203      	2.04650438e+05
0.00546276      	2.04641323e+05
0.0054635       	2.04641049e+05
0.00546424      	2.04635197e+05
0.00546497      	2.04633138e+05
0.00546571      	2.04633618e+05
0.00546645      	2.04637699e+05
0.00546719      	2.04644830e+05
0.00546793      	2.04654935e+05
0.00546866      	2.04668140e+05
0.00546941      	2.04691359e+05
0.00547015      	2.04708890e+05
0.00547089      	2.04730884e+05
0.00547163      	2.04756534e+05
0.00547237      	2.04785629e+05
0.00547312      	2.04818305e+05
0.00547386      	2.04854283e+05
0.0054746       	2.04901276e+05
0.00547535      	2.04942500e+05
0.0054761       	2.04988377e+05
0.00547684      	2.05038297e+05
0.00547759      	2.05092022e+05
0.00547834      	2.05157329e+05
0.00547909      	2.05216711e+05
0.00547984      	2.05281034e+05
0.00548059      	2.05349547e+05
0.00548134      	2.05421955e+05
0.0054821       	2.05506474e+05
0.00548286      	2.05584793e+05
0.00548361      	2.05668010e+05
0.00548437      	2.05755650e+05
0.00548513      	2.05855752e+05
0.00548589      	2.05949423e+05
0.00548665      	2.06048200e+05
0.00548741      	2.06151092e+05
0.00548817      	2.06258043e+05
0.00548894      	2.06377739e+05
0.0054897       	2.06490333e+05
0.00549047      	2.06608151e+05
0.00549123      	2.06730077e+05
0.005492        	2.06855501e+05
0.00549277      	2.06994259e+05
0.00549354      	2.07125556e+05
0.00549431      	2.07261494e+05
0.00549509      	2.07401596e+05
0.00549586      	2.07545282e+05
0.00549663      	2.07692154e+05
0.00549741      	2.07852218e+05
0.00549818      	2.08004229e+05
0.00549896      	2.08160635e+05
0.00549974      	2.08320729e+05
0.00550052      	2.08484147e+05
0.00550129      	2.08650353e+05
0.00550207      	2.08819438e+05
0.00550285      	2.09001893e+05
0.00550364      	2.09173350e+05
0.00550442      	2.09350860e+05
0.0055052       	2.09531472e+05
0.00550599      	2.09714244e+05
0.00550677      	2.09899365e+05
0.00550755      	2.10086812e+05
0.00550834      	2.10287139e+05
0.00550913      	2.10477068e+05
0.00550992      	2.10670779e+05
0.00551071      	2.10866527e+05
0.0055115       	2.11064338e+05
0.00551229      	2.11263982e+05
0.00551308      	2.11464711e+05
0.00551387      	2.11666875e+05
0.00551467      	2.11882375e+05
0.00551547      	2.12085386e+05
0.00551627      	2.12291373e+05
0.00551706      	2.12499011e+05
0.00551786      	2.12707363e+05
0.00551866      	2.12916597e+05
0.00551946      	2.13126362e+05
0.00552025      	2.13336273e+05
0.00552105      	2.13546443e+05
0.00552185      	2.13756764e+05
0.00552265      	2.13966860e+05
0.00552344      	2.14176835e+05
0.00552424      	2.14386577e+05
0.00552505      	2.14609354e+05
0.00552585      	2.14816731e+05
0.00552666      	2.15025597e+05
0.00552747      	2.15234357e+05
0.00552827      	2.15442563e+05
0.00552908      	2.15649884e+05
0.00552988      	2.15855922e+05
0.00553069      	2.16060677e+05
0.0055315       	2.16264078e+05
0.0055323       	2.16465844e+05
0.00553311      	2.16666005e+05
0.00553391      	2.16864457e+05
0.00553472      	2.17060938e+05
0.00553553      	2.17255474e+05
0.00553633      	2.17447963e+05
0.00553714      	2.17638157e+05
0.00553794      	2.17826081e+05
0.00553875      	2.18011640e+05
0.00553955      	2.18194597e+05
0.00554036      	2.18374981e+05
0.00554117      	2.18552705e+05
0.00554197      	2.18727544e+05
0.00554278      	2.18899530e+05
0.00554358      	2.19068589e+05
0.00554439      	2.19234502e+05
0.0055452       	2.19397313e+05
0.005546        	2.19556959e+05
0.00554681      	2.19713226e+05
0.00554761      	2.19866170e+05
0.00554842      	2.20015739e+05
0.00554923      	2.20161732e+05
0.00555002      	2.20284639e+05
0.00555081      	2.20426618e+05
0.00555161      	2.20561814e+05
0.0055524       	2.20692197e+05
0.00555319      	2.20818490e+05
0.00555399      	2.20940816e+05
0.00555478      	2.21059424e+05
0.00555557      	2.21174358e+05
0.00555637      	2.21285429e+05
0.00555716      	2.21392773e+05
0.00555795      	2.21496396e+05
0.00555875      	2.21596081e+05
0.00555954      	2.21691983e+05
0.00556033      	2.21784125e+05
0.00556113      	2.21872274e+05
0.00556192      	2.21956622e+05
0.00556271      	2.22037207e+05
0.00556351      	2.22113784e+05
0.0055643       	2.22186574e+05
0.00556509      	2.22255642e+05
0.00556589      	2.22320708e+05
0.00556666      	2.22353715e+05
0.00556744      	2.22417835e+05
0.00556821      	2.22473549e+05
0.00556899      	2.22523897e+05
0.00556976      	2.22570093e+05
0.00557054      	2.22612237e+05
0.00557131      	2.22650908e+05
0.00557209      	2.22686339e+05
0.00557286      	2.22718084e+05
0.00557364      	2.22746625e+05
0.00557441      	2.22772139e+05
0.00557519      	2.22794042e+05
0.00557597      	2.22812939e+05
0.00557674      	2.22828936e+05
0.00557752      	2.22841514e+05
0.00557829      	2.22851240e+05
0.00557907      	2.22858213e+05
0.00557984      	2.22862001e+05
0.00558062      	2.22863110e+05
0.00558139      	2.22861652e+05
0.00558217      	2.22857255e+05
0.00558294      	2.22850386e+05
0.00558372      	2.22841148e+05
0.00558449      	2.22829237e+05
0.00558527      	2.22815075e+05
0.00558604      	2.22798767e+05
0.00558682      	2.22780057e+05
0.00558759      	2.22759330e+05
0.00558837      	2.22736693e+05
0.00558915      	2.22711938e+05
0.00558992      	2.22685389e+05
0.0055907       	2.22657238e+05
0.00559147      	2.22627232e+05
0.00559225      	2.22595571e+05
0.00559302      	2.22562794e+05
0.0055938       	2.22528360e+05
0.00559457      	2.22492627e+05
0.00559535      	2.22455909e+05
0.00559612      	2.22417896e+05
0.0055969       	2.22378939e+05
0.00559767      	2.22339162e+05
0.00559845      	2.22298437e+05
0.00559922      	2.22257078e+05
0.0056          	2.22215170e+05
0.00560076      	2.22143600e+05
0.00560152      	2.22109870e+05
0.00560227      	2.22071072e+05
0.00560303      	2.22030115e+05
0.00560379      	2.21988200e+05
0.00560455      	2.21945895e+05
0.0056053       	2.21903583e+05
0.00560606      	2.21856506e+05
0.00560681      	2.21816029e+05
0.00560757      	2.21775126e+05
0.00560832      	2.21734268e+05
0.00560908      	2.21693789e+05
0.00560983      	2.21653824e+05
0.00561059      	2.21614372e+05
0.00561134      	2.21575227e+05
0.00561209      	2.21537345e+05
0.00561285      	2.21500401e+05
0.0056136       	2.21464428e+05
0.00561436      	2.21429488e+05
0.00561511      	2.21395611e+05
0.00561587      	2.21362877e+05
0.00561662      	2.21331441e+05
0.00561737      	2.21295992e+05
0.00561813      	2.21266981e+05
0.00561888      	2.21240173e+05
0.00561963      	2.21213135e+05
0.00562038      	2.21187447e+05
0.00562113      	2.21163345e+05
0.00562188      	2.21140780e+05
0.00562263      	2.21119886e+05
0.00562339      	2.21100763e+05
0.00562414      	2.21083335e+05
0.00562489      	2.21067718e+05
0.00562564      	2.21054014e+05
0.00562639      	2.21042123e+05
0.00562714      	2.21026844e+05
0.00562789      	2.21020483e+05
0.00562864      	2.21015142e+05
0.00562939      	2.21011450e+05
0.00563013      	2.21009711e+05
0.00563088      	2.21009911e+05
0.00563163      	2.21012187e+05
0.00563238      	2.21016643e+05
0.00563313      	2.21023180e+05
0.00563387      	2.21026426e+05
0.00563462      	2.21038929e+05
0.00563536      	2.21052626e+05
0.00563611      	2.21068133e+05
0.00563685      	2.21085747e+05
0.0056376       	2.21105441e+05
0.00563834      	2.21127326e+05
0.00563908      	2.21145911e+05
0.00563983      	2.21173745e+05
0.00564057      	2.21202834e+05
0.00564131      	2.21233795e+05
0.00564205      	2.21266716e+05
0.00564279      	2.21301769e+05
0.00564353      	2.21333360e+05
0.00564427      	2.21374217e+05
0.00564501      	2.21416228e+05
0.00564574      	2.21460294e+05
0.00564648      	2.21498745e+05
0.00564721      	2.21548118e+05
0.00564795      	2.21598370e+05
0.00564868      	2.21650037e+05
0.00564942      	2.21703429e+05
0.00565015      	2.21752863e+05
0.00565088      	2.21811395e+05
0.00565161      	2.21870758e+05
0.00565234      	2.21931582e+05
0.00565307      	2.21988022e+05
0.0056538       	2.22053488e+05
0.00565452      	2.22119662e+05
0.00565525      	2.22186992e+05
0.00565597      	2.22249739e+05
0.0056567       	2.22321453e+05
0.00565742      	2.22393554e+05
0.00565815      	2.22466665e+05
0.00565887      	2.22534971e+05
0.00565959      	2.22611994e+05
0.00566031      	2.22689230e+05
0.00566103      	2.22767313e+05
0.00566175      	2.22846329e+05
0.00566246      	2.22920203e+05
0.00566318      	2.23002777e+05
0.00566389      	2.23085226e+05
0.00566461      	2.23168172e+05
0.00566532      	2.23245598e+05
0.00566604      	2.23331349e+05
0.00566675      	2.23416824e+05
0.00566746      	2.23502573e+05
0.00566817      	2.23588688e+05
0.00566888      	2.23668914e+05
0.00566959      	2.23757482e+05
0.0056703       	2.23845323e+05
0.00567101      	2.23933064e+05
0.00567171      	2.24014537e+05
0.00567242      	2.24104013e+05
0.00567312      	2.24192512e+05
0.00567383      	2.24280698e+05
0.00567453      	2.24368659e+05
0.00567523      	2.24449969e+05
0.00567593      	2.24539261e+05
0.00567664      	2.24627201e+05
0.00567734      	2.24714429e+05
0.00567803      	2.24794621e+05
0.00567873      	2.24882466e+05
0.00567943      	2.24968709e+05
0.00568012      	2.25054043e+05
0.00568082      	2.25138550e+05
0.00568151      	2.25215652e+05
0.00568221      	2.25300419e+05
0.0056829       	2.25383225e+05
0.00568359      	2.25464735e+05
0.00568428      	2.25538454e+05
0.00568497      	2.25619557e+05
0.00568566      	2.25698456e+05
0.00568635      	2.25775882e+05
0.00568704      	2.25851945e+05
0.00568772      	2.25919886e+05
0.00568841      	2.25995266e+05
0.00568909      	2.26068132e+05
0.00568978      	2.26139180e+05
0.00569046      	2.26201779e+05
0.00569114      	2.26271600e+05
0.00569182      	2.26338728e+05
0.0056925       	2.26403919e+05
0.00569318      	2.26467306e+05
0.00569386      	2.26529029e+05
0.00569453      	2.26582094e+05
0.00569521      	2.26642448e+05
0.00569589      	2.26699851e+05
0.00569656      	2.26755056e+05
0.00569724      	2.26808198e+05
0.00569791      	2.26859423e+05
0.00569859      	2.26901620e+05
0.00569926      	2.26951135e+05
0.00569993      	2.26997422e+05
0.0057006       	2.27041273e+05
0.00570127      	2.27082838e+05
0.00570194      	2.27122269e+05
0.00570262      	2.27159674e+05
0.00570329      	2.27194928e+05
0.00570395      	2.27220659e+05
0.00570462      	2.27253985e+05
0.00570529      	2.27283739e+05
0.00570596      	2.27310725e+05
0.00570662      	2.27335296e+05
0.00570729      	2.27357469e+05
0.00570796      	2.27377322e+05
0.00570862      	2.27394938e+05
0.00570929      	2.27410205e+05
0.00570996      	2.27423152e+05
0.00571062      	2.27433817e+05
0.00571129      	2.27442085e+05
0.00571196      	2.27447949e+05
0.00571263      	2.27451498e+05
0.00571329      	2.27452595e+05
0.00571396      	2.27451265e+05
0.00571463      	2.27447577e+05
0.00571529      	2.27441396e+05
0.00571596      	2.27432761e+05
0.00571663      	2.27421736e+05
0.00571729      	2.27408207e+05
0.00571796      	2.27392193e+05
0.00571863      	2.27373787e+05
0.00571929      	2.27352872e+05
0.00571996      	2.27329458e+05
0.00572063      	2.27303675e+05
0.0057213       	2.27275384e+05
0.00572196      	2.27244633e+05
0.00572263      	2.27211496e+05
0.0057233       	2.27175871e+05
0.00572396      	2.27137812e+05
0.00572463      	2.27097403e+05
0.0057253       	2.27054545e+05
0.00572596      	2.27009295e+05
0.00572663      	2.26961769e+05
0.0057273       	2.26911872e+05
0.00572797      	2.26859475e+05
0.00572863      	2.26804919e+05
0.0057293       	2.26748019e+05
0.00572997      	2.26688835e+05
0.00573063      	2.26627428e+05
0.0057313       	2.26563798e+05
0.00573197      	2.26497967e+05
0.00573263      	2.26430036e+05
0.0057333       	2.26359917e+05
0.00573397      	2.26287685e+05
0.00573464      	2.26213437e+05
0.0057353       	2.26137107e+05
0.00573597      	2.26058759e+05
0.00573664      	2.25978506e+05
0.0057373       	2.25896268e+05
0.00573797      	2.25812124e+05
0.00573864      	2.25726186e+05
0.0057393       	2.25638379e+05
0.00573997      	2.25548785e+05
0.00574064      	2.25457523e+05
0.00574131      	2.25364575e+05
0.00574197      	2.25269850e+05
0.00574264      	2.25173639e+05
0.00574331      	2.25075815e+05
0.00574397      	2.24976467e+05
0.00574464      	2.24875713e+05
0.00574531      	2.24773487e+05
0.00574597      	2.24669878e+05
0.00574664      	2.24565007e+05
0.00574731      	2.24458810e+05
0.00574798      	2.24351379e+05
0.00574864      	2.24242836e+05
0.00574931      	2.24133117e+05
0.00574998      	2.24022318e+05
0.00575064      	2.23910524e+05
0.00575131      	2.23797817e+05
0.00575198      	2.23684088e+05
0.00575264      	2.23569592e+05
0.00575331      	2.23454235e+05
0.00575398      	2.23338114e+05
0.00575465      	2.23221354e+05
0.00575531      	2.23103895e+05
0.00575598      	2.22985834e+05
0.00575665      	2.22867298e+05
0.00575731      	2.22748225e+05
0.00575798      	2.22628716e+05
0.00575865      	2.22508897e+05
0.00575931      	2.22388707e+05
0.00575998      	2.22268242e+05
0.00576065      	2.22147628e+05
0.00576131      	2.22026803e+05
0.00576198      	2.21905864e+05
0.00576265      	2.21784936e+05
0.00576332      	2.21663956e+05
0.00576398      	2.21543019e+05
0.00576465      	2.21422248e+05
0.00576532      	2.21301581e+05
0.00576598      	2.21181111e+05
0.00576665      	2.21060962e+05
0.0057673       	2.20923345e+05
0.00576796      	2.20813346e+05
0.00576861      	2.20699848e+05
0.00576927      	2.20585028e+05
0.00576992      	2.20469887e+05
0.00577057      	2.20354977e+05
0.00577123      	2.20240437e+05
0.00577188      	2.20126448e+05
0.00577254      	2.20013167e+05
0.00577319      	2.19900539e+05
0.00577384      	2.19788654e+05
0.0057745       	2.19677625e+05
0.00577515      	2.19567378e+05
0.00577581      	2.19457992e+05
0.00577646      	2.19349579e+05
0.00577711      	2.19242059e+05
0.00577777      	2.19135514e+05
0.00577842      	2.19030051e+05
0.00577908      	2.18925592e+05
0.00577973      	2.18822214e+05
0.00578038      	2.18720023e+05
0.00578104      	2.18618937e+05
0.00578169      	2.18519032e+05
0.00578234      	2.18420411e+05
0.005783        	2.18322990e+05
0.00578365      	2.18226842e+05
0.00578431      	2.18132067e+05
0.00578496      	2.18038578e+05
0.00578561      	2.17946445e+05
0.00578627      	2.17855765e+05
0.00578692      	2.17766447e+05
0.00578758      	2.17678556e+05
0.00578823      	2.17592189e+05
0.00578888      	2.17507249e+05
0.00578954      	2.17423801e+05
0.00579019      	2.17341934e+05
0.00579085      	2.17261552e+05
0.0057915       	2.17182714e+05
0.00579215      	2.17105507e+05
0.00579281      	2.17029829e+05
0.00579346      	2.16955734e+05
0.00579411      	2.16883303e+05
0.00579477      	2.16812432e+05
0.00579542      	2.16743174e+05
0.00579608      	2.16675607e+05
0.00579673      	2.16609625e+05
0.00579738      	2.16545316e+05
0.00579804      	2.16482641e+05
0.00579869      	2.16421603e+05
0.00579935      	2.16362212e+05
0.0058          	2.16304541e+05
0.00580064      	2.16233813e+05
0.00580129      	2.16186330e+05
0.00580193      	2.16137226e+05
0.00580257      	2.16088236e+05
0.00580322      	2.16040158e+05
0.00580386      	2.15993429e+05
0.0058045       	2.15948103e+05
0.00580514      	2.15904298e+05
0.00580579      	2.15864993e+05
0.00580644      	2.15823001e+05
0.00580708      	2.15783216e+05
0.00580773      	2.15745335e+05
0.00580837      	2.15709079e+05
0.00580902      	2.15674404e+05
0.00580966      	2.15644237e+05
0.00581031      	2.15611296e+05
0.00581096      	2.15580501e+05
0.00581161      	2.15551527e+05
0.00581225      	2.15524086e+05
0.0058129       	2.15498127e+05
0.00581355      	2.15476595e+05
0.0058142       	2.15452155e+05
0.00581485      	2.15429760e+05
0.0058155       	2.15409073e+05
0.00581615      	2.15392738e+05
0.0058168       	2.15373487e+05
0.00581745      	2.15356296e+05
0.00581811      	2.15340613e+05
0.00581876      	2.15326289e+05
0.00581941      	2.15316243e+05
0.00582007      	2.15303041e+05
0.00582072      	2.15291684e+05
0.00582138      	2.15281804e+05
0.00582203      	2.15273087e+05
0.00582269      	2.15268434e+05
0.00582334      	2.15260560e+05
0.005824        	2.15254337e+05
0.00582466      	2.15249360e+05
0.00582531      	2.15245490e+05
0.00582597      	2.15245478e+05
0.00582663      	2.15241956e+05
0.00582729      	2.15240063e+05
0.00582795      	2.15239177e+05
0.00582861      	2.15239138e+05
0.00582927      	2.15239894e+05
0.00582993      	2.15241249e+05
0.00583059      	2.15243189e+05
0.00583125      	2.15245733e+05
0.00583191      	2.15251728e+05
0.00583257      	2.15253779e+05
0.00583323      	2.15257077e+05
0.00583389      	2.15261034e+05
0.00583456      	2.15265457e+05
0.00583521      	2.15267278e+05
0.00583587      	2.15273723e+05
0.00583653      	2.15279571e+05
0.00583719      	2.15285279e+05
0.00583785      	2.15290863e+05
0.00583851      	2.15296402e+05
0.00583917      	2.15301959e+05
0.00583983      	2.15307387e+05
0.00584049      	2.15312690e+05
0.00584115      	2.15317893e+05
0.00584181      	2.15322831e+05
0.00584246      	2.15324465e+05
0.00584312      	2.15330338e+05
0.00584378      	2.15334987e+05
0.00584443      	2.15338869e+05
0.00584509      	2.15342198e+05
0.00584574      	2.15344914e+05
0.0058464       	2.15347021e+05
0.00584705      	2.15345540e+05
0.00584771      	2.15347924e+05
0.00584836      	2.15348786e+05
0.00584902      	2.15348628e+05
0.00584967      	2.15344406e+05
0.00585032      	2.15343901e+05
0.00585097      	2.15341742e+05
0.00585162      	2.15338268e+05
0.00585227      	2.15333686e+05
0.00585292      	2.15325012e+05
0.00585357      	2.15319939e+05
0.00585421      	2.15312958e+05
0.00585486      	2.15304596e+05
0.00585551      	2.15294902e+05
0.00585615      	2.15280820e+05
0.0058568       	2.15270376e+05
0.00585744      	2.15257816e+05
0.00585809      	2.15243661e+05
0.00585873      	2.15224947e+05
0.00585937      	2.15209705e+05
0.00586002      	2.15192254e+05
0.00586066      	2.15173151e+05
0.0058613       	2.15152465e+05
0.00586194      	2.15127031e+05
0.00586258      	2.15105228e+05
0.00586322      	2.15081052e+05
0.00586386      	2.15055030e+05
0.0058645       	2.15027422e+05
0.00586513      	2.14998193e+05
0.00586577      	2.14967407e+05
0.00586641      	2.14931736e+05
0.00586705      	2.14899677e+05
0.00586768      	2.14865133e+05
0.00586832      	2.14828674e+05
0.00586895      	2.14790381e+05
0.00586959      	2.14750382e+05
0.00587023      	2.14708783e+05
0.00587086      	2.14665478e+05
0.0058715       	2.14620506e+05
0.00587214      	2.14573932e+05
0.00587277      	2.14525631e+05
0.00587341      	2.14475631e+05
0.00587404      	2.14424062e+05
0.00587468      	2.14370608e+05
0.00587532      	2.14315492e+05
0.00587595      	2.14258714e+05
0.00587659      	2.14200160e+05
0.00587722      	2.14139861e+05
0.00587786      	2.14081686e+05
0.0058785       	2.14015792e+05
0.00587914      	2.13949121e+05
0.00587978      	2.13881195e+05
0.00588042      	2.13811651e+05
0.00588106      	2.13740437e+05
0.0058817       	2.13667565e+05
0.00588234      	2.13592897e+05
0.00588298      	2.13516469e+05
0.00588362      	2.13438352e+05
0.00588426      	2.13358436e+05
0.0058849       	2.13276773e+05
0.00588554      	2.13193436e+05
0.00588618      	2.13108320e+05
0.00588682      	2.13021479e+05
0.00588746      	2.12932993e+05
0.0058881       	2.12847064e+05
0.00588874      	2.12752631e+05
0.00588939      	2.12657657e+05
0.00589003      	2.12561433e+05
0.00589067      	2.12463760e+05
0.00589131      	2.12364595e+05
0.00589196      	2.12263784e+05
0.0058926       	2.12161356e+05
0.00589324      	2.12057385e+05
0.00589389      	2.11951770e+05
0.00589453      	2.11844570e+05
0.00589517      	2.11735877e+05
0.00589582      	2.11625597e+05
0.00589646      	2.11513790e+05
0.0058971       	2.11400550e+05
0.00589775      	2.11285781e+05
0.00589839      	2.11169544e+05
0.00589903      	2.11051936e+05
0.00589967      	2.10932866e+05
0.00590032      	2.10812399e+05
0.00590096      	2.10690620e+05
0.0059016       	2.10567468e+05
0.00590225      	2.10442978e+05
0.00590289      	2.10317257e+05
0.00590353      	2.10190222e+05
0.00590418      	2.10061941e+05
0.00590482      	2.09932512e+05
0.00590546      	2.09801850e+05
0.0059061       	2.09664455e+05
0.00590674      	2.09534822e+05
0.00590738      	2.09402771e+05
0.00590802      	2.09268928e+05
0.00590866      	2.09134153e+05
0.0059093       	2.08998084e+05
0.00590993      	2.08861000e+05
0.00591057      	2.08723040e+05
0.00591121      	2.08578072e+05
0.00591184      	2.08441968e+05
0.00591248      	2.08303274e+05
0.00591311      	2.08163644e+05
0.00591374      	2.08022836e+05
0.00591438      	2.07881264e+05
0.00591501      	2.07738932e+05
0.00591564      	2.07589352e+05
0.00591627      	2.07449502e+05
0.0059169       	2.07307665e+05
0.00591753      	2.07164692e+05
0.00591816      	2.07021021e+05
0.00591879      	2.06876746e+05
0.00591941      	2.06724901e+05
0.00592004      	2.06583686e+05
0.00592066      	2.06440669e+05
0.00592129      	2.06296729e+05
0.00592191      	2.06152320e+05
0.00592254      	2.06007547e+05
0.00592316      	2.05854853e+05
0.00592378      	2.05713780e+05
0.0059244       	2.05571097e+05
0.00592502      	2.05427710e+05
0.00592564      	2.05284085e+05
0.00592626      	2.05140334e+05
0.00592688      	2.04996617e+05
0.00592749      	2.04844596e+05
0.0059281       	2.04705361e+05
0.00592872      	2.04564774e+05
0.00592933      	2.04423803e+05
0.00592995      	2.04282758e+05
0.00593056      	2.04141896e+05
0.00593118      	2.04001416e+05
0.00593179      	2.03851919e+05
0.0059324       	2.03716605e+05
0.005933        	2.03580210e+05
0.00593361      	2.03443570e+05
0.00593422      	2.03307145e+05
0.00593483      	2.03171235e+05
0.00593544      	2.03035877e+05
0.00593605      	2.02901187e+05
0.00593666      	2.02767295e+05
0.00593727      	2.02634149e+05
0.00593788      	2.02501823e+05
0.00593849      	2.02370425e+05
0.00593909      	2.02239895e+05
0.0059397       	2.02110560e+05
0.00594031      	2.01970289e+05
0.00594091      	2.01847522e+05
0.00594151      	2.01723895e+05
0.00594212      	2.01600601e+05
0.00594272      	2.01477938e+05
0.00594332      	2.01356223e+05
0.00594392      	2.01235675e+05
0.00594453      	2.01116260e+05
0.00594513      	2.00998074e+05
0.00594573      	2.00881260e+05
0.00594634      	2.00765743e+05
0.00594694      	2.00651554e+05
0.00594754      	2.00538854e+05
0.00594815      	2.00427508e+05
0.00594875      	2.00317644e+05
0.00594935      	2.00209343e+05
0.00594995      	2.00102523e+05
0.00595056      	1.99997240e+05
0.00595116      	1.99893608e+05
0.00595176      	1.99791597e+05
0.00595237      	1.99691192e+05
0.00595297      	1.99592535e+05
0.00595357      	1.99495545e+05
0.00595418      	1.99400299e+05
0.00595478      	1.99306881e+05
0.00595538      	1.99215240e+05
0.00595598      	1.99125372e+05
0.00595659      	1.99037444e+05
0.00595719      	1.98951348e+05
0.00595779      	1.98867149e+05
0.0059584       	1.98803175e+05
0.00595902      	1.98716648e+05
0.00595963      	1.98634796e+05
0.00596024      	1.98556275e+05
0.00596085      	1.98480401e+05
0.00596146      	1.98406904e+05
0.00596207      	1.98335685e+05
0.00596269      	1.98266635e+05
0.0059633       	1.98199759e+05
0.00596391      	1.98135126e+05
0.00596452      	1.98072664e+05
0.00596513      	1.98012419e+05
0.00596574      	1.97954456e+05
0.00596636      	1.97898755e+05
0.00596697      	1.97845301e+05
0.00596758      	1.97794185e+05
0.00596819      	1.97745357e+05
0.0059688       	1.97698847e+05
0.00596942      	1.97654744e+05
0.00597003      	1.97612961e+05
0.00597064      	1.97573529e+05
0.00597125      	1.97536536e+05
0.00597186      	1.97501903e+05
0.00597247      	1.97469682e+05
0.00597309      	1.97439918e+05
0.0059737       	1.97412560e+05
0.00597431      	1.97387429e+05
0.00597492      	1.97364891e+05
0.00597553      	1.97344924e+05
0.00597614      	1.97327344e+05
0.00597676      	1.97312302e+05
0.00597737      	1.97299676e+05
0.00597798      	1.97289518e+05
0.00597859      	1.97281888e+05
0.0059792       	1.97276699e+05
0.00597981      	1.97273986e+05
0.00598043      	1.97273802e+05
0.00598104      	1.97276070e+05
0.00598165      	1.97280812e+05
0.00598226      	1.97288085e+05
0.00598287      	1.97297802e+05
0.00598348      	1.97309980e+05
0.0059841       	1.97324700e+05
0.00598471      	1.97341854e+05
0.00598532      	1.97361472e+05
0.00598593      	1.97383606e+05
0.00598654      	1.97408162e+05
0.00598715      	1.97435186e+05
0.00598777      	1.97464687e+05
0.00598838      	1.97496609e+05
0.00598899      	1.97530950e+05
0.0059896       	1.97567778e+05
0.00599021      	1.97606995e+05
0.00599082      	1.97648613e+05
0.00599144      	1.97692675e+05
0.00599205      	1.97739098e+05
0.00599266      	1.97787901e+05
0.00599327      	1.97839120e+05
0.00599388      	1.97892670e+05
0.00599449      	1.97948550e+05
0.00599511      	1.98006812e+05
0.00599572      	1.98067372e+05
0.00599633      	1.98130220e+05
0.00599694      	1.98195415e+05
0.00599755      	1.98262845e+05
0.00599816      	1.98332536e+05
0.00599878      	1.98404513e+05
0.00599939      	1.98478691e+05
0.006           	1.98555062e+05
0.0060006       	1.98597860e+05
0.00600119      	1.98685975e+05
0.00600179      	1.98771238e+05
0.00600238      	1.98856299e+05
0.00600297      	1.98938220e+05
0.00600357      	1.99026352e+05
0.00600416      	1.99115699e+05
0.00600475      	1.99206605e+05
0.00600535      	1.99299269e+05
0.00600594      	1.99393825e+05
0.00600654      	1.99490224e+05
0.00600713      	1.99588474e+05
0.00600772      	1.99688630e+05
0.00600832      	1.99790564e+05
0.00600891      	1.99898303e+05
0.00600951      	2.00003121e+05
0.0060101       	2.00110237e+05
0.0060107       	2.00219341e+05
0.00601129      	2.00330344e+05
0.00601189      	2.00443075e+05
0.00601248      	2.00557495e+05
0.00601308      	2.00677620e+05
0.00601368      	2.00794626e+05
0.00601427      	2.00913787e+05
0.00601487      	2.01034838e+05
0.00601547      	2.01157554e+05
0.00601607      	2.01281855e+05
0.00601666      	2.01407740e+05
0.00601726      	2.01539126e+05
0.00601786      	2.01667220e+05
0.00601846      	2.01797398e+05
0.00601906      	2.01929238e+05
0.00601966      	2.02062585e+05
0.00602026      	2.02197417e+05
0.00602086      	2.02337634e+05
0.00602146      	2.02474430e+05
0.00602206      	2.02613187e+05
0.00602266      	2.02753482e+05
0.00602326      	2.02895171e+05
0.00602386      	2.03038208e+05
0.00602447      	2.03186533e+05
0.00602507      	2.03331293e+05
0.00602567      	2.03477876e+05
0.00602628      	2.03625854e+05
0.00602688      	2.03775062e+05
0.00602749      	2.03929567e+05
0.00602809      	2.04080365e+05
0.0060287       	2.04232804e+05
0.0060293       	2.04386580e+05
0.00602991      	2.04541443e+05
0.00603051      	2.04697298e+05
0.00603112      	2.04854138e+05
0.00603173      	2.05016002e+05
0.00603233      	2.05173902e+05
0.00603294      	2.05333317e+05
0.00603355      	2.05493805e+05
0.00603416      	2.05655196e+05
0.00603476      	2.05817437e+05
0.00603537      	2.05980401e+05
0.00603598      	2.06144035e+05
0.00603659      	2.06308374e+05
0.00603719      	2.06473310e+05
0.0060378       	2.06638820e+05
0.00603841      	2.06804941e+05
0.00603902      	2.06971572e+05
0.00603962      	2.07138694e+05
0.00604023      	2.07306337e+05
0.00604084      	2.07474404e+05
0.00604145      	2.07642874e+05
0.00604205      	2.07811783e+05
0.00604266      	2.07981035e+05
0.00604327      	2.08150603e+05
0.00604388      	2.08320521e+05
0.00604448      	2.08490695e+05
0.00604509      	2.08661105e+05
0.0060457       	2.08831781e+05
0.00604631      	2.09002630e+05
0.00604691      	2.09173628e+05
0.00604752      	2.09344808e+05
0.00604813      	2.09511626e+05
0.00604873      	2.09683611e+05
0.00604934      	2.09854991e+05
0.00604994      	2.10026048e+05
0.00605055      	2.10196931e+05
0.00605115      	2.10367756e+05
0.00605176      	2.10538476e+05
0.00605236      	2.10709080e+05
0.00605296      	2.10875043e+05
0.00605357      	2.11046088e+05
0.00605417      	2.11216235e+05
0.00605477      	2.11385904e+05
0.00605537      	2.11555176e+05
0.00605598      	2.11724124e+05
0.00605658      	2.11892825e+05
0.00605718      	2.12061213e+05
0.00605778      	2.12224573e+05
0.00605838      	2.12393049e+05
0.00605898      	2.12560411e+05
0.00605958      	2.12727037e+05
0.00606018      	2.12893142e+05
0.00606078      	2.13058723e+05
0.00606138      	2.13223814e+05
0.00606198      	2.13388474e+05
0.00606258      	2.13552621e+05
0.00606318      	2.13711371e+05
0.00606378      	2.13875254e+05
0.00606437      	2.14037798e+05
0.00606497      	2.14199399e+05
0.00606557      	2.14360279e+05
0.00606617      	2.14520437e+05
0.00606676      	2.14679916e+05
0.00606736      	2.14838771e+05
0.00606796      	2.14996928e+05
0.00606856      	2.15154381e+05
0.00606915      	2.15311166e+05
0.00606975      	2.15467203e+05
0.00607035      	2.15622483e+05
0.00607095      	2.15777032e+05
0.00607154      	2.15930764e+05
0.00607214      	2.16083676e+05
0.00607274      	2.16235800e+05
0.00607334      	2.16387055e+05
0.00607393      	2.16537430e+05
0.00607453      	2.16686967e+05
0.00607513      	2.16835580e+05
0.00607573      	2.16983264e+05
0.00607632      	2.17130050e+05
0.00607692      	2.17275867e+05
0.00607752      	2.17420703e+05
0.00607812      	2.17564590e+05
0.00607871      	2.17707457e+05
0.00607931      	2.17849290e+05
0.00607991      	2.17990133e+05
0.00608051      	2.18135616e+05
0.00608111      	2.18273340e+05
0.00608171      	2.18410905e+05
0.00608231      	2.18547767e+05
0.00608291      	2.18683693e+05
0.00608351      	2.18818626e+05
0.00608411      	2.18952434e+05
0.00608472      	2.19091082e+05
0.00608532      	2.19221555e+05
0.00608592      	2.19351724e+05
0.00608653      	2.19481096e+05
0.00608713      	2.19609494e+05
0.00608773      	2.19736734e+05
0.00608834      	2.19869025e+05
0.00608895      	2.19992701e+05
0.00608955      	2.20116026e+05
0.00609016      	2.20238492e+05
0.00609077      	2.20359936e+05
0.00609137      	2.20480112e+05
0.00609198      	2.20598973e+05
0.00609259      	2.20723195e+05
0.0060932       	2.20838162e+05
0.00609381      	2.20952743e+05
0.00609442      	2.21066443e+05
0.00609503      	2.21178958e+05
0.00609564      	2.21290144e+05
0.00609625      	2.21400007e+05
0.00609687      	2.21515489e+05
0.00609748      	2.21621133e+05
0.00609809      	2.21726386e+05
0.00609871      	2.21830664e+05
0.00609932      	2.21933703e+05
0.00609994      	2.22035429e+05
0.00610055      	2.22135703e+05
0.00610116      	2.22234548e+05
0.00610178      	2.22331930e+05
0.00610239      	2.22427852e+05
0.00610301      	2.22522064e+05
0.00610362      	2.22622644e+05
0.00610424      	2.22712386e+05
0.00610486      	2.22801746e+05
0.00610548      	2.22890216e+05
0.0061061       	2.22977365e+05
0.00610671      	2.23063075e+05
0.00610733      	2.23147339e+05
0.00610795      	2.23230059e+05
0.00610857      	2.23311230e+05
0.00610918      	2.23390905e+05
0.0061098       	2.23469012e+05
0.00611042      	2.23545562e+05
0.00611104      	2.23620617e+05
0.00611166      	2.23694109e+05
0.00611227      	2.23766052e+05
0.00611289      	2.23836509e+05
0.00611351      	2.23905413e+05
0.00611413      	2.23972780e+05
0.00611474      	2.24038671e+05
0.00611536      	2.24103023e+05
0.00611598      	2.24165850e+05
0.0061166       	2.24227145e+05
0.00611722      	2.24286946e+05
0.00611783      	2.24345255e+05
0.00611845      	2.24402132e+05
0.00611907      	2.24457509e+05
0.00611969      	2.24511402e+05
0.0061203       	2.24563877e+05
0.00612092      	2.24614934e+05
0.00612154      	2.24664487e+05
0.00612216      	2.24712544e+05
0.00612278      	2.24759235e+05
0.00612339      	2.24804469e+05
0.00612401      	2.24848324e+05
0.00612463      	2.24890745e+05
0.00612525      	2.24931755e+05
0.00612586      	2.24971426e+05
0.00612648      	2.25009154e+05
0.0061271       	2.25046000e+05
0.00612772      	2.25081591e+05
0.00612834      	2.25115844e+05
0.00612895      	2.25148768e+05
0.00612957      	2.25180348e+05
0.00613019      	2.25210720e+05
0.00613081      	2.25239781e+05
0.00613142      	2.25267612e+05
0.00613204      	2.25294157e+05
0.00613267      	2.25331479e+05
0.00613329      	2.25352584e+05
0.00613391      	2.25374154e+05
0.00613454      	2.25395303e+05
0.00613516      	2.25415707e+05
0.00613578      	2.25435089e+05
0.00613641      	2.25453378e+05
0.00613703      	2.25470607e+05
0.00613765      	2.25486698e+05
0.00613828      	2.25501675e+05
0.00613891      	2.25529260e+05
0.00613954      	2.25538681e+05
0.00614017      	2.25548912e+05
0.0061408       	2.25559085e+05
0.00614143      	2.25568578e+05
0.00614206      	2.25577216e+05
0.00614269      	2.25584895e+05
0.00614332      	2.25591640e+05
0.00614395      	2.25597455e+05
0.00614458      	2.25617750e+05
0.00614522      	2.25617942e+05
0.00614586      	2.25619329e+05
0.00614649      	2.25620747e+05
0.00614713      	2.25621782e+05
0.00614777      	2.25622214e+05
0.0061484       	2.25622093e+05
0.00614904      	2.25621185e+05
0.00614968      	2.25619513e+05
0.00615032      	2.25634506e+05
0.00615097      	2.25626925e+05
0.00615161      	2.25621059e+05
0.00615226      	2.25615666e+05
0.0061529       	2.25610132e+05
0.00615355      	2.25604218e+05
0.00615419      	2.25597880e+05
0.00615484      	2.25591012e+05
0.00615548      	2.25583627e+05
0.00615613      	2.25575804e+05
0.00615678      	2.25567493e+05
0.00615743      	2.25579462e+05
0.00615808      	2.25564851e+05
0.00615874      	2.25552736e+05
0.00615939      	2.25541548e+05
0.00616005      	2.25530692e+05
0.0061607       	2.25519792e+05
0.00616136      	2.25508733e+05
0.00616201      	2.25497442e+05
0.00616267      	2.25485966e+05
0.00616332      	2.25474324e+05
0.00616398      	2.25462595e+05
0.00616463      	2.25450725e+05
0.00616529      	2.25438757e+05
0.00616594      	2.25426780e+05
0.0061666       	2.25414747e+05
0.00616727      	2.25430007e+05
0.00616793      	2.25410677e+05
0.0061686       	2.25395268e+05
0.00616927      	2.25381646e+05
0.00616994      	2.25368985e+05
0.00617061      	2.25356802e+05
0.00617128      	2.25344934e+05
0.00617194      	2.25333378e+05
0.00617261      	2.25322043e+05
0.00617328      	2.25310958e+05
0.00617395      	2.25300210e+05
0.00617462      	2.25289748e+05
0.00617528      	2.25279616e+05
0.00617595      	2.25269901e+05
0.00617662      	2.25260553e+05
0.00617729      	2.25251612e+05
0.00617796      	2.25243166e+05
0.00617862      	2.25235163e+05
0.00617929      	2.25227641e+05
0.00617996      	2.25220688e+05
0.00618063      	2.25214248e+05
0.0061813       	2.25208359e+05
0.00618196      	2.25203106e+05
0.00618263      	2.25198433e+05
0.0061833       	2.25194376e+05
0.00618397      	2.25191019e+05
0.00618464      	2.25188303e+05
0.0061853       	2.25186264e+05
0.00618597      	2.25184984e+05
0.00618664      	2.25184402e+05
0.00618731      	2.25184553e+05
0.00618798      	2.25185518e+05
0.00618864      	2.25187233e+05
0.00618931      	2.25189732e+05
0.00618998      	2.25193094e+05
0.00619065      	2.25197256e+05
0.00619132      	2.25202247e+05
0.00619198      	2.25208146e+05
0.00619265      	2.25214886e+05
0.00619332      	2.25222498e+05
0.00619399      	2.25231057e+05
0.00619466      	2.25240496e+05
0.00619532      	2.25250841e+05
0.00619599      	2.25262167e+05
0.00619666      	2.25274406e+05
0.00619733      	2.25287581e+05
0.006198        	2.25301764e+05
0.00619866      	2.25316879e+05
0.00619933      	2.25332961e+05
0.0062          	2.25350079e+05
0.00620068      	2.25396048e+05
0.00620137      	2.25407664e+05
0.00620205      	2.25424703e+05
0.00620273      	2.25449063e+05
0.00620342      	2.25469699e+05
0.0062041       	2.25492523e+05
0.00620479      	2.25516855e+05
0.00620547      	2.25546938e+05
0.00620616      	2.25572544e+05
0.00620685      	2.25599925e+05
0.00620754      	2.25628350e+05
0.00620823      	2.25662136e+05
0.00620892      	2.25692331e+05
0.00620961      	2.25724143e+05
0.0062103       	2.25757293e+05
0.00621099      	2.25796135e+05
0.00621168      	2.25830292e+05
0.00621237      	2.25866309e+05
0.00621307      	2.25908273e+05
0.00621376      	2.25945610e+05
0.00621446      	2.25984857e+05
0.00621516      	2.26030107e+05
0.00621585      	2.26070679e+05
0.00621655      	2.26113161e+05
0.00621725      	2.26161673e+05
0.00621795      	2.26205438e+05
0.00621865      	2.26251098e+05
0.00621935      	2.26302812e+05
0.00622006      	2.26349698e+05
0.00622076      	2.26403234e+05
0.00622147      	2.26452060e+05
0.00622218      	2.26507584e+05
0.00622289      	2.26558454e+05
0.0062236       	2.26616046e+05
0.00622431      	2.26668852e+05
0.00622502      	2.26728551e+05
0.00622574      	2.26783341e+05
0.00622645      	2.26839896e+05
0.00622717      	2.26902731e+05
0.00622788      	2.26960338e+05
0.0062286       	2.27024645e+05
0.00622933      	2.27083969e+05
0.00623005      	2.27150045e+05
0.00623077      	2.27210935e+05
0.0062315       	2.27278717e+05
0.00623222      	2.27341212e+05
0.00623295      	2.27410496e+05
0.00623368      	2.27474571e+05
0.00623442      	2.27545476e+05
0.00623515      	2.27610888e+05
0.00623588      	2.27683244e+05
0.00623662      	2.27749973e+05
0.00623736      	2.27823593e+05
0.0062381       	2.27891551e+05
0.00623884      	2.27966393e+05
0.00623958      	2.28035385e+05
0.00624033      	2.28105927e+05
0.00624107      	2.28182684e+05
0.00624182      	2.28253120e+05
0.00624257      	2.28330428e+05
0.00624332      	2.28401466e+05
0.00624407      	2.28479416e+05
0.00624483      	2.28551076e+05
0.00624558      	2.28629650e+05
0.00624634      	2.28701710e+05
0.0062471       	2.28780786e+05
0.00624786      	2.28853155e+05
0.00624862      	2.28926660e+05
0.00624939      	2.29006439e+05
0.00625015      	2.29078967e+05
0.00625092      	2.29158320e+05
0.00625169      	2.29230571e+05
0.00625246      	2.29303732e+05
0.00625323      	2.29383068e+05
0.006254        	2.29454780e+05
0.00625478      	2.29533300e+05
0.00625555      	2.29604177e+05
0.00625633      	2.29675868e+05
0.00625711      	2.29753690e+05
0.00625789      	2.29823319e+05
0.00625867      	2.29893530e+05
0.00625946      	2.29969817e+05
0.00626024      	2.30037596e+05
0.00626103      	2.30105854e+05
0.00626182      	2.30180197e+05
0.00626261      	2.30245731e+05
0.0062634       	2.30311635e+05
0.00626419      	2.30383630e+05
0.00626499      	2.30446496e+05
0.00626578      	2.30509621e+05
0.00626657      	2.30572079e+05
0.00626737      	2.30640353e+05
0.00626817      	2.30699019e+05
0.00626897      	2.30757648e+05
0.00626977      	2.30815451e+05
0.00627057      	2.30879127e+05
0.00627138      	2.30932664e+05
0.00627218      	2.30986054e+05
0.00627299      	2.31038523e+05
0.00627379      	2.31089627e+05
0.0062746       	2.31146406e+05
0.00627541      	2.31192551e+05
0.00627622      	2.31238338e+05
0.00627703      	2.31282935e+05
0.00627784      	2.31333424e+05
0.00627865      	2.31372784e+05
0.00627947      	2.31411716e+05
0.00628028      	2.31449389e+05
0.0062811       	2.31485343e+05
0.00628192      	2.31527019e+05
0.00628274      	2.31557066e+05
0.00628356      	2.31586511e+05
0.00628438      	2.31614465e+05
0.0062852       	2.31640637e+05
0.00628602      	2.31664760e+05
0.00628684      	2.31694619e+05
0.00628767      	2.31712190e+05
0.0062885       	2.31729051e+05
0.00628932      	2.31744276e+05
0.00629015      	2.31757568e+05
0.00629097      	2.31768661e+05
0.00629181      	2.31785610e+05
0.00629264      	2.31789644e+05
0.00629347      	2.31792916e+05
0.0062943       	2.31794458e+05
0.00629513      	2.31793960e+05
0.00629597      	2.31791158e+05
0.0062968       	2.31786017e+05
0.00629764      	2.31786988e+05
0.00629848      	2.31774224e+05
0.00629932      	2.31760753e+05
0.00630016      	2.31745583e+05
0.00630099      	2.31728219e+05
0.00630183      	2.31708536e+05
0.00630267      	2.31686544e+05
0.00630351      	2.31662119e+05
0.00630436      	2.31644089e+05
0.0063052       	2.31611677e+05
0.00630605      	2.31578685e+05
0.0063069       	2.31544012e+05
0.00630774      	2.31507317e+05
0.00630859      	2.31468333e+05
0.00630944      	2.31427043e+05
0.00631028      	2.31383513e+05
0.00631113      	2.31337645e+05
0.00631198      	2.31298732e+05
0.00631284      	2.31244568e+05
0.00631369      	2.31190123e+05
0.00631455      	2.31134194e+05
0.0063154       	2.31076413e+05
0.00631626      	2.31016509e+05
0.00631711      	2.30954478e+05
0.00631797      	2.30890393e+05
0.00631882      	2.30824169e+05
0.00631968      	2.30765637e+05
0.00632055      	2.30690938e+05
0.00632141      	2.30616413e+05
0.00632227      	2.30540728e+05
0.00632314      	2.30463480e+05
0.006324        	2.30384389e+05
0.00632486      	2.30303456e+05
0.00632573      	2.30220765e+05
0.00632659      	2.30136241e+05
0.00632747      	2.30060220e+05
0.00632834      	2.29966601e+05
0.00632921      	2.29873377e+05
0.00633009      	2.29779126e+05
0.00633096      	2.29683444e+05
0.00633184      	2.29586109e+05
0.00633271      	2.29487183e+05
0.00633359      	2.29397799e+05
0.00633448      	2.29290067e+05
0.00633537      	2.29183739e+05
0.00633625      	2.29077199e+05
0.00633714      	2.28969780e+05
0.00633802      	2.28861346e+05
0.00633891      	2.28751945e+05
0.00633979      	2.28641498e+05
0.00634069      	2.28541988e+05
0.00634159      	2.28422995e+05
0.00634249      	2.28306292e+05
0.00634339      	2.28189966e+05
0.00634429      	2.28073427e+05
0.00634518      	2.27956336e+05
0.00634608      	2.27838689e+05
0.00634698      	2.27720575e+05
0.00634788      	2.27601924e+05
0.00634878      	2.27482832e+05
0.00634969      	2.27376669e+05
0.00635061      	2.27248643e+05
0.00635152      	2.27124126e+05
0.00635244      	2.27000797e+05
0.00635335      	2.26877726e+05
0.00635427      	2.26754671e+05
0.00635518      	2.26631623e+05
0.0063561       	2.26508471e+05
0.00635701      	2.26385291e+05
0.00635793      	2.26262198e+05
0.00635884      	2.26139117e+05
0.00635975      	2.26016135e+05
0.00636067      	2.25893362e+05
0.00636158      	2.25770720e+05
0.0063625       	2.25648289e+05
0.00636341      	2.25526175e+05
0.00636433      	2.25404294e+05
0.00636527      	2.25299520e+05
0.00636621      	2.25166308e+05
0.00636714      	2.25039019e+05
0.00636808      	2.24914091e+05
0.00636902      	2.24790452e+05
0.00636996      	2.24667444e+05
0.0063709       	2.24544994e+05
0.00637184      	2.24423142e+05
0.00637278      	2.24301785e+05
0.00637372      	2.24180993e+05
0.00637465      	2.24060862e+05
0.00637559      	2.23941297e+05
0.00637653      	2.23822394e+05
0.00637747      	2.23704170e+05
0.00637841      	2.23586564e+05
0.00637935      	2.23469685e+05
0.00638029      	2.23353553e+05
0.00638123      	2.23238156e+05
0.00638216      	2.23119573e+05
0.0063831       	2.22999915e+05
0.00638404      	2.22881246e+05
0.00638498      	2.22763928e+05
0.00638592      	2.22647950e+05
0.00638686      	2.22533083e+05
0.0063878       	2.22419290e+05
0.00638874      	2.22306575e+05
0.00638967      	2.22194768e+05
0.00639061      	2.22083849e+05
0.00639155      	2.21973872e+05
0.00639249      	2.21864691e+05
0.00639343      	2.21756332e+05
0.00639437      	2.21648844e+05
0.00639531      	2.21542089e+05
0.00639625      	2.21436092e+05
0.00639718      	2.21330907e+05
0.00639812      	2.21226392e+05
0.00639906      	2.21122576e+05
0.0064          	2.21019509e+05
0.00640091      	2.20902924e+05
0.00640183      	2.20813278e+05
0.00640274      	2.20718367e+05
0.00640365      	2.20621856e+05
0.00640456      	2.20522698e+05
0.00640547      	2.20428319e+05
0.00640638      	2.20333314e+05
0.00640728      	2.20236001e+05
0.00640819      	2.20143536e+05
0.00640909      	2.20047971e+05
0.00640999      	2.19956887e+05
0.00641089      	2.19865076e+05
0.00641179      	2.19770710e+05
0.00641268      	2.19680969e+05
0.00641358      	2.19590489e+05
0.00641447      	2.19497396e+05
0.00641536      	2.19408860e+05
0.00641625      	2.19317072e+05
0.00641714      	2.19229506e+05
0.00641803      	2.19140877e+05
0.00641891      	2.19049561e+05
0.00641979      	2.18962636e+05
0.00642067      	2.18872221e+05
0.00642155      	2.18786043e+05
0.00642243      	2.18698610e+05
0.00642331      	2.18608275e+05
0.00642418      	2.18522356e+05
0.00642505      	2.18435198e+05
0.00642593      	2.18345095e+05
0.0064268       	2.18259371e+05
0.00642767      	2.18172339e+05
0.00642853      	2.18082287e+05
0.0064294       	2.17996577e+05
0.00643026      	2.17907019e+05
0.00643112      	2.17821374e+05
0.00643198      	2.17733870e+05
0.00643284      	2.17643717e+05
0.0064337       	2.17557938e+05
0.00643455      	2.17470822e+05
0.00643541      	2.17380428e+05
0.00643626      	2.17294264e+05
0.00643711      	2.17204177e+05
0.00643796      	2.17118034e+05
0.00643881      	2.17030288e+05
0.00643965      	2.16939241e+05
0.00644049      	2.16852415e+05
0.00644134      	2.16764058e+05
0.00644218      	2.16672387e+05
0.00644302      	2.16584990e+05
0.00644386      	2.16496043e+05
0.00644469      	2.16403726e+05
0.00644553      	2.16315739e+05
0.00644636      	2.16226179e+05
0.0064472       	2.16135853e+05
0.00644803      	2.16042251e+05
0.00644886      	2.15953218e+05
0.00644969      	2.15862712e+05
0.00645051      	2.15768615e+05
0.00645134      	2.15679059e+05
0.00645216      	2.15587978e+05
0.00645299      	2.15496005e+05
0.00645381      	2.15400695e+05
0.00645463      	2.15310237e+05
0.00645545      	2.15218187e+05
0.00645628      	2.15125326e+05
0.00645709      	2.15029157e+05
0.00645791      	2.14937875e+05
0.00645873      	2.14845060e+05
0.00645954      	2.14748610e+05
0.00646035      	2.14657066e+05
0.00646116      	2.14563964e+05
0.00646197      	2.14470164e+05
0.00646278      	2.14372841e+05
0.00646359      	2.14280767e+05
0.00646439      	2.14187287e+05
0.0064652       	2.14093053e+05
0.006466        	2.13995294e+05
0.00646681      	2.13903060e+05
0.00646761      	2.13809338e+05
0.00646841      	2.13714955e+05
0.00646921      	2.13617065e+05
0.00647001      	2.13524799e+05
0.0064708       	2.13431132e+05
0.0064716       	2.13336929e+05
0.0064724       	2.13242387e+05
0.00647319      	2.13144327e+05
0.00647398      	2.13052346e+05
0.00647478      	2.12958991e+05
0.00647557      	2.12865105e+05
0.00647636      	2.12771073e+05
0.00647715      	2.12676929e+05
0.00647794      	2.12579237e+05
0.00647873      	2.12488011e+05
0.00647952      	2.12395480e+05
0.0064803       	2.12302508e+05
0.00648109      	2.12209489e+05
0.00648187      	2.12112731e+05
0.00648266      	2.12022681e+05
0.00648344      	2.11931495e+05
0.00648422      	2.11839891e+05
0.006485        	2.11748261e+05
0.00648579      	2.11656817e+05
0.00648656      	2.11561570e+05
0.00648734      	2.11473472e+05
0.00648812      	2.11384303e+05
0.00648889      	2.11294811e+05
0.00648967      	2.11205378e+05
0.00649044      	2.11112058e+05
0.00649121      	2.11026192e+05
0.00649198      	2.10939233e+05
0.00649276      	2.10852118e+05
0.00649353      	2.10765087e+05
0.0064943       	2.10678364e+05
0.00649507      	2.10587485e+05
0.00649583      	2.10504800e+05
0.0064966       	2.10420950e+05
0.00649736      	2.10337019e+05
0.00649813      	2.10253258e+05
0.0064989       	2.10169874e+05
0.00649966      	2.10082241e+05
0.00650042      	2.10003045e+05
0.00650118      	2.09922829e+05
0.00650194      	2.09842586e+05
0.0065027       	2.09762580e+05
0.00650346      	2.09683021e+05
0.00650421      	2.09598933e+05
0.00650496      	2.09523802e+05
0.00650572      	2.09447663e+05
0.00650647      	2.09371540e+05
0.00650723      	2.09295707e+05
0.00650798      	2.09220377e+05
0.00650874      	2.09145702e+05
0.00650948      	2.09066029e+05
0.00651023      	2.08996006e+05
0.00651098      	2.08925038e+05
0.00651173      	2.08854005e+05
0.00651248      	2.08783340e+05
0.00651322      	2.08707329e+05
0.00651396      	2.08641390e+05
0.0065147       	2.08574402e+05
0.00651544      	2.08507456e+05
0.00651618      	2.08440858e+05
0.00651693      	2.08374830e+05
0.00651767      	2.08309524e+05
0.0065184       	2.08238337e+05
0.00651914      	2.08178040e+05
0.00651987      	2.08116719e+05
0.00652061      	2.08055323e+05
0.00652134      	2.07994311e+05
0.00652208      	2.07933946e+05
0.00652281      	2.07867109e+05
0.00652354      	2.07811845e+05
0.00652426      	2.07755481e+05
0.00652499      	2.07699007e+05
0.00652572      	2.07642901e+05
0.00652645      	2.07587431e+05
0.00652717      	2.07524853e+05
0.00652789      	2.07474611e+05
0.00652861      	2.07423175e+05
0.00652933      	2.07371579e+05
0.00653005      	2.07320318e+05
0.00653078      	2.07269668e+05
0.0065315       	2.07219618e+05
0.00653221      	2.07161694e+05
0.00653292      	2.07117169e+05
0.00653364      	2.07071215e+05
0.00653435      	2.07025055e+05
0.00653506      	2.06979243e+05
0.00653578      	2.06933895e+05
0.00653649      	2.06889143e+05
0.0065372       	2.06835606e+05
0.0065379       	2.06796488e+05
0.00653861      	2.06755808e+05
0.00653931      	2.06714890e+05
0.00654002      	2.06674148e+05
0.00654073      	2.06633847e+05
0.00654143      	2.06594317e+05
0.00654214      	2.06555038e+05
0.00654284      	2.06516502e+05
0.00654354      	2.06467728e+05
0.00654424      	2.06435085e+05
0.00654493      	2.06400616e+05
0.00654563      	2.06365744e+05
0.00654633      	2.06330948e+05
0.00654702      	2.06296501e+05
0.00654772      	2.06262593e+05
0.00654842      	2.06229162e+05
0.00654912      	2.06196256e+05
0.0065498       	2.06151319e+05
0.00655049      	2.06124601e+05
0.00655118      	2.06095772e+05
0.00655187      	2.06066355e+05
0.00655255      	2.06036869e+05
0.00655324      	2.06007653e+05
0.00655393      	2.05978884e+05
0.00655462      	2.05950525e+05
0.0065553       	2.05922623e+05
0.00655599      	2.05895261e+05
0.00655667      	2.05853204e+05
0.00655735      	2.05832445e+05
0.00655802      	2.05809201e+05
0.0065587       	2.05785036e+05
0.00655938      	2.05760685e+05
0.00656005      	2.05736550e+05
0.00656073      	2.05712682e+05
0.00656141      	2.05689179e+05
0.00656209      	2.05666131e+05
0.00656276      	2.05643444e+05
0.00656344      	2.05621141e+05
0.00656412      	2.05599286e+05
0.00656479      	2.05577776e+05
0.00656546      	2.05536985e+05
0.00656612      	2.05523213e+05
0.00656679      	2.05506120e+05
0.00656745      	2.05487766e+05
0.00656811      	2.05469071e+05
0.00656878      	2.05450354e+05
0.00656944      	2.05431833e+05
0.00657011      	2.05413660e+05
0.00657077      	2.05395775e+05
0.00657144      	2.05378212e+05
0.0065721       	2.05361047e+05
0.00657276      	2.05344167e+05
0.00657343      	2.05327626e+05
0.00657409      	2.05311455e+05
0.00657476      	2.05295564e+05
0.00657542      	2.05279987e+05
0.00657609      	2.05264772e+05
0.00657675      	2.05249930e+05
0.00657741      	2.05235347e+05
0.00657808      	2.05221098e+05
0.00657874      	2.05207119e+05
0.00657941      	2.05193431e+05
0.00658007      	2.05180109e+05
0.00658074      	2.05166973e+05
0.0065814       	2.05154284e+05
0.00658206      	2.05141943e+05
0.00658273      	2.05129775e+05
0.00658339      	2.05117974e+05
0.00658406      	2.05106567e+05
0.00658472      	2.05095462e+05
0.00658539      	2.05084690e+05
0.00658605      	2.05074314e+05
0.00658671      	2.05064241e+05
0.00658738      	2.05054506e+05
0.00658804      	2.05045173e+05
0.00658871      	2.05036157e+05
0.00658937      	2.05027492e+05
0.00659004      	2.05019261e+05
0.0065907       	2.05011346e+05
0.00659136      	2.05003800e+05
0.00659203      	2.04996694e+05
0.00659269      	2.04989942e+05
0.00659336      	2.04983586e+05
0.00659402      	2.04977688e+05
0.00659469      	2.04971986e+05
0.00659535      	2.04966814e+05
0.00659601      	2.04962248e+05
0.00659668      	2.04958058e+05
0.00659734      	2.04954310e+05
0.00659801      	2.04951067e+05
0.00659867      	2.04948262e+05
0.00659934      	2.04945929e+05
0.0066          	2.04944144e+05
0.00660065      	2.04907583e+05
0.00660129      	2.04916813e+05
0.00660193      	2.04917109e+05
0.00660258      	2.04920546e+05
0.00660322      	2.04922747e+05
0.00660386      	2.04924716e+05
0.0066045       	2.04922755e+05
0.00660514      	2.04926478e+05
0.00660579      	2.04930127e+05
0.00660643      	2.04934018e+05
0.00660707      	2.04934182e+05
0.0066077       	2.04940227e+05
0.00660834      	2.04946119e+05
0.00660898      	2.04948128e+05
0.00660962      	2.04956115e+05
0.00661025      	2.04964043e+05
0.00661089      	2.04967970e+05
0.00661152      	2.04977874e+05
0.00661216      	2.04987750e+05
0.00661279      	2.04993598e+05
0.00661342      	2.05005565e+05
0.00661405      	2.05017502e+05
0.00661468      	2.05025350e+05
0.00661532      	2.05039439e+05
0.00661595      	2.05053515e+05
0.00661657      	2.05063485e+05
0.0066172       	2.05079756e+05
0.00661783      	2.05096052e+05
0.00661846      	2.05108227e+05
0.00661908      	2.05126795e+05
0.00661971      	2.05140696e+05
0.00662033      	2.05161077e+05
0.00662095      	2.05181414e+05
0.00662158      	2.05197488e+05
0.0066222       	2.05220013e+05
0.00662282      	2.05242640e+05
0.00662344      	2.05261059e+05
0.00662406      	2.05286161e+05
0.00662468      	2.05311308e+05
0.00662529      	2.05332288e+05
0.00662591      	2.05359926e+05
0.00662653      	2.05387868e+05
0.00662714      	2.05411468e+05
0.00662776      	2.05441808e+05
0.00662837      	2.05472321e+05
0.00662899      	2.05498514e+05
0.0066296       	2.05531561e+05
0.00663021      	2.05564897e+05
0.00663082      	2.05593854e+05
0.00663143      	2.05629790e+05
0.00663205      	2.05666001e+05
0.00663266      	2.05702821e+05
0.00663326      	2.05735373e+05
0.00663387      	2.05775103e+05
0.00663448      	2.05815115e+05
0.00663509      	2.05855806e+05
0.0066357       	2.05897423e+05
0.00663631      	2.05934818e+05
0.00663691      	2.05979481e+05
0.00663752      	2.06024562e+05
0.00663812      	2.06070344e+05
0.00663873      	2.06117024e+05
0.00663933      	2.06159475e+05
0.00663994      	2.06209336e+05
0.00664054      	2.06259556e+05
0.00664115      	2.06310580e+05
0.00664175      	2.06362511e+05
0.00664235      	2.06415420e+05
0.00664296      	2.06469471e+05
0.00664356      	2.06524572e+05
0.00664416      	2.06575326e+05
0.00664477      	2.06633791e+05
0.00664537      	2.06692611e+05
0.00664597      	2.06752216e+05
0.00664657      	2.06812809e+05
0.00664717      	2.06874403e+05
0.00664777      	2.06937069e+05
0.00664838      	2.07000872e+05
0.00664898      	2.07065768e+05
0.00664958      	2.07131788e+05
0.00665018      	2.07198965e+05
0.00665078      	2.07267240e+05
0.00665138      	2.07336620e+05
0.00665199      	2.07407185e+05
0.00665259      	2.07473151e+05
0.00665318      	2.07547037e+05
0.00665378      	2.07621369e+05
0.00665438      	2.07696451e+05
0.00665498      	2.07772467e+05
0.00665558      	2.07849566e+05
0.00665618      	2.07927724e+05
0.00665678      	2.08006963e+05
0.00665738      	2.08087349e+05
0.00665798      	2.08168773e+05
0.00665858      	2.08251315e+05
0.00665918      	2.08335032e+05
0.00665978      	2.08419825e+05
0.00666037      	2.08499737e+05
0.00666097      	2.08587858e+05
0.00666157      	2.08676270e+05
0.00666216      	2.08765380e+05
0.00666276      	2.08855421e+05
0.00666336      	2.08946407e+05
0.00666395      	2.09038393e+05
0.00666455      	2.09131454e+05
0.00666515      	2.09225518e+05
0.00666574      	2.09320599e+05
0.00666634      	2.09410585e+05
0.00666693      	2.09508828e+05
0.00666753      	2.09607262e+05
0.00666812      	2.09706353e+05
0.00666871      	2.09806211e+05
0.00666931      	2.09906933e+05
0.0066699       	2.10008656e+05
0.00667049      	2.10104965e+05
0.00667108      	2.10209581e+05
0.00667168      	2.10314332e+05
0.00667227      	2.10419578e+05
0.00667286      	2.10525514e+05
0.00667345      	2.10632278e+05
0.00667404      	2.10733387e+05
0.00667463      	2.10842860e+05
0.00667522      	2.10952388e+05
0.0066758       	2.11062370e+05
0.00667639      	2.11172926e+05
0.00667698      	2.11284218e+05
0.00667757      	2.11389678e+05
0.00667815      	2.11503509e+05
0.00667874      	2.11617272e+05
0.00667932      	2.11731335e+05
0.00667991      	2.11845855e+05
0.00668049      	2.11954397e+05
0.00668108      	2.12071342e+05
0.00668166      	2.12188007e+05
0.00668224      	2.12304944e+05
0.00668283      	2.12422312e+05
0.00668341      	2.12533425e+05
0.00668399      	2.12652966e+05
0.00668457      	2.12772148e+05
0.00668515      	2.12891434e+05
0.00668573      	2.13011080e+05
0.0066863       	2.13124274e+05
0.00668688      	2.13245868e+05
0.00668746      	2.13367061e+05
0.00668803      	2.13488249e+05
0.00668861      	2.13609633e+05
0.00668919      	2.13724436e+05
0.00668976      	2.13847642e+05
0.00669033      	2.13970252e+05
0.00669091      	2.14092831e+05
0.00669148      	2.14215502e+05
0.00669205      	2.14331323e+05
0.00669262      	2.14455643e+05
0.0066932       	2.14579265e+05
0.00669377      	2.14702669e+05
0.00669434      	2.14826121e+05
0.00669491      	2.14949668e+05
0.00669548      	2.15073327e+05
0.00669605      	2.15189962e+05
0.00669662      	2.15315116e+05
0.00669718      	2.15439424e+05
0.00669775      	2.15563425e+05
0.00669832      	2.15687261e+05
0.00669889      	2.15811030e+05
0.00669946      	2.15934832e+05
0.00670002      	2.16058618e+05
0.00670059      	2.16182375e+05
0.00670116      	2.16306166e+05
0.00670173      	2.16429890e+05
0.0067023       	2.16553543e+05
0.00670286      	2.16669613e+05
0.00670343      	2.16794389e+05
0.00670399      	2.16918022e+05
0.00670456      	2.17041072e+05
0.00670512      	2.17163691e+05
0.00670569      	2.17285990e+05
0.00670625      	2.17408071e+05
0.00670681      	2.17529883e+05
0.00670738      	2.17651433e+05
0.00670794      	2.17772759e+05
0.00670851      	2.17893781e+05
0.00670907      	2.18014487e+05
0.00670964      	2.18134924e+05
0.0067102       	2.18254992e+05
0.00671077      	2.18374688e+05
0.00671133      	2.18494046e+05
0.0067119       	2.18612978e+05
0.00671246      	2.18731475e+05
0.00671303      	2.18849574e+05
0.00671359      	2.18967193e+05
0.00671416      	2.19084315e+05
0.00671472      	2.19200983e+05
0.00671529      	2.19317111e+05
0.00671585      	2.19432693e+05
0.00671642      	2.19547758e+05
0.00671698      	2.19662226e+05
0.00671755      	2.19776088e+05
0.00671811      	2.19889381e+05
0.00671867      	2.20002024e+05
0.00671924      	2.20114003e+05
0.0067198       	2.20225364e+05
0.00672037      	2.20336019e+05
0.00672093      	2.20445957e+05
0.0067215       	2.20555224e+05
0.00672206      	2.20663723e+05
0.00672262      	2.20762356e+05
0.00672318      	2.20871042e+05
0.00672375      	2.20977661e+05
0.00672431      	2.21082861e+05
0.00672487      	2.21186967e+05
0.00672543      	2.21290075e+05
0.00672599      	2.21392255e+05
0.00672655      	2.21493595e+05
0.00672711      	2.21594032e+05
0.00672767      	2.21693571e+05
0.00672823      	2.21792262e+05
0.00672879      	2.21890026e+05
0.00672935      	2.21986858e+05
0.00672991      	2.22082806e+05
0.00673047      	2.22167801e+05
0.00673103      	2.22263796e+05
0.00673158      	2.22357497e+05
0.00673214      	2.22449544e+05
0.00673269      	2.22540255e+05
0.00673325      	2.22629850e+05
0.00673381      	2.22718371e+05
0.00673436      	2.22805820e+05
0.00673492      	2.22892280e+05
0.00673548      	2.22977684e+05
0.00673603      	2.23051248e+05
0.00673658      	2.23136822e+05
0.00673713      	2.23219858e+05
0.00673768      	2.23301119e+05
0.00673823      	2.23381008e+05
0.00673878      	2.23459632e+05
0.00673934      	2.23537087e+05
0.00673989      	2.23613507e+05
0.00674044      	2.23688790e+05
0.00674099      	2.23762959e+05
0.00674154      	2.23836076e+05
0.00674209      	2.23896262e+05
0.00674263      	2.23969669e+05
0.00674318      	2.24040454e+05
0.00674373      	2.24109333e+05
0.00674427      	2.24176690e+05
0.00674482      	2.24242782e+05
0.00674537      	2.24307646e+05
0.00674591      	2.24371307e+05
0.00674646      	2.24433903e+05
0.00674701      	2.24495367e+05
0.00674755      	2.24555713e+05
0.0067481       	2.24614996e+05
0.00674864      	2.24673149e+05
0.00674919      	2.24730175e+05
0.00674973      	2.24772583e+05
0.00675027      	2.24830506e+05
0.00675081      	2.24885478e+05
0.00675135      	2.24938508e+05
0.00675189      	2.24989957e+05
0.00675243      	2.25040063e+05
0.00675297      	2.25089008e+05
0.00675351      	2.25136790e+05
0.00675406      	2.25183454e+05
0.0067546       	2.25229077e+05
0.00675514      	2.25273598e+05
0.00675568      	2.25317035e+05
0.00675622      	2.25359451e+05
0.00675676      	2.25400787e+05
0.0067573       	2.25441046e+05
0.00675784      	2.25480298e+05
0.00675838      	2.25518521e+05
0.00675892      	2.25555666e+05
0.00675946      	2.25591803e+05
0.00676         	2.25626874e+05
0.00676054      	2.25660892e+05
0.00676108      	2.25693935e+05
0.00676162      	2.25725929e+05
0.00676216      	2.25756898e+05
0.0067627       	2.25786908e+05
0.00676324      	2.25815895e+05
0.00676378      	2.25843879e+05
0.00676433      	2.25870927e+05
0.00676487      	2.25896979e+05
0.00676541      	2.25922055e+05
0.00676595      	2.25946219e+05
0.00676649      	2.25969414e+05
0.00676703      	2.25991657e+05
0.00676757      	2.26013020e+05
0.00676811      	2.26033443e+05
0.00676865      	2.26052943e+05
0.00676919      	2.26071593e+05
0.00676973      	2.26089334e+05
0.00677027      	2.26106188e+05
0.00677081      	2.26122225e+05
0.00677135      	2.26137384e+05
0.00677189      	2.26151691e+05
0.00677243      	2.26165216e+05
0.00677297      	2.26177900e+05
0.00677351      	2.26189768e+05
0.00677405      	2.26200888e+05
0.0067746       	2.26211207e+05
0.00677514      	2.26220746e+05
0.00677568      	2.26229580e+05
0.00677622      	2.26237647e+05
0.00677676      	2.26244971e+05
0.0067773       	2.26251631e+05
0.00677784      	2.26257569e+05
0.00677838      	2.26262806e+05
0.00677892      	2.26267421e+05
0.00677946      	2.26271352e+05
0.00678         	2.26274626e+05
0.00678054      	2.26277320e+05
0.00678108      	2.26279378e+05
0.00678162      	2.26280826e+05
0.00678216      	2.26281737e+05
0.0067827       	2.26282057e+05
0.00678324      	2.26281809e+05
0.00678378      	2.26281070e+05
0.00678432      	2.26279784e+05
0.00678487      	2.26277978e+05
0.00678541      	2.26275730e+05
0.00678595      	2.26272982e+05
0.00678649      	2.26269758e+05
0.00678703      	2.26266139e+05
0.00678757      	2.26262066e+05
0.00678811      	2.26257565e+05
0.00678865      	2.26252718e+05
0.00678919      	2.26247464e+05
0.00678973      	2.26241829e+05
0.00679027      	2.26235895e+05
0.00679081      	2.26229598e+05
0.00679135      	2.26222970e+05
0.00679189      	2.26216089e+05
0.00679243      	2.26208849e+05
0.00679297      	2.26201343e+05
0.00679351      	2.26193045e+05
0.00679405      	2.26185084e+05
0.00679459      	2.26176933e+05
0.00679514      	2.26168631e+05
0.00679568      	2.26160113e+05
0.00679622      	2.26151406e+05
0.00679676      	2.26142580e+05
0.0067973       	2.26133582e+05
0.00679784      	2.26124435e+05
0.00679838      	2.26115220e+05
0.00679892      	2.26105873e+05
0.00679946      	2.26096427e+05
0.0068          	2.26086960e+05
0.00680054      	2.26070077e+05
0.00680108      	2.26062441e+05
0.00680161      	2.26053867e+05
0.00680215      	2.26044802e+05
0.00680269      	2.26035482e+05
0.00680323      	2.26029838e+05
0.00680377      	2.26019403e+05
0.00680431      	2.26009457e+05
0.00680484      	2.25999841e+05
0.00680538      	2.25990388e+05
0.00680592      	2.25981069e+05
0.00680646      	2.25971928e+05
0.006807        	2.25966690e+05
0.00680754      	2.25956743e+05
0.00680808      	2.25947487e+05
0.00680862      	2.25938595e+05
0.00680916      	2.25929979e+05
0.00680971      	2.25921655e+05
0.00681025      	2.25913523e+05
0.00681079      	2.25909472e+05
0.00681133      	2.25900758e+05
0.00681187      	2.25892762e+05
0.00681241      	2.25885229e+05
0.00681296      	2.25878119e+05
0.0068135       	2.25871307e+05
0.00681404      	2.25864779e+05
0.00681458      	2.25862547e+05
0.00681513      	2.25855563e+05
0.00681567      	2.25849398e+05
0.00681622      	2.25843849e+05
0.00681676      	2.25838719e+05
0.0068173       	2.25833974e+05
0.00681785      	2.25833663e+05
0.00681839      	2.25828590e+05
0.00681894      	2.25824408e+05
0.00681949      	2.25820898e+05
0.00682003      	2.25817876e+05
0.00682058      	2.25815296e+05
0.00682112      	2.25813187e+05
0.00682167      	2.25811465e+05
0.00682221      	2.25810144e+05
0.00682276      	2.25809288e+05
0.0068233       	2.25812927e+05
0.00682385      	2.25811760e+05
0.0068244       	2.25811635e+05
0.00682495      	2.25812184e+05
0.00682549      	2.25813301e+05
0.00682604      	2.25814987e+05
0.00682659      	2.25817133e+05
0.00682713      	2.25819739e+05
0.00682768      	2.25822867e+05
0.00682823      	2.25826790e+05
0.00682877      	2.25830112e+05
0.00682932      	2.25834776e+05
0.00682987      	2.25839796e+05
0.00683042      	2.25845227e+05
0.00683096      	2.25851155e+05
0.00683151      	2.25857518e+05
0.00683206      	2.25864335e+05
0.0068326       	2.25871674e+05
0.00683315      	2.25879457e+05
0.0068337       	2.25887702e+05
0.00683425      	2.25896465e+05
0.00683479      	2.25905669e+05
0.00683534      	2.25915327e+05
0.00683589      	2.25925511e+05
0.00683643      	2.25936127e+05
0.00683698      	2.25947191e+05
0.00683753      	2.25958767e+05
0.00683807      	2.25970775e+05
0.00683862      	2.25983223e+05
0.00683917      	2.25996174e+05
0.00683972      	2.26009549e+05
0.00684026      	2.26023356e+05
0.00684081      	2.26037653e+05
0.00684136      	2.26056725e+05
0.00684191      	2.26070652e+05
0.00684246      	2.26085689e+05
0.00684301      	2.26101422e+05
0.00684355      	2.26117716e+05
0.0068441       	2.26134549e+05
0.00684465      	2.26151806e+05
0.0068452       	2.26169464e+05
0.00684575      	2.26192020e+05
0.0068463       	2.26209283e+05
0.00684685      	2.26227571e+05
0.0068474       	2.26246595e+05
0.00684796      	2.26266113e+05
0.00684851      	2.26290547e+05
0.00684906      	2.26309704e+05
0.00684961      	2.26329874e+05
0.00685017      	2.26350678e+05
0.00685072      	2.26372042e+05
0.00685128      	2.26398325e+05
0.00685183      	2.26419147e+05
0.00685238      	2.26441039e+05
0.00685294      	2.26463521e+05
0.00685349      	2.26486448e+05
0.00685405      	2.26514395e+05
0.00685461      	2.26536741e+05
0.00685517      	2.26560051e+05
0.00685572      	2.26583996e+05
0.00685628      	2.26608312e+05
0.00685684      	2.26637606e+05
0.0068574       	2.26661246e+05
0.00685796      	2.26685798e+05
0.00685852      	2.26710879e+05
0.00685908      	2.26736371e+05
0.00685964      	2.26766826e+05
0.0068602       	2.26791412e+05
0.00686076      	2.26816948e+05
0.00686132      	2.26842947e+05
0.00686189      	2.26874032e+05
0.00686245      	2.26899219e+05
0.00686301      	2.26925291e+05
0.00686358      	2.26951793e+05
0.00686414      	2.26978621e+05
0.0068647       	2.27005581e+05
0.00686527      	2.27037493e+05
0.00686584      	2.27063249e+05
0.0068664       	2.27089777e+05
0.00686697      	2.27116660e+05
0.00686753      	2.27143778e+05
0.0068681       	2.27175899e+05
0.00686867      	2.27201626e+05
0.00686924      	2.27228184e+05
0.00686981      	2.27255006e+05
0.00687038      	2.27281942e+05
0.00687095      	2.27308930e+05
0.00687152      	2.27340892e+05
0.00687209      	2.27366197e+05
0.00687266      	2.27392244e+05
0.00687323      	2.27418502e+05
0.0068738       	2.27444750e+05
0.00687437      	2.27470976e+05
0.00687494      	2.27497026e+05
0.00687551      	2.27522852e+05
0.00687609      	2.27548522e+05
0.00687666      	2.27579150e+05
0.00687723      	2.27602733e+05
0.00687781      	2.27626963e+05
0.00687838      	2.27651251e+05
0.00687895      	2.27675427e+05
0.00687953      	2.27699528e+05
0.0068801       	2.27723143e+05
0.00688067      	2.27746493e+05
0.00688125      	2.27769542e+05
0.00688182      	2.27792183e+05
0.0068824       	2.27814418e+05
0.00688297      	2.27836299e+05
0.00688355      	2.27863196e+05
0.00688412      	2.27882511e+05
0.0068847       	2.27902346e+05
0.00688528      	2.27922104e+05
0.00688585      	2.27941578e+05
0.00688643      	2.27960717e+05
0.006887        	2.27979365e+05
0.00688758      	2.27997499e+05
0.00688816      	2.28015161e+05
0.00688873      	2.28032245e+05
0.00688931      	2.28048754e+05
0.00688989      	2.28064744e+05
0.00689046      	2.28080115e+05
0.00689104      	2.28100652e+05
0.00689162      	2.28113034e+05
0.0068922       	2.28125745e+05
0.00689278      	2.28138256e+05
0.00689336      	2.28150399e+05
0.00689394      	2.28161958e+05
0.00689452      	2.28172882e+05
0.0068951       	2.28183202e+05
0.00689568      	2.28192803e+05
0.00689626      	2.28207726e+05
0.00689685      	2.28213998e+05
0.00689743      	2.28220552e+05
0.00689801      	2.28226830e+05
0.00689859      	2.28232651e+05
0.00689918      	2.28237795e+05
0.00689976      	2.28242213e+05
0.00690034      	2.28245935e+05
0.00690093      	2.28255152e+05
0.00690151      	2.28255170e+05
0.0069021       	2.28255544e+05
0.00690269      	2.28255573e+05
0.00690327      	2.28255017e+05
0.00690386      	2.28253811e+05
0.00690445      	2.28258324e+05
0.00690504      	2.28253265e+05
0.00690563      	2.28248576e+05
0.00690622      	2.28243522e+05
0.00690681      	2.28237850e+05
0.0069074       	2.28238236e+05
0.006908        	2.28228702e+05
0.00690859      	2.28219500e+05
0.00690918      	2.28210020e+05
0.00690978      	2.28199884e+05
0.00691037      	2.28188970e+05
0.00691097      	2.28184293e+05
0.00691157      	2.28169096e+05
0.00691216      	2.28154476e+05
0.00691276      	2.28139465e+05
0.00691336      	2.28123793e+05
0.00691396      	2.28107330e+05
0.00691456      	2.28097509e+05
0.00691516      	2.28076601e+05
0.00691576      	2.28056210e+05
0.00691636      	2.28035564e+05
0.00691696      	2.28014264e+05
0.00691757      	2.27999793e+05
0.00691818      	2.27974035e+05
0.00691878      	2.27948950e+05
0.00691939      	2.27923482e+05
0.00691999      	2.27897472e+05
0.0069206       	2.27870664e+05
0.00692121      	2.27850996e+05
0.00692182      	2.27819555e+05
0.00692243      	2.27788664e+05
0.00692304      	2.27757526e+05
0.00692365      	2.27725877e+05
0.00692427      	2.27693460e+05
0.00692488      	2.27668626e+05
0.0069255       	2.27631426e+05
0.00692611      	2.27594887e+05
0.00692673      	2.27558175e+05
0.00692734      	2.27521003e+05
0.00692796      	2.27483108e+05
0.00692858      	2.27453384e+05
0.0069292       	2.27410487e+05
0.00692982      	2.27368467e+05
0.00693044      	2.27326362e+05
0.00693106      	2.27283867e+05
0.00693169      	2.27240708e+05
0.00693231      	2.27196834e+05
0.00693293      	2.27152282e+05
0.00693355      	2.27116538e+05
0.00693418      	2.27066683e+05
0.00693481      	2.27017965e+05
0.00693544      	2.26969288e+05
0.00693606      	2.26920275e+05
0.00693669      	2.26870807e+05
0.00693732      	2.26820704e+05
0.00693794      	2.26769961e+05
0.00693858      	2.26729072e+05
0.00693921      	2.26672910e+05
0.00693984      	2.26618106e+05
0.00694048      	2.26563628e+05
0.00694111      	2.26508942e+05
0.00694174      	2.26453867e+05
0.00694238      	2.26398385e+05
0.00694301      	2.26342368e+05
0.00694364      	2.26285838e+05
0.00694427      	2.26228875e+05
0.00694492      	2.26183102e+05
0.00694556      	2.26120379e+05
0.0069462       	2.26059522e+05
0.00694684      	2.25999188e+05
0.00694748      	2.25938905e+05
0.00694812      	2.25878511e+05
0.00694876      	2.25817812e+05
0.0069494       	2.25756797e+05
0.00695004      	2.25695533e+05
0.00695068      	2.25633935e+05
0.00695132      	2.25572047e+05
0.00695196      	2.25509960e+05
0.00695261      	2.25461296e+05
0.00695326      	2.25393033e+05
0.00695391      	2.25327296e+05
0.00695456      	2.25262502e+05
0.00695521      	2.25198089e+05
0.00695586      	2.25133853e+05
0.00695651      	2.25069579e+05
0.00695715      	2.25005250e+05
0.0069578       	2.24940930e+05
0.00695845      	2.24876534e+05
0.0069591       	2.24812106e+05
0.00695975      	2.24747739e+05
0.0069604       	2.24683358e+05
0.00696105      	2.24619014e+05
0.00696171      	2.24571832e+05
0.00696237      	2.24500548e+05
0.00696303      	2.24432712e+05
0.00696369      	2.24366522e+05
0.00696435      	2.24301126e+05
0.00696501      	2.24236205e+05
0.00696567      	2.24171677e+05
0.00696633      	2.24107383e+05
0.00696699      	2.24043341e+05
0.00696765      	2.23979626e+05
0.00696831      	2.23916158e+05
0.00696897      	2.23852986e+05
0.00696963      	2.23790201e+05
0.00697029      	2.23727727e+05
0.00697095      	2.23665612e+05
0.00697161      	2.23603948e+05
0.00697229      	2.23566175e+05
0.00697296      	2.23495427e+05
0.00697364      	2.23429907e+05
0.00697432      	2.23366851e+05
0.00697499      	2.23305213e+05
0.00697567      	2.23244565e+05
0.00697634      	2.23184585e+05
0.00697702      	2.23125211e+05
0.0069777       	2.23066486e+05
0.00697837      	2.23008309e+05
0.00697905      	2.22950722e+05
0.00697972      	2.22893810e+05
0.0069804       	2.22837492e+05
0.00698107      	2.22781815e+05
0.00698175      	2.22726864e+05
0.00698243      	2.22672555e+05
0.0069831       	2.22618931e+05
0.00698378      	2.22566076e+05
0.00698445      	2.22513903e+05
0.00698513      	2.22462451e+05
0.00698584      	2.22456640e+05
0.00698655      	2.22387804e+05
0.00698725      	2.22329183e+05
0.00698796      	2.22275415e+05
0.00698867      	2.22224211e+05
0.00698938      	2.22174603e+05
0.00699009      	2.22126213e+05
0.00699079      	2.22078751e+05
0.0069915       	2.22032178e+05
0.00699221      	2.21986544e+05
0.00699292      	2.21941750e+05
0.00699363      	2.21897835e+05
0.00699434      	2.21854881e+05
0.00699504      	2.21812794e+05
0.00699575      	2.21771614e+05
0.00699646      	2.21731415e+05
0.00699717      	2.21692100e+05
0.00699788      	2.21653703e+05
0.00699858      	2.21616294e+05
0.00699929      	2.21579771e+05
0.007           	2.21544166e+05
0.00700072      	2.21531058e+05
0.00700145      	2.21491693e+05
0.00700218      	2.21456582e+05
0.00700291      	2.21420411e+05
0.00700364      	2.21390466e+05
0.00700438      	2.21360842e+05
0.00700512      	2.21328483e+05
0.00700585      	2.21301656e+05
0.00700659      	2.21274806e+05
0.00700734      	2.21245048e+05
0.00700808      	2.21220801e+05
0.00700882      	2.21193021e+05
0.00700957      	2.21170680e+05
0.00701032      	2.21148133e+05
0.00701107      	2.21122484e+05
0.00701182      	2.21102495e+05
0.00701258      	2.21082354e+05
0.00701333      	2.21059094e+05
0.00701409      	2.21041540e+05
0.00701485      	2.21020251e+05
0.00701561      	2.21004402e+05
0.00701638      	2.20988345e+05
0.00701714      	2.20968986e+05
0.00701791      	2.20955278e+05
0.00701868      	2.20937789e+05
0.00701945      	2.20925721e+05
0.00702022      	2.20909650e+05
0.007021        	2.20899065e+05
0.00702177      	2.20884360e+05
0.00702255      	2.20875063e+05
0.00702333      	2.20861676e+05
0.00702411      	2.20853659e+05
0.00702489      	2.20841405e+05
0.00702568      	2.20834617e+05
0.00702646      	2.20823479e+05
0.00702725      	2.20817728e+05
0.00702804      	2.20807646e+05
0.00702883      	2.20802906e+05
0.00702963      	2.20793677e+05
0.00703042      	2.20789881e+05
0.00703122      	2.20781471e+05
0.00703201      	2.20774597e+05
0.00703281      	2.20772421e+05
0.00703361      	2.20765214e+05
0.00703442      	2.20763216e+05
0.00703522      	2.20756422e+05
0.00703603      	2.20751005e+05
0.00703683      	2.20750140e+05
0.00703764      	2.20744090e+05
0.00703845      	2.20739245e+05
0.00703926      	2.20738870e+05
0.00704007      	2.20733130e+05
0.00704088      	2.20728519e+05
0.0070417       	2.20724351e+05
0.00704251      	2.20724405e+05
0.00704333      	2.20718658e+05
0.00704414      	2.20713933e+05
0.00704496      	2.20713632e+05
0.00704578      	2.20707459e+05
0.00704661      	2.20702278e+05
0.00704743      	2.20697408e+05
0.00704825      	2.20696547e+05
0.00704907      	2.20689505e+05
0.0070499       	2.20683386e+05
0.00705072      	2.20677337e+05
0.00705155      	2.20675276e+05
0.00705238      	2.20666858e+05
0.00705321      	2.20659167e+05
0.00705404      	2.20651475e+05
0.00705488      	2.20647796e+05
0.00705571      	2.20637408e+05
0.00705654      	2.20627702e+05
0.00705738      	2.20617963e+05
0.00705821      	2.20607778e+05
0.00705905      	2.20601389e+05
0.00705989      	2.20588043e+05
0.00706073      	2.20575241e+05
0.00706157      	2.20562222e+05
0.00706241      	2.20548747e+05
0.00706325      	2.20539019e+05
0.00706409      	2.20521959e+05
0.00706494      	2.20505484e+05
0.00706578      	2.20488664e+05
0.00706663      	2.20471223e+05
0.00706748      	2.20457651e+05
0.00706833      	2.20436405e+05
0.00706918      	2.20415633e+05
0.00707003      	2.20394555e+05
0.00707087      	2.20372744e+05
0.00707173      	2.20354780e+05
0.00707259      	2.20328946e+05
0.00707344      	2.20303535e+05
0.0070743       	2.20277705e+05
0.00707515      	2.20251200e+05
0.00707601      	2.20223781e+05
0.00707687      	2.20200274e+05
0.00707773      	2.20168525e+05
0.00707859      	2.20137219e+05
0.00707945      	2.20105483e+05
0.00708031      	2.20073052e+05
0.00708117      	2.20039685e+05
0.00708203      	2.20005370e+05
0.00708289      	2.19970162e+05
0.00708376      	2.19933954e+05
0.00708462      	2.19901929e+05
0.00708549      	2.19861124e+05
0.00708636      	2.19820884e+05
0.00708723      	2.19780278e+05
0.00708809      	2.19739027e+05
0.00708896      	2.19696888e+05
0.00708983      	2.19653855e+05
0.0070907       	2.19609991e+05
0.00709156      	2.19565197e+05
0.00709243      	2.19519525e+05
0.0070933       	2.19473062e+05
0.00709417      	2.19431310e+05
0.00709505      	2.19380041e+05
0.00709592      	2.19329727e+05
0.0070968       	2.19279209e+05
0.00709767      	2.19228148e+05
0.00709855      	2.19176476e+05
0.00709942      	2.19124045e+05
0.00710029      	2.19070896e+05
0.00710117      	2.19017101e+05
0.00710204      	2.18962582e+05
0.00710293      	2.18913522e+05
0.00710381      	2.18854307e+05
0.00710469      	2.18796323e+05
0.00710557      	2.18738442e+05
0.00710646      	2.18680328e+05
0.00710734      	2.18621724e+05
0.00710822      	2.18562633e+05
0.0071091       	2.18503129e+05
0.00710999      	2.18443127e+05
0.00711087      	2.18382695e+05
0.00711175      	2.18321932e+05
0.00711263      	2.18260761e+05
0.00711352      	2.18199250e+05
0.0071144       	2.18137499e+05
0.00711528      	2.18075426e+05
0.00711616      	2.18013096e+05
0.00711705      	2.17950607e+05
0.00711793      	2.17887882e+05
0.00711881      	2.17824987e+05
0.00711969      	2.17762021e+05
0.00712058      	2.17698904e+05
0.00712146      	2.17635704e+05
0.00712234      	2.17572519e+05
0.00712322      	2.17509267e+05
0.00712411      	2.17446016e+05
0.00712499      	2.17382862e+05
0.00712587      	2.17319723e+05
0.00712675      	2.17256666e+05
0.00712764      	2.17193784e+05
0.00712852      	2.17130997e+05
0.0071294       	2.17068368e+05
0.00713028      	2.17005991e+05
0.00713117      	2.16943781e+05
0.00713205      	2.16881802e+05
0.00713293      	2.16820146e+05
0.00713381      	2.16758726e+05
0.0071347       	2.16697605e+05
0.00713558      	2.16636871e+05
0.00713646      	2.16576438e+05
0.00713734      	2.16516365e+05
0.00713823      	2.16456738e+05
0.00713911      	2.16397469e+05
0.00713999      	2.16338614e+05
0.00714087      	2.16280259e+05
0.00714176      	2.16222313e+05
0.00714264      	2.16164830e+05
0.00714352      	2.16107893e+05
0.0071444       	2.16051407e+05
0.00714529      	2.15995426e+05
0.00714617      	2.15940030e+05
0.00714705      	2.15885121e+05
0.00714793      	2.15830752e+05
0.00714882      	2.15776999e+05
0.0071497       	2.15723762e+05
0.00715058      	2.15671091e+05
0.00715146      	2.15619060e+05
0.00715235      	2.15567567e+05
0.00715323      	2.15516659e+05
0.00715411      	2.15466407e+05
0.00715498      	2.15402095e+05
0.00715584      	2.15360286e+05
0.00715671      	2.15315134e+05
0.00715757      	2.15269034e+05
0.00715844      	2.15222948e+05
0.00715931      	2.15177317e+05
0.00716017      	2.15132178e+05
0.00716104      	2.15087617e+05
0.0071619       	2.15043711e+05
0.00716277      	2.15000351e+05
0.00716363      	2.14957569e+05
0.0071645       	2.14915423e+05
0.00716537      	2.14873799e+05
0.00716623      	2.14832726e+05
0.0071671       	2.14792265e+05
0.00716796      	2.14752301e+05
0.00716883      	2.14712866e+05
0.0071697       	2.14674018e+05
0.00717056      	2.14635644e+05
0.00717143      	2.14597770e+05
0.00717229      	2.14560457e+05
0.00717316      	2.14523588e+05
0.007174        	2.14460890e+05
0.00717484      	2.14436880e+05
0.00717568      	2.14406634e+05
0.00717651      	2.14374290e+05
0.00717735      	2.14341434e+05
0.00717819      	2.14308587e+05
0.00717903      	2.14276028e+05
0.00717987      	2.14243902e+05
0.00718071      	2.14212119e+05
0.00718155      	2.14180706e+05
0.00718239      	2.14149707e+05
0.00718322      	2.14119003e+05
0.00718406      	2.14088611e+05
0.0071849       	2.14058581e+05
0.00718574      	2.14028791e+05
0.00718658      	2.13999262e+05
0.00718742      	2.13970050e+05
0.00718826      	2.13941034e+05
0.0071891       	2.13912239e+05
0.00718993      	2.13883720e+05
0.00719077      	2.13855353e+05
0.00719161      	2.13827165e+05
0.00719245      	2.13799211e+05
0.00719329      	2.13771374e+05
0.00719413      	2.13743676e+05
0.00719497      	2.13716172e+05
0.00719581      	2.13688747e+05
0.00719664      	2.13661421e+05
0.00719748      	2.13634251e+05
0.00719832      	2.13607119e+05
0.00719916      	2.13580052e+05
0.0072          	2.13553102e+05
0.00720081      	2.13494663e+05
0.00720162      	2.13476957e+05
0.00720242      	2.13457276e+05
0.00720323      	2.13430145e+05
0.00720403      	2.13406797e+05
0.00720483      	2.13378323e+05
0.00720563      	2.13354590e+05
0.00720643      	2.13329830e+05
0.00720723      	2.13300887e+05
0.00720802      	2.13277112e+05
0.00720882      	2.13248517e+05
0.00720961      	2.13225015e+05
0.0072104       	2.13196505e+05
0.00721119      	2.13173006e+05
0.00721198      	2.13148472e+05
0.00721277      	2.13119471e+05
0.00721355      	2.13095745e+05
0.00721434      	2.13066987e+05
0.00721512      	2.13043278e+05
0.0072159       	2.13018613e+05
0.00721668      	2.12989348e+05
0.00721746      	2.12965494e+05
0.00721824      	2.12940538e+05
0.00721902      	2.12911023e+05
0.0072198       	2.12886916e+05
0.00722057      	2.12861800e+05
0.00722135      	2.12832006e+05
0.00722212      	2.12807722e+05
0.00722289      	2.12782370e+05
0.00722366      	2.12752287e+05
0.00722443      	2.12727790e+05
0.0072252       	2.12702217e+05
0.00722597      	2.12671840e+05
0.00722674      	2.12647134e+05
0.0072275       	2.12621347e+05
0.00722827      	2.12590686e+05
0.00722903      	2.12565786e+05
0.00722979      	2.12539802e+05
0.00723055      	2.12508875e+05
0.00723131      	2.12483804e+05
0.00723207      	2.12457651e+05
0.00723283      	2.12426484e+05
0.00723358      	2.12401275e+05
0.00723434      	2.12374988e+05
0.00723509      	2.12343619e+05
0.00723585      	2.12318313e+05
0.0072366       	2.12291935e+05
0.00723735      	2.12265142e+05
0.0072381       	2.12233315e+05
0.00723885      	2.12207830e+05
0.0072396       	2.12181394e+05
0.00724035      	2.12154479e+05
0.0072411       	2.12127347e+05
0.00724185      	2.12095273e+05
0.00724259      	2.12069756e+05
0.00724334      	2.12043252e+05
0.00724408      	2.12016398e+05
0.00724483      	2.11989330e+05
0.00724558      	2.11962183e+05
0.00724632      	2.11930008e+05
0.00724706      	2.11904666e+05
0.0072478       	2.11878369e+05
0.00724855      	2.11851762e+05
0.00724929      	2.11824986e+05
0.00725003      	2.11792957e+05
0.00725077      	2.11768072e+05
0.00725151      	2.11742225e+05
0.00725224      	2.11716036e+05
0.00725298      	2.11689817e+05
0.00725372      	2.11658197e+05
0.00725445      	2.11633902e+05
0.00725519      	2.11608771e+05
0.00725592      	2.11583311e+05
0.00725665      	2.11552269e+05
0.00725739      	2.11528778e+05
0.00725812      	2.11504364e+05
0.00725885      	2.11479673e+05
0.00725958      	2.11455031e+05
0.00726031      	2.11424752e+05
0.00726104      	2.11402272e+05
0.00726176      	2.11379011e+05
0.00726249      	2.11355495e+05
0.00726321      	2.11326141e+05
0.00726394      	2.11304822e+05
0.00726466      	2.11282632e+05
0.00726539      	2.11260238e+05
0.00726611      	2.11231944e+05
0.00726682      	2.11211816e+05
0.00726754      	2.11190866e+05
0.00726826      	2.11169808e+05
0.00726898      	2.11148819e+05
0.0072697       	2.11121817e+05
0.00727042      	2.11103411e+05
0.00727113      	2.11084202e+05
0.00727185      	2.11064861e+05
0.00727256      	2.11045722e+05
0.00727328      	2.11020369e+05
0.00727399      	2.11003840e+05
0.0072747       	2.10986619e+05
0.00727541      	2.10969272e+05
0.00727612      	2.10952094e+05
0.00727683      	2.10928604e+05
0.00727754      	2.10914216e+05
0.00727825      	2.10899086e+05
0.00727896      	2.10883946e+05
0.00727966      	2.10868983e+05
0.00728037      	2.10847437e+05
0.00728107      	2.10835394e+05
0.00728177      	2.10822594e+05
0.00728248      	2.10809740e+05
0.00728318      	2.10797180e+05
0.00728389      	2.10784958e+05
0.00728459      	2.10765947e+05
0.00728528      	2.10756845e+05
0.00728598      	2.10747001e+05
0.00728668      	2.10737124e+05
0.00728738      	2.10727566e+05
0.00728808      	2.10710897e+05
0.00728877      	2.10704374e+05
0.00728947      	2.10697183e+05
0.00729016      	2.10689942e+05
0.00729086      	2.10682970e+05
0.00729155      	2.10676471e+05
0.00729225      	2.10670422e+05
0.00729294      	2.10657011e+05
0.00729363      	2.10654325e+05
0.00729432      	2.10650881e+05
0.00729501      	2.10647418e+05
0.0072957       	2.10644301e+05
0.00729639      	2.10641586e+05
0.00729708      	2.10631140e+05
0.00729777      	2.10631833e+05
0.00729845      	2.10631738e+05
0.00729914      	2.10631618e+05
0.00729982      	2.10631847e+05
0.00730051      	2.10632483e+05
0.00730119      	2.10625020e+05
0.00730187      	2.10629140e+05
0.00730255      	2.10632438e+05
0.00730324      	2.10635696e+05
0.00730392      	2.10639296e+05
0.0073046       	2.10643304e+05
0.00730528      	2.10638811e+05
0.00730595      	2.10646363e+05
0.00730663      	2.10653041e+05
0.00730731      	2.10659650e+05
0.00730798      	2.10666583e+05
0.00730866      	2.10673908e+05
0.00730933      	2.10672296e+05
0.00731         	2.10683211e+05
0.00731067      	2.10693203e+05
0.00731134      	2.10703099e+05
0.00731202      	2.10713297e+05
0.00731269      	2.10723874e+05
0.00731335      	2.10725049e+05
0.00731402      	2.10739265e+05
0.00731469      	2.10752498e+05
0.00731535      	2.10765597e+05
0.00731602      	2.10778974e+05
0.00731668      	2.10782433e+05
0.00731734      	2.10799284e+05
0.007318        	2.10815166e+05
0.00731867      	2.10830853e+05
0.00731933      	2.10846725e+05
0.00731998      	2.10852318e+05
0.00732064      	2.10871759e+05
0.00732129      	2.10890103e+05
0.00732195      	2.10908296e+05
0.00732261      	2.10926627e+05
0.00732326      	2.10945289e+05
0.00732391      	2.10953185e+05
0.00732456      	2.10975578e+05
0.00732521      	2.10996861e+05
0.00732586      	2.11017843e+05
0.00732651      	2.11038973e+05
0.00732716      	2.11048670e+05
0.0073278       	2.11073450e+05
0.00732845      	2.11096957e+05
0.00732909      	2.11120145e+05
0.00732974      	2.11143475e+05
0.00733038      	2.11167058e+05
0.00733102      	2.11178640e+05
0.00733166      	2.11206059e+05
0.0073323       	2.11232128e+05
0.00733294      	2.11257824e+05
0.00733358      	2.11283620e+05
0.00733421      	2.11309630e+05
0.00733485      	2.11322924e+05
0.00733548      	2.11352836e+05
0.00733611      	2.11381293e+05
0.00733674      	2.11409311e+05
0.00733738      	2.11437383e+05
0.00733801      	2.11465634e+05
0.00733864      	2.11480385e+05
0.00733926      	2.11512611e+05
0.00733989      	2.11543279e+05
0.00734051      	2.11573440e+05
0.00734114      	2.11603602e+05
0.00734177      	2.11633909e+05
0.00734239      	2.11664480e+05
0.00734302      	2.11695427e+05
0.00734364      	2.11726688e+05
0.00734427      	2.11758287e+05
0.00734489      	2.11775028e+05
0.00734551      	2.11810916e+05
0.00734613      	2.11845051e+05
0.00734675      	2.11878619e+05
0.00734737      	2.11912029e+05
0.00734799      	2.11945537e+05
0.00734861      	2.11979324e+05
0.00734922      	2.12013367e+05
0.00734984      	2.12047698e+05
0.00735046      	2.12082399e+05
0.00735108      	2.12117388e+05
0.0073517       	2.12152682e+05
0.00735232      	2.12188336e+05
0.00735294      	2.12224271e+05
0.00735355      	2.12242572e+05
0.00735416      	2.12283271e+05
0.00735477      	2.12321818e+05
0.00735538      	2.12359537e+05
0.007356        	2.12397055e+05
0.00735661      	2.12434576e+05
0.00735722      	2.12472257e+05
0.00735783      	2.12510228e+05
0.00735844      	2.12548442e+05
0.00735905      	2.12586926e+05
0.00735966      	2.12625745e+05
0.00736027      	2.12664824e+05
0.00736089      	2.12704173e+05
0.0073615       	2.12743852e+05
0.00736211      	2.12783783e+05
0.00736272      	2.12823982e+05
0.00736333      	2.12864503e+05
0.00736394      	2.12905270e+05
0.00736455      	2.12946296e+05
0.00736516      	2.12987643e+05
0.00736577      	2.13029237e+05
0.00736639      	2.13071088e+05
0.007367        	2.13113258e+05
0.00736761      	2.13155670e+05
0.00736822      	2.13198342e+05
0.00736883      	2.13241331e+05
0.00736944      	2.13284563e+05
0.00737005      	2.13328051e+05
0.00737065      	2.13344062e+05
0.00737125      	2.13394310e+05
0.00737185      	2.13441111e+05
0.00737245      	2.13486515e+05
0.00737305      	2.13531304e+05
0.00737365      	2.13575941e+05
0.00737425      	2.13620704e+05
0.00737484      	2.13665626e+05
0.00737544      	2.13710774e+05
0.00737604      	2.13756236e+05
0.00737664      	2.13801944e+05
0.00737724      	2.13847910e+05
0.00737784      	2.13894194e+05
0.00737844      	2.13940725e+05
0.00737904      	2.13987510e+05
0.00737964      	2.14034613e+05
0.00738023      	2.14081958e+05
0.00738083      	2.14129553e+05
0.00738143      	2.14177462e+05
0.00738203      	2.14225610e+05
0.00738263      	2.14274014e+05
0.00738323      	2.14322735e+05
0.00738383      	2.14371694e+05
0.00738443      	2.14420907e+05
0.00738503      	2.14470440e+05
0.00738563      	2.14520214e+05
0.00738622      	2.14570246e+05
0.00738682      	2.14620599e+05
0.00738742      	2.14671199e+05
0.00738802      	2.14722061e+05
0.00738862      	2.14773243e+05
0.00738922      	2.14824678e+05
0.00738982      	2.14876375e+05
0.00739042      	2.14928398e+05
0.00739102      	2.14980676e+05
0.00739161      	2.15033218e+05
0.00739221      	2.15086092e+05
0.00739281      	2.15139223e+05
0.00739341      	2.15192626e+05
0.00739401      	2.15246356e+05
0.00739461      	2.15300349e+05
0.00739521      	2.15354615e+05
0.00739581      	2.15409214e+05
0.00739641      	2.15464080e+05
0.00739701      	2.15519217e+05
0.0073976       	2.15574692e+05
0.0073982       	2.15630432e+05
0.0073988       	2.15686447e+05
0.0073994       	2.15742807e+05
0.0074          	2.15799431e+05
0.00740057      	2.15795305e+05
0.00740115      	2.15865554e+05
0.00740172      	2.15928138e+05
0.00740229      	2.15987242e+05
0.00740286      	2.16040751e+05
0.00740344      	2.16098449e+05
0.00740401      	2.16155440e+05
0.00740458      	2.16212335e+05
0.00740515      	2.16269285e+05
0.00740572      	2.16326413e+05
0.00740629      	2.16379771e+05
0.00740686      	2.16438303e+05
0.00740743      	2.16496571e+05
0.007408        	2.16554911e+05
0.00740857      	2.16613379e+05
0.00740914      	2.16667928e+05
0.00740971      	2.16727734e+05
0.00741027      	2.16787233e+05
0.00741084      	2.16846723e+05
0.00741141      	2.16906390e+05
0.00741198      	2.16966227e+05
0.00741255      	2.17026274e+05
0.00741311      	2.17082447e+05
0.00741368      	2.17143884e+05
0.00741424      	2.17205023e+05
0.00741481      	2.17266206e+05
0.00741538      	2.17327485e+05
0.00741594      	2.17388938e+05
0.00741651      	2.17450655e+05
0.00741707      	2.17508362e+05
0.00741764      	2.17571410e+05
0.0074182       	2.17634202e+05
0.00741877      	2.17696953e+05
0.00741933      	2.17759803e+05
0.0074199       	2.17822880e+05
0.00742046      	2.17886144e+05
0.00742102      	2.17945331e+05
0.00742159      	2.18009986e+05
0.00742215      	2.18074297e+05
0.00742271      	2.18138562e+05
0.00742328      	2.18202974e+05
0.00742384      	2.18267528e+05
0.0074244       	2.18332265e+05
0.00742496      	2.18397264e+05
0.00742553      	2.18462461e+05
0.00742609      	2.18523495e+05
0.00742665      	2.18590085e+05
0.00742721      	2.18656300e+05
0.00742777      	2.18722448e+05
0.00742833      	2.18788719e+05
0.00742889      	2.18855109e+05
0.00742945      	2.18921661e+05
0.00743001      	2.18984012e+05
0.00743057      	2.19051907e+05
0.00743113      	2.19119403e+05
0.00743169      	2.19186866e+05
0.00743225      	2.19254361e+05
0.00743281      	2.19317475e+05
0.00743336      	2.19386216e+05
0.00743392      	2.19454513e+05
0.00743448      	2.19522686e+05
0.00743504      	2.19590935e+05
0.00743559      	2.19654722e+05
0.00743615      	2.19724108e+05
0.0074367       	2.19793093e+05
0.00743726      	2.19861922e+05
0.00743781      	2.19926171e+05
0.00743837      	2.19996073e+05
0.00743892      	2.20065461e+05
0.00743947      	2.20134672e+05
0.00744003      	2.20203916e+05
0.00744058      	2.20268570e+05
0.00744113      	2.20338888e+05
0.00744168      	2.20408756e+05
0.00744223      	2.20478422e+05
0.00744278      	2.20543377e+05
0.00744333      	2.20614047e+05
0.00744388      	2.20684149e+05
0.00744443      	2.20754025e+05
0.00744498      	2.20823885e+05
0.00744553      	2.20889022e+05
0.00744608      	2.20959887e+05
0.00744662      	2.21030240e+05
0.00744717      	2.21100336e+05
0.00744772      	2.21170330e+05
0.00744827      	2.21240354e+05
0.00744881      	2.21305602e+05
0.00744936      	2.21376643e+05
0.00744991      	2.21447139e+05
0.00745045      	2.21517345e+05
0.007451        	2.21587410e+05
0.00745154      	2.21657470e+05
0.00745209      	2.21727486e+05
0.00745263      	2.21797484e+05
0.00745318      	2.21867529e+05
0.00745373      	2.21937550e+05
0.00745427      	2.22007550e+05
0.00745482      	2.22077587e+05
0.00745536      	2.22147583e+05
0.00745591      	2.22217541e+05
0.00745645      	2.22287512e+05
0.007457        	2.22357424e+05
0.00745755      	2.22427274e+05
0.00745809      	2.22497118e+05
0.00745864      	2.22566880e+05
0.00745918      	2.22636564e+05
0.00745973      	2.22706221e+05
0.00746028      	2.22775777e+05
0.00746082      	2.22845233e+05
0.00746137      	2.22914644e+05
0.00746191      	2.22983930e+05
0.00746246      	2.23053098e+05
0.007463        	2.23122195e+05
0.00746355      	2.23191146e+05
0.0074641       	2.23259955e+05
0.00746464      	2.23328679e+05
0.00746519      	2.23397233e+05
0.00746573      	2.23465622e+05
0.00746628      	2.23533901e+05
0.00746683      	2.23601991e+05
0.00746737      	2.23669893e+05
0.00746792      	2.23737662e+05
0.00746846      	2.23805220e+05
0.00746901      	2.23872568e+05
0.00746955      	2.23939761e+05
0.0074701       	2.24006722e+05
0.00747065      	2.24073446e+05
0.00747119      	2.24139999e+05
0.00747174      	2.24206292e+05
0.00747228      	2.24272331e+05
0.00747283      	2.24338171e+05
0.00747337      	2.24403731e+05
0.00747392      	2.24469014e+05
0.00747447      	2.24534078e+05
0.00747501      	2.24598839e+05
0.00747556      	2.24663301e+05
0.0074761       	2.24727518e+05
0.00747665      	2.24791412e+05
0.0074772       	2.24854983e+05
0.00747774      	2.24918292e+05
0.00747829      	2.24981251e+05
0.00747883      	2.25043869e+05
0.00747938      	2.25106198e+05
0.00747992      	2.25168159e+05
0.00748047      	2.25229755e+05
0.00748102      	2.25291043e+05
0.00748156      	2.25351940e+05
0.0074821       	2.25406685e+05
0.00748265      	2.25468197e+05
0.00748319      	2.25528494e+05
0.00748373      	2.25587998e+05
0.00748428      	2.25646950e+05
0.00748482      	2.25705380e+05
0.00748536      	2.25763330e+05
0.00748591      	2.25820885e+05
0.00748645      	2.25877978e+05
0.00748699      	2.25934624e+05
0.00748754      	2.25984887e+05
0.00748808      	2.26042102e+05
0.00748862      	2.26098005e+05
0.00748916      	2.26153101e+05
0.0074897       	2.26207502e+05
0.00749024      	2.26261320e+05
0.00749078      	2.26314662e+05
0.00749132      	2.26367478e+05
0.00749186      	2.26419788e+05
0.0074924       	2.26471658e+05
0.00749294      	2.26523005e+05
0.00749348      	2.26573842e+05
0.00749402      	2.26617938e+05
0.00749456      	2.26669322e+05
0.0074951       	2.26719242e+05
0.00749563      	2.26768285e+05
0.00749617      	2.26816567e+05
0.00749671      	2.26864199e+05
0.00749725      	2.26911295e+05
0.00749779      	2.26957804e+05
0.00749832      	2.27003748e+05
0.00749886      	2.27049192e+05
0.0074994       	2.27094063e+05
0.00749994      	2.27138362e+05
0.00750048      	2.27182155e+05
0.00750101      	2.27225357e+05
0.00750155      	2.27267981e+05
0.00750209      	2.27310080e+05
0.00750263      	2.27351576e+05
0.00750317      	2.27392477e+05
0.0075037       	2.27432843e+05
0.00750424      	2.27472594e+05
0.00750478      	2.27511739e+05
0.00750532      	2.27550338e+05
0.00750586      	2.27588311e+05
0.00750639      	2.27625667e+05
0.00750693      	2.27662468e+05
0.00750747      	2.27705723e+05
0.00750801      	2.27739414e+05
0.00750856      	2.27773575e+05
0.0075091       	2.27807574e+05
0.00750964      	2.27841185e+05
0.00751018      	2.27874347e+05
0.00751072      	2.27906914e+05
0.00751126      	2.27938861e+05
0.0075118       	2.27970232e+05
0.00751234      	2.28000941e+05
0.00751288      	2.28030994e+05
0.00751343      	2.28060451e+05
0.00751397      	2.28089236e+05
0.00751451      	2.28117359e+05
0.00751505      	2.28144881e+05
0.00751559      	2.28171723e+05
0.00751613      	2.28205719e+05
0.00751668      	2.28229170e+05
0.00751722      	2.28253099e+05
0.00751777      	2.28276895e+05
0.00751831      	2.28300366e+05
0.00751886      	2.28323287e+05
0.0075194       	2.28345600e+05
0.00751995      	2.28367329e+05
0.00752049      	2.28388382e+05
0.00752104      	2.28408758e+05
0.00752158      	2.28428521e+05
0.00752212      	2.28447583e+05
0.00752267      	2.28465968e+05
0.00752321      	2.28483738e+05
0.00752376      	2.28500810e+05
0.0075243       	2.28517207e+05
0.00752485      	2.28532989e+05
0.00752539      	2.28548082e+05
0.00752594      	2.28562494e+05
0.00752648      	2.28576298e+05
0.00752703      	2.28589415e+05
0.00752757      	2.28601859e+05
0.00752811      	2.28613700e+05
0.00752866      	2.28624859e+05
0.0075292       	2.28635350e+05
0.00752975      	2.28645235e+05
0.00753029      	2.28654442e+05
0.00753084      	2.28662988e+05
0.00753138      	2.28670937e+05
0.00753193      	2.28678217e+05
0.00753247      	2.28684835e+05
0.00753302      	2.28690865e+05
0.00753356      	2.28696225e+05
0.00753411      	2.28700940e+05
0.00753465      	2.28705074e+05
0.00753519      	2.28708547e+05
0.00753574      	2.28711374e+05
0.00753628      	2.28713630e+05
0.00753683      	2.28715235e+05
0.00753737      	2.28716203e+05
0.00753792      	2.28716611e+05
0.00753846      	2.28716378e+05
0.00753901      	2.28715519e+05
0.00753955      	2.28714107e+05
0.0075401       	2.28712059e+05
0.00754064      	2.28709521e+05
0.00754118      	2.28706210e+05
0.00754173      	2.28702388e+05
0.00754227      	2.28697966e+05
0.00754282      	2.28692891e+05
0.00754336      	2.28687437e+05
0.00754391      	2.28681412e+05
0.00754445      	2.28674627e+05
0.007545        	2.28667359e+05
0.00754554      	2.28659391e+05
0.00754609      	2.28651160e+05
0.00754664      	2.28654447e+05
0.00754719      	2.28641210e+05
0.00754774      	2.28629341e+05
0.00754829      	2.28617752e+05
0.00754884      	2.28606047e+05
0.00754939      	2.28594087e+05
0.00754994      	2.28581671e+05
0.00755049      	2.28568753e+05
0.00755104      	2.28555388e+05
0.00755159      	2.28541482e+05
0.00755214      	2.28527045e+05
0.00755269      	2.28512150e+05
0.00755324      	2.28496717e+05
0.00755379      	2.28480779e+05
0.00755434      	2.28464391e+05
0.00755489      	2.28447486e+05
0.00755544      	2.28430088e+05
0.007556        	2.28427154e+05
0.00755655      	2.28404123e+05
0.00755711      	2.28382907e+05
0.00755767      	2.28362338e+05
0.00755822      	2.28341808e+05
0.00755878      	2.28321092e+05
0.00755934      	2.28300107e+05
0.00755989      	2.28278706e+05
0.00756045      	2.28256876e+05
0.00756101      	2.28234677e+05
0.00756157      	2.28212020e+05
0.00756212      	2.28188926e+05
0.00756268      	2.28165468e+05
0.00756324      	2.28141566e+05
0.00756379      	2.28117240e+05
0.00756435      	2.28092573e+05
0.00756491      	2.28067488e+05
0.00756546      	2.28042005e+05
0.00756603      	2.28035572e+05
0.0075666       	2.28003055e+05
0.00756716      	2.27973187e+05
0.00756773      	2.27944403e+05
0.0075683       	2.27915931e+05
0.00756886      	2.27887441e+05
0.00756943      	2.27858824e+05
0.00756999      	2.27829906e+05
0.00757056      	2.27800666e+05
0.00757113      	2.27771159e+05
0.00757169      	2.27741292e+05
0.00757226      	2.27711091e+05
0.00757282      	2.27680626e+05
0.00757339      	2.27649820e+05
0.00757396      	2.27618700e+05
0.00757452      	2.27587339e+05
0.00757509      	2.27555656e+05
0.00757566      	2.27523685e+05
0.00757622      	2.27491492e+05
0.00757679      	2.27458998e+05
0.00757735      	2.27426227e+05
0.00757792      	2.27393261e+05
0.00757849      	2.27360006e+05
0.00757905      	2.27326593e+05
0.00757962      	2.27292814e+05
0.00758018      	2.27258856e+05
0.00758075      	2.27224660e+05
0.00758132      	2.27190297e+05
0.00758188      	2.27155685e+05
0.00758245      	2.27120851e+05
0.00758302      	2.27085866e+05
0.00758358      	2.27050648e+05
0.00758415      	2.27015224e+05
0.00758471      	2.26979665e+05
0.00758528      	2.26943887e+05
0.00758585      	2.26907919e+05
0.00758641      	2.26871832e+05
0.00758698      	2.26835541e+05
0.00758754      	2.26799073e+05
0.00758811      	2.26762501e+05
0.00758868      	2.26725740e+05
0.00758924      	2.26688816e+05
0.00758981      	2.26651802e+05
0.00759038      	2.26614612e+05
0.00759094      	2.26577273e+05
0.00759151      	2.26539857e+05
0.00759207      	2.26502279e+05
0.00759264      	2.26464564e+05
0.00759321      	2.26426784e+05
0.00759377      	2.26388854e+05
0.00759434      	2.26350800e+05
0.0075949       	2.26312693e+05
0.00759547      	2.26274447e+05
0.00759604      	2.26236089e+05
0.0075966       	2.26197689e+05
0.00759717      	2.26159162e+05
0.00759774      	2.26120532e+05
0.0075983       	2.26081871e+05
0.00759887      	2.26043093e+05
0.00759943      	2.26004223e+05
0.0076          	2.25965331e+05
0.00760058      	2.25950420e+05
0.00760116      	2.25906307e+05
0.00760174      	2.25861597e+05
0.00760232      	2.25819128e+05
0.0076029       	2.25777729e+05
0.00760348      	2.25740275e+05
0.00760406      	2.25698415e+05
0.00760464      	2.25657165e+05
0.00760522      	2.25619636e+05
0.00760581      	2.25577536e+05
0.00760639      	2.25536004e+05
0.00760698      	2.25498209e+05
0.00760756      	2.25455801e+05
0.00760815      	2.25413975e+05
0.00760873      	2.25375933e+05
0.00760932      	2.25333242e+05
0.00760991      	2.25291154e+05
0.00761049      	2.25252892e+05
0.00761108      	2.25209945e+05
0.00761167      	2.25171147e+05
0.00761226      	2.25127880e+05
0.00761285      	2.25085294e+05
0.00761345      	2.25046575e+05
0.00761404      	2.25003210e+05
0.00761463      	2.24960470e+05
0.00761522      	2.24921603e+05
0.00761582      	2.24878029e+05
0.00761641      	2.24835086e+05
0.00761701      	2.24796051e+05
0.0076176       	2.24752262e+05
0.0076182       	2.24712766e+05
0.0076188       	2.24668576e+05
0.0076194       	2.24625211e+05
0.00762         	2.24585836e+05
0.0076206       	2.24541577e+05
0.0076212       	2.24498017e+05
0.0076218       	2.24458574e+05
0.0076224       	2.24414121e+05
0.00762301      	2.24370435e+05
0.00762361      	2.24330779e+05
0.00762421      	2.24286180e+05
0.00762482      	2.24242239e+05
0.00762542      	2.24202425e+05
0.00762603      	2.24157553e+05
0.00762664      	2.24113471e+05
0.00762724      	2.24073497e+05
0.00762785      	2.24028411e+05
0.00762846      	2.23987974e+05
0.00762907      	2.23942536e+05
0.00762968      	2.23897923e+05
0.0076303       	2.23857622e+05
0.00763091      	2.23812107e+05
0.00763152      	2.23767350e+05
0.00763213      	2.23722985e+05
0.00763275      	2.23682668e+05
0.00763336      	2.23636979e+05
0.00763398      	2.23592077e+05
0.0076346       	2.23551424e+05
0.00763521      	2.23505416e+05
0.00763583      	2.23460245e+05
0.00763645      	2.23415371e+05
0.00763707      	2.23374659e+05
0.00763769      	2.23328498e+05
0.00763831      	2.23283049e+05
0.00763893      	2.23237908e+05
0.00763955      	2.23197039e+05
0.00764017      	2.23150536e+05
0.00764079      	2.23104783e+05
0.00764141      	2.23059407e+05
0.00764204      	2.23018260e+05
0.00764266      	2.22971417e+05
0.00764329      	2.22925405e+05
0.00764391      	2.22879677e+05
0.00764454      	2.22838260e+05
0.00764516      	2.22791124e+05
0.00764579      	2.22744736e+05
0.00764642      	2.22698660e+05
0.00764705      	2.22652777e+05
0.00764767      	2.22611159e+05
0.0076483       	2.22563590e+05
0.00764893      	2.22516861e+05
0.00764956      	2.22470413e+05
0.00765019      	2.22424086e+05
0.00765082      	2.22382192e+05
0.00765146      	2.22334199e+05
0.00765209      	2.22286996e+05
0.00765272      	2.22240177e+05
0.00765335      	2.22193453e+05
0.00765399      	2.22151175e+05
0.00765462      	2.22102766e+05
0.00765526      	2.22055141e+05
0.00765589      	2.22007840e+05
0.00765653      	2.21960733e+05
0.00765716      	2.21913627e+05
0.0076578       	2.21871029e+05
0.00765844      	2.21822120e+05
0.00765907      	2.21774013e+05
0.00765971      	2.21726241e+05
0.00766035      	2.21678669e+05
0.00766099      	2.21631102e+05
0.00766163      	2.21588161e+05
0.00766227      	2.21538742e+05
0.00766291      	2.21490161e+05
0.00766355      	2.21441931e+05
0.00766419      	2.21393913e+05
0.00766483      	2.21350645e+05
0.00766548      	2.21300710e+05
0.00766612      	2.21251751e+05
0.00766677      	2.21203137e+05
0.00766741      	2.21154679e+05
0.00766806      	2.21111184e+05
0.0076687       	2.21060844e+05
0.00766935      	2.21011447e+05
0.00767         	2.20962514e+05
0.00767064      	2.20913725e+05
0.00767129      	2.20869956e+05
0.00767194      	2.20819282e+05
0.00767259      	2.20769564e+05
0.00767324      	2.20720267e+05
0.00767389      	2.20671232e+05
0.00767455      	2.20627326e+05
0.0076752       	2.20576282e+05
0.00767585      	2.20526339e+05
0.00767651      	2.20476819e+05
0.00767716      	2.20432690e+05
0.00767782      	2.20381406e+05
0.00767848      	2.20331191e+05
0.00767913      	2.20281465e+05
0.00767979      	2.20237332e+05
0.00768046      	2.20185802e+05
0.00768112      	2.20135415e+05
0.00768178      	2.20085615e+05
0.00768244      	2.20041448e+05
0.0076831       	2.19989758e+05
0.00768377      	2.19939332e+05
0.00768443      	2.19889426e+05
0.0076851       	2.19845332e+05
0.00768577      	2.19793620e+05
0.00768644      	2.19743130e+05
0.00768711      	2.19698845e+05
0.00768778      	2.19646943e+05
0.00768845      	2.19596371e+05
0.00768913      	2.19552160e+05
0.00768981      	2.19500201e+05
0.00769048      	2.19449619e+05
0.00769116      	2.19399704e+05
0.00769184      	2.19356092e+05
0.00769252      	2.19304306e+05
0.0076932       	2.19253931e+05
0.00769388      	2.19210288e+05
0.00769457      	2.19158460e+05
0.00769525      	2.19108165e+05
0.00769594      	2.19058689e+05
0.00769663      	2.19015760e+05
0.00769731      	2.18964330e+05
0.007698        	2.18914519e+05
0.0076987       	2.18871719e+05
0.00769939      	2.18820400e+05
0.00770009      	2.18770830e+05
0.00770078      	2.18722076e+05
0.00770148      	2.18680278e+05
0.00770218      	2.18629635e+05
0.00770288      	2.18580675e+05
0.00770358      	2.18539180e+05
0.00770428      	2.18488831e+05
0.00770499      	2.18440300e+05
0.00770569      	2.18392719e+05
0.0077064       	2.18352588e+05
0.00770711      	2.18303091e+05
0.00770782      	2.18255469e+05
0.00770853      	2.18208896e+05
0.00770924      	2.18169933e+05
0.00770996      	2.18121349e+05
0.00771067      	2.18074812e+05
0.00771139      	2.18029292e+05
0.00771211      	2.17991699e+05
0.00771283      	2.17944253e+05
0.00771355      	2.17898868e+05
0.00771427      	2.17854599e+05
0.00771499      	2.17818629e+05
0.00771572      	2.17772386e+05
0.00771645      	2.17728351e+05
0.00771717      	2.17685570e+05
0.00771791      	2.17651321e+05
0.00771864      	2.17606474e+05
0.00771937      	2.17564028e+05
0.00772011      	2.17522814e+05
0.00772085      	2.17490514e+05
0.00772159      	2.17447301e+05
0.00772232      	2.17406524e+05
0.00772306      	2.17367087e+05
0.0077238       	2.17328615e+05
0.00772455      	2.17299310e+05
0.0077253       	2.17258404e+05
0.00772605      	2.17220169e+05
0.00772679      	2.17183328e+05
0.00772754      	2.17147454e+05
0.00772829      	2.17121370e+05
0.00772905      	2.17083052e+05
0.0077298       	2.17047524e+05
0.00773056      	2.17013590e+05
0.00773131      	2.16980666e+05
0.00773207      	2.16948569e+05
0.00773283      	2.16926878e+05
0.00773359      	2.16892084e+05
0.00773436      	2.16860302e+05
0.00773512      	2.16830237e+05
0.00773588      	2.16801266e+05
0.00773665      	2.16773193e+05
0.00773741      	2.16745992e+05
0.00773818      	2.16730015e+05
0.00773896      	2.16699792e+05
0.00773973      	2.16672939e+05
0.0077405       	2.16647855e+05
0.00774127      	2.16623992e+05
0.00774205      	2.16601164e+05
0.00774282      	2.16579171e+05
0.00774359      	2.16558006e+05
0.00774438      	2.16549459e+05
0.00774516      	2.16524986e+05
0.00774594      	2.16504198e+05
0.00774673      	2.16485456e+05
0.00774751      	2.16468008e+05
0.00774829      	2.16451599e+05
0.00774908      	2.16436179e+05
0.00774986      	2.16421608e+05
0.00775066      	2.16421217e+05
0.00775145      	2.16402889e+05
0.00775225      	2.16388675e+05
0.00775304      	2.16376639e+05
0.00775384      	2.16366094e+05
0.00775464      	2.16356619e+05
0.00775543      	2.16348111e+05
0.00775623      	2.16340584e+05
0.00775702      	2.16333928e+05
0.00775782      	2.16328171e+05
0.00775863      	2.16339410e+05
0.00775944      	2.16328984e+05
0.00776025      	2.16323433e+05
0.00776106      	2.16320422e+05
0.00776187      	2.16318933e+05
0.00776269      	2.16318604e+05
0.0077635       	2.16319340e+05
0.00776431      	2.16320982e+05
0.00776512      	2.16323540e+05
0.00776593      	2.16327074e+05
0.00776674      	2.16331486e+05
0.00776757      	2.16357456e+05
0.0077684       	2.16355646e+05
0.00776924      	2.16359878e+05
0.00777007      	2.16367028e+05
0.0077709       	2.16375959e+05
0.00777173      	2.16386071e+05
0.00777256      	2.16397189e+05
0.00777339      	2.16409300e+05
0.00777422      	2.16422282e+05
0.00777506      	2.16436130e+05
0.00777589      	2.16450834e+05
0.00777672      	2.16466562e+05
0.00777755      	2.16483145e+05
0.00777838      	2.16500691e+05
0.00777921      	2.16519074e+05
0.00778005      	2.16538330e+05
0.00778091      	2.16593837e+05
0.00778178      	2.16601724e+05
0.00778265      	2.16619410e+05
0.00778352      	2.16641384e+05
0.00778438      	2.16665480e+05
0.00778525      	2.16690879e+05
0.00778612      	2.16717312e+05
0.00778699      	2.16744562e+05
0.00778785      	2.16772620e+05
0.00778872      	2.16801542e+05
0.00778959      	2.16831227e+05
0.00779046      	2.16861707e+05
0.00779132      	2.16893041e+05
0.00779219      	2.16925127e+05
0.00779306      	2.16957988e+05
0.00779393      	2.16991679e+05
0.00779479      	2.17026092e+05
0.00779566      	2.17061246e+05
0.00779653      	2.17097194e+05
0.0077974       	2.17133826e+05
0.00779826      	2.17171161e+05
0.00779913      	2.17209249e+05
0.0078          	2.17247978e+05
0.00780089      	2.17308092e+05
0.00780178      	2.17341283e+05
0.00780267      	2.17383972e+05
0.00780356      	2.17424088e+05
0.00780446      	2.17466530e+05
0.00780535      	2.17510123e+05
0.00780625      	2.17558424e+05
0.00780714      	2.17602193e+05
0.00780804      	2.17647447e+05
0.00780894      	2.17693588e+05
0.00780984      	2.17744501e+05
0.00781074      	2.17790587e+05
0.00781164      	2.17838171e+05
0.00781254      	2.17886673e+05
0.00781344      	2.17935754e+05
0.00781434      	2.17985343e+05
0.00781525      	2.18039709e+05
0.00781616      	2.18088909e+05
0.00781706      	2.18139548e+05
0.00781797      	2.18191031e+05
0.00781887      	2.18243011e+05
0.00781978      	2.18295415e+05
0.00782068      	2.18348260e+05
0.00782159      	2.18401420e+05
0.0078225       	2.18454913e+05
0.0078234       	2.18508789e+05
0.00782431      	2.18562935e+05
0.00782521      	2.18617370e+05
0.00782612      	2.18672145e+05
0.00782702      	2.18727147e+05
0.00782793      	2.18782395e+05
0.00782883      	2.18837938e+05
0.00782974      	2.18893664e+05
0.00783065      	2.18949590e+05
0.00783155      	2.19005767e+05
0.00783246      	2.19062081e+05
0.00783336      	2.19118552e+05
0.00783427      	2.19175228e+05
0.00783517      	2.19231999e+05
0.00783608      	2.19288881e+05
0.00783699      	2.19345927e+05
0.00783789      	2.19403022e+05
0.00783879      	2.19454957e+05
0.00783969      	2.19513723e+05
0.00784059      	2.19571338e+05
0.00784149      	2.19628556e+05
0.00784239      	2.19685697e+05
0.00784329      	2.19742755e+05
0.0078442       	2.19799788e+05
0.00784509      	2.19851345e+05
0.00784599      	2.19909888e+05
0.00784688      	2.19967182e+05
0.00784778      	2.20024037e+05
0.00784867      	2.20080615e+05
0.00784957      	2.20137047e+05
0.00785046      	2.20187658e+05
0.00785135      	2.20245478e+05
0.00785224      	2.20301935e+05
0.00785313      	2.20357859e+05
0.00785402      	2.20413421e+05
0.00785491      	2.20468755e+05
0.00785579      	2.20517929e+05
0.00785668      	2.20574555e+05
0.00785756      	2.20629700e+05
0.00785845      	2.20684216e+05
0.00785933      	2.20738285e+05
0.00786021      	2.20785802e+05
0.00786109      	2.20841063e+05
0.00786197      	2.20894711e+05
0.00786285      	2.20947585e+05
0.00786372      	2.20993629e+05
0.0078646       	2.21047443e+05
0.00786547      	2.21099587e+05
0.00786634      	2.21150959e+05
0.00786722      	2.21201757e+05
0.00786808      	2.21245490e+05
0.00786895      	2.21297362e+05
0.00786982      	2.21347447e+05
0.00787069      	2.21396618e+05
0.00787156      	2.21445242e+05
0.00787242      	2.21486470e+05
0.00787328      	2.21536005e+05
0.00787414      	2.21583750e+05
0.007875        	2.21630466e+05
0.00787587      	2.21676442e+05
0.00787672      	2.21714926e+05
0.00787758      	2.21761878e+05
0.00787843      	2.21806872e+05
0.00787929      	2.21850857e+05
0.00788015      	2.21894051e+05
0.007881        	2.21936609e+05
0.00788185      	2.21971246e+05
0.0078827       	2.22014740e+05
0.00788355      	2.22056152e+05
0.0078844       	2.22096455e+05
0.00788525      	2.22135879e+05
0.0078861       	2.22174585e+05
0.00788695      	2.22204985e+05
0.00788779      	2.22244588e+05
0.00788863      	2.22281979e+05
0.00788948      	2.22318162e+05
0.00789032      	2.22353383e+05
0.00789116      	2.22379840e+05
0.007892        	2.22415909e+05
0.00789283      	2.22449614e+05
0.00789367      	2.22481967e+05
0.00789451      	2.22513392e+05
0.00789534      	2.22535671e+05
0.00789617      	2.22567853e+05
0.007897        	2.22597656e+05
0.00789783      	2.22625995e+05
0.00789866      	2.22653272e+05
0.00789949      	2.22679705e+05
0.00790032      	2.22696626e+05
0.00790114      	2.22723915e+05
0.00790196      	2.22748696e+05
0.00790279      	2.22771925e+05
0.00790361      	2.22794018e+05
0.00790443      	2.22815194e+05
0.00790525      	2.22826419e+05
0.00790607      	2.22848498e+05
0.00790688      	2.22867939e+05
0.0079077       	2.22885740e+05
0.00790852      	2.22902337e+05
0.00790934      	2.22917956e+05
0.00791015      	2.22932558e+05
0.00791096      	2.22936717e+05
0.00791177      	2.22952452e+05
0.00791258      	2.22965293e+05
0.00791339      	2.22976429e+05
0.0079142       	2.22986354e+05
0.00791501      	2.22995135e+05
0.00791582      	2.23002877e+05
0.00791663      	2.23009664e+05
0.00791743      	2.23005299e+05
0.00791823      	2.23013303e+05
0.00791903      	2.23018333e+05
0.00791983      	2.23021516e+05
0.00792064      	2.23023345e+05
0.00792144      	2.23024077e+05
0.00792224      	2.23023683e+05
0.00792304      	2.23022224e+05
0.00792384      	2.23019764e+05
0.00792464      	2.23016199e+05
0.00792545      	2.23011565e+05
0.00792625      	2.23005915e+05
0.00792705      	2.22999141e+05
0.00792785      	2.22991269e+05
0.00792865      	2.22982365e+05
0.00792945      	2.22972319e+05
0.00793026      	2.22961159e+05
0.00793106      	2.22948952e+05
0.00793185      	2.22923650e+05
0.00793264      	2.22913365e+05
0.00793343      	2.22899630e+05
0.00793423      	2.22883815e+05
0.00793502      	2.22866511e+05
0.00793581      	2.22848023e+05
0.0079366       	2.22828347e+05
0.0079374       	2.22807560e+05
0.00793819      	2.22785731e+05
0.00793898      	2.22762774e+05
0.00793977      	2.22738719e+05
0.00794057      	2.22713685e+05
0.00794136      	2.22687396e+05
0.00794215      	2.22660069e+05
0.00794294      	2.22631688e+05
0.00794374      	2.22602190e+05
0.00794453      	2.22571595e+05
0.00794531      	2.22525431e+05
0.00794609      	2.22498120e+05
0.00794687      	2.22466788e+05
0.00794765      	2.22433271e+05
0.00794844      	2.22398217e+05
0.00794922      	2.22361934e+05
0.00795         	2.22324577e+05
0.00795078      	2.22286174e+05
0.00795156      	2.22246748e+05
0.00795234      	2.22206327e+05
0.00795312      	2.22164894e+05
0.0079539       	2.22122450e+05
0.00795469      	2.22079013e+05
0.00795547      	2.22034590e+05
0.00795625      	2.21989173e+05
0.00795703      	2.21942773e+05
0.00795781      	2.21895416e+05
0.00795859      	2.21847088e+05
0.00795937      	2.21797795e+05
0.00796015      	2.21747577e+05
0.00796092      	2.21676739e+05
0.00796169      	2.21632513e+05
0.00796245      	2.21583384e+05
0.00796322      	2.21531770e+05
0.00796399      	2.21478593e+05
0.00796475      	2.21424343e+05
0.00796552      	2.21369142e+05
0.00796628      	2.21313074e+05
0.00796705      	2.21256247e+05
0.00796782      	2.21198579e+05
0.00796858      	2.21140137e+05
0.00796935      	2.21080950e+05
0.00797012      	2.21020964e+05
0.00797088      	2.20960243e+05
0.00797165      	2.20898795e+05
0.00797241      	2.20836589e+05
0.00797318      	2.20773681e+05
0.00797395      	2.20710083e+05
0.00797471      	2.20645765e+05
0.00797548      	2.20580783e+05
0.00797622      	2.20483975e+05
0.00797697      	2.20430663e+05
0.00797771      	2.20370380e+05
0.00797845      	2.20306943e+05
0.00797919      	2.20241791e+05
0.00797994      	2.20175641e+05
0.00798068      	2.20108792e+05
0.00798142      	2.20041335e+05
0.00798217      	2.19973371e+05
0.00798291      	2.19904927e+05
0.00798365      	2.19835973e+05
0.0079844       	2.19766563e+05
0.00798514      	2.19696707e+05
0.00798588      	2.19626371e+05
0.00798663      	2.19555612e+05
0.00798737      	2.19484442e+05
0.00798811      	2.19412830e+05
0.00798885      	2.19340836e+05
0.0079896       	2.19268471e+05
0.00799034      	2.19195708e+05
0.00799108      	2.19122606e+05
0.00799183      	2.19049178e+05
0.00799257      	2.18975398e+05
0.00799331      	2.18901319e+05
0.00799406      	2.18826967e+05
0.0079948       	2.18752310e+05
0.00799554      	2.18677407e+05
0.00799628      	2.18602272e+05
0.00799703      	2.18526878e+05
0.00799777      	2.18451284e+05
0.00799851      	2.18375506e+05
0.00799926      	2.18299516e+05
0.008           	2.18223372e+05
0.00800071      	2.18103246e+05
0.00800142      	2.18045479e+05
0.00800214      	2.17978821e+05
0.00800284      	2.17904704e+05
0.00800355      	2.17834134e+05
0.00800426      	2.17758363e+05
0.00800497      	2.17687280e+05
0.00800567      	2.17611420e+05
0.00800638      	2.17540495e+05
0.00800708      	2.17464909e+05
0.00800778      	2.17394285e+05
0.00800848      	2.17318996e+05
0.00800918      	2.17248754e+05
0.00800988      	2.17177626e+05
0.00801057      	2.17102336e+05
0.00801127      	2.17032373e+05
0.00801196      	2.16957770e+05
0.00801266      	2.16888369e+05
0.00801335      	2.16814283e+05
0.00801404      	2.16745367e+05
0.00801473      	2.16671741e+05
0.00801542      	2.16603370e+05
0.0080161       	2.16530234e+05
0.00801679      	2.16462400e+05
0.00801747      	2.16393809e+05
0.00801816      	2.16320965e+05
0.00801884      	2.16253717e+05
0.00801952      	2.16181819e+05
0.0080202       	2.16115345e+05
0.00802088      	2.16044127e+05
0.00802156      	2.15978386e+05
0.00802224      	2.15911895e+05
0.00802292      	2.15841151e+05
0.00802359      	2.15776169e+05
0.00802427      	2.15710554e+05
0.00802494      	2.15640708e+05
0.00802561      	2.15576716e+05
0.00802629      	2.15512113e+05
0.00802696      	2.15443256e+05
0.00802763      	2.15380324e+05
0.0080283       	2.15316796e+05
0.00802897      	2.15248983e+05
0.00802964      	2.15187164e+05
0.0080303       	2.15124762e+05
0.00803097      	2.15062304e+05
0.00803164      	2.14995756e+05
0.0080323       	2.14935279e+05
0.00803297      	2.14874347e+05
0.00803363      	2.14813393e+05
0.0080343       	2.14748233e+05
0.00803496      	2.14689349e+05
0.00803562      	2.14629991e+05
0.00803628      	2.14570580e+05
0.00803694      	2.14506956e+05
0.0080376       	2.14449701e+05
0.00803826      	2.14391936e+05
0.00803892      	2.14334173e+05
0.00803958      	2.14272138e+05
0.00804024      	2.14216523e+05
0.0080409       	2.14160445e+05
0.00804155      	2.14104376e+05
0.00804221      	2.14043931e+05
0.00804286      	2.13990041e+05
0.00804352      	2.13935689e+05
0.00804417      	2.13881306e+05
0.00804483      	2.13827136e+05
0.00804548      	2.13768646e+05
0.00804613      	2.13716829e+05
0.00804678      	2.13664564e+05
0.00804744      	2.13612322e+05
0.00804809      	2.13555550e+05
0.00804873      	2.13505544e+05
0.00804938      	2.13455065e+05
0.00805003      	2.13404552e+05
0.00805068      	2.13349475e+05
0.00805133      	2.13301252e+05
0.00805197      	2.13252503e+05
0.00805262      	2.13203762e+05
0.00805327      	2.13155235e+05
0.00805391      	2.13102091e+05
0.00805455      	2.13055968e+05
0.0080552       	2.13009367e+05
0.00805584      	2.12962731e+05
0.00805648      	2.12911339e+05
0.00805712      	2.12867016e+05
0.00805776      	2.12822136e+05
0.0080584       	2.12777245e+05
0.00805904      	2.12732551e+05
0.00805968      	2.12683039e+05
0.00806032      	2.12640764e+05
0.00806096      	2.12597977e+05
0.00806159      	2.12555129e+05
0.00806223      	2.12507304e+05
0.00806286      	2.12466770e+05
0.0080635       	2.12425641e+05
0.00806413      	2.12384472e+05
0.00806477      	2.12338211e+05
0.0080654       	2.12299301e+05
0.00806603      	2.12259820e+05
0.00806666      	2.12220283e+05
0.00806729      	2.12175504e+05
0.00806792      	2.12138218e+05
0.00806855      	2.12100339e+05
0.00806918      	2.12062346e+05
0.0080698       	2.12019045e+05
0.00807043      	2.11983334e+05
0.00807106      	2.11946966e+05
0.00807168      	2.11910516e+05
0.0080723       	2.11868629e+05
0.00807293      	2.11834412e+05
0.00807355      	2.11799557e+05
0.00807417      	2.11758944e+05
0.00807479      	2.11725974e+05
0.00807541      	2.11692295e+05
0.00807603      	2.11658470e+05
0.00807665      	2.11618932e+05
0.00807726      	2.11587309e+05
0.00807788      	2.11555003e+05
0.00807849      	2.11516661e+05
0.00807911      	2.11486216e+05
0.00807972      	2.11455021e+05
0.00808033      	2.11423599e+05
0.00808094      	2.11386273e+05
0.00808156      	2.11357078e+05
0.00808217      	2.11327114e+05
0.00808278      	2.11296979e+05
0.00808338      	2.11260810e+05
0.00808399      	2.11232866e+05
0.0080846       	2.11204175e+05
0.0080852       	2.11169097e+05
0.00808581      	2.11142229e+05
0.00808641      	2.11114540e+05
0.00808702      	2.11086617e+05
0.00808762      	2.11052342e+05
0.00808822      	2.11026581e+05
0.00808882      	2.11000030e+05
0.00808942      	2.10966774e+05
0.00809001      	2.10941937e+05
0.00809061      	2.10916408e+05
0.00809121      	2.10890489e+05
0.00809181      	2.10864654e+05
0.0080924       	2.10832155e+05
0.008093        	2.10808496e+05
0.00809359      	2.10784200e+05
0.00809418      	2.10759579e+05
0.00809478      	2.10728143e+05
0.00809537      	2.10705712e+05
0.00809596      	2.10682422e+05
0.00809655      	2.10658814e+05
0.00809714      	2.10635186e+05
0.00809773      	2.10604693e+05
0.00809832      	2.10583543e+05
0.0080989       	2.10561356e+05
0.00809949      	2.10538976e+05
0.00810008      	2.10516522e+05
0.00810067      	2.10494208e+05
0.00810126      	2.10472034e+05
0.00810184      	2.10442720e+05
0.00810242      	2.10423096e+05
0.00810301      	2.10402584e+05
0.00810359      	2.10381731e+05
0.00810418      	2.10360836e+05
0.00810476      	2.10340025e+05
0.00810535      	2.10319319e+05
0.00810593      	2.10298699e+05
0.00810651      	2.10278457e+05
0.00810709      	2.10250681e+05
0.00810768      	2.10232945e+05
0.00810826      	2.10214364e+05
0.00810884      	2.10195417e+05
0.00810942      	2.10176411e+05
0.00811         	2.10157480e+05
0.00811058      	2.10138650e+05
0.00811116      	2.10120000e+05
0.00811174      	2.10101448e+05
0.00811232      	2.10083196e+05
0.0081129       	2.10056833e+05
0.00811347      	2.10041378e+05
0.00811405      	2.10024895e+05
0.00811463      	2.10008069e+05
0.0081152       	2.09991172e+05
0.00811578      	2.09974305e+05
0.00811636      	2.09957586e+05
0.00811694      	2.09941051e+05
0.00811751      	2.09924675e+05
0.00811809      	2.09908512e+05
0.00811867      	2.09892565e+05
0.00811924      	2.09876793e+05
0.00811982      	2.09861242e+05
0.00812039      	2.09836815e+05
0.00812096      	2.09824282e+05
0.00812154      	2.09810678e+05
0.00812211      	2.09796693e+05
0.00812268      	2.09782584e+05
0.00812326      	2.09768554e+05
0.00812383      	2.09754683e+05
0.0081244       	2.09740969e+05
0.00812497      	2.09727480e+05
0.00812555      	2.09714225e+05
0.00812612      	2.09701166e+05
0.00812669      	2.09688352e+05
0.00812726      	2.09675784e+05
0.00812784      	2.09663420e+05
0.00812841      	2.09651308e+05
0.00812898      	2.09639447e+05
0.00812955      	2.09617399e+05
0.00813012      	2.09608906e+05
0.00813069      	2.09599227e+05
0.00813126      	2.09589087e+05
0.00813182      	2.09578869e+05
0.00813239      	2.09568747e+05
0.00813296      	2.09558771e+05
0.00813353      	2.09549033e+05
0.0081341       	2.09539557e+05
0.00813466      	2.09530313e+05
0.00813523      	2.09521355e+05
0.0081358       	2.09512683e+05
0.00813636      	2.09492639e+05
0.00813693      	2.09487658e+05
0.00813749      	2.09481394e+05
0.00813805      	2.09474642e+05
0.00813862      	2.09467814e+05
0.00813918      	2.09461098e+05
0.00813974      	2.09454555e+05
0.00814031      	2.09448283e+05
0.00814087      	2.09442306e+05
0.00814143      	2.09436590e+05
0.008142        	2.09431191e+05
0.00814256      	2.09426112e+05
0.00814312      	2.09408201e+05
0.00814367      	2.09407181e+05
0.00814423      	2.09404753e+05
0.00814479      	2.09401794e+05
0.00814535      	2.09398750e+05
0.0081459       	2.09395832e+05
0.00814646      	2.09393110e+05
0.00814702      	2.09390689e+05
0.00814758      	2.09388598e+05
0.00814814      	2.09386810e+05
0.00814869      	2.09385381e+05
0.00814925      	2.09384313e+05
0.00814981      	2.09383568e+05
0.00815036      	2.09368047e+05
0.00815091      	2.09371898e+05
0.00815146      	2.09374128e+05
0.00815201      	2.09375806e+05
0.00815257      	2.09377384e+05
0.00815312      	2.09379058e+05
0.00815367      	2.09381003e+05
0.00815422      	2.09383282e+05
0.00815477      	2.09385889e+05
0.00815532      	2.09388890e+05
0.00815588      	2.09392292e+05
0.00815643      	2.09396060e+05
0.00815698      	2.09400244e+05
0.00815753      	2.09404845e+05
0.00815808      	2.09409913e+05
0.00815863      	2.09415252e+05
0.00815918      	2.09421104e+05
0.00815974      	2.09427277e+05
0.00816029      	2.09434081e+05
0.00816084      	2.09441325e+05
0.00816139      	2.09448987e+05
0.00816194      	2.09457460e+05
0.00816249      	2.09466112e+05
0.00816305      	2.09475617e+05
0.0081636       	2.09486735e+05
0.00816415      	2.09495143e+05
0.0081647       	2.09504173e+05
0.00816525      	2.09514342e+05
0.0081658       	2.09525161e+05
0.00816635      	2.09536320e+05
0.00816691      	2.09548120e+05
0.00816746      	2.09560413e+05
0.00816801      	2.09573079e+05
0.00816856      	2.09586181e+05
0.00816911      	2.09599724e+05
0.00816966      	2.09613675e+05
0.00817022      	2.09628085e+05
0.00817077      	2.09642957e+05
0.00817132      	2.09658255e+05
0.00817187      	2.09673955e+05
0.00817242      	2.09690363e+05
0.00817297      	2.09706972e+05
0.00817353      	2.09724141e+05
0.00817408      	2.09741789e+05
0.00817463      	2.09759882e+05
0.00817518      	2.09778465e+05
0.00817573      	2.09797539e+05
0.00817628      	2.09817072e+05
0.00817683      	2.09837089e+05
0.00817739      	2.09857541e+05
0.00817794      	2.09878587e+05
0.00817849      	2.09900074e+05
0.00817904      	2.09922063e+05
0.00817959      	2.09944517e+05
0.00818014      	2.09967481e+05
0.0081807       	2.09990953e+05
0.00818125      	2.10014895e+05
0.0081818       	2.10039353e+05
0.00818235      	2.10064324e+05
0.0081829       	2.10089770e+05
0.00818345      	2.10115736e+05
0.008184        	2.10142219e+05
0.00818456      	2.10169181e+05
0.00818511      	2.10196667e+05
0.00818566      	2.10224675e+05
0.00818621      	2.10253164e+05
0.00818676      	2.10282181e+05
0.00818731      	2.10311721e+05
0.00818787      	2.10341747e+05
0.00818842      	2.10372302e+05
0.00818897      	2.10403384e+05
0.00818952      	2.10434953e+05
0.00819007      	2.10467053e+05
0.00819062      	2.10499681e+05
0.00819118      	2.10532798e+05
0.00819173      	2.10566447e+05
0.00819228      	2.10600625e+05
0.00819283      	2.10635293e+05
0.00819338      	2.10670495e+05
0.00819393      	2.10706225e+05
0.00819448      	2.10742443e+05
0.00819504      	2.10779195e+05
0.00819559      	2.10816475e+05
0.00819614      	2.10854244e+05
0.00819669      	2.10892547e+05
0.00819724      	2.10931377e+05
0.00819779      	2.10970694e+05
0.00819835      	2.11010544e+05
0.0081989       	2.11050921e+05
0.00819945      	2.11091783e+05
0.0082          	2.11133176e+05
0.00820054      	2.11138463e+05
0.00820108      	2.11188664e+05
0.00820161      	2.11234980e+05
0.00820215      	2.11275753e+05
0.00820269      	2.11320610e+05
0.00820322      	2.11364931e+05
0.00820376      	2.11409238e+05
0.00820429      	2.11453753e+05
0.00820483      	2.11498649e+05
0.00820536      	2.11540032e+05
0.0082059       	2.11586644e+05
0.00820643      	2.11633278e+05
0.00820697      	2.11680173e+05
0.0082075       	2.11727400e+05
0.00820804      	2.11775060e+05
0.00820857      	2.11819157e+05
0.0082091       	2.11868527e+05
0.00820964      	2.11917890e+05
0.00821017      	2.11967490e+05
0.0082107       	2.12017394e+05
0.00821124      	2.12067710e+05
0.00821177      	2.12118458e+05
0.0082123       	2.12169603e+05
0.00821284      	2.12221204e+05
0.00821337      	2.12273258e+05
0.0082139       	2.12325720e+05
0.00821444      	2.12378637e+05
0.00821497      	2.12432003e+05
0.0082155       	2.12485771e+05
0.00821604      	2.12539983e+05
0.00821657      	2.12594631e+05
0.0082171       	2.12649674e+05
0.00821764      	2.12705157e+05
0.00821817      	2.12761067e+05
0.0082187       	2.12817391e+05
0.00821924      	2.12874128e+05
0.00821977      	2.12931251e+05
0.0082203       	2.12988787e+05
0.00822084      	2.13046738e+05
0.00822137      	2.13105093e+05
0.0082219       	2.13168053e+05
0.00822244      	2.13226321e+05
0.00822297      	2.13285482e+05
0.00822351      	2.13345293e+05
0.00822404      	2.13405627e+05
0.00822458      	2.13466407e+05
0.00822511      	2.13527553e+05
0.00822565      	2.13589098e+05
0.00822618      	2.13651020e+05
0.00822672      	2.13713251e+05
0.00822725      	2.13775889e+05
0.00822779      	2.13838886e+05
0.00822832      	2.13902199e+05
0.00822886      	2.13965882e+05
0.00822939      	2.14029888e+05
0.00822993      	2.14094218e+05
0.00823046      	2.14158927e+05
0.008231        	2.14223978e+05
0.00823153      	2.14289329e+05
0.00823206      	2.14350588e+05
0.0082326       	2.14417510e+05
0.00823313      	2.14484168e+05
0.00823366      	2.14550899e+05
0.0082342       	2.14617815e+05
0.00823473      	2.14684936e+05
0.00823526      	2.14752346e+05
0.0082358       	2.14820049e+05
0.00823633      	2.14888017e+05
0.00823686      	2.14956294e+05
0.0082374       	2.15024868e+05
0.00823793      	2.15093703e+05
0.00823846      	2.15162839e+05
0.00823899      	2.15227698e+05
0.00823952      	2.15298285e+05
0.00824006      	2.15368591e+05
0.00824059      	2.15438902e+05
0.00824112      	2.15509301e+05
0.00824165      	2.15579900e+05
0.00824218      	2.15650728e+05
0.00824271      	2.15721756e+05
0.00824324      	2.15788384e+05
0.00824377      	2.15860843e+05
0.0082443       	2.15932934e+05
0.00824483      	2.16005000e+05
0.00824536      	2.16077157e+05
0.00824589      	2.16149406e+05
0.00824642      	2.16217153e+05
0.00824695      	2.16290772e+05
0.00824747      	2.16363980e+05
0.008248        	2.16437104e+05
0.00824853      	2.16510329e+05
0.00824906      	2.16583630e+05
0.00824958      	2.16657113e+05
0.00825011      	2.16730778e+05
0.00825064      	2.16804598e+05
0.00825117      	2.16873783e+05
0.00825169      	2.16948950e+05
0.00825222      	2.17023668e+05
0.00825274      	2.17098274e+05
0.00825327      	2.17172902e+05
0.0082538       	2.17247589e+05
0.00825432      	2.17322409e+05
0.00825485      	2.17397378e+05
0.00825537      	2.17472458e+05
0.0082559       	2.17547700e+05
0.00825642      	2.17623092e+05
0.00825695      	2.17698589e+05
0.00825748      	2.17774236e+05
0.008258        	2.17850007e+05
0.00825853      	2.17925927e+05
0.00825905      	2.18002007e+05
0.00825958      	2.18078226e+05
0.00826011      	2.18154533e+05
0.00826063      	2.18230979e+05
0.00826116      	2.18307549e+05
0.00826168      	2.18384204e+05
0.00826221      	2.18466158e+05
0.00826274      	2.18542051e+05
0.00826327      	2.18618660e+05
0.0082638       	2.18695690e+05
0.00826432      	2.18772986e+05
0.00826485      	2.18850427e+05
0.00826538      	2.18928015e+05
0.00826591      	2.19005715e+05
0.00826644      	2.19083475e+05
0.00826696      	2.19161334e+05
0.00826749      	2.19239272e+05
0.00826802      	2.19317255e+05
0.00826855      	2.19400695e+05
0.00826908      	2.19477764e+05
0.00826961      	2.19555556e+05
0.00827014      	2.19633759e+05
0.00827067      	2.19712205e+05
0.0082712       	2.19790767e+05
0.00827173      	2.19869444e+05
0.00827226      	2.19948202e+05
0.00827279      	2.20026981e+05
0.00827332      	2.20105816e+05
0.00827385      	2.20190284e+05
0.00827438      	2.20268047e+05
0.00827492      	2.20346579e+05
0.00827545      	2.20425500e+05
0.00827598      	2.20504598e+05
0.00827651      	2.20583831e+05
0.00827705      	2.20663136e+05
0.00827758      	2.20742454e+05
0.00827811      	2.20821814e+05
0.00827864      	2.20901197e+05
0.00827918      	2.20986386e+05
0.00827971      	2.21064596e+05
0.00828025      	2.21143576e+05
0.00828078      	2.21222896e+05
0.00828132      	2.21302490e+05
0.00828185      	2.21382051e+05
0.00828238      	2.21461687e+05
0.00828292      	2.21541349e+05
0.00828345      	2.21621014e+05
0.00828399      	2.21700634e+05
0.00828452      	2.21780250e+05
0.00828506      	2.21859848e+05
0.00828559      	2.21939389e+05
0.00828613      	2.22018915e+05
0.00828666      	2.22098416e+05
0.0082872       	2.22177850e+05
0.00828773      	2.22257262e+05
0.00828827      	2.22336639e+05
0.0082888       	2.22415942e+05
0.00828933      	2.22495212e+05
0.00828987      	2.22574439e+05
0.0082904       	2.22653582e+05
0.00829094      	2.22732687e+05
0.00829148      	2.22818182e+05
0.00829201      	2.22895825e+05
0.00829255      	2.22974273e+05
0.00829309      	2.23053071e+05
0.00829362      	2.23131982e+05
0.00829416      	2.23210942e+05
0.0082947       	2.23289884e+05
0.00829524      	2.23368737e+05
0.00829577      	2.23447528e+05
0.00829631      	2.23526238e+05
0.00829685      	2.23604822e+05
0.00829739      	2.23683321e+05
0.00829792      	2.23761723e+05
0.00829846      	2.23839987e+05
0.008299        	2.23918156e+05
0.00829953      	2.23996217e+05
0.00830007      	2.24074130e+05
0.00830061      	2.24151937e+05
0.00830115      	2.24229627e+05
0.00830168      	2.24307158e+05
0.00830222      	2.24384573e+05
0.00830276      	2.24461858e+05
0.0083033       	2.24538974e+05
0.00830383      	2.24615962e+05
0.00830437      	2.24692809e+05
0.00830491      	2.24776741e+05
0.00830545      	2.24851732e+05
0.00830599      	2.24927557e+05
0.00830653      	2.25003662e+05
0.00830707      	2.25079860e+05
0.00830761      	2.25156018e+05
0.00830815      	2.25232031e+05
0.00830869      	2.25307906e+05
0.00830923      	2.25383613e+05
0.00830977      	2.25459103e+05
0.00831032      	2.25542094e+05
0.00831086      	2.25615560e+05
0.0083114       	2.25689847e+05
0.00831195      	2.25764446e+05
0.00831249      	2.25839098e+05
0.00831303      	2.25913634e+05
0.00831358      	2.25988027e+05
0.00831412      	2.26070248e+05
0.00831467      	2.26142457e+05
0.00831522      	2.26215562e+05
0.00831577      	2.26288965e+05
0.00831631      	2.26362361e+05
0.00831686      	2.26435657e+05
0.00831741      	2.26508766e+05
0.00831796      	2.26590004e+05
0.00831851      	2.26660757e+05
0.00831906      	2.26732426e+05
0.00831961      	2.26804345e+05
0.00832016      	2.26876280e+05
0.00832071      	2.26948075e+05
0.00832126      	2.27019612e+05
0.00832181      	2.27090893e+05
0.00832237      	2.27170755e+05
0.00832292      	2.27239427e+05
0.00832347      	2.27309057e+05
0.00832403      	2.27378967e+05
0.00832458      	2.27448822e+05
0.00832514      	2.27518509e+05
0.00832569      	2.27587936e+05
0.00832625      	2.27666366e+05
0.00832681      	2.27733006e+05
0.00832737      	2.27800644e+05
0.00832793      	2.27868522e+05
0.00832849      	2.27936367e+05
0.00832905      	2.28004004e+05
0.0083296       	2.28071304e+05
0.00833016      	2.28138266e+05
0.00833073      	2.28214812e+05
0.00833129      	2.28278677e+05
0.00833185      	2.28343600e+05
0.00833242      	2.28408798e+05
0.00833298      	2.28473890e+05
0.00833354      	2.28538745e+05
0.0083341       	2.28603257e+05
0.00833467      	2.28667339e+05
0.00833524      	2.28741675e+05
0.0083358       	2.28802390e+05
0.00833637      	2.28864183e+05
0.00833694      	2.28926253e+05
0.00833751      	2.28988217e+05
0.00833808      	2.29049846e+05
0.00833864      	2.29111080e+05
0.00833921      	2.29171855e+05
0.00833978      	2.29232105e+05
0.00834035      	2.29291857e+05
0.00834092      	2.29362807e+05
0.0083415       	2.29418660e+05
0.00834207      	2.29475750e+05
0.00834264      	2.29533132e+05
0.00834322      	2.29590353e+05
0.00834379      	2.29647247e+05
0.00834436      	2.29703690e+05
0.00834494      	2.29759586e+05
0.00834551      	2.29814947e+05
0.00834608      	2.29869748e+05
0.00834666      	2.29923938e+05
0.00834723      	2.29977556e+05
0.00834781      	2.30043890e+05
0.00834839      	2.30092995e+05
0.00834897      	2.30143519e+05
0.00834955      	2.30194366e+05
0.00835013      	2.30245025e+05
0.00835071      	2.30295297e+05
0.00835129      	2.30345045e+05
0.00835187      	2.30394166e+05
0.00835245      	2.30442668e+05
0.00835303      	2.30490524e+05
0.00835361      	2.30537685e+05
0.00835419      	2.30584191e+05
0.00835478      	2.30645480e+05
0.00835536      	2.30686655e+05
0.00835595      	2.30729516e+05
0.00835654      	2.30772773e+05
0.00835713      	2.30815830e+05
0.00835771      	2.30858450e+05
0.0083583       	2.30900478e+05
0.00835889      	2.30941798e+05
0.00835948      	2.30982418e+05
0.00836006      	2.31022309e+05
0.00836066      	2.31079374e+05
0.00836126      	2.31113044e+05
0.00836185      	2.31148727e+05
0.00836245      	2.31184873e+05
0.00836304      	2.31220873e+05
0.00836364      	2.31256392e+05
0.00836424      	2.31291222e+05
0.00836483      	2.31325323e+05
0.00836543      	2.31358646e+05
0.00836602      	2.31391130e+05
0.00836663      	2.31444249e+05
0.00836724      	2.31469344e+05
0.00836784      	2.31496910e+05
0.00836845      	2.31525161e+05
0.00836906      	2.31553300e+05
0.00836966      	2.31580898e+05
0.00837027      	2.31607799e+05
0.00837088      	2.31633901e+05
0.00837148      	2.31659115e+05
0.00837209      	2.31683463e+05
0.0083727       	2.31706930e+05
0.00837332      	2.31756691e+05
0.00837394      	2.31770793e+05
0.00837456      	2.31788282e+05
0.00837518      	2.31806745e+05
0.0083758       	2.31825212e+05
0.00837642      	2.31843182e+05
0.00837704      	2.31860367e+05
0.00837766      	2.31876692e+05
0.00837828      	2.31892094e+05
0.0083789       	2.31906511e+05
0.00837952      	2.31919975e+05
0.00838014      	2.31932477e+05
0.00838076      	2.31943978e+05
0.00838138      	2.31954523e+05
0.00838201      	2.31964105e+05
0.00838265      	2.32015109e+05
0.00838329      	2.32010386e+05
0.00838393      	2.32011512e+05
0.00838458      	2.32014587e+05
0.00838522      	2.32018079e+05
0.00838586      	2.32021187e+05
0.0083865       	2.32023503e+05
0.00838715      	2.32024899e+05
0.00838779      	2.32025284e+05
0.00838843      	2.32024588e+05
0.00838907      	2.32022852e+05
0.00838972      	2.32020061e+05
0.00839036      	2.32016182e+05
0.008391        	2.32011271e+05
0.00839165      	2.32005313e+05
0.00839229      	2.31998283e+05
0.00839293      	2.31990230e+05
0.00839357      	2.31981141e+05
0.00839422      	2.31970988e+05
0.00839486      	2.31959823e+05
0.0083955       	2.31947629e+05
0.00839614      	2.31934381e+05
0.00839679      	2.31920123e+05
0.00839743      	2.31904843e+05
0.00839807      	2.31888513e+05
0.00839871      	2.31871184e+05
0.00839936      	2.31852842e+05
0.0084          	2.31833462e+05
0.00840067      	2.31857066e+05
0.00840134      	2.31825616e+05
0.00840201      	2.31799138e+05
0.00840268      	2.31770103e+05
0.00840335      	2.31746510e+05
0.00840402      	2.31717497e+05
0.0084047       	2.31692689e+05
0.00840538      	2.31661836e+05
0.00840605      	2.31634924e+05
0.00840673      	2.31601814e+05
0.00840741      	2.31572683e+05
0.00840809      	2.31537262e+05
0.00840878      	2.31505969e+05
0.00840946      	2.31468331e+05
0.00841014      	2.31434748e+05
0.00841083      	2.31394807e+05
0.00841152      	2.31359030e+05
0.00841221      	2.31316850e+05
0.0084129       	2.31278879e+05
0.00841359      	2.31234486e+05
0.00841428      	2.31194388e+05
0.00841497      	2.31147802e+05
0.00841567      	2.31105572e+05
0.00841636      	2.31056831e+05
0.00841706      	2.31012509e+05
0.00841776      	2.30961630e+05
0.00841846      	2.30915240e+05
0.00841916      	2.30862253e+05
0.00841987      	2.30813838e+05
0.00842057      	2.30763307e+05
0.00842128      	2.30706685e+05
0.00842199      	2.30654966e+05
0.0084227       	2.30596658e+05
0.00842341      	2.30543150e+05
0.00842412      	2.30482917e+05
0.00842484      	2.30427505e+05
0.00842555      	2.30370018e+05
0.00842627      	2.30306329e+05
0.00842699      	2.30247838e+05
0.00842771      	2.30182604e+05
0.00842844      	2.30122472e+05
0.00842916      	2.30060275e+05
0.00842989      	2.29991810e+05
0.00843062      	2.29928776e+05
0.00843135      	2.29858932e+05
0.00843209      	2.29794405e+05
0.00843282      	2.29722940e+05
0.00843355      	2.29656850e+05
0.00843429      	2.29588723e+05
0.00843503      	2.29514233e+05
0.00843578      	2.29445523e+05
0.00843652      	2.29374893e+05
0.00843727      	2.29297950e+05
0.00843802      	2.29226945e+05
0.00843877      	2.29148975e+05
0.00843952      	2.29076860e+05
0.00844028      	2.29002755e+05
0.00844104      	2.28922214e+05
0.0084418       	2.28847937e+05
0.00844256      	2.28766593e+05
0.00844332      	2.28691367e+05
0.00844409      	2.28609000e+05
0.00844486      	2.28532823e+05
0.00844563      	2.28454690e+05
0.0084464       	2.28370135e+05
0.00844717      	2.28292224e+05
0.00844795      	2.28207169e+05
0.00844873      	2.28128712e+05
0.00844951      	2.28042981e+05
0.00845029      	2.27963867e+05
0.00845108      	2.27877515e+05
0.00845187      	2.27797890e+05
0.00845265      	2.27710950e+05
0.00845345      	2.27630936e+05
0.00845424      	2.27543584e+05
0.00845503      	2.27463232e+05
0.00845584      	2.27381175e+05
0.00845664      	2.27292605e+05
0.00845744      	2.27205935e+05
0.00845824      	2.27125858e+05
0.00845905      	2.27038132e+05
0.00845986      	2.26957700e+05
0.00846067      	2.26869891e+05
0.00846148      	2.26789607e+05
0.0084623       	2.26701923e+05
0.00846311      	2.26616186e+05
0.00846393      	2.26537282e+05
0.00846475      	2.26450625e+05
0.00846557      	2.26365914e+05
0.0084664       	2.26288168e+05
0.00846722      	2.26202627e+05
0.00846805      	2.26119160e+05
0.00846888      	2.26042849e+05
0.00846971      	2.25958720e+05
0.00847054      	2.25876792e+05
0.00847137      	2.25796167e+05
0.0084722       	2.25722627e+05
0.00847304      	2.25641124e+05
0.00847387      	2.25561912e+05
0.00847471      	2.25484136e+05
0.00847555      	2.25413687e+05
0.00847639      	2.25335199e+05
0.00847723      	2.25259185e+05
0.00847807      	2.25184738e+05
0.00847891      	2.25111554e+05
0.00847976      	2.25045876e+05
0.0084806       	2.24972013e+05
0.00848145      	2.24900800e+05
0.0084823       	2.24831317e+05
0.00848314      	2.24763240e+05
0.00848399      	2.24696427e+05
0.00848484      	2.24637442e+05
0.0084857       	2.24570119e+05
0.00848655      	2.24505659e+05
0.0084874       	2.24443091e+05
0.00848826      	2.24382090e+05
0.00848911      	2.24322505e+05
0.00848996      	2.24264301e+05
0.00849082      	2.24214301e+05
0.00849168      	2.24155708e+05
0.00849254      	2.24100220e+05
0.0084934       	2.24046807e+05
0.00849426      	2.23995078e+05
0.00849512      	2.23944895e+05
0.00849598      	2.23896226e+05
0.00849684      	2.23849037e+05
0.0084977       	2.23803334e+05
0.00849856      	2.23759143e+05
0.00849942      	2.23716451e+05
0.00850028      	2.23675266e+05
0.00850115      	2.23642971e+05
0.00850201      	2.23601490e+05
0.00850288      	2.23563424e+05
0.00850375      	2.23527615e+05
0.00850461      	2.23493620e+05
0.00850548      	2.23461266e+05
0.00850635      	2.23430506e+05
0.00850722      	2.23401295e+05
0.00850808      	2.23373625e+05
0.00850895      	2.23347491e+05
0.00850982      	2.23322939e+05
0.00851068      	2.23299963e+05
0.00851155      	2.23278564e+05
0.00851242      	2.23258718e+05
0.00851329      	2.23240416e+05
0.00851415      	2.23223654e+05
0.00851502      	2.23208407e+05
0.00851588      	2.23186181e+05
0.00851674      	2.23177581e+05
0.0085176       	2.23168249e+05
0.00851845      	2.23159538e+05
0.00851931      	2.23151951e+05
0.00852017      	2.23145661e+05
0.00852103      	2.23140722e+05
0.00852189      	2.23137166e+05
0.00852275      	2.23134971e+05
0.0085236       	2.23134109e+05
0.00852446      	2.23134581e+05
0.00852532      	2.23136354e+05
0.00852618      	2.23139395e+05
0.00852703      	2.23134077e+05
0.00852788      	2.23143556e+05
0.00852872      	2.23151738e+05
0.00852957      	2.23160171e+05
0.00853042      	2.23169389e+05
0.00853127      	2.23179589e+05
0.00853212      	2.23190863e+05
0.00853297      	2.23203208e+05
0.00853382      	2.23216598e+05
0.00853466      	2.23231032e+05
0.00853551      	2.23246473e+05
0.00853636      	2.23262882e+05
0.0085372       	2.23269220e+05
0.00853804      	2.23291852e+05
0.00853887      	2.23312525e+05
0.00853971      	2.23332996e+05
0.00854055      	2.23353878e+05
0.00854139      	2.23375397e+05
0.00854222      	2.23397657e+05
0.00854306      	2.23420661e+05
0.0085439       	2.23444380e+05
0.00854473      	2.23468811e+05
0.00854557      	2.23493916e+05
0.00854641      	2.23519652e+05
0.00854725      	2.23546013e+05
0.00854808      	2.23572961e+05
0.00854892      	2.23600454e+05
0.00854976      	2.23628486e+05
0.0085506       	2.23657022e+05
0.00855143      	2.23686018e+05
0.00855227      	2.23715471e+05
0.00855311      	2.23745345e+05
0.00855393      	2.23760922e+05
0.00855475      	2.23797108e+05
0.00855558      	2.23829873e+05
0.0085564       	2.23861499e+05
0.00855722      	2.23892847e+05
0.00855804      	2.23924240e+05
0.00855887      	2.23955785e+05
0.00855969      	2.23987530e+05
0.00856051      	2.24019461e+05
0.00856133      	2.24051537e+05
0.00856216      	2.24083754e+05
0.00856298      	2.24116076e+05
0.0085638       	2.24148458e+05
0.00856463      	2.24180896e+05
0.00856545      	2.24213358e+05
0.00856627      	2.24245801e+05
0.00856709      	2.24278223e+05
0.00856792      	2.24310594e+05
0.00856874      	2.24342872e+05
0.00856956      	2.24375058e+05
0.00857038      	2.24407121e+05
0.00857121      	2.24439022e+05
0.00857203      	2.24470760e+05
0.00857285      	2.24502308e+05
0.00857367      	2.24533625e+05
0.0085745       	2.24564714e+05
0.00857532      	2.24595546e+05
0.00857614      	2.24626174e+05
0.00857697      	2.24656504e+05
0.00857779      	2.24686513e+05
0.00857861      	2.24716178e+05
0.00857943      	2.24745499e+05
0.00858026      	2.24774476e+05
0.00858108      	2.24803048e+05
0.0085819       	2.24831215e+05
0.00858272      	2.24858980e+05
0.00858355      	2.24886280e+05
0.00858437      	2.24913119e+05
0.00858519      	2.24939499e+05
0.00858601      	2.24965360e+05
0.00858684      	2.24990705e+05
0.00858766      	2.25015539e+05
0.00858848      	2.25039801e+05
0.00858931      	2.25063498e+05
0.00859013      	2.25086633e+05
0.00859095      	2.25109148e+05
0.00859177      	2.25131051e+05
0.0085926       	2.25152345e+05
0.00859342      	2.25172976e+05
0.00859424      	2.25192949e+05
0.00859506      	2.25212273e+05
0.00859589      	2.25230890e+05
0.00859671      	2.25248812e+05
0.00859753      	2.25266044e+05
0.00859835      	2.25282533e+05
0.00859918      	2.25298289e+05
0.0086          	2.25313314e+05
0.0086008       	2.25301286e+05
0.00860159      	2.25325281e+05
0.00860239      	2.25338512e+05
0.00860318      	2.25353051e+05
0.00860397      	2.25364948e+05
0.00860477      	2.25375382e+05
0.00860556      	2.25381399e+05
0.00860635      	2.25391317e+05
0.00860714      	2.25399630e+05
0.00860793      	2.25403422e+05
0.00860871      	2.25411116e+05
0.0086095       	2.25417151e+05
0.00861029      	2.25422038e+05
0.00861107      	2.25422538e+05
0.00861186      	2.25427088e+05
0.00861264      	2.25429942e+05
0.00861342      	2.25431651e+05
0.0086142       	2.25428926e+05
0.00861499      	2.25430283e+05
0.00861577      	2.25429938e+05
0.00861654      	2.25424904e+05
0.00861732      	2.25423923e+05
0.0086181       	2.25421194e+05
0.00861888      	2.25417304e+05
0.00861965      	2.25412434e+05
0.00862043      	2.25403077e+05
0.0086212       	2.25398038e+05
0.00862197      	2.25391265e+05
0.00862275      	2.25383321e+05
0.00862352      	2.25370765e+05
0.00862429      	2.25362544e+05
0.00862506      	2.25352581e+05
0.00862583      	2.25337747e+05
0.0086266       	2.25327228e+05
0.00862736      	2.25314926e+05
0.00862813      	2.25301451e+05
0.0086289       	2.25286996e+05
0.00862966      	2.25267890e+05
0.00863042      	2.25253391e+05
0.00863119      	2.25237136e+05
0.00863195      	2.25219712e+05
0.00863271      	2.25197508e+05
0.00863347      	2.25179944e+05
0.00863423      	2.25160621e+05
0.00863499      	2.25140141e+05
0.00863575      	2.25114794e+05
0.00863651      	2.25094212e+05
0.00863726      	2.25071884e+05
0.00863802      	2.25044426e+05
0.00863877      	2.25021719e+05
0.00863952      	2.24997221e+05
0.00864028      	2.24971541e+05
0.00864103      	2.24940909e+05
0.00864178      	2.24915256e+05
0.00864253      	2.24887838e+05
0.00864328      	2.24859266e+05
0.00864402      	2.24825698e+05
0.00864477      	2.24797217e+05
0.00864552      	2.24766986e+05
0.00864626      	2.24735605e+05
0.00864701      	2.24699171e+05
0.00864775      	2.24667951e+05
0.00864849      	2.24634978e+05
0.00864923      	2.24596663e+05
0.00864997      	2.24563573e+05
0.00865071      	2.24528674e+05
0.00865145      	2.24492634e+05
0.00865219      	2.24455720e+05
0.00865292      	2.24413727e+05
0.00865366      	2.24377259e+05
0.00865439      	2.24339069e+05
0.00865513      	2.24299768e+05
0.00865586      	2.24255254e+05
0.00865659      	2.24216350e+05
0.00865732      	2.24175700e+05
0.00865805      	2.24129534e+05
0.00865878      	2.24088973e+05
0.00865951      	2.24046626e+05
0.00866023      	2.24003175e+05
0.00866096      	2.23958862e+05
0.00866169      	2.23909287e+05
0.00866241      	2.23865664e+05
0.00866314      	2.23820315e+05
0.00866386      	2.23773892e+05
0.00866458      	2.23722031e+05
0.0086653       	2.23676225e+05
0.00866602      	2.23628681e+05
0.00866674      	2.23580057e+05
0.00866746      	2.23530655e+05
0.00866818      	2.23475817e+05
0.00866889      	2.23427289e+05
0.00866961      	2.23377061e+05
0.00867033      	2.23325776e+05
0.00867104      	2.23273713e+05
0.00867176      	2.23216146e+05
0.00867247      	2.23165097e+05
0.00867318      	2.23112334e+05
0.00867389      	2.23058546e+05
0.00867461      	2.23004002e+05
0.00867531      	2.22943842e+05
0.00867602      	2.22890437e+05
0.00867673      	2.22835306e+05
0.00867744      	2.22779184e+05
0.00867815      	2.22722318e+05
0.00867886      	2.22664841e+05
0.00867956      	2.22606826e+05
0.00868027      	2.22548283e+05
0.00868098      	2.22489234e+05
0.00868169      	2.22424478e+05
0.00868239      	2.22366916e+05
0.00868309      	2.22307646e+05
0.0086838       	2.22247396e+05
0.0086845       	2.22186441e+05
0.00868521      	2.22124937e+05
0.00868591      	2.22057534e+05
0.00868661      	2.21997613e+05
0.00868731      	2.21935992e+05
0.00868801      	2.21873401e+05
0.00868871      	2.21810142e+05
0.00868941      	2.21746342e+05
0.00869011      	2.21682087e+05
0.00869081      	2.21617372e+05
0.0086915       	2.21546605e+05
0.0086922       	2.21483767e+05
0.00869289      	2.21419206e+05
0.00869359      	2.21353697e+05
0.00869428      	2.21287548e+05
0.00869498      	2.21220899e+05
0.00869568      	2.21153820e+05
0.00869637      	2.21086343e+05
0.00869706      	2.21012591e+05
0.00869775      	2.20947222e+05
0.00869844      	2.20880128e+05
0.00869913      	2.20812108e+05
0.00869982      	2.20743481e+05
0.00870052      	2.20674394e+05
0.00870121      	2.20604904e+05
0.0087019       	2.20535122e+05
0.00870258      	2.20458791e+05
0.00870327      	2.20391340e+05
0.00870396      	2.20322148e+05
0.00870464      	2.20252056e+05
0.00870533      	2.20181387e+05
0.00870601      	2.20110319e+05
0.0087067       	2.20038900e+05
0.00870739      	2.19967195e+05
0.00870807      	2.19895198e+05
0.00870876      	2.19822927e+05
0.00870944      	2.19743801e+05
0.00871012      	2.19674227e+05
0.0087108       	2.19602901e+05
0.00871148      	2.19530678e+05
0.00871216      	2.19457935e+05
0.00871284      	2.19384820e+05
0.00871352      	2.19311424e+05
0.00871421      	2.19237788e+05
0.00871488      	2.19156948e+05
0.00871556      	2.19086291e+05
0.00871623      	2.19013849e+05
0.00871691      	2.18940529e+05
0.00871758      	2.18866716e+05
0.00871826      	2.18792580e+05
0.00871893      	2.18718209e+05
0.00871961      	2.18643646e+05
0.00872028      	2.18561488e+05
0.00872095      	2.18490217e+05
0.00872162      	2.18417117e+05
0.00872229      	2.18343160e+05
0.00872296      	2.18268734e+05
0.00872363      	2.18194025e+05
0.00872429      	2.18111338e+05
0.00872496      	2.18040090e+05
0.00872562      	2.17966980e+05
0.00872629      	2.17893010e+05
0.00872695      	2.17818619e+05
0.00872761      	2.17743964e+05
0.00872827      	2.17660932e+05
0.00872893      	2.17589984e+05
0.00872959      	2.17517154e+05
0.00873025      	2.17443464e+05
0.0087309       	2.17369357e+05
0.00873156      	2.17295032e+05
0.00873221      	2.17211875e+05
0.00873287      	2.17141521e+05
0.00873352      	2.17069224e+05
0.00873417      	2.16996079e+05
0.00873482      	2.16922533e+05
0.00873547      	2.16848801e+05
0.00873612      	2.16765732e+05
0.00873676      	2.16696233e+05
0.00873741      	2.16624747e+05
0.00873805      	2.16552412e+05
0.0087387       	2.16479686e+05
0.00873934      	2.16406801e+05
0.00873998      	2.16324002e+05
0.00874062      	2.16255637e+05
0.00874126      	2.16185229e+05
0.0087419       	2.16113955e+05
0.00874254      	2.16042310e+05
0.00874318      	2.15970525e+05
0.00874381      	2.15898722e+05
0.00874445      	2.15816273e+05
0.00874508      	2.15749431e+05
0.00874571      	2.15680460e+05
0.00874634      	2.15610608e+05
0.00874697      	2.15540388e+05
0.0087476       	2.15470056e+05
0.00874823      	2.15399729e+05
0.00874886      	2.15329478e+05
0.00874949      	2.15247548e+05
0.00875011      	2.15182767e+05
0.00875073      	2.15115729e+05
0.00875136      	2.15047772e+05
0.00875198      	2.14979446e+05
0.00875261      	2.14911026e+05
0.00875323      	2.14842641e+05
0.00875385      	2.14774379e+05
0.00875448      	2.14706247e+05
0.00875509      	2.14624977e+05
0.00875571      	2.14562966e+05
0.00875632      	2.14498495e+05
0.00875694      	2.14433046e+05
0.00875755      	2.14367203e+05
0.00875817      	2.14301287e+05
0.00875878      	2.14235435e+05
0.0087594       	2.14169730e+05
0.00876001      	2.14104204e+05
0.00876063      	2.14038835e+05
0.00876124      	2.13973750e+05
0.00876186      	2.13908886e+05
0.00876247      	2.13844164e+05
0.00876309      	2.13779688e+05
0.00876369      	2.13698929e+05
0.0087643       	2.13641868e+05
0.0087649       	2.13581880e+05
0.00876551      	2.13520710e+05
0.00876611      	2.13459088e+05
0.00876672      	2.13397377e+05
0.00876732      	2.13335758e+05
0.00876793      	2.13274282e+05
0.00876854      	2.13213126e+05
0.00876914      	2.13152239e+05
0.00876975      	2.13091509e+05
0.00877035      	2.13031096e+05
0.00877096      	2.12970947e+05
0.00877156      	2.12911079e+05
0.00877217      	2.12851480e+05
0.00877277      	2.12792160e+05
0.00877338      	2.12733119e+05
0.00877398      	2.12674356e+05
0.00877459      	2.12615885e+05
0.00877519      	2.12557635e+05
0.0087758       	2.12499857e+05
0.0087764       	2.12442191e+05
0.00877701      	2.12384830e+05
0.00877761      	2.12327875e+05
0.00877822      	2.12271165e+05
0.00877882      	2.12214770e+05
0.00877943      	2.12158677e+05
0.00878003      	2.12102893e+05
0.00878064      	2.12047422e+05
0.00878124      	2.11992268e+05
0.00878185      	2.11937431e+05
0.00878245      	2.11882983e+05
0.00878306      	2.11828730e+05
0.00878366      	2.11774788e+05
0.00878427      	2.11721305e+05
0.00878487      	2.11668090e+05
0.00878548      	2.11615207e+05
0.00878608      	2.11562653e+05
0.00878669      	2.11510432e+05
0.00878729      	2.11458547e+05
0.0087879       	2.11407002e+05
0.0087885       	2.11355794e+05
0.00878911      	2.11304923e+05
0.00878971      	2.11254400e+05
0.00879032      	2.11204217e+05
0.00879092      	2.11154376e+05
0.00879153      	2.11104882e+05
0.00879213      	2.11055729e+05
0.00879274      	2.11006928e+05
0.00879334      	2.10958471e+05
0.00879395      	2.10910361e+05
0.00879455      	2.10862602e+05
0.00879516      	2.10815190e+05
0.00879576      	2.10768126e+05
0.00879637      	2.10721413e+05
0.00879697      	2.10675053e+05
0.00879758      	2.10629039e+05
0.00879818      	2.10583378e+05
0.00879879      	2.10538066e+05
0.00879939      	2.10493105e+05
0.0088          	2.10448495e+05
0.00880059      	2.10374530e+05
0.00880118      	2.10341691e+05
0.00880176      	2.10304147e+05
0.00880235      	2.10261280e+05
0.00880294      	2.10221917e+05
0.00880352      	2.10181769e+05
0.00880411      	2.10138223e+05
0.00880469      	2.10099164e+05
0.00880528      	2.10059792e+05
0.00880586      	2.10017206e+05
0.00880644      	2.09979257e+05
0.00880703      	2.09941018e+05
0.00880761      	2.09899550e+05
0.00880819      	2.09862744e+05
0.00880877      	2.09825639e+05
0.00880935      	2.09785251e+05
0.00880993      	2.09749556e+05
0.00881051      	2.09713547e+05
0.00881109      	2.09674212e+05
0.00881167      	2.09639592e+05
0.00881224      	2.09604654e+05
0.00881282      	2.09566341e+05
0.00881339      	2.09532778e+05
0.00881397      	2.09498886e+05
0.00881455      	2.09465006e+05
0.00881512      	2.09427840e+05
0.00881569      	2.09395546e+05
0.00881627      	2.09362946e+05
0.00881684      	2.09330371e+05
0.00881742      	2.09294460e+05
0.00881799      	2.09263471e+05
0.00881856      	2.09232166e+05
0.00881913      	2.09197345e+05
0.0088197       	2.09167408e+05
0.00882027      	2.09137116e+05
0.00882084      	2.09106809e+05
0.00882141      	2.09073051e+05
0.00882198      	2.09044300e+05
0.00882255      	2.09015219e+05
0.00882312      	2.08986222e+05
0.00882369      	2.08957186e+05
0.00882426      	2.08928438e+05
0.00882482      	2.08896264e+05
0.00882539      	2.08869242e+05
0.00882596      	2.08841896e+05
0.00882652      	2.08814546e+05
0.00882709      	2.08787322e+05
0.00882766      	2.08760296e+05
0.00882822      	2.08733500e+05
0.00882879      	2.08706953e+05
0.00882936      	2.08680663e+05
0.00882992      	2.08654632e+05
0.00883049      	2.08628858e+05
0.00883106      	2.08603344e+05
0.00883162      	2.08574244e+05
0.00883219      	2.08550499e+05
0.00883275      	2.08526401e+05
0.00883332      	2.08502271e+05
0.00883388      	2.08478255e+05
0.00883445      	2.08454413e+05
0.00883501      	2.08430792e+05
0.00883558      	2.08407401e+05
0.00883614      	2.08384257e+05
0.00883671      	2.08361354e+05
0.00883727      	2.08338705e+05
0.00883784      	2.08316298e+05
0.0088384       	2.08294141e+05
0.00883897      	2.08272228e+05
0.00883953      	2.08250562e+05
0.0088401       	2.08229139e+05
0.00884066      	2.08207961e+05
0.00884123      	2.08187031e+05
0.00884179      	2.08166339e+05
0.00884236      	2.08145892e+05
0.00884292      	2.08125689e+05
0.00884349      	2.08101523e+05
0.00884405      	2.08083127e+05
0.00884461      	2.08064325e+05
0.00884518      	2.08045464e+05
0.00884574      	2.08026690e+05
0.0088463       	2.08008085e+05
0.00884686      	2.07989682e+05
0.00884743      	2.07971505e+05
0.00884799      	2.07953566e+05
0.00884855      	2.07935869e+05
0.00884912      	2.07918409e+05
0.00884968      	2.07901206e+05
0.00885024      	2.07884239e+05
0.00885081      	2.07867519e+05
0.00885137      	2.07851046e+05
0.00885193      	2.07834816e+05
0.00885249      	2.07814289e+05
0.00885305      	2.07799933e+05
0.00885361      	2.07785141e+05
0.00885417      	2.07770277e+05
0.00885474      	2.07755498e+05
0.0088553       	2.07740885e+05
0.00885586      	2.07726483e+05
0.00885642      	2.07712316e+05
0.00885698      	2.07693654e+05
0.00885754      	2.07681391e+05
0.00885809      	2.07668684e+05
0.00885865      	2.07655901e+05
0.00885921      	2.07643211e+05
0.00885977      	2.07630690e+05
0.00886033      	2.07613505e+05
0.00886088      	2.07602877e+05
0.00886144      	2.07591790e+05
0.008862        	2.07580630e+05
0.00886255      	2.07569557e+05
0.00886311      	2.07558673e+05
0.00886366      	2.07542964e+05
0.00886422      	2.07534005e+05
0.00886477      	2.07524581e+05
0.00886533      	2.07515089e+05
0.00886588      	2.07505694e+05
0.00886643      	2.07491301e+05
0.00886698      	2.07483793e+05
0.00886754      	2.07475808e+05
0.00886809      	2.07467748e+05
0.00886864      	2.07459786e+05
0.00886919      	2.07446690e+05
0.00886974      	2.07440648e+05
0.00887029      	2.07434126e+05
0.00887084      	2.07427529e+05
0.00887139      	2.07421035e+05
0.00887194      	2.07414744e+05
0.00887249      	2.07408697e+05
0.00887303      	2.07397393e+05
0.00887358      	2.07393426e+05
0.00887413      	2.07388994e+05
0.00887468      	2.07384501e+05
0.00887522      	2.07380126e+05
0.00887577      	2.07375960e+05
0.00887632      	2.07372056e+05
0.00887686      	2.07362687e+05
0.00887741      	2.07360921e+05
0.00887795      	2.07358684e+05
0.0088785       	2.07356400e+05
0.00887904      	2.07354235e+05
0.00887959      	2.07352298e+05
0.00888013      	2.07350636e+05
0.00888068      	2.07349279e+05
0.00888122      	2.07348240e+05
0.00888177      	2.07347531e+05
0.00888231      	2.07347152e+05
0.00888286      	2.07347114e+05
0.0088834       	2.07347414e+05
0.00888395      	2.07348058e+05
0.00888449      	2.07349049e+05
0.00888504      	2.07350386e+05
0.00888558      	2.07352076e+05
0.00888613      	2.07354122e+05
0.00888667      	2.07356520e+05
0.00888722      	2.07359278e+05
0.00888776      	2.07362394e+05
0.00888831      	2.07365886e+05
0.00888885      	2.07369746e+05
0.00888939      	2.07373975e+05
0.00888994      	2.07378583e+05
0.00889048      	2.07383562e+05
0.00889103      	2.07388935e+05
0.00889157      	2.07394694e+05
0.00889212      	2.07400835e+05
0.00889266      	2.07407379e+05
0.00889321      	2.07414308e+05
0.00889375      	2.07421637e+05
0.0088943       	2.07429377e+05
0.00889484      	2.07437520e+05
0.00889539      	2.07446072e+05
0.00889593      	2.07455043e+05
0.00889648      	2.07464418e+05
0.00889702      	2.07474229e+05
0.00889757      	2.07484455e+05
0.00889811      	2.07495106e+05
0.00889866      	2.07506186e+05
0.0088992       	2.07517708e+05
0.00889975      	2.07529675e+05
0.00890029      	2.07542062e+05
0.00890084      	2.07554901e+05
0.00890138      	2.07568193e+05
0.00890193      	2.07581932e+05
0.00890247      	2.07588531e+05
0.00890301      	2.07605067e+05
0.00890355      	2.07621067e+05
0.00890409      	2.07637055e+05
0.00890464      	2.07653254e+05
0.00890518      	2.07669798e+05
0.00890572      	2.07686749e+05
0.00890626      	2.07704148e+05
0.0089068       	2.07721996e+05
0.00890734      	2.07740322e+05
0.00890789      	2.07759133e+05
0.00890843      	2.07778427e+05
0.00890897      	2.07798216e+05
0.00890951      	2.07818492e+05
0.00891005      	2.07830948e+05
0.00891059      	2.07854154e+05
0.00891113      	2.07876818e+05
0.00891167      	2.07899478e+05
0.00891221      	2.07922375e+05
0.00891274      	2.07945645e+05
0.00891328      	2.07969347e+05
0.00891382      	2.07993519e+05
0.00891436      	2.08018180e+05
0.0089149       	2.08043352e+05
0.00891543      	2.08060158e+05
0.00891597      	2.08088384e+05
0.0089165       	2.08116011e+05
0.00891704      	2.08143643e+05
0.00891757      	2.08171516e+05
0.00891811      	2.08199758e+05
0.00891864      	2.08228447e+05
0.00891918      	2.08257624e+05
0.00891972      	2.08287306e+05
0.00892025      	2.08308079e+05
0.00892078      	2.08340912e+05
0.00892131      	2.08373109e+05
0.00892184      	2.08405279e+05
0.00892237      	2.08437685e+05
0.00892291      	2.08470464e+05
0.00892344      	2.08503694e+05
0.00892397      	2.08537415e+05
0.0089245       	2.08571650e+05
0.00892503      	2.08606414e+05
0.00892556      	2.08641695e+05
0.00892609      	2.08667341e+05
0.00892662      	2.08705905e+05
0.00892715      	2.08743769e+05
0.00892768      	2.08781570e+05
0.0089282       	2.08819590e+05
0.00892873      	2.08857975e+05
0.00892926      	2.08896804e+05
0.00892979      	2.08936123e+05
0.00893032      	2.08975952e+05
0.00893084      	2.09016306e+05
0.00893137      	2.09057181e+05
0.0089319       	2.09098576e+05
0.00893243      	2.09140503e+05
0.00893295      	2.09182944e+05
0.00893348      	2.09225913e+05
0.00893401      	2.09269411e+05
0.00893454      	2.09313428e+05
0.00893507      	2.09357952e+05
0.00893559      	2.09403006e+05
0.00893612      	2.09448595e+05
0.00893665      	2.09494697e+05
0.00893718      	2.09541319e+05
0.00893771      	2.09588467e+05
0.00893823      	2.09636137e+05
0.00893876      	2.09684326e+05
0.00893929      	2.09733035e+05
0.00893982      	2.09782286e+05
0.00894035      	2.09832043e+05
0.00894087      	2.09882319e+05
0.0089414       	2.09933112e+05
0.00894193      	2.09984422e+05
0.00894246      	2.10036252e+05
0.00894299      	2.10088594e+05
0.00894351      	2.10141447e+05
0.00894404      	2.10194814e+05
0.00894457      	2.10248685e+05
0.0089451       	2.10303063e+05
0.00894562      	2.10357969e+05
0.00894615      	2.10413366e+05
0.00894668      	2.10469276e+05
0.00894721      	2.10525686e+05
0.00894774      	2.10582589e+05
0.00894826      	2.10639997e+05
0.00894879      	2.10697906e+05
0.00894932      	2.10756311e+05
0.00894985      	2.10815208e+05
0.00895038      	2.10874602e+05
0.0089509       	2.10934481e+05
0.00895143      	2.10994856e+05
0.00895196      	2.11055704e+05
0.00895249      	2.11117036e+05
0.00895302      	2.11194532e+05
0.00895356      	2.11253632e+05
0.00895409      	2.11315149e+05
0.00895462      	2.11378068e+05
0.00895516      	2.11441955e+05
0.00895569      	2.11506555e+05
0.00895622      	2.11571754e+05
0.00895676      	2.11637470e+05
0.00895729      	2.11703645e+05
0.00895783      	2.11770336e+05
0.00895836      	2.11837454e+05
0.00895889      	2.11905019e+05
0.00895943      	2.11973026e+05
0.00895996      	2.12041491e+05
0.0089605       	2.12110333e+05
0.00896103      	2.12179662e+05
0.00896156      	2.12249402e+05
0.0089621       	2.12319568e+05
0.00896263      	2.12390156e+05
0.00896316      	2.12461162e+05
0.0089637       	2.12532582e+05
0.00896423      	2.12604408e+05
0.00896477      	2.12676642e+05
0.0089653       	2.12749272e+05
0.00896583      	2.12822301e+05
0.00896637      	2.12895719e+05
0.0089669       	2.12969521e+05
0.00896744      	2.13043705e+05
0.00896797      	2.13118263e+05
0.0089685       	2.13193194e+05
0.00896904      	2.13268488e+05
0.00896957      	2.13344138e+05
0.0089701       	2.13420141e+05
0.00897064      	2.13496490e+05
0.00897117      	2.13573180e+05
0.00897171      	2.13650208e+05
0.00897224      	2.13727563e+05
0.00897277      	2.13805244e+05
0.00897331      	2.13883241e+05
0.00897384      	2.13961555e+05
0.00897438      	2.14040172e+05
0.00897491      	2.14119090e+05
0.00897544      	2.14198302e+05
0.00897598      	2.14277801e+05
0.00897651      	2.14357584e+05
0.00897704      	2.14437642e+05
0.00897758      	2.14517971e+05
0.00897811      	2.14598563e+05
0.00897865      	2.14679409e+05
0.00897918      	2.14760512e+05
0.00897971      	2.14841857e+05
0.00898025      	2.14923434e+05
0.00898078      	2.15005258e+05
0.00898132      	2.15087299e+05
0.00898185      	2.15169566e+05
0.00898238      	2.15252030e+05
0.00898292      	2.15334709e+05
0.00898345      	2.15417587e+05
0.00898398      	2.15500657e+05
0.00898452      	2.15583906e+05
0.00898505      	2.15667352e+05
0.00898559      	2.15750964e+05
0.00898612      	2.15834733e+05
0.00898665      	2.15918674e+05
0.00898719      	2.16002770e+05
0.00898772      	2.16087008e+05
0.00898826      	2.16171382e+05
0.00898879      	2.16255895e+05
0.00898932      	2.16340535e+05
0.00898986      	2.16425292e+05
0.00899039      	2.16510165e+05
0.00899092      	2.16595147e+05
0.00899146      	2.16680229e+05
0.00899199      	2.16765405e+05
0.00899253      	2.16850659e+05
0.00899306      	2.16936010e+05
0.00899359      	2.17021445e+05
0.00899413      	2.17106909e+05
0.00899466      	2.17192455e+05
0.0089952       	2.17278056e+05
0.00899573      	2.17363705e+05
0.00899626      	2.17449394e+05
0.0089968       	2.17535119e+05
0.00899733      	2.17620873e+05
0.00899786      	2.17706648e+05
0.0089984       	2.17792439e+05
0.00899893      	2.17878243e+05
0.00899947      	2.17964050e+05
0.009           	2.18049853e+05
0.00900055      	2.18173590e+05
0.0090011       	2.18251875e+05
0.00900165      	2.18335218e+05
0.0090022       	2.18424576e+05
0.00900275      	2.18510796e+05
0.0090033       	2.18598096e+05
0.00900385      	2.18689561e+05
0.00900441      	2.18776813e+05
0.00900496      	2.18864592e+05
0.00900551      	2.18956274e+05
0.00900607      	2.19043547e+05
0.00900662      	2.19131278e+05
0.00900718      	2.19222915e+05
0.00900773      	2.19310071e+05
0.00900829      	2.19397682e+05
0.00900884      	2.19485437e+05
0.0090094       	2.19577003e+05
0.00900996      	2.19663940e+05
0.00901052      	2.19751293e+05
0.00901107      	2.19842602e+05
0.00901163      	2.19929284e+05
0.00901219      	2.20016405e+05
0.00901275      	2.20103644e+05
0.00901331      	2.20194757e+05
0.00901387      	2.20281101e+05
0.00901443      	2.20367831e+05
0.009015        	2.20458592e+05
0.00901556      	2.20544566e+05
0.00901612      	2.20630962e+05
0.00901668      	2.20717442e+05
0.00901725      	2.20807871e+05
0.00901781      	2.20893356e+05
0.00901837      	2.20979210e+05
0.00901894      	2.21065117e+05
0.0090195       	2.21150940e+05
0.00902007      	2.21240673e+05
0.00902063      	2.21325311e+05
0.0090212       	2.21410282e+05
0.00902177      	2.21499405e+05
0.00902234      	2.21583450e+05
0.0090229       	2.21667876e+05
0.00902347      	2.21752340e+05
0.00902404      	2.21840882e+05
0.00902461      	2.21924179e+05
0.00902518      	2.22007809e+05
0.00902575      	2.22091451e+05
0.00902632      	2.22179208e+05
0.00902689      	2.22261612e+05
0.00902746      	2.22344342e+05
0.00902804      	2.22431375e+05
0.00902861      	2.22513046e+05
0.00902918      	2.22595075e+05
0.00902976      	2.22681473e+05
0.00903033      	2.22762432e+05
0.00903091      	2.22843747e+05
0.00903148      	2.22929484e+05
0.00903206      	2.23009684e+05
0.00903264      	2.23090249e+05
0.00903322      	2.23175282e+05
0.0090338       	2.23254691e+05
0.00903438      	2.23338999e+05
0.00903496      	2.23417787e+05
0.00903554      	2.23501598e+05
0.00903613      	2.23579872e+05
0.00903671      	2.23658600e+05
0.00903729      	2.23741982e+05
0.00903788      	2.23819534e+05
0.00903847      	2.23902135e+05
0.00903905      	2.23978998e+05
0.00903964      	2.24061038e+05
0.00904023      	2.24137307e+05
0.00904083      	2.24218829e+05
0.00904142      	2.24294514e+05
0.00904201      	2.24370655e+05
0.0090426       	2.24451649e+05
0.0090432       	2.24526507e+05
0.00904379      	2.24606645e+05
0.00904439      	2.24680718e+05
0.00904499      	2.24760229e+05
0.00904559      	2.24833644e+05
0.00904619      	2.24912567e+05
0.00904679      	2.24985330e+05
0.00904739      	2.25063665e+05
0.00904799      	2.25135766e+05
0.0090486       	2.25213513e+05
0.00904921      	2.25284954e+05
0.00904981      	2.25356863e+05
0.00905042      	2.25433990e+05
0.00905103      	2.25504458e+05
0.00905164      	2.25580617e+05
0.00905225      	2.25650212e+05
0.00905286      	2.25725656e+05
0.00905347      	2.25794499e+05
0.00905409      	2.25869289e+05
0.00905471      	2.25937398e+05
0.00905532      	2.26011536e+05
0.00905594      	2.26078904e+05
0.00905656      	2.26152375e+05
0.00905718      	2.26218991e+05
0.0090578       	2.26286131e+05
0.00905843      	2.26358903e+05
0.00905905      	2.26424445e+05
0.00905968      	2.26496166e+05
0.00906031      	2.26560741e+05
0.00906093      	2.26631669e+05
0.00906156      	2.26695410e+05
0.00906219      	2.26759703e+05
0.00906283      	2.26829890e+05
0.00906346      	2.26892491e+05
0.00906409      	2.26961583e+05
0.00906473      	2.27023184e+05
0.00906536      	2.27085344e+05
0.009066        	2.27153586e+05
0.00906664      	2.27213997e+05
0.00906728      	2.27281098e+05
0.00906792      	2.27340470e+05
0.00906856      	2.27400427e+05
0.00906921      	2.27466682e+05
0.00906985      	2.27524835e+05
0.0090705       	2.27589920e+05
0.00907115      	2.27647010e+05
0.00907179      	2.27704719e+05
0.00907244      	2.27768954e+05
0.00907309      	2.27824802e+05
0.00907375      	2.27881180e+05
0.0090744       	2.27944172e+05
0.00907505      	2.27998640e+05
0.00907571      	2.28053629e+05
0.00907637      	2.28115350e+05
0.00907702      	2.28168299e+05
0.00907768      	2.28221809e+05
0.00907834      	2.28282216e+05
0.009079        	2.28333670e+05
0.00907966      	2.28385708e+05
0.00908033      	2.28437688e+05
0.00908099      	2.28496505e+05
0.00908166      	2.28545973e+05
0.00908232      	2.28596018e+05
0.00908299      	2.28645973e+05
0.00908365      	2.28702955e+05
0.00908432      	2.28750326e+05
0.00908499      	2.28798286e+05
0.00908566      	2.28853724e+05
0.00908634      	2.28899447e+05
0.00908701      	2.28945856e+05
0.00908769      	2.28999935e+05
0.00908836      	2.29044093e+05
0.00908904      	2.29088968e+05
0.00908972      	2.29133806e+05
0.0090904       	2.29186248e+05
0.00909108      	2.29228326e+05
0.00909176      	2.29271096e+05
0.00909244      	2.29321948e+05
0.00909313      	2.29362322e+05
0.00909381      	2.29403478e+05
0.0090945       	2.29444621e+05
0.00909519      	2.29493815e+05
0.00909588      	2.29532069e+05
0.00909657      	2.29571079e+05
0.00909726      	2.29618678e+05
0.00909795      	2.29655182e+05
0.00909865      	2.29692555e+05
0.00909935      	2.29738768e+05
0.00910005      	2.29773618e+05
0.00910075      	2.29809370e+05
0.00910144      	2.29845160e+05
0.00910215      	2.29889749e+05
0.00910285      	2.29922412e+05
0.00910356      	2.29955964e+05
0.00910427      	2.29998922e+05
0.00910498      	2.30029768e+05
0.00910568      	2.30061621e+05
0.0091064       	2.30103190e+05
0.00910711      	2.30132309e+05
0.00910783      	2.30162481e+05
0.00910855      	2.30202681e+05
0.00910927      	2.30230051e+05
0.00910999      	2.30258511e+05
0.00911071      	2.30287079e+05
0.00911143      	2.30325655e+05
0.00911216      	2.30350716e+05
0.00911289      	2.30376877e+05
0.00911362      	2.30413774e+05
0.00911435      	2.30436892e+05
0.00911508      	2.30461232e+05
0.00911582      	2.30496723e+05
0.00911656      	2.30517982e+05
0.0091173       	2.30540527e+05
0.00911804      	2.30563205e+05
0.00911878      	2.30597082e+05
0.00911953      	2.30615895e+05
0.00912027      	2.30635987e+05
0.00912102      	2.30668126e+05
0.00912178      	2.30684849e+05
0.00912253      	2.30703005e+05
0.00912328      	2.30721334e+05
0.00912404      	2.30751835e+05
0.0091248       	2.30765978e+05
0.00912556      	2.30781563e+05
0.00912632      	2.30797310e+05
0.00912709      	2.30825829e+05
0.00912785      	2.30837168e+05
0.00912862      	2.30850052e+05
0.00912939      	2.30863124e+05
0.00913016      	2.30889643e+05
0.00913094      	2.30898083e+05
0.00913172      	2.30908175e+05
0.00913249      	2.30918490e+05
0.00913328      	2.30942990e+05
0.00913406      	2.30948415e+05
0.00913485      	2.30955615e+05
0.00913563      	2.30963068e+05
0.00913642      	2.30970200e+05
0.00913721      	2.30992276e+05
0.00913801      	2.30993815e+05
0.0091388       	2.30997263e+05
0.0091396       	2.31001001e+05
0.00914039      	2.31004414e+05
0.00914119      	2.31007250e+05
0.00914199      	2.31026265e+05
0.0091428       	2.31022860e+05
0.0091436       	2.31021590e+05
0.00914441      	2.31020674e+05
0.00914521      	2.31019448e+05
0.00914602      	2.31017632e+05
0.00914683      	2.31015107e+05
0.00914763      	2.31011831e+05
0.00914844      	2.31007792e+05
0.00914926      	2.31022263e+05
0.00915007      	2.31011019e+05
0.00915089      	2.31002351e+05
0.00915171      	2.30994192e+05
0.00915253      	2.30985770e+05
0.00915335      	2.30976759e+05
0.00915417      	2.30967025e+05
0.00915498      	2.30956521e+05
0.0091558       	2.30945226e+05
0.00915662      	2.30933138e+05
0.00915744      	2.30920248e+05
0.00915826      	2.30906596e+05
0.00915908      	2.30892137e+05
0.00915991      	2.30901019e+05
0.00916075      	2.30877505e+05
0.00916158      	2.30857505e+05
0.00916242      	2.30838339e+05
0.00916325      	2.30819009e+05
0.00916409      	2.30799105e+05
0.00916492      	2.30778464e+05
0.00916576      	2.30757025e+05
0.00916659      	2.30734771e+05
0.00916743      	2.30711701e+05
0.00916826      	2.30687807e+05
0.0091691       	2.30663131e+05
0.00916993      	2.30637641e+05
0.00917077      	2.30611350e+05
0.0091716       	2.30584281e+05
0.00917244      	2.30556413e+05
0.00917327      	2.30527758e+05
0.00917411      	2.30498328e+05
0.00917495      	2.30468116e+05
0.00917578      	2.30437129e+05
0.00917662      	2.30405371e+05
0.00917745      	2.30372849e+05
0.00917829      	2.30339563e+05
0.00917912      	2.30305535e+05
0.00917996      	2.30270742e+05
0.00918079      	2.30235206e+05
0.00918163      	2.30198934e+05
0.00918246      	2.30161921e+05
0.0091833       	2.30124184e+05
0.00918413      	2.30085718e+05
0.00918497      	2.30046540e+05
0.0091858       	2.30006654e+05
0.00918664      	2.29966051e+05
0.00918747      	2.29924756e+05
0.00918831      	2.29882796e+05
0.00918914      	2.29840152e+05
0.00918998      	2.29796842e+05
0.00919081      	2.29752868e+05
0.00919165      	2.29708257e+05
0.00919248      	2.29663013e+05
0.00919332      	2.29617144e+05
0.00919415      	2.29570667e+05
0.00919499      	2.29523584e+05
0.00919582      	2.29475906e+05
0.00919666      	2.29427643e+05
0.00919749      	2.29378812e+05
0.00919833      	2.29329413e+05
0.00919916      	2.29279466e+05
0.0092          	2.29228975e+05
0.00920085      	2.29197651e+05
0.0092017       	2.29138426e+05
0.00920255      	2.29082752e+05
0.0092034       	2.29028085e+05
0.00920426      	2.28973517e+05
0.00920511      	2.28918675e+05
0.00920596      	2.28863422e+05
0.0092068       	2.28803254e+05
0.00920765      	2.28748909e+05
0.0092085       	2.28693179e+05
0.00920935      	2.28636683e+05
0.00921019      	2.28579645e+05
0.00921104      	2.28522170e+05
0.00921189      	2.28464318e+05
0.00921274      	2.28406108e+05
0.00921358      	2.28347559e+05
0.00921443      	2.28284184e+05
0.00921527      	2.28226891e+05
0.00921611      	2.28168336e+05
0.00921696      	2.28109126e+05
0.0092178       	2.28049515e+05
0.00921864      	2.27989608e+05
0.00921948      	2.27924915e+05
0.00922032      	2.27866488e+05
0.00922116      	2.27806853e+05
0.009222        	2.27746680e+05
0.00922284      	2.27686184e+05
0.00922368      	2.27625487e+05
0.00922452      	2.27560051e+05
0.00922535      	2.27501045e+05
0.00922619      	2.27440905e+05
0.00922702      	2.27380295e+05
0.00922786      	2.27319456e+05
0.0092287       	2.27258499e+05
0.00922953      	2.27197480e+05
0.00923037      	2.27136425e+05
0.0092312       	2.27070717e+05
0.00923203      	2.27011699e+05
0.00923286      	2.26951636e+05
0.00923369      	2.26891205e+05
0.00923452      	2.26830658e+05
0.00923536      	2.26770109e+05
0.00923619      	2.26709618e+05
0.00923702      	2.26644508e+05
0.00923784      	2.26586309e+05
0.00923867      	2.26527140e+05
0.0092395       	2.26467688e+05
0.00924032      	2.26408214e+05
0.00924115      	2.26348840e+05
0.00924198      	2.26289648e+05
0.00924281      	2.26230570e+05
0.00924363      	2.26166944e+05
0.00924445      	2.26110489e+05
0.00924528      	2.26053136e+05
0.0092461       	2.25995588e+05
0.00924692      	2.25938113e+05
0.00924774      	2.25880837e+05
0.00924857      	2.25823814e+05
0.00924939      	2.25767080e+05
0.00925021      	2.25705754e+05
0.00925103      	2.25651874e+05
0.00925185      	2.25597141e+05
0.00925266      	2.25542289e+05
0.00925348      	2.25487599e+05
0.0092543       	2.25433201e+05
0.00925512      	2.25379137e+05
0.00925594      	2.25325445e+05
0.00925676      	2.25272141e+05
0.00925757      	2.25214218e+05
0.00925839      	2.25164038e+05
0.0092592       	2.25113048e+05
0.00926001      	2.25062007e+05
0.00926083      	2.25011208e+05
0.00926164      	2.24960775e+05
0.00926245      	2.24910763e+05
0.00926327      	2.24861199e+05
0.00926408      	2.24812102e+05
0.0092649       	2.24763475e+05
0.00926571      	2.24710144e+05
0.00926651      	2.24664902e+05
0.00926732      	2.24618863e+05
0.00926813      	2.24572822e+05
0.00926894      	2.24527084e+05
0.00926975      	2.24481774e+05
0.00927056      	2.24436958e+05
0.00927137      	2.24392650e+05
0.00927218      	2.24348874e+05
0.00927299      	2.24305626e+05
0.00927379      	2.24257527e+05
0.00927459      	2.24217878e+05
0.0092754       	2.24177412e+05
0.0092762       	2.24136964e+05
0.00927701      	2.24096852e+05
0.00927781      	2.24057209e+05
0.00927861      	2.24018094e+05
0.00927942      	2.23979530e+05
0.00928022      	2.23941524e+05
0.00928102      	2.23898475e+05
0.00928182      	2.23864218e+05
0.00928262      	2.23829099e+05
0.00928342      	2.23793990e+05
0.00928421      	2.23759220e+05
0.00928501      	2.23724931e+05
0.00928581      	2.23691177e+05
0.00928661      	2.23657989e+05
0.0092874       	2.23619501e+05
0.0092882       	2.23590128e+05
0.00928899      	2.23559801e+05
0.00928978      	2.23529450e+05
0.00929057      	2.23499403e+05
0.00929137      	2.23469820e+05
0.00929216      	2.23440745e+05
0.00929295      	2.23412239e+05
0.00929374      	2.23378156e+05
0.00929453      	2.23353575e+05
0.00929531      	2.23327978e+05
0.0092961       	2.23302325e+05
0.00929689      	2.23276973e+05
0.00929768      	2.23252065e+05
0.00929846      	2.23227668e+05
0.00929924      	2.23197399e+05
0.00930002      	2.23176964e+05
0.00930081      	2.23155422e+05
0.00930159      	2.23133730e+05
0.00930237      	2.23112368e+05
0.00930315      	2.23091379e+05
0.00930393      	2.23070870e+05
0.00930471      	2.23050857e+05
0.00930549      	2.23024606e+05
0.00930626      	2.23008621e+05
0.00930704      	2.22991389e+05
0.00930781      	2.22973984e+05
0.00930858      	2.22956761e+05
0.00930936      	2.22939902e+05
0.00931013      	2.22923472e+05
0.00931091      	2.22907489e+05
0.00931168      	2.22884839e+05
0.00931244      	2.22872939e+05
0.00931321      	2.22859656e+05
0.00931398      	2.22846084e+05
0.00931475      	2.22832640e+05
0.00931552      	2.22819493e+05
0.00931629      	2.22806723e+05
0.00931705      	2.22794341e+05
0.00931781      	2.22774787e+05
0.00931858      	2.22766551e+05
0.00931934      	2.22756760e+05
0.0093201       	2.22746581e+05
0.00932086      	2.22736443e+05
0.00932162      	2.22726539e+05
0.00932238      	2.22716943e+05
0.00932313      	2.22699646e+05
0.00932389      	2.22694240e+05
0.00932464      	2.22687116e+05
0.00932539      	2.22679504e+05
0.00932615      	2.22671857e+05
0.0093269       	2.22664377e+05
0.00932766      	2.22657145e+05
0.00932841      	2.22650188e+05
0.00932916      	2.22643508e+05
0.00932991      	2.22628393e+05
0.00933065      	2.22626044e+05
0.0093314       	2.22621736e+05
0.00933214      	2.22616791e+05
0.00933289      	2.22611703e+05
0.00933364      	2.22606689e+05
0.00933438      	2.22601837e+05
0.00933513      	2.22597185e+05
0.00933587      	2.22592730e+05
0.00933662      	2.22588479e+05
0.00933736      	2.22574781e+05
0.00933809      	2.22575055e+05
0.00933883      	2.22573063e+05
0.00933957      	2.22570251e+05
0.0093403       	2.22567169e+05
0.00934104      	2.22564055e+05
0.00934178      	2.22561011e+05
0.00934251      	2.22558073e+05
0.00934325      	2.22555254e+05
0.00934399      	2.22552542e+05
0.00934473      	2.22549937e+05
0.00934546      	2.22547424e+05
0.0093462       	2.22544995e+05
0.00934694      	2.22542632e+05
0.00934767      	2.22540356e+05
0.0093484       	2.22526597e+05
0.00934913      	2.22529348e+05
0.00934985      	2.22529244e+05
0.00935058      	2.22527993e+05
0.00935131      	2.22526255e+05
0.00935203      	2.22524317e+05
0.00935276      	2.22522300e+05
0.00935349      	2.22520272e+05
0.00935421      	2.22518229e+05
0.00935494      	2.22516154e+05
0.00935567      	2.22514065e+05
0.00935639      	2.22511941e+05
0.00935712      	2.22509774e+05
0.00935785      	2.22507551e+05
0.00935858      	2.22505262e+05
0.0093593       	2.22502899e+05
0.00936003      	2.22500451e+05
0.00936076      	2.22497908e+05
0.00936148      	2.22495261e+05
0.00936221      	2.22492503e+05
0.00936294      	2.22489626e+05
0.00936365      	2.22470642e+05
0.00936436      	2.22474385e+05
0.00936507      	2.22474013e+05
0.00936579      	2.22471860e+05
0.0093665       	2.22468828e+05
0.00936721      	2.22465327e+05
0.00936793      	2.22461542e+05
0.00936864      	2.22457542e+05
0.00936935      	2.22453352e+05
0.00937006      	2.22448975e+05
0.00937078      	2.22444401e+05
0.00937149      	2.22439629e+05
0.0093722       	2.22434627e+05
0.00937291      	2.22429403e+05
0.00937363      	2.22423941e+05
0.00937434      	2.22418233e+05
0.00937505      	2.22412269e+05
0.00937577      	2.22406040e+05
0.00937648      	2.22399540e+05
0.00937719      	2.22392755e+05
0.0093779       	2.22385687e+05
0.00937862      	2.22378318e+05
0.00937933      	2.22370647e+05
0.00938004      	2.22362665e+05
0.00938076      	2.22354364e+05
0.00938147      	2.22345732e+05
0.00938218      	2.22336771e+05
0.00938289      	2.22327467e+05
0.00938361      	2.22317812e+05
0.00938432      	2.22307804e+05
0.00938503      	2.22297431e+05
0.00938574      	2.22286689e+05
0.00938646      	2.22275570e+05
0.00938717      	2.22264066e+05
0.00938788      	2.22252171e+05
0.0093886       	2.22239877e+05
0.00938931      	2.22227179e+05
0.00939002      	2.22214071e+05
0.00939073      	2.22200541e+05
0.00939145      	2.22186590e+05
0.00939216      	2.22172206e+05
0.00939287      	2.22157386e+05
0.00939359      	2.22142120e+05
0.0093943       	2.22126407e+05
0.00939501      	2.22110238e+05
0.00939572      	2.22093604e+05
0.00939644      	2.22076505e+05
0.00939715      	2.22058927e+05
0.00939786      	2.22040878e+05
0.00939857      	2.22022339e+05
0.00939929      	2.22003310e+05
0.0094          	2.21983784e+05
0.00940068      	2.21924740e+05
0.00940136      	2.21918715e+05
0.00940204      	2.21906968e+05
0.00940271      	2.21887191e+05
0.00940339      	2.21869075e+05
0.00940406      	2.21845946e+05
0.00940473      	2.21825923e+05
0.00940541      	2.21804481e+05
0.00940608      	2.21779222e+05
0.00940675      	2.21757620e+05
0.00940742      	2.21734801e+05
0.00940809      	2.21708203e+05
0.00940876      	2.21685314e+05
0.00940942      	2.21658169e+05
0.00941009      	2.21634571e+05
0.00941076      	2.21609642e+05
0.00941142      	2.21580811e+05
0.00941208      	2.21555718e+05
0.00941275      	2.21526280e+05
0.00941341      	2.21500438e+05
0.00941407      	2.21473242e+05
0.00941473      	2.21442075e+05
0.00941539      	2.21414716e+05
0.00941605      	2.21386067e+05
0.0094167       	2.21353448e+05
0.00941736      	2.21324690e+05
0.00941802      	2.21294648e+05
0.00941867      	2.21260601e+05
0.00941933      	2.21230461e+05
0.00941998      	2.21199031e+05
0.00942063      	2.21163558e+05
0.00942129      	2.21132045e+05
0.00942194      	2.21099233e+05
0.00942259      	2.21062347e+05
0.00942324      	2.21029465e+05
0.00942389      	2.20995285e+05
0.00942454      	2.20956998e+05
0.00942518      	2.20922771e+05
0.00942583      	2.20887245e+05
0.00942648      	2.20847574e+05
0.00942712      	2.20812016e+05
0.00942777      	2.20775162e+05
0.00942841      	2.20737472e+05
0.00942905      	2.20695771e+05
0.0094297       	2.20658352e+05
0.00943034      	2.20619672e+05
0.00943098      	2.20580176e+05
0.00943162      	2.20536631e+05
0.00943226      	2.20497451e+05
0.0094329       	2.20457010e+05
0.00943354      	2.20415757e+05
0.00943418      	2.20370413e+05
0.00943482      	2.20329513e+05
0.00943546      	2.20287356e+05
0.00943609      	2.20244393e+05
0.00943673      	2.20200806e+05
0.00943737      	2.20153160e+05
0.009438        	2.20110108e+05
0.00943864      	2.20065821e+05
0.00943927      	2.20020748e+05
0.00943991      	2.19971482e+05
0.00944054      	2.19926864e+05
0.00944117      	2.19881000e+05
0.0094418       	2.19834349e+05
0.00944244      	2.19787099e+05
0.00944307      	2.19735688e+05
0.0094437       	2.19689089e+05
0.00944433      	2.19641272e+05
0.00944496      	2.19592690e+05
0.00944559      	2.19539812e+05
0.00944621      	2.19491807e+05
0.00944684      	2.19442576e+05
0.00944747      	2.19392579e+05
0.0094481       	2.19342019e+05
0.00944872      	2.19287191e+05
0.00944935      	2.19237416e+05
0.00944997      	2.19186444e+05
0.0094506       	2.19134736e+05
0.00945122      	2.19082487e+05
0.00945184      	2.19025911e+05
0.00945247      	2.18974531e+05
0.00945309      	2.18921963e+05
0.00945371      	2.18868682e+05
0.00945433      	2.18814881e+05
0.00945495      	2.18756689e+05
0.00945557      	2.18703845e+05
0.00945619      	2.18649829e+05
0.00945681      	2.18595120e+05
0.00945743      	2.18539918e+05
0.00945805      	2.18480253e+05
0.00945867      	2.18426097e+05
0.00945929      	2.18370787e+05
0.0094599       	2.18314810e+05
0.00946052      	2.18258363e+05
0.00946113      	2.18197393e+05
0.00946175      	2.18142088e+05
0.00946236      	2.18085649e+05
0.00946298      	2.18028567e+05
0.00946359      	2.17971049e+05
0.0094642       	2.17908937e+05
0.00946482      	2.17852665e+05
0.00946543      	2.17795277e+05
0.00946604      	2.17737271e+05
0.00946665      	2.17678858e+05
0.00946726      	2.17620147e+05
0.00946787      	2.17556800e+05
0.00946848      	2.17499531e+05
0.00946909      	2.17441183e+05
0.0094697       	2.17382255e+05
0.00947031      	2.17322960e+05
0.00947091      	2.17258901e+05
0.00947152      	2.17201090e+05
0.00947212      	2.17142209e+05
0.00947273      	2.17082774e+05
0.00947334      	2.17023003e+05
0.00947394      	2.16958384e+05
0.00947454      	2.16900211e+05
0.00947515      	2.16840989e+05
0.00947575      	2.16781246e+05
0.00947635      	2.16721200e+05
0.00947695      	2.16656216e+05
0.00947755      	2.16597883e+05
0.00947815      	2.16538521e+05
0.00947875      	2.16478670e+05
0.00947935      	2.16418554e+05
0.00947995      	2.16353401e+05
0.00948055      	2.16295110e+05
0.00948115      	2.16235817e+05
0.00948174      	2.16176065e+05
0.00948234      	2.16116079e+05
0.00948293      	2.16050954e+05
0.00948353      	2.15992912e+05
0.00948412      	2.15933890e+05
0.00948472      	2.15874434e+05
0.00948531      	2.15814785e+05
0.0094859       	2.15749884e+05
0.00948649      	2.15692293e+05
0.00948708      	2.15633740e+05
0.00948768      	2.15574787e+05
0.00948827      	2.15515671e+05
0.00948886      	2.15456515e+05
0.00948945      	2.15392021e+05
0.00949003      	2.15335148e+05
0.00949062      	2.15277349e+05
0.00949121      	2.15219189e+05
0.0094918       	2.15160907e+05
0.00949239      	2.15102627e+05
0.00949297      	2.15044413e+05
0.00949356      	2.14980710e+05
0.00949414      	2.14924989e+05
0.00949473      	2.14868370e+05
0.00949531      	2.14811429e+05
0.0094959       	2.14754408e+05
0.00949648      	2.14697436e+05
0.00949707      	2.14640580e+05
0.00949765      	2.14583874e+05
0.00949824      	2.14527340e+05
0.00949882      	2.14470994e+05
0.00949941      	2.14414843e+05
0.00949999      	2.14358898e+05
0.00950058      	2.14303163e+05
0.00950116      	2.14241577e+05
0.00950174      	2.14188693e+05
0.00950232      	2.14134935e+05
0.0095029       	2.14080916e+05
0.00950348      	2.14026892e+05
0.00950407      	2.13972995e+05
0.00950465      	2.13919299e+05
0.00950523      	2.13865844e+05
0.00950581      	2.13812651e+05
0.00950639      	2.13759733e+05
0.00950697      	2.13707100e+05
0.00950755      	2.13654759e+05
0.00950814      	2.13602717e+05
0.00950871      	2.13544362e+05
0.00950929      	2.13495500e+05
0.00950987      	2.13445771e+05
0.00951045      	2.13395826e+05
0.00951102      	2.13345938e+05
0.0095116       	2.13296252e+05
0.00951218      	2.13246841e+05
0.00951276      	2.13197749e+05
0.00951334      	2.13148997e+05
0.00951391      	2.13100597e+05
0.00951449      	2.13052560e+05
0.00951507      	2.13004891e+05
0.00951564      	2.12950389e+05
0.00951622      	2.12906194e+05
0.00951679      	2.12861116e+05
0.00951736      	2.12815847e+05
0.00951794      	2.12770678e+05
0.00951851      	2.12725761e+05
0.00951909      	2.12681174e+05
0.00951966      	2.12636962e+05
0.00952023      	2.12593147e+05
0.00952081      	2.12549741e+05
0.00952138      	2.12506696e+05
0.00952196      	2.12464228e+05
0.00952253      	2.12414153e+05
0.00952309      	2.12375286e+05
0.00952366      	2.12335589e+05
0.00952423      	2.12295658e+05
0.0095248       	2.12255905e+05
0.00952537      	2.12216334e+05
0.00952594      	2.12177179e+05
0.00952651      	2.12138377e+05
0.00952708      	2.12100119e+05
0.00952765      	2.12062261e+05
0.00952822      	2.12016314e+05
0.00952878      	2.11982433e+05
0.00952935      	2.11947562e+05
0.00952991      	2.11912487e+05
0.00953048      	2.11877536e+05
0.00953104      	2.11842881e+05
0.00953161      	2.11808612e+05
0.00953217      	2.11774775e+05
0.00953274      	2.11741393e+05
0.0095333       	2.11699262e+05
0.00953386      	2.11670045e+05
0.00953442      	2.11639764e+05
0.00953498      	2.11609248e+05
0.00953554      	2.11578844e+05
0.0095361       	2.11548735e+05
0.00953666      	2.11519014e+05
0.00953722      	2.11489729e+05
0.00953778      	2.11460905e+05
0.00953834      	2.11422572e+05
0.00953889      	2.11398107e+05
0.00953945      	2.11372483e+05
0.00954001      	2.11346576e+05
0.00954056      	2.11320755e+05
0.00954112      	2.11295214e+05
0.00954167      	2.11270053e+05
0.00954223      	2.11245323e+05
0.00954278      	2.11210291e+05
0.00954333      	2.11190077e+05
0.00954388      	2.11168599e+05
0.00954443      	2.11146782e+05
0.00954498      	2.11125017e+05
0.00954553      	2.11103510e+05
0.00954608      	2.11082367e+05
0.00954663      	2.11061640e+05
0.00954718      	2.11041357e+05
0.00954773      	2.11021529e+05
0.00954828      	2.11002160e+05
0.00954883      	2.10983252e+05
0.00954938      	2.10964802e+05
0.00954992      	2.10934539e+05
0.00955047      	2.10920982e+05
0.00955101      	2.10905931e+05
0.00955156      	2.10890416e+05
0.0095521       	2.10874874e+05
0.00955265      	2.10859534e+05
0.00955319      	2.10844516e+05
0.00955373      	2.10829881e+05
0.00955428      	2.10815658e+05
0.00955482      	2.10801861e+05
0.00955537      	2.10788494e+05
0.00955591      	2.10775634e+05
0.00955646      	2.10763060e+05
0.009557        	2.10750978e+05
0.00955754      	2.10739320e+05
0.00955809      	2.10728095e+05
0.00955863      	2.10717293e+05
0.00955918      	2.10706911e+05
0.00955972      	2.10696946e+05
0.00956027      	2.10687395e+05
0.00956081      	2.10678255e+05
0.00956135      	2.10669523e+05
0.0095619       	2.10661194e+05
0.00956244      	2.10653267e+05
0.00956299      	2.10645739e+05
0.00956353      	2.10638605e+05
0.00956408      	2.10631863e+05
0.00956462      	2.10625510e+05
0.00956517      	2.10619543e+05
0.00956571      	2.10613957e+05
0.00956625      	2.10608750e+05
0.0095668       	2.10603918e+05
0.00956734      	2.10599458e+05
0.00956789      	2.10595366e+05
0.00956843      	2.10591639e+05
0.00956898      	2.10588273e+05
0.00956952      	2.10585265e+05
0.00957006      	2.10582609e+05
0.00957061      	2.10580304e+05
0.00957115      	2.10578345e+05
0.0095717       	2.10576727e+05
0.00957224      	2.10575449e+05
0.00957279      	2.10574503e+05
0.00957333      	2.10573888e+05
0.00957387      	2.10573599e+05
0.00957442      	2.10573633e+05
0.00957496      	2.10573983e+05
0.00957551      	2.10574648e+05
0.00957605      	2.10575623e+05
0.0095766       	2.10576903e+05
0.00957714      	2.10578483e+05
0.00957768      	2.10580360e+05
0.00957823      	2.10582530e+05
0.00957877      	2.10584989e+05
0.00957932      	2.10587732e+05
0.00957986      	2.10590754e+05
0.00958041      	2.10594049e+05
0.00958095      	2.10597618e+05
0.00958149      	2.10601452e+05
0.00958204      	2.10605550e+05
0.00958258      	2.10609906e+05
0.00958313      	2.10614515e+05
0.00958367      	2.10619374e+05
0.00958422      	2.10624477e+05
0.00958476      	2.10629819e+05
0.0095853       	2.10635395e+05
0.00958585      	2.10641203e+05
0.00958639      	2.10647236e+05
0.00958694      	2.10653493e+05
0.00958748      	2.10659965e+05
0.00958803      	2.10666650e+05
0.00958857      	2.10673542e+05
0.00958911      	2.10680638e+05
0.00958966      	2.10687935e+05
0.0095902       	2.10695424e+05
0.00959075      	2.10703105e+05
0.00959129      	2.10710971e+05
0.00959184      	2.10719019e+05
0.00959238      	2.10727243e+05
0.00959292      	2.10735641e+05
0.00959347      	2.10744207e+05
0.00959401      	2.10752937e+05
0.00959456      	2.10761827e+05
0.0095951       	2.10770872e+05
0.00959565      	2.10780069e+05
0.00959619      	2.10789414e+05
0.00959673      	2.10798902e+05
0.00959728      	2.10808446e+05
0.00959782      	2.10818283e+05
0.00959837      	2.10828176e+05
0.00959891      	2.10838197e+05
0.00959946      	2.10848341e+05
0.0096          	2.10858604e+05
0.00960054      	2.10861027e+05
0.00960108      	2.10870720e+05
0.00960162      	2.10883334e+05
0.00960216      	2.10895034e+05
0.0096027       	2.10903138e+05
0.00960323      	2.10915128e+05
0.00960377      	2.10926590e+05
0.00960431      	2.10937849e+05
0.00960485      	2.10949091e+05
0.00960538      	2.10957001e+05
0.00960592      	2.10969209e+05
0.00960645      	2.10980989e+05
0.00960699      	2.10992608e+05
0.00960753      	2.11000842e+05
0.00960806      	2.11013418e+05
0.00960859      	2.11025395e+05
0.00960913      	2.11037171e+05
0.00960966      	2.11049033e+05
0.0096102       	2.11057530e+05
0.00961073      	2.11070314e+05
0.00961126      	2.11082708e+05
0.0096118       	2.11094735e+05
0.00961233      	2.11106766e+05
0.00961286      	2.11115426e+05
0.00961339      	2.11128445e+05
0.00961392      	2.11140947e+05
0.00961446      	2.11153250e+05
0.00961499      	2.11165466e+05
0.00961552      	2.11177656e+05
0.00961605      	2.11189843e+05
0.00961658      	2.11202045e+05
0.00961711      	2.11210812e+05
0.00961764      	2.11224023e+05
0.00961817      	2.11236784e+05
0.0096187       	2.11249313e+05
0.00961923      	2.11261724e+05
0.00961976      	2.11274082e+05
0.00962029      	2.11286419e+05
0.00962082      	2.11298756e+05
0.00962135      	2.11311098e+05
0.00962188      	2.11323453e+05
0.00962241      	2.11335815e+05
0.00962294      	2.11348190e+05
0.00962347      	2.11360571e+05
0.009624        	2.11372962e+05
0.00962453      	2.11385362e+05
0.00962506      	2.11397769e+05
0.00962559      	2.11410182e+05
0.00962612      	2.11422601e+05
0.00962665      	2.11435024e+05
0.00962718      	2.11447451e+05
0.00962771      	2.11459885e+05
0.00962825      	2.11476059e+05
0.00962878      	2.11487479e+05
0.00962931      	2.11499436e+05
0.00962984      	2.11511657e+05
0.00963037      	2.11524014e+05
0.00963091      	2.11536446e+05
0.00963144      	2.11548912e+05
0.00963197      	2.11565256e+05
0.0096325       	2.11576707e+05
0.00963304      	2.11588723e+05
0.00963357      	2.11601001e+05
0.0096341       	2.11613430e+05
0.00963464      	2.11629861e+05
0.00963517      	2.11641344e+05
0.00963571      	2.11653416e+05
0.00963624      	2.11665761e+05
0.00963678      	2.11678264e+05
0.00963732      	2.11690856e+05
0.00963785      	2.11707543e+05
0.00963839      	2.11719125e+05
0.00963893      	2.11731306e+05
0.00963946      	2.11743786e+05
0.00964         	2.11756423e+05
0.00964054      	2.11773299e+05
0.00964108      	2.11784979e+05
0.00964162      	2.11797294e+05
0.00964215      	2.11809933e+05
0.00964269      	2.11822732e+05
0.00964323      	2.11835651e+05
0.00964377      	2.11852900e+05
0.00964431      	2.11864801e+05
0.00964485      	2.11877356e+05
0.00964539      	2.11890241e+05
0.00964593      	2.11903331e+05
0.00964648      	2.11920896e+05
0.00964702      	2.11933020e+05
0.00964756      	2.11945841e+05
0.0096481       	2.11959019e+05
0.00964865      	2.11972417e+05
0.00964919      	2.11985956e+05
0.00964973      	2.12004084e+05
0.00965028      	2.12016611e+05
0.00965082      	2.12029866e+05
0.00965137      	2.12043498e+05
0.00965191      	2.12057367e+05
0.00965246      	2.12071395e+05
0.009653        	2.12085556e+05
0.00965355      	2.12099821e+05
0.00965409      	2.12114193e+05
0.00965464      	2.12133359e+05
0.00965518      	2.12146696e+05
0.00965573      	2.12160805e+05
0.00965628      	2.12175340e+05
0.00965682      	2.12190149e+05
0.00965737      	2.12205161e+05
0.00965792      	2.12220338e+05
0.00965846      	2.12235664e+05
0.00965901      	2.12251132e+05
0.00965955      	2.12266748e+05
0.0096601       	2.12282508e+05
0.00966065      	2.12298414e+05
0.00966119      	2.12314469e+05
0.00966174      	2.12330685e+05
0.00966229      	2.12347058e+05
0.00966283      	2.12363590e+05
0.00966338      	2.12380295e+05
0.00966393      	2.12397174e+05
0.00966447      	2.12414231e+05
0.00966502      	2.12431473e+05
0.00966557      	2.12448904e+05
0.00966611      	2.12466526e+05
0.00966666      	2.12489605e+05
0.00966721      	2.12506275e+05
0.00966776      	2.12523881e+05
0.00966831      	2.12542038e+05
0.00966886      	2.12560591e+05
0.0096694       	2.12579456e+05
0.00966995      	2.12598586e+05
0.0096705       	2.12617969e+05
0.00967105      	2.12637593e+05
0.0096716       	2.12657460e+05
0.00967215      	2.12677568e+05
0.0096727       	2.12697926e+05
0.00967325      	2.12718535e+05
0.00967379      	2.12739401e+05
0.00967434      	2.12760530e+05
0.00967489      	2.12781930e+05
0.00967544      	2.12803604e+05
0.00967599      	2.12831312e+05
0.00967654      	2.12852105e+05
0.00967709      	2.12873988e+05
0.00967765      	2.12896529e+05
0.0096782       	2.12919563e+05
0.00967875      	2.12942995e+05
0.0096793       	2.12966781e+05
0.00967985      	2.12990898e+05
0.0096804       	2.13021372e+05
0.00968096      	2.13044648e+05
0.00968151      	2.13069076e+05
0.00968206      	2.13094216e+05
0.00968262      	2.13119895e+05
0.00968317      	2.13146008e+05
0.00968373      	2.13172511e+05
0.00968428      	2.13205653e+05
0.00968484      	2.13231344e+05
0.00968539      	2.13258251e+05
0.00968595      	2.13285918e+05
0.00968651      	2.13320596e+05
0.00968707      	2.13347744e+05
0.00968763      	2.13376166e+05
0.00968819      	2.13405473e+05
0.00968875      	2.13435360e+05
0.00968931      	2.13472389e+05
0.00968987      	2.13501596e+05
0.00969043      	2.13532161e+05
0.00969099      	2.13563568e+05
0.00969156      	2.13602372e+05
0.00969212      	2.13633289e+05
0.00969269      	2.13665623e+05
0.00969325      	2.13698833e+05
0.00969382      	2.13739665e+05
0.00969439      	2.13772413e+05
0.00969496      	2.13806595e+05
0.00969552      	2.13841740e+05
0.0096961       	2.13884695e+05
0.00969667      	2.13919375e+05
0.00969724      	2.13955561e+05
0.00969781      	2.13992695e+05
0.00969838      	2.14030537e+05
0.00969895      	2.14076334e+05
0.00969953      	2.14113535e+05
0.0097001       	2.14152267e+05
0.00970068      	2.14191968e+05
0.00970125      	2.14239966e+05
0.00970183      	2.14279207e+05
0.00970241      	2.14320062e+05
0.00970299      	2.14361930e+05
0.00970356      	2.14404557e+05
0.00970414      	2.14455641e+05
0.00970472      	2.14497612e+05
0.00970531      	2.14541223e+05
0.00970589      	2.14585867e+05
0.00970647      	2.14639342e+05
0.00970706      	2.14683520e+05
0.00970764      	2.14729418e+05
0.00970822      	2.14776390e+05
0.00970881      	2.14824159e+05
0.0097094       	2.14880932e+05
0.00970999      	2.14927998e+05
0.00971057      	2.14976811e+05
0.00971116      	2.15026712e+05
0.00971175      	2.15077421e+05
0.00971234      	2.15128797e+05
0.00971293      	2.15189489e+05
0.00971352      	2.15240003e+05
0.00971412      	2.15292316e+05
0.00971471      	2.15345743e+05
0.0097153       	2.15399994e+05
0.00971589      	2.15454921e+05
0.00971649      	2.15510450e+05
0.00971708      	2.15575742e+05
0.00971768      	2.15630281e+05
0.00971827      	2.15686688e+05
0.00971887      	2.15744240e+05
0.00971947      	2.15802629e+05
0.00972006      	2.15861698e+05
0.00972066      	2.15921368e+05
0.00972126      	2.15991323e+05
0.00972186      	2.16049895e+05
0.00972246      	2.16110415e+05
0.00972307      	2.16172109e+05
0.00972367      	2.16234648e+05
0.00972427      	2.16297866e+05
0.00972487      	2.16361675e+05
0.00972547      	2.16426033e+05
0.00972607      	2.16490918e+05
0.00972668      	2.16566803e+05
0.00972728      	2.16630377e+05
0.00972789      	2.16695995e+05
0.00972849      	2.16762816e+05
0.0097291       	2.16830485e+05
0.00972971      	2.16898817e+05
0.00973031      	2.16967721e+05
0.00973092      	2.17037147e+05
0.00973152      	2.17107072e+05
0.00973213      	2.17177482e+05
0.00973274      	2.17259844e+05
0.00973335      	2.17328686e+05
0.00973396      	2.17399693e+05
0.00973458      	2.17471934e+05
0.00973519      	2.17545014e+05
0.0097358       	2.17618730e+05
0.00973641      	2.17692978e+05
0.00973702      	2.17767706e+05
0.00973763      	2.17842885e+05
0.00973825      	2.17931053e+05
0.00973887      	2.18004376e+05
0.00973949      	2.18079992e+05
0.0097401       	2.18156868e+05
0.00974072      	2.18234567e+05
0.00974134      	2.18312864e+05
0.00974196      	2.18391647e+05
0.00974257      	2.18470857e+05
0.00974319      	2.18550462e+05
0.00974381      	2.18644302e+05
0.00974444      	2.18721685e+05
0.00974506      	2.18801513e+05
0.00974569      	2.18882631e+05
0.00974631      	2.18964549e+05
0.00974694      	2.19047019e+05
0.00974756      	2.19129914e+05
0.00974818      	2.19213170e+05
0.00974882      	2.19312049e+05
0.00974945      	2.19392695e+05
0.00975008      	2.19475964e+05
0.00975071      	2.19560557e+05
0.00975134      	2.19645928e+05
0.00975198      	2.19731801e+05
0.00975261      	2.19818036e+05
0.00975325      	2.19921424e+05
0.00975389      	2.20004656e+05
0.00975453      	2.20090715e+05
0.00975517      	2.20178143e+05
0.00975581      	2.20266329e+05
0.00975645      	2.20354968e+05
0.00975709      	2.20443907e+05
0.00975773      	2.20533067e+05
0.00975838      	2.20641497e+05
0.00975903      	2.20727008e+05
0.00975968      	2.20815629e+05
0.00976033      	2.20905692e+05
0.00976098      	2.20996496e+05
0.00976163      	2.21087692e+05
0.00976228      	2.21179108e+05
0.00976293      	2.21270658e+05
0.0097636       	2.21384326e+05
0.00976426      	2.21471453e+05
0.00976492      	2.21562093e+05
0.00976558      	2.21654276e+05
0.00976624      	2.21747189e+05
0.00976691      	2.21840430e+05
0.00976757      	2.21933802e+05
0.00976823      	2.22027207e+05
0.00976889      	2.22120597e+05
0.00976955      	2.22213945e+05
0.00977021      	2.22307235e+05
0.00977089      	2.22428299e+05
0.00977157      	2.22515674e+05
0.00977225      	2.22607388e+05
0.00977292      	2.22700901e+05
0.0097736       	2.22795169e+05
0.00977428      	2.22889684e+05
0.00977495      	2.22984199e+05
0.00977563      	2.23078601e+05
0.00977631      	2.23172812e+05
0.00977698      	2.23266803e+05
0.00977766      	2.23360559e+05
0.00977834      	2.23454068e+05
0.00977901      	2.23547325e+05
0.00977969      	2.23640312e+05
0.00978037      	2.23733027e+05
0.00978107      	2.23868706e+05
0.00978177      	2.23951849e+05
0.00978247      	2.24041674e+05
0.00978317      	2.24134111e+05
0.00978387      	2.24227512e+05
0.00978458      	2.24321095e+05
0.00978528      	2.24414496e+05
0.00978598      	2.24507544e+05
0.00978668      	2.24600167e+05
0.00978738      	2.24692328e+05
0.00978808      	2.24784010e+05
0.00978878      	2.24875204e+05
0.00978948      	2.24965899e+05
0.00979018      	2.25056087e+05
0.00979089      	2.25145758e+05
0.00979159      	2.25234902e+05
0.00979229      	2.25323508e+05
0.00979299      	2.25411564e+05
0.00979369      	2.25499057e+05
0.00979439      	2.25585977e+05
0.00979509      	2.25672308e+05
0.00979579      	2.25758039e+05
0.00979649      	2.25843158e+05
0.0097972       	2.25927651e+05
0.0097979       	2.26011506e+05
0.0097986       	2.26094711e+05
0.0097993       	2.26177253e+05
0.0098          	2.26259120e+05
0.00980071      	2.26363222e+05
0.00980143      	2.26438689e+05
0.00980215      	2.26521619e+05
0.00980286      	2.26599958e+05
0.00980358      	2.26678960e+05
0.0098043       	2.26757781e+05
0.00980502      	2.26840578e+05
0.00980574      	2.26917130e+05
0.00980645      	2.26993622e+05
0.00980717      	2.27069587e+05
0.0098079       	2.27149451e+05
0.00980862      	2.27222848e+05
0.00980934      	2.27296154e+05
0.00981006      	2.27368893e+05
0.00981079      	2.27445576e+05
0.00981151      	2.27515639e+05
0.00981224      	2.27585586e+05
0.00981297      	2.27659701e+05
0.00981369      	2.27727152e+05
0.00981442      	2.27794573e+05
0.00981515      	2.27861347e+05
0.00981588      	2.27932139e+05
0.00981661      	2.27996010e+05
0.00981734      	2.28059711e+05
0.00981807      	2.28122742e+05
0.0098188       	2.28189853e+05
0.00981954      	2.28249873e+05
0.00982027      	2.28309711e+05
0.00982101      	2.28373870e+05
0.00982175      	2.28430896e+05
0.00982248      	2.28487759e+05
0.00982322      	2.28543917e+05
0.00982396      	2.28604275e+05
0.0098247       	2.28657241e+05
0.00982544      	2.28709991e+05
0.00982618      	2.28761998e+05
0.00982692      	2.28818277e+05
0.00982766      	2.28866986e+05
0.00982841      	2.28915475e+05
0.00982915      	2.28968516e+05
0.0098299       	2.29013937e+05
0.00983064      	2.29059180e+05
0.00983139      	2.29109064e+05
0.00983214      	2.29151193e+05
0.00983289      	2.29193146e+05
0.00983364      	2.29239823e+05
0.0098344       	2.29278601e+05
0.00983515      	2.29317205e+05
0.0098359       	2.29355032e+05
0.00983666      	2.29397465e+05
0.00983742      	2.29431713e+05
0.00983817      	2.29465758e+05
0.00983893      	2.29504719e+05
0.00983969      	2.29535446e+05
0.00984045      	2.29566023e+05
0.00984121      	2.29595823e+05
0.00984197      	2.29630446e+05
0.00984274      	2.29656548e+05
0.0098435       	2.29682478e+05
0.00984426      	2.29707626e+05
0.00984503      	2.29737721e+05
0.0098458       	2.29759108e+05
0.00984657      	2.29780347e+05
0.00984733      	2.29800819e+05
0.0098481       	2.29826388e+05
0.00984887      	2.29843045e+05
0.00984965      	2.29859598e+05
0.00985042      	2.29881621e+05
0.0098512       	2.29894679e+05
0.00985197      	2.29907706e+05
0.00985275      	2.29920011e+05
0.00985353      	2.29937706e+05
0.0098543       	2.29946123e+05
0.00985508      	2.29954511e+05
0.00985586      	2.29962181e+05
0.00985665      	2.29975411e+05
0.00985743      	2.29979151e+05
0.00985821      	2.29982916e+05
0.009859        	2.29985996e+05
0.00985978      	2.29994824e+05
0.00986057      	2.29993948e+05
0.00986136      	2.29993154e+05
0.00986215      	2.29991715e+05
0.00986293      	2.29989364e+05
0.00986373      	2.29992883e+05
0.00986452      	2.29986388e+05
0.00986531      	2.29980038e+05
0.0098661       	2.29973093e+05
0.0098669       	2.29965282e+05
0.00986769      	2.29963599e+05
0.00986849      	2.29951628e+05
0.00986929      	2.29939895e+05
0.00987008      	2.29927630e+05
0.00987088      	2.29914553e+05
0.00987168      	2.29900553e+05
0.00987248      	2.29885595e+05
0.00987327      	2.29869678e+05
0.00987407      	2.29852854e+05
0.00987487      	2.29842619e+05
0.00987567      	2.29821620e+05
0.00987648      	2.29801073e+05
0.00987728      	2.29780159e+05
0.00987808      	2.29758580e+05
0.00987888      	2.29736216e+05
0.00987968      	2.29713028e+05
0.00988049      	2.29688948e+05
0.00988129      	2.29664146e+05
0.00988209      	2.29638478e+05
0.00988289      	2.29612009e+05
0.00988369      	2.29584753e+05
0.0098845       	2.29556722e+05
0.0098853       	2.29527937e+05
0.0098861       	2.29498408e+05
0.0098869       	2.29468152e+05
0.00988771      	2.29437180e+05
0.00988851      	2.29405512e+05
0.00988931      	2.29373161e+05
0.00989011      	2.29340139e+05
0.00989091      	2.29306466e+05
0.00989172      	2.29272155e+05
0.00989252      	2.29237220e+05
0.00989332      	2.29201679e+05
0.00989412      	2.29165491e+05
0.00989492      	2.29128860e+05
0.00989573      	2.29091622e+05
0.00989653      	2.29053859e+05
0.00989733      	2.29015555e+05
0.00989813      	2.28976745e+05
0.00989893      	2.28937435e+05
0.00989974      	2.28897644e+05
0.00990054      	2.28857387e+05
0.00990134      	2.28816680e+05
0.00990214      	2.28775538e+05
0.00990295      	2.28733978e+05
0.00990375      	2.28692017e+05
0.00990455      	2.28649667e+05
0.00990535      	2.28606948e+05
0.00990615      	2.28563874e+05
0.00990696      	2.28520461e+05
0.00990776      	2.28476724e+05
0.00990856      	2.28432682e+05
0.00990936      	2.28388348e+05
0.00991016      	2.28343738e+05
0.00991097      	2.28298868e+05
0.00991177      	2.28253754e+05
0.00991257      	2.28208410e+05
0.00991337      	2.28162856e+05
0.00991417      	2.28117101e+05
0.00991498      	2.28071165e+05
0.00991578      	2.28025060e+05
0.00991658      	2.27978805e+05
0.00991738      	2.27932412e+05
0.00991819      	2.27885898e+05
0.00991899      	2.27839279e+05
0.00991978      	2.27781933e+05
0.00992058      	2.27739141e+05
0.00992137      	2.27694180e+05
0.00992216      	2.27648358e+05
0.00992296      	2.27602169e+05
0.00992375      	2.27555835e+05
0.00992455      	2.27509452e+05
0.00992534      	2.27463071e+05
0.00992614      	2.27416719e+05
0.00992693      	2.27370408e+05
0.00992772      	2.27324150e+05
0.00992852      	2.27277961e+05
0.00992931      	2.27231851e+05
0.00993011      	2.27185831e+05
0.0099309       	2.27139915e+05
0.0099317       	2.27094115e+05
0.00993249      	2.27048445e+05
0.00993328      	2.27002916e+05
0.00993408      	2.26957542e+05
0.00993486      	2.26899851e+05
0.00993565      	2.26859674e+05
0.00993643      	2.26817123e+05
0.00993722      	2.26773775e+05
0.009938        	2.26730223e+05
0.00993879      	2.26686730e+05
0.00993957      	2.26643415e+05
0.00994036      	2.26600328e+05
0.00994114      	2.26557498e+05
0.00994193      	2.26514937e+05
0.00994271      	2.26472654e+05
0.0099435       	2.26430658e+05
0.00994428      	2.26388959e+05
0.00994505      	2.26333270e+05
0.00994583      	2.26297807e+05
0.0099466       	2.26259678e+05
0.00994738      	2.26220703e+05
0.00994815      	2.26181566e+05
0.00994892      	2.26142579e+05
0.0099497       	2.26103873e+05
0.00995047      	2.26065507e+05
0.00995125      	2.26027508e+05
0.00995202      	2.25989885e+05
0.00995279      	2.25952650e+05
0.00995357      	2.25915805e+05
0.00995434      	2.25879359e+05
0.00995511      	2.25843315e+05
0.00995589      	2.25807686e+05
0.00995666      	2.25772470e+05
0.00995744      	2.25737667e+05
0.00995821      	2.25703302e+05
0.00995898      	2.25669372e+05
0.00995976      	2.25635883e+05
0.00996053      	2.25602839e+05
0.00996129      	2.25551074e+05
0.00996205      	2.25526579e+05
0.00996281      	2.25498390e+05
0.00996357      	2.25469023e+05
0.00996433      	2.25439418e+05
0.00996509      	2.25409993e+05
0.00996584      	2.25380925e+05
0.0099666       	2.25352290e+05
0.00996736      	2.25324119e+05
0.00996812      	2.25296424e+05
0.00996888      	2.25269208e+05
0.00996964      	2.25242473e+05
0.0099704       	2.25216222e+05
0.00997116      	2.25190461e+05
0.00997192      	2.25165185e+05
0.00997268      	2.25140376e+05
0.00997343      	2.25116034e+05
0.00997419      	2.25092185e+05
0.00997495      	2.25068831e+05
0.00997571      	2.25045974e+05
0.00997647      	2.25023618e+05
0.00997723      	2.25002206e+05
0.00997799      	2.24981517e+05
0.00997875      	2.24961315e+05
0.00997951      	2.24941619e+05
0.00998027      	2.24922435e+05
0.00998102      	2.24903767e+05
0.00998178      	2.24885615e+05
0.00998254      	2.24867980e+05
0.0099833       	2.24850862e+05
0.00998406      	2.24834258e+05
0.00998482      	2.24818171e+05
0.00998558      	2.24802600e+05
0.00998634      	2.24787542e+05
0.0099871       	2.24772997e+05
0.00998786      	2.24758963e+05
0.00998861      	2.24745439e+05
0.00998937      	2.24732422e+05
0.00999013      	2.24719911e+05
0.00999089      	2.24707902e+05
0.00999165      	2.24696395e+05
0.00999241      	2.24685386e+05
0.00999317      	2.24674871e+05
0.00999393      	2.24664847e+05
0.00999469      	2.24655313e+05
0.00999545      	2.24646262e+05
0.0099962       	2.24637693e+05
0.00999696      	2.24629598e+05
0.00999772      	2.24621981e+05
0.00999848      	2.24614840e+05
0.00999924      	2.24608163e+05
0.01            	2.24601944e+05
0.0100007       	2.24577501e+05
0.0100015       	2.24579683e+05
0.0100022       	2.24577962e+05
0.010003        	2.24574937e+05
0.0100037       	2.24568165e+05
0.0100045       	2.24566277e+05
0.0100052       	2.24563893e+05
0.0100059       	2.24561560e+05
0.0100067       	2.24559484e+05
0.0100074       	2.24554298e+05
0.0100082       	2.24554274e+05
0.0100089       	2.24553814e+05
0.0100096       	2.24553403e+05
0.0100104       	2.24549743e+05
0.0100111       	2.24551235e+05
0.0100118       	2.24552238e+05
0.0100126       	2.24553246e+05
0.0100133       	2.24550936e+05
0.010014        	2.24553786e+05
0.0100148       	2.24556107e+05
0.0100155       	2.24558398e+05
0.0100162       	2.24557307e+05
0.010017        	2.24561384e+05
0.0100177       	2.24564905e+05
0.0100184       	2.24568363e+05
0.0100191       	2.24568368e+05
0.0100199       	2.24573551e+05
0.0100206       	2.24578131e+05
0.0100213       	2.24582619e+05
0.010022        	2.24583581e+05
0.0100228       	2.24589736e+05
0.0100235       	2.24595238e+05
0.0100242       	2.24600600e+05
0.0100249       	2.24602371e+05
0.0100257       	2.24609354e+05
0.0100264       	2.24615645e+05
0.0100271       	2.24621759e+05
0.0100278       	2.24624207e+05
0.0100285       	2.24631882e+05
0.0100292       	2.24638825e+05
0.01003         	2.24645550e+05
0.0100307       	2.24652254e+05
0.0100314       	2.24655285e+05
0.0100321       	2.24663616e+05
0.0100328       	2.24671172e+05
0.0100335       	2.24678470e+05
0.0100343       	2.24685703e+05
0.010035        	2.24689164e+05
0.0100357       	2.24697960e+05
0.0100364       	2.24705923e+05
0.0100371       	2.24713578e+05
0.0100378       	2.24717292e+05
0.0100385       	2.24726326e+05
0.0100392       	2.24734464e+05
0.0100399       	2.24742253e+05
0.0100406       	2.24749892e+05
0.0100413       	2.24753576e+05
0.0100421       	2.24762670e+05
0.0100428       	2.24770831e+05
0.0100435       	2.24778599e+05
0.0100442       	2.24786176e+05
0.0100449       	2.24793650e+05
0.0100456       	2.24797081e+05
0.0100463       	2.24806005e+05
0.010047        	2.24813935e+05
0.0100477       	2.24821420e+05
0.0100484       	2.24828659e+05
0.0100491       	2.24831705e+05
0.0100498       	2.24840280e+05
0.0100505       	2.24847800e+05
0.0100512       	2.24854826e+05
0.0100519       	2.24861566e+05
0.0100526       	2.24868109e+05
0.0100533       	2.24870371e+05
0.010054        	2.24878267e+05
0.0100547       	2.24885051e+05
0.0100554       	2.24891289e+05
0.0100561       	2.24897190e+05
0.0100567       	2.24902855e+05
0.0100574       	2.24908317e+05
0.0100581       	2.24913590e+05
0.0100588       	2.24914417e+05
0.0100595       	2.24921021e+05
0.0100602       	2.24926432e+05
0.0100609       	2.24931227e+05
0.0100616       	2.24935619e+05
0.0100623       	2.24939714e+05
0.010063        	2.24943552e+05
0.0100637       	2.24947149e+05
0.0100644       	2.24950504e+05
0.0100651       	2.24953613e+05
0.0100657       	2.24956460e+05
0.0100664       	2.24954587e+05
0.0100671       	2.24958711e+05
0.0100678       	2.24961508e+05
0.0100685       	2.24963595e+05
0.0100692       	2.24965197e+05
0.0100699       	2.24966424e+05
0.0100706       	2.24967322e+05
0.0100713       	2.24967901e+05
0.0100719       	2.24968170e+05
0.0100726       	2.24963486e+05
0.0100733       	2.24965027e+05
0.010074        	2.24965158e+05
0.0100747       	2.24964507e+05
0.0100754       	2.24963317e+05
0.0100761       	2.24961709e+05
0.0100767       	2.24959723e+05
0.0100774       	2.24957383e+05
0.0100781       	2.24949864e+05
0.0100788       	2.24948812e+05
0.0100795       	2.24946267e+05
0.0100801       	2.24942893e+05
0.0100808       	2.24938946e+05
0.0100815       	2.24934540e+05
0.0100822       	2.24929717e+05
0.0100829       	2.24924505e+05
0.0100836       	2.24918902e+05
0.0100842       	2.24907868e+05
0.0100849       	2.24903598e+05
0.0100856       	2.24897755e+05
0.0100863       	2.24891027e+05
0.0100869       	2.24883673e+05
0.0100876       	2.24875820e+05
0.0100883       	2.24867518e+05
0.010089        	2.24858797e+05
0.0100896       	2.24849656e+05
0.0100903       	2.24834796e+05
0.010091        	2.24827045e+05
0.0100917       	2.24817641e+05
0.0100923       	2.24807297e+05
0.010093        	2.24796294e+05
0.0100937       	2.24784751e+05
0.0100944       	2.24772734e+05
0.010095        	2.24760272e+05
0.0100957       	2.24741826e+05
0.0100964       	2.24730835e+05
0.010097        	2.24718116e+05
0.0100977       	2.24704418e+05
0.0100984       	2.24690032e+05
0.010099        	2.24675089e+05
0.0100997       	2.24659656e+05
0.0101004       	2.24637976e+05
0.010101        	2.24624081e+05
0.0101017       	2.24608396e+05
0.0101024       	2.24591703e+05
0.010103        	2.24574296e+05
0.0101037       	2.24556318e+05
0.0101044       	2.24537839e+05
0.010105        	2.24512843e+05
0.0101057       	2.24496007e+05
0.0101063       	2.24477323e+05
0.010107        	2.24457594e+05
0.0101077       	2.24437138e+05
0.0101083       	2.24416098e+05
0.010109        	2.24388270e+05
0.0101096       	2.24368931e+05
0.0101103       	2.24347693e+05
0.0101109       	2.24325388e+05
0.0101116       	2.24302338e+05
0.0101122       	2.24278701e+05
0.0101129       	2.24254547e+05
0.0101136       	2.24223326e+05
0.0101142       	2.24201060e+05
0.0101149       	2.24176839e+05
0.0101155       	2.24151524e+05
0.0101162       	2.24125448e+05
0.0101168       	2.24098780e+05
0.0101175       	2.24071589e+05
0.0101181       	2.24043912e+05
0.0101187       	2.24008819e+05
0.0101194       	2.23983294e+05
0.01012         	2.23955718e+05
0.0101207       	2.23927034e+05
0.0101213       	2.23897588e+05
0.010122        	2.23867569e+05
0.0101226       	2.23837061e+05
0.0101233       	2.23806098e+05
0.0101239       	2.23767324e+05
0.0101245       	2.23738759e+05
0.0101252       	2.23708096e+05
0.0101258       	2.23676293e+05
0.0101265       	2.23643727e+05
0.0101271       	2.23610579e+05
0.0101277       	2.23576936e+05
0.0101284       	2.23542840e+05
0.010129        	2.23508301e+05
0.0101296       	2.23465401e+05
0.0101303       	2.23433559e+05
0.0101309       	2.23399513e+05
0.0101316       	2.23364273e+05
0.0101322       	2.23328223e+05
0.0101328       	2.23291562e+05
0.0101335       	2.23254388e+05
0.0101341       	2.23216745e+05
0.0101347       	2.23178660e+05
0.0101354       	2.23140126e+05
0.010136        	2.23101161e+05
0.0101366       	2.23061764e+05
0.0101373       	2.23021935e+05
0.0101379       	2.22981675e+05
0.0101385       	2.22931931e+05
0.0101391       	2.22894868e+05
0.0101398       	2.22855388e+05
0.0101404       	2.22814618e+05
0.010141        	2.22773017e+05
0.0101417       	2.22730796e+05
0.0101423       	2.22688101e+05
0.0101429       	2.22644951e+05
0.0101435       	2.22601382e+05
0.0101442       	2.22557406e+05
0.0101448       	2.22513026e+05
0.0101454       	2.22468245e+05
0.010146        	2.22423063e+05
0.0101467       	2.22377484e+05
0.0101473       	2.22331503e+05
0.0101479       	2.22285124e+05
0.0101486       	2.22238346e+05
0.0101492       	2.22191175e+05
0.0101498       	2.22143613e+05
0.0101504       	2.22095661e+05
0.0101511       	2.22047317e+05
0.0101517       	2.21998589e+05
0.0101523       	2.21949475e+05
0.0101529       	2.21899979e+05
0.0101536       	2.21850103e+05
0.0101542       	2.21799848e+05
0.0101548       	2.21737002e+05
0.0101554       	2.21691577e+05
0.0101561       	2.21643127e+05
0.0101567       	2.21593154e+05
0.0101573       	2.21542267e+05
0.0101579       	2.21490763e+05
0.0101585       	2.21438793e+05
0.0101592       	2.21386427e+05
0.0101598       	2.21333702e+05
0.0101604       	2.21280633e+05
0.010161        	2.21227224e+05
0.0101616       	2.21173478e+05
0.0101622       	2.21119400e+05
0.0101629       	2.21064988e+05
0.0101635       	2.21010243e+05
0.0101641       	2.20955168e+05
0.0101647       	2.20899763e+05
0.0101653       	2.20844030e+05
0.010166        	2.20787972e+05
0.0101666       	2.20731591e+05
0.0101672       	2.20674886e+05
0.0101678       	2.20617861e+05
0.0101684       	2.20560518e+05
0.0101691       	2.20502860e+05
0.0101697       	2.20444886e+05
0.0101703       	2.20386599e+05
0.0101709       	2.20328004e+05
0.0101715       	2.20269101e+05
0.0101721       	2.20190382e+05
0.0101727       	2.20139878e+05
0.0101733       	2.20084917e+05
0.010174        	2.20027827e+05
0.0101746       	2.19969559e+05
0.0101752       	2.19910587e+05
0.0101758       	2.19851147e+05
0.0101764       	2.19791353e+05
0.010177        	2.19731264e+05
0.0101776       	2.19670895e+05
0.0101782       	2.19610268e+05
0.0101788       	2.19549381e+05
0.0101794       	2.19488235e+05
0.01018         	2.19426830e+05
0.0101806       	2.19365167e+05
0.0101812       	2.19303246e+05
0.0101818       	2.19241068e+05
0.0101824       	2.19178635e+05
0.010183        	2.19115947e+05
0.0101836       	2.19053007e+05
0.0101843       	2.18989817e+05
0.0101849       	2.18926381e+05
0.0101855       	2.18862700e+05
0.0101861       	2.18798778e+05
0.0101867       	2.18734617e+05
0.0101873       	2.18670220e+05
0.0101879       	2.18605590e+05
0.0101885       	2.18540729e+05
0.0101891       	2.18475642e+05
0.0101897       	2.18410332e+05
0.0101903       	2.18344801e+05
0.0101909       	2.18279053e+05
0.0101915       	2.18213091e+05
0.0101921       	2.18146918e+05
0.0101927       	2.18080538e+05
0.0101933       	2.18013955e+05
0.0101939       	2.17947173e+05
0.0101945       	2.17880195e+05
0.0101952       	2.17813024e+05
0.0101958       	2.17745684e+05
0.0101964       	2.17678152e+05
0.010197        	2.17610435e+05
0.0101976       	2.17542538e+05
0.0101982       	2.17474466e+05
0.0101988       	2.17406223e+05
0.0101994       	2.17337814e+05
0.0102          	2.17269243e+05
0.0102006       	2.17175996e+05
0.0102012       	2.17118382e+05
0.0102018       	2.17055579e+05
0.0102024       	2.16990384e+05
0.0102029       	2.16921129e+05
0.0102035       	2.16855300e+05
0.0102041       	2.16788536e+05
0.0102047       	2.16721298e+05
0.0102053       	2.16653787e+05
0.0102059       	2.16586103e+05
0.0102065       	2.16518293e+05
0.0102071       	2.16450417e+05
0.0102077       	2.16382388e+05
0.0102082       	2.16314299e+05
0.0102088       	2.16246131e+05
0.0102094       	2.16177883e+05
0.01021         	2.16109560e+05
0.0102106       	2.16041164e+05
0.0102112       	2.15972698e+05
0.0102118       	2.15904167e+05
0.0102124       	2.15835575e+05
0.0102129       	2.15766928e+05
0.0102135       	2.15698228e+05
0.0102141       	2.15629483e+05
0.0102147       	2.15560698e+05
0.0102153       	2.15491876e+05
0.0102159       	2.15419916e+05
0.0102165       	2.15352434e+05
0.0102171       	2.15284287e+05
0.0102176       	2.15215905e+05
0.0102182       	2.15147286e+05
0.0102188       	2.15078640e+05
0.0102194       	2.15009967e+05
0.01022         	2.14941291e+05
0.0102206       	2.14872624e+05
0.0102212       	2.14803975e+05
0.0102218       	2.14735350e+05
0.0102223       	2.14666759e+05
0.0102229       	2.14598171e+05
0.0102235       	2.14529640e+05
0.0102241       	2.14461106e+05
0.0102247       	2.14392736e+05
0.0102253       	2.14324379e+05
0.0102259       	2.14256089e+05
0.0102264       	2.14187869e+05
0.010227        	2.14119761e+05
0.0102276       	2.14051718e+05
0.0102282       	2.13983719e+05
0.0102288       	2.13912503e+05
0.0102294       	2.13846180e+05
0.01023         	2.13779310e+05
0.0102305       	2.13712257e+05
0.0102311       	2.13645174e+05
0.0102317       	2.13578143e+05
0.0102323       	2.13511206e+05
0.0102329       	2.13444389e+05
0.0102335       	2.13377667e+05
0.010234        	2.13307655e+05
0.0102346       	2.13242787e+05
0.0102352       	2.13177426e+05
0.0102358       	2.13111944e+05
0.0102364       	2.13046494e+05
0.010237        	2.12981160e+05
0.0102375       	2.12915985e+05
0.0102381       	2.12847373e+05
0.0102387       	2.12784086e+05
0.0102393       	2.12720329e+05
0.0102399       	2.12656479e+05
0.0102404       	2.12592693e+05
0.010241        	2.12529055e+05
0.0102416       	2.12461881e+05
0.0102422       	2.12400179e+05
0.0102428       	2.12338020e+05
0.0102433       	2.12275789e+05
0.0102439       	2.12213646e+05
0.0102445       	2.12147858e+05
0.0102451       	2.12087653e+05
0.0102456       	2.12026996e+05
0.0102462       	2.11966238e+05
0.0102468       	2.11905606e+05
0.0102474       	2.11845180e+05
0.0102479       	2.11781070e+05
0.0102485       	2.11722728e+05
0.0102491       	2.11663960e+05
0.0102497       	2.11604718e+05
0.0102502       	2.11544893e+05
0.0102508       	2.11485488e+05
0.0102514       	2.11422305e+05
0.0102519       	2.11365032e+05
0.0102525       	2.11307319e+05
0.0102531       	2.11249572e+05
0.0102537       	2.11191958e+05
0.0102542       	2.11134612e+05
0.0102548       	2.11077513e+05
0.0102554       	2.11020696e+05
0.0102559       	2.10959979e+05
0.0102565       	2.10905425e+05
0.0102571       	2.10850576e+05
0.0102577       	2.10795862e+05
0.0102582       	2.10741440e+05
0.0102588       	2.10687374e+05
0.0102594       	2.10633703e+05
0.0102599       	2.10580450e+05
0.0102605       	2.10527739e+05
0.0102611       	2.10475252e+05
0.0102616       	2.10423299e+05
0.0102622       	2.10371784e+05
0.0102628       	2.10320709e+05
0.0102634       	2.10270079e+05
0.0102639       	2.10219850e+05
0.0102645       	2.10169987e+05
0.0102651       	2.10120507e+05
0.0102656       	2.10071415e+05
0.0102662       	2.10022717e+05
0.0102668       	2.09974427e+05
0.0102673       	2.09926538e+05
0.0102679       	2.09879056e+05
0.0102685       	2.09831991e+05
0.010269        	2.09790060e+05
0.0102696       	2.09742097e+05
0.0102702       	2.09695373e+05
0.0102708       	2.09649459e+05
0.0102713       	2.09604168e+05
0.0102719       	2.09559359e+05
0.0102725       	2.09515074e+05
0.010273        	2.09471274e+05
0.0102736       	2.09427948e+05
0.0102742       	2.09385091e+05
0.0102748       	2.09342706e+05
0.0102753       	2.09300795e+05
0.0102759       	2.09259362e+05
0.0102765       	2.09218215e+05
0.0102771       	2.09177646e+05
0.0102776       	2.09137586e+05
0.0102782       	2.09098052e+05
0.0102788       	2.09058907e+05
0.0102793       	2.09020229e+05
0.0102799       	2.08982276e+05
0.0102805       	2.08944711e+05
0.0102811       	2.08907616e+05
0.0102816       	2.08871050e+05
0.0102822       	2.08835021e+05
0.0102828       	2.08799517e+05
0.0102833       	2.08764421e+05
0.0102839       	2.08730124e+05
0.0102845       	2.08696246e+05
0.0102851       	2.08662915e+05
0.0102856       	2.08630132e+05
0.0102862       	2.08597901e+05
0.0102868       	2.08566225e+05
0.0102873       	2.08535100e+05
0.0102879       	2.08504522e+05
0.0102885       	2.08474502e+05
0.0102891       	2.08445045e+05
0.0102896       	2.08416153e+05
0.0102902       	2.08387829e+05
0.0102908       	2.08360075e+05
0.0102913       	2.08332894e+05
0.0102919       	2.08306289e+05
0.0102925       	2.08280261e+05
0.0102931       	2.08254814e+05
0.0102936       	2.08229949e+05
0.0102942       	2.08205670e+05
0.0102948       	2.08181987e+05
0.0102954       	2.08158903e+05
0.0102959       	2.08136412e+05
0.0102965       	2.08108288e+05
0.0102971       	2.08089033e+05
0.0102976       	2.08069365e+05
0.0102982       	2.08049830e+05
0.0102988       	2.08030656e+05
0.0102993       	2.08011965e+05
0.0102999       	2.07993819e+05
0.0103005       	2.07976250e+05
0.010301        	2.07959275e+05
0.0103016       	2.07942903e+05
0.0103022       	2.07927137e+05
0.0103027       	2.07911979e+05
0.0103033       	2.07897432e+05
0.0103039       	2.07876692e+05
0.0103044       	2.07865503e+05
0.010305        	2.07853851e+05
0.0103056       	2.07842311e+05
0.0103061       	2.07831131e+05
0.0103067       	2.07820435e+05
0.0103073       	2.07810292e+05
0.0103078       	2.07800734e+05
0.0103084       	2.07791776e+05
0.010309        	2.07783426e+05
0.0103095       	2.07775826e+05
0.0103101       	2.07768577e+05
0.0103107       	2.07762070e+05
0.0103112       	2.07756173e+05
0.0103118       	2.07750890e+05
0.0103124       	2.07746221e+05
0.0103129       	2.07742164e+05
0.0103135       	2.07738729e+05
0.0103141       	2.07735902e+05
0.0103146       	2.07733685e+05
0.0103152       	2.07732086e+05
0.0103158       	2.07731098e+05
0.0103163       	2.07730718e+05
0.0103169       	2.07730961e+05
0.0103175       	2.07731817e+05
0.010318        	2.07733273e+05
0.0103186       	2.07735349e+05
0.0103191       	2.07738040e+05
0.0103197       	2.07741344e+05
0.0103203       	2.07745255e+05
0.0103208       	2.07749789e+05
0.0103214       	2.07754929e+05
0.010322        	2.07769274e+05
0.0103225       	2.07773150e+05
0.0103231       	2.07778973e+05
0.0103237       	2.07786012e+05
0.0103243       	2.07793971e+05
0.0103248       	2.07802701e+05
0.0103254       	2.07812113e+05
0.010326        	2.07822171e+05
0.0103265       	2.07832847e+05
0.0103271       	2.07844151e+05
0.0103277       	2.07856056e+05
0.0103282       	2.07868572e+05
0.0103288       	2.07881695e+05
0.0103294       	2.07895429e+05
0.01033         	2.07909760e+05
0.0103305       	2.07924700e+05
0.0103311       	2.07940245e+05
0.0103317       	2.07956398e+05
0.0103322       	2.07973155e+05
0.0103328       	2.07990515e+05
0.0103334       	2.08008473e+05
0.0103339       	2.08027035e+05
0.0103345       	2.08046188e+05
0.0103351       	2.08076475e+05
0.0103357       	2.08093957e+05
0.0103362       	2.08113636e+05
0.0103368       	2.08134649e+05
0.0103374       	2.08156641e+05
0.010338        	2.08179408e+05
0.0103385       	2.08202856e+05
0.0103391       	2.08226772e+05
0.0103397       	2.08251596e+05
0.0103403       	2.08276869e+05
0.0103408       	2.08302727e+05
0.0103414       	2.08329168e+05
0.010342        	2.08356189e+05
0.0103426       	2.08383792e+05
0.0103431       	2.08411973e+05
0.0103437       	2.08440732e+05
0.0103443       	2.08470068e+05
0.0103448       	2.08500034e+05
0.0103454       	2.08530493e+05
0.010346        	2.08561534e+05
0.0103466       	2.08593152e+05
0.0103471       	2.08625352e+05
0.0103477       	2.08658133e+05
0.0103483       	2.08691494e+05
0.0103489       	2.08725429e+05
0.0103494       	2.08759937e+05
0.01035         	2.08795016e+05
0.0103506       	2.08830716e+05
0.0103512       	2.08866957e+05
0.0103517       	2.08903705e+05
0.0103523       	2.08941083e+05
0.0103529       	2.08979006e+05
0.0103535       	2.09017473e+05
0.010354        	2.09056490e+05
0.0103546       	2.09096053e+05
0.0103552       	2.09136114e+05
0.0103558       	2.09176746e+05
0.0103563       	2.09217937e+05
0.0103569       	2.09259676e+05
0.0103575       	2.09302008e+05
0.0103581       	2.09344803e+05
0.0103586       	2.09388142e+05
0.0103592       	2.09432017e+05
0.0103598       	2.09476424e+05
0.0103604       	2.09521358e+05
0.0103609       	2.09566815e+05
0.0103615       	2.09612841e+05
0.0103621       	2.09659361e+05
0.0103627       	2.09706382e+05
0.0103632       	2.09753907e+05
0.0103638       	2.09801937e+05
0.0103644       	2.09850472e+05
0.010365        	2.09899511e+05
0.0103655       	2.09949053e+05
0.0103661       	2.09999096e+05
0.0103667       	2.10049638e+05
0.0103673       	2.10100676e+05
0.0103678       	2.10152211e+05
0.0103684       	2.10204375e+05
0.010369        	2.10256781e+05
0.0103696       	2.10309790e+05
0.0103701       	2.10363281e+05
0.0103707       	2.10417254e+05
0.0103713       	2.10471699e+05
0.0103718       	2.10526633e+05
0.0103724       	2.10582037e+05
0.010373        	2.10637910e+05
0.0103736       	2.10721142e+05
0.0103742       	2.10771718e+05
0.0103748       	2.10826738e+05
0.0103753       	2.10884038e+05
0.0103759       	2.10942724e+05
0.0103765       	2.11002323e+05
0.0103771       	2.11062547e+05
0.0103777       	2.11123388e+05
0.0103783       	2.11184716e+05
0.0103789       	2.11246503e+05
0.0103795       	2.11308739e+05
0.01038         	2.11371426e+05
0.0103806       	2.11434561e+05
0.0103812       	2.11498138e+05
0.0103818       	2.11562127e+05
0.0103824       	2.11626578e+05
0.010383        	2.11691381e+05
0.0103836       	2.11756897e+05
0.0103842       	2.11822736e+05
0.0103847       	2.11889009e+05
0.0103853       	2.11955718e+05
0.0103859       	2.12022949e+05
0.0103865       	2.12090409e+05
0.0103871       	2.12158435e+05
0.0103877       	2.12226781e+05
0.0103883       	2.12295793e+05
0.0103888       	2.12365126e+05
0.0103894       	2.12434886e+05
0.01039         	2.12505070e+05
0.0103906       	2.12575676e+05
0.0103912       	2.12646701e+05
0.0103918       	2.12718142e+05
0.0103924       	2.12789996e+05
0.010393        	2.12862262e+05
0.0103935       	2.12934935e+05
0.0103941       	2.13008013e+05
0.0103947       	2.13081494e+05
0.0103953       	2.13155375e+05
0.0103959       	2.13229653e+05
0.0103965       	2.13304313e+05
0.0103971       	2.13379386e+05
0.0103977       	2.13454825e+05
0.0103982       	2.13530634e+05
0.0103988       	2.13606813e+05
0.0103994       	2.13683363e+05
0.0104          	2.13760284e+05
0.0104006       	2.13870330e+05
0.0104012       	2.13940976e+05
0.0104018       	2.14020652e+05
0.0104024       	2.14098287e+05
0.010403        	2.14177952e+05
0.0104036       	2.14258761e+05
0.0104042       	2.14340297e+05
0.0104048       	2.14426240e+05
0.0104054       	2.14507887e+05
0.010406        	2.14590479e+05
0.0104067       	2.14673676e+05
0.0104073       	2.14757337e+05
0.0104079       	2.14841392e+05
0.0104085       	2.14925809e+05
0.0104091       	2.15014573e+05
0.0104097       	2.15098841e+05
0.0104103       	2.15184040e+05
0.0104109       	2.15269841e+05
0.0104115       	2.15356107e+05
0.0104121       	2.15442768e+05
0.0104127       	2.15529787e+05
0.0104133       	2.15621264e+05
0.0104139       	2.15708106e+05
0.0104146       	2.15795883e+05
0.0104152       	2.15884273e+05
0.0104158       	2.15973088e+05
0.0104164       	2.16062303e+05
0.010417        	2.16151834e+05
0.0104176       	2.16241690e+05
0.0104182       	2.16336121e+05
0.0104188       	2.16425733e+05
0.0104194       	2.16516276e+05
0.0104201       	2.16607398e+05
0.0104207       	2.16698951e+05
0.0104213       	2.16790860e+05
0.0104219       	2.16883083e+05
0.0104225       	2.16975601e+05
0.0104231       	2.17072814e+05
0.0104237       	2.17165011e+05
0.0104243       	2.17258132e+05
0.010425        	2.17351817e+05
0.0104256       	2.17445912e+05
0.0104262       	2.17540337e+05
0.0104268       	2.17635053e+05
0.0104274       	2.17734588e+05
0.010428        	2.17828928e+05
0.0104287       	2.17924190e+05
0.0104293       	2.18019997e+05
0.0104299       	2.18116191e+05
0.0104305       	2.18212691e+05
0.0104311       	2.18314132e+05
0.0104317       	2.18410219e+05
0.0104324       	2.18507222e+05
0.010433        	2.18604755e+05
0.0104336       	2.18702652e+05
0.0104342       	2.18805622e+05
0.0104348       	2.18903103e+05
0.0104355       	2.19001504e+05
0.0104361       	2.19100421e+05
0.0104367       	2.19204570e+05
0.0104373       	2.19303143e+05
0.0104379       	2.19402647e+05
0.0104386       	2.19502660e+05
0.0104392       	2.19607990e+05
0.0104398       	2.19707610e+05
0.0104404       	2.19808155e+05
0.0104411       	2.19914258e+05
0.0104417       	2.20014629e+05
0.0104423       	2.20115964e+05
0.010443        	2.20222947e+05
0.0104436       	2.20324094e+05
0.0104442       	2.20426202e+05
0.0104449       	2.20534030e+05
0.0104455       	2.20635906e+05
0.0104461       	2.20738736e+05
0.0104468       	2.20847358e+05
0.0104474       	2.20949906e+05
0.010448        	2.21053401e+05
0.0104487       	2.21162762e+05
0.0104493       	2.21265922e+05
0.0104499       	2.21370023e+05
0.0104506       	2.21480064e+05
0.0104512       	2.21583775e+05
0.0104519       	2.21693994e+05
0.0104525       	2.21797997e+05
0.0104532       	2.21903029e+05
0.0104538       	2.22014188e+05
0.0104545       	2.22118802e+05
0.0104551       	2.22224340e+05
0.0104558       	2.22336040e+05
0.0104564       	2.22441027e+05
0.0104571       	2.22546919e+05
0.0104577       	2.22659050e+05
0.0104584       	2.22764317e+05
0.010459        	2.22876441e+05
0.0104597       	2.22981814e+05
0.0104603       	2.23088184e+05
0.010461        	2.23201000e+05
0.0104616       	2.23306697e+05
0.0104623       	2.23413277e+05
0.010463        	2.23526346e+05
0.0104636       	2.23632104e+05
0.0104643       	2.23738720e+05
0.010465        	2.23851916e+05
0.0104656       	2.23957623e+05
0.0104663       	2.24064175e+05
0.0104669       	2.24177404e+05
0.0104676       	2.24282960e+05
0.0104683       	2.24395882e+05
0.010469        	2.24501114e+05
0.0104696       	2.24607233e+05
0.0104703       	2.24720291e+05
0.010471        	2.24825363e+05
0.0104717       	2.24931245e+05
0.0104723       	2.25044098e+05
0.010473        	2.25148731e+05
0.0104737       	2.25254149e+05
0.0104744       	2.25366647e+05
0.0104751       	2.25470708e+05
0.0104757       	2.25575537e+05
0.0104764       	2.25687565e+05
0.0104771       	2.25790931e+05
0.0104778       	2.25895048e+05
0.0104785       	2.25999217e+05
0.0104792       	2.26110459e+05
0.0104799       	2.26212608e+05
0.0104806       	2.26315424e+05
0.0104813       	2.26425703e+05
0.010482        	2.26526763e+05
0.0104826       	2.26628524e+05
0.0104833       	2.26730234e+05
0.010484        	2.26839285e+05
0.0104847       	2.26938633e+05
0.0104854       	2.27038434e+05
0.0104861       	2.27146016e+05
0.0104868       	2.27243754e+05
0.0104875       	2.27342143e+05
0.0104882       	2.27440401e+05
0.010489        	2.27546342e+05
0.0104897       	2.27641939e+05
0.0104904       	2.27738111e+05
0.0104911       	2.27834085e+05
0.0104918       	2.27929544e+05
0.0104925       	2.28032789e+05
0.0104932       	2.28125156e+05
0.0104939       	2.28218055e+05
0.0104946       	2.28310693e+05
0.0104953       	2.28411482e+05
0.0104961       	2.28501041e+05
0.0104968       	2.28591146e+05
0.0104975       	2.28680956e+05
0.0104982       	2.28770127e+05
0.0104989       	2.28867587e+05
0.0104997       	2.28953203e+05
0.0105004       	2.29039314e+05
0.0105011       	2.29125055e+05
0.0105018       	2.29210075e+05
0.0105026       	2.29303581e+05
0.0105033       	2.29384875e+05
0.010504        	2.29466545e+05
0.0105047       	2.29547790e+05
0.0105055       	2.29628248e+05
0.0105062       	2.29717658e+05
0.0105069       	2.29793998e+05
0.0105077       	2.29870830e+05
0.0105084       	2.29947183e+05
0.0105091       	2.30022682e+05
0.0105099       	2.30097150e+05
0.0105106       	2.30180975e+05
0.0105113       	2.30250877e+05
0.0105121       	2.30321267e+05
0.0105128       	2.30391134e+05
0.0105136       	2.30460079e+05
0.0105143       	2.30527914e+05
0.010515        	2.30605649e+05
0.0105158       	2.30668566e+05
0.0105165       	2.30732003e+05
0.0105173       	2.30794878e+05
0.010518        	2.30856769e+05
0.0105188       	2.30929178e+05
0.0105195       	2.30985946e+05
0.0105203       	2.31043291e+05
0.010521        	2.31100050e+05
0.0105218       	2.31155783e+05
0.0105225       	2.31210284e+05
0.0105233       	2.31275941e+05
0.0105241       	2.31324822e+05
0.0105248       	2.31374335e+05
0.0105256       	2.31423259e+05
0.0105263       	2.31471112e+05
0.0105271       	2.31517684e+05
0.0105279       	2.31576255e+05
0.0105286       	2.31616809e+05
0.0105294       	2.31658098e+05
0.0105302       	2.31698799e+05
0.0105309       	2.31738404e+05
0.0105317       	2.31776699e+05
0.0105325       	2.31827977e+05
0.0105332       	2.31859818e+05
0.010534        	2.31892537e+05
0.0105348       	2.31924693e+05
0.0105356       	2.31955747e+05
0.0105364       	2.31985460e+05
0.0105371       	2.32029323e+05
0.0105379       	2.32052113e+05
0.0105387       	2.32075967e+05
0.0105395       	2.32099303e+05
0.0105403       	2.32121546e+05
0.0105411       	2.32142429e+05
0.0105419       	2.32178876e+05
0.0105427       	2.32192301e+05
0.0105435       	2.32207020e+05
0.0105443       	2.32221309e+05
0.010545        	2.32234522e+05
0.0105458       	2.32246381e+05
0.0105466       	2.32256785e+05
0.0105474       	2.32284651e+05
0.0105483       	2.32286850e+05
0.0105491       	2.32290719e+05
0.0105499       	2.32294290e+05
0.0105507       	2.32296851e+05
0.0105515       	2.32298096e+05
0.0105523       	2.32297914e+05
0.0105531       	2.32296272e+05
0.0105539       	2.32293163e+05
0.0105547       	2.32310677e+05
0.0105556       	2.32298301e+05
0.0105564       	2.32288232e+05
0.0105572       	2.32278149e+05
0.010558        	2.32267211e+05
0.0105589       	2.32255059e+05
0.0105597       	2.32241566e+05
0.0105605       	2.32226695e+05
0.0105613       	2.32210444e+05
0.0105621       	2.32192831e+05
0.010563        	2.32173881e+05
0.0105638       	2.32153606e+05
0.0105646       	2.32160155e+05
0.0105655       	2.32128642e+05
0.0105663       	2.32100760e+05
0.0105672       	2.32073446e+05
0.010568        	2.32045597e+05
0.0105688       	2.32016763e+05
0.0105697       	2.31986788e+05
0.0105705       	2.31955633e+05
0.0105714       	2.31923288e+05
0.0105722       	2.31889779e+05
0.0105731       	2.31855136e+05
0.0105739       	2.31819386e+05
0.0105747       	2.31782559e+05
0.0105756       	2.31744677e+05
0.0105764       	2.31705688e+05
0.0105773       	2.31665891e+05
0.0105781       	2.31625092e+05
0.0105789       	2.31583370e+05
0.0105798       	2.31540716e+05
0.0105806       	2.31497181e+05
0.0105815       	2.31452779e+05
0.0105823       	2.31407543e+05
0.0105832       	2.31361495e+05
0.010584        	2.31314674e+05
0.0105848       	2.31267096e+05
0.0105857       	2.31218793e+05
0.0105865       	2.31169791e+05
0.0105874       	2.31120121e+05
0.0105882       	2.31069809e+05
0.0105891       	2.31018881e+05
0.0105899       	2.30967370e+05
0.0105907       	2.30915302e+05
0.0105916       	2.30862718e+05
0.0105924       	2.30809613e+05
0.0105933       	2.30756043e+05
0.0105941       	2.30702030e+05
0.0105949       	2.30647600e+05
0.0105958       	2.30592799e+05
0.0105966       	2.30537678e+05
0.0105975       	2.30482150e+05
0.0105983       	2.30426323e+05
0.0105992       	2.30370125e+05
0.0106          	2.30313582e+05
0.0106009       	2.30282692e+05
0.0106017       	2.30216028e+05
0.0106026       	2.30154298e+05
0.0106034       	2.30094328e+05
0.0106043       	2.30034994e+05
0.0106052       	2.29975850e+05
0.010606        	2.29916742e+05
0.0106069       	2.29857630e+05
0.0106078       	2.29798524e+05
0.0106086       	2.29739448e+05
0.0106095       	2.29680432e+05
0.0106103       	2.29621508e+05
0.0106112       	2.29562707e+05
0.0106121       	2.29504055e+05
0.0106129       	2.29440722e+05
0.0106138       	2.29384338e+05
0.0106146       	2.29327187e+05
0.0106155       	2.29269915e+05
0.0106164       	2.29212770e+05
0.0106172       	2.29155866e+05
0.0106181       	2.29099262e+05
0.0106189       	2.29042992e+05
0.0106198       	2.28987082e+05
0.0106207       	2.28931554e+05
0.0106215       	2.28876427e+05
0.0106224       	2.28821722e+05
0.0106232       	2.28767458e+05
0.0106241       	2.28713653e+05
0.0106249       	2.28660327e+05
0.0106258       	2.28607497e+05
0.0106267       	2.28555183e+05
0.0106275       	2.28503400e+05
0.0106284       	2.28447140e+05
0.0106292       	2.28398488e+05
0.0106301       	2.28349338e+05
0.0106309       	2.28300379e+05
0.0106318       	2.28251870e+05
0.0106326       	2.28203924e+05
0.0106335       	2.28156595e+05
0.0106343       	2.28109908e+05
0.0106352       	2.28058768e+05
0.010636        	2.28015059e+05
0.0106369       	2.27970646e+05
0.0106377       	2.27926558e+05
0.0106386       	2.27882887e+05
0.0106394       	2.27839892e+05
0.0106403       	2.27792403e+05
0.0106411       	2.27752872e+05
0.010642        	2.27712909e+05
0.0106428       	2.27673272e+05
0.0106437       	2.27634243e+05
0.0106445       	2.27590750e+05
0.0106453       	2.27555407e+05
0.0106462       	2.27519696e+05
0.010647        	2.27484361e+05
0.0106479       	2.27449666e+05
0.0106487       	2.27410432e+05
0.0106495       	2.27379426e+05
0.0106504       	2.27348024e+05
0.0106512       	2.27316968e+05
0.0106521       	2.27286466e+05
0.0106529       	2.27251254e+05
0.0106537       	2.27224298e+05
0.0106545       	2.27196855e+05
0.0106554       	2.27169683e+05
0.0106562       	2.27143056e+05
0.010657        	2.27117089e+05
0.0106579       	2.27086352e+05
0.0106587       	2.27064001e+05
0.0106595       	2.27041118e+05
0.0106603       	2.27018470e+05
0.0106612       	2.26996338e+05
0.010662        	2.26974836e+05
0.0106628       	2.26954006e+05
0.0106636       	2.26933861e+05
0.0106645       	2.26908786e+05
0.0106653       	2.26892259e+05
0.0106661       	2.26875104e+05
0.0106669       	2.26858116e+05
0.0106678       	2.26841574e+05
0.0106686       	2.26825591e+05
0.0106694       	2.26810211e+05
0.0106702       	2.26795445e+05
0.010671        	2.26781293e+05
0.0106719       	2.26767747e+05
0.0106727       	2.26754799e+05
0.0106735       	2.26736594e+05
0.0106743       	2.26727164e+05
0.0106751       	2.26716923e+05
0.0106759       	2.26706713e+05
0.0106768       	2.26696837e+05
0.0106776       	2.26687418e+05
0.0106784       	2.26678501e+05
0.0106792       	2.26670096e+05
0.01068         	2.26662188e+05
0.0106808       	2.26648711e+05
0.0106817       	2.26644236e+05
0.0106825       	2.26638787e+05
0.0106833       	2.26633243e+05
0.0106841       	2.26627935e+05
0.0106849       	2.26622979e+05
0.0106857       	2.26618419e+05
0.0106865       	2.26614264e+05
0.0106873       	2.26604211e+05
0.0106881       	2.26603380e+05
0.0106889       	2.26601411e+05
0.0106897       	2.26599219e+05
0.0106905       	2.26597140e+05
0.0106913       	2.26595308e+05
0.0106921       	2.26593771e+05
0.0106929       	2.26586014e+05
0.0106937       	2.26587710e+05
0.0106945       	2.26588117e+05
0.0106953       	2.26588188e+05
0.0106961       	2.26588272e+05
0.0106969       	2.26588510e+05
0.0106977       	2.26588952e+05
0.0106985       	2.26582830e+05
0.0106993       	2.26586437e+05
0.0107001       	2.26588596e+05
0.0107009       	2.26590304e+05
0.0107017       	2.26591924e+05
0.0107025       	2.26593606e+05
0.0107033       	2.26595405e+05
0.0107041       	2.26590264e+05
0.0107049       	2.26595178e+05
0.0107056       	2.26598486e+05
0.0107064       	2.26601225e+05
0.0107072       	2.26603779e+05
0.010708        	2.26606306e+05
0.0107088       	2.26601518e+05
0.0107096       	2.26607111e+05
0.0107103       	2.26610961e+05
0.0107111       	2.26614147e+05
0.0107119       	2.26617072e+05
0.0107127       	2.26619901e+05
0.0107135       	2.26615050e+05
0.0107142       	2.26620947e+05
0.010715        	2.26624961e+05
0.0107158       	2.26628217e+05
0.0107165       	2.26631133e+05
0.0107173       	2.26633888e+05
0.0107181       	2.26628557e+05
0.0107189       	2.26634406e+05
0.0107196       	2.26638240e+05
0.0107204       	2.26641230e+05
0.0107211       	2.26643814e+05
0.0107219       	2.26646179e+05
0.0107227       	2.26648401e+05
0.0107234       	2.26642055e+05
0.0107242       	2.26647497e+05
0.010725        	2.26650762e+05
0.0107257       	2.26653082e+05
0.0107265       	2.26654922e+05
0.0107272       	2.26647671e+05
0.010728        	2.26652640e+05
0.0107287       	2.26655307e+05
0.0107295       	2.26656959e+05
0.0107302       	2.26658085e+05
0.010731        	2.26649688e+05
0.0107317       	2.26654047e+05
0.0107324       	2.26655995e+05
0.0107332       	2.26656864e+05
0.0107339       	2.26657165e+05
0.0107347       	2.26657119e+05
0.0107354       	2.26647074e+05
0.0107361       	2.26650561e+05
0.0107369       	2.26651506e+05
0.0107376       	2.26651297e+05
0.0107383       	2.26650470e+05
0.0107391       	2.26639013e+05
0.0107398       	2.26641721e+05
0.0107405       	2.26641763e+05
0.0107412       	2.26640589e+05
0.010742        	2.26638761e+05
0.0107427       	2.26636526e+05
0.0107434       	2.26623064e+05
0.0107441       	2.26624775e+05
0.0107448       	2.26623666e+05
0.0107456       	2.26621263e+05
0.0107463       	2.26618159e+05
0.010747        	2.26614621e+05
0.0107477       	2.26610767e+05
0.0107484       	2.26594781e+05
0.0107491       	2.26595300e+05
0.0107498       	2.26592795e+05
0.0107505       	2.26588897e+05
0.0107512       	2.26584246e+05
0.010752        	2.26579131e+05
0.0107527       	2.26573683e+05
0.0107534       	2.26554973e+05
0.010754        	2.26554349e+05
0.0107547       	2.26550464e+05
0.0107554       	2.26545078e+05
0.0107561       	2.26538886e+05
0.0107568       	2.26532205e+05
0.0107575       	2.26525180e+05
0.0107582       	2.26517875e+05
0.0107589       	2.26495740e+05
0.0107596       	2.26493946e+05
0.0107603       	2.26488563e+05
0.010761        	2.26481534e+05
0.0107617       	2.26473627e+05
0.0107623       	2.26465200e+05
0.010763        	2.26456418e+05
0.0107637       	2.26447366e+05
0.0107644       	2.26438051e+05
0.0107651       	2.26411562e+05
0.0107657       	2.26408715e+05
0.0107664       	2.26401817e+05
0.0107671       	2.26393054e+05
0.0107677       	2.26383306e+05
0.0107684       	2.26372981e+05
0.0107691       	2.26362292e+05
0.0107698       	2.26351334e+05
0.0107704       	2.26340121e+05
0.0107711       	2.26328671e+05
0.0107718       	2.26316990e+05
0.0107725       	2.26305067e+05
0.0107731       	2.26292923e+05
0.0107738       	2.26280550e+05
0.0107745       	2.26245266e+05
0.0107751       	2.26241808e+05
0.0107758       	2.26233053e+05
0.0107764       	2.26221933e+05
0.0107771       	2.26209585e+05
0.0107777       	2.26196569e+05
0.0107784       	2.26183149e+05
0.010779        	2.26169444e+05
0.0107797       	2.26155511e+05
0.0107803       	2.26141369e+05
0.010781        	2.26127025e+05
0.0107817       	2.26112480e+05
0.0107823       	2.26097737e+05
0.010783        	2.26082788e+05
0.0107836       	2.26067636e+05
0.0107843       	2.26052276e+05
0.0107849       	2.26036709e+05
0.0107856       	2.26020939e+05
0.0107862       	2.26004964e+05
0.0107869       	2.25988785e+05
0.0107876       	2.25972404e+05
0.0107882       	2.25955819e+05
0.0107889       	2.25939033e+05
0.0107895       	2.25922051e+05
0.0107902       	2.25904870e+05
0.0107908       	2.25887490e+05
0.0107915       	2.25869914e+05
0.0107921       	2.25852147e+05
0.0107928       	2.25834190e+05
0.0107934       	2.25816044e+05
0.0107941       	2.25797706e+05
0.0107948       	2.25779183e+05
0.0107954       	2.25760468e+05
0.0107961       	2.25741551e+05
0.0107967       	2.25722471e+05
0.0107974       	2.25703209e+05
0.010798        	2.25683762e+05
0.0107987       	2.25664135e+05
0.0107993       	2.25644326e+05
0.0108          	2.25624337e+05
0.0108006       	2.25579085e+05
0.0108013       	2.25566453e+05
0.0108019       	2.25552208e+05
0.0108025       	2.25534768e+05
0.0108032       	2.25515757e+05
0.0108038       	2.25495926e+05
0.0108044       	2.25472740e+05
0.0108051       	2.25453417e+05
0.0108057       	2.25433264e+05
0.0108063       	2.25412672e+05
0.010807        	2.25388863e+05
0.0108076       	2.25369019e+05
0.0108082       	2.25348359e+05
0.0108089       	2.25327257e+05
0.0108095       	2.25305866e+05
0.0108101       	2.25281277e+05
0.0108108       	2.25260745e+05
0.0108114       	2.25239379e+05
0.010812        	2.25217561e+05
0.0108126       	2.25192460e+05
0.0108133       	2.25171406e+05
0.0108139       	2.25149521e+05
0.0108145       	2.25127157e+05
0.0108151       	2.25104500e+05
0.0108158       	2.25078569e+05
0.0108164       	2.25056787e+05
0.010817        	2.25034169e+05
0.0108176       	2.25008024e+05
0.0108183       	2.24985949e+05
0.0108189       	2.24962982e+05
0.0108195       	2.24939533e+05
0.0108201       	2.24912647e+05
0.0108207       	2.24889982e+05
0.0108214       	2.24866437e+05
0.010822        	2.24839293e+05
0.0108226       	2.24816294e+05
0.0108232       	2.24792391e+05
0.0108238       	2.24767995e+05
0.0108245       	2.24740117e+05
0.0108251       	2.24716506e+05
0.0108257       	2.24692018e+05
0.0108263       	2.24663881e+05
0.0108269       	2.24639929e+05
0.0108275       	2.24611866e+05
0.0108281       	2.24587870e+05
0.0108288       	2.24562860e+05
0.0108294       	2.24534067e+05
0.01083         	2.24509532e+05
0.0108306       	2.24484053e+05
0.0108312       	2.24454798e+05
0.0108318       	2.24429851e+05
0.0108324       	2.24403963e+05
0.010833        	2.24374266e+05
0.0108336       	2.24348912e+05
0.0108342       	2.24322606e+05
0.0108348       	2.24292456e+05
0.0108354       	2.24266663e+05
0.010836        	2.24236611e+05
0.0108366       	2.24210761e+05
0.0108372       	2.24183859e+05
0.0108378       	2.24153012e+05
0.0108384       	2.24126584e+05
0.010839        	2.24099174e+05
0.0108396       	2.24067824e+05
0.0108402       	2.24040949e+05
0.0108408       	2.24013095e+05
0.0108414       	2.23984698e+05
0.010842        	2.23952497e+05
0.0108426       	2.23924917e+05
0.0108432       	2.23896390e+05
0.0108438       	2.23863858e+05
0.0108444       	2.23835906e+05
0.010845        	2.23806955e+05
0.0108456       	2.23777448e+05
0.0108461       	2.23744047e+05
0.0108467       	2.23715364e+05
0.0108473       	2.23685714e+05
0.0108479       	2.23655517e+05
0.0108485       	2.23621383e+05
0.0108491       	2.23592032e+05
0.0108497       	2.23561702e+05
0.0108503       	2.23530817e+05
0.0108508       	2.23495940e+05
0.0108514       	2.23465908e+05
0.010852        	2.23434886e+05
0.0108526       	2.23403301e+05
0.0108532       	2.23371329e+05
0.0108538       	2.23339061e+05
0.0108544       	2.23306540e+05
0.0108549       	2.23270082e+05
0.0108555       	2.23238664e+05
0.0108561       	2.23206265e+05
0.0108567       	2.23173301e+05
0.0108573       	2.23139944e+05
0.0108579       	2.23106279e+05
0.0108584       	2.23072349e+05
0.010859        	2.23038172e+05
0.0108596       	2.23003759e+05
0.0108602       	2.22969111e+05
0.0108608       	2.22934230e+05
0.0108613       	2.22899113e+05
0.0108619       	2.22859893e+05
0.0108625       	2.22825948e+05
0.0108631       	2.22790972e+05
0.0108637       	2.22755396e+05
0.0108642       	2.22719401e+05
0.0108648       	2.22683075e+05
0.0108654       	2.22646465e+05
0.010866        	2.22609590e+05
0.0108666       	2.22572462e+05
0.0108671       	2.22535083e+05
0.0108677       	2.22497452e+05
0.0108683       	2.22459571e+05
0.0108689       	2.22421436e+05
0.0108695       	2.22378982e+05
0.01087         	2.22342084e+05
0.0108706       	2.22304096e+05
0.0108712       	2.22265475e+05
0.0108718       	2.22226408e+05
0.0108724       	2.22186991e+05
0.0108729       	2.22147267e+05
0.0108735       	2.22107261e+05
0.0108741       	2.22066983e+05
0.0108747       	2.22026436e+05
0.0108752       	2.21985623e+05
0.0108758       	2.21944540e+05
0.0108764       	2.21903189e+05
0.010877        	2.21857278e+05
0.0108775       	2.21817242e+05
0.0108781       	2.21776057e+05
0.0108787       	2.21734200e+05
0.0108793       	2.21691868e+05
0.0108798       	2.21649162e+05
0.0108804       	2.21606131e+05
0.010881        	2.21562800e+05
0.0108816       	2.21519178e+05
0.0108821       	2.21475271e+05
0.0108827       	2.21426601e+05
0.0108833       	2.21384076e+05
0.0108839       	2.21340353e+05
0.0108844       	2.21295927e+05
0.010885        	2.21251004e+05
0.0108856       	2.21205688e+05
0.0108861       	2.21160032e+05
0.0108867       	2.21109440e+05
0.0108873       	2.21065194e+05
0.0108879       	2.21019711e+05
0.0108884       	2.20973505e+05
0.010889        	2.20926786e+05
0.0108896       	2.20879664e+05
0.0108901       	2.20832192e+05
0.0108907       	2.20779617e+05
0.0108913       	2.20733601e+05
0.0108918       	2.20686317e+05
0.0108924       	2.20638292e+05
0.010893        	2.20589745e+05
0.0108935       	2.20535884e+05
0.0108941       	2.20488711e+05
0.0108947       	2.20440228e+05
0.0108952       	2.20390985e+05
0.0108958       	2.20341208e+05
0.0108963       	2.20285986e+05
0.0108969       	2.20237629e+05
0.0108975       	2.20187945e+05
0.010898        	2.20137491e+05
0.0108986       	2.20086499e+05
0.0108991       	2.20035087e+05
0.0108997       	2.19978105e+05
0.0109003       	2.19928255e+05
0.0109008       	2.19877072e+05
0.0109014       	2.19825115e+05
0.0109019       	2.19772619e+05
0.0109025       	2.19719703e+05
0.010903        	2.19661068e+05
0.0109036       	2.19609809e+05
0.0109042       	2.19557187e+05
0.0109047       	2.19503778e+05
0.0109053       	2.19449825e+05
0.0109058       	2.19395449e+05
0.0109064       	2.19340718e+05
0.0109069       	2.19285662e+05
0.0109075       	2.19224655e+05
0.010908        	2.19171432e+05
0.0109086       	2.19116825e+05
0.0109091       	2.19061425e+05
0.0109097       	2.19005479e+05
0.0109102       	2.18949116e+05
0.0109108       	2.18892403e+05
0.0109113       	2.18835376e+05
0.0109119       	2.18778052e+05
0.0109124       	2.18720440e+05
0.010913        	2.18662544e+05
0.0109135       	2.18604368e+05
0.0109141       	2.18545912e+05
0.0109146       	2.18487180e+05
0.0109152       	2.18428171e+05
0.0109157       	2.18368888e+05
0.0109163       	2.18309333e+05
0.0109168       	2.18249506e+05
0.0109174       	2.18189409e+05
0.0109179       	2.18129046e+05
0.0109185       	2.18068419e+05
0.010919        	2.18007530e+05
0.0109196       	2.17939799e+05
0.0109201       	2.17881213e+05
0.0109207       	2.17821137e+05
0.0109212       	2.17760241e+05
0.0109218       	2.17698809e+05
0.0109223       	2.17636990e+05
0.0109229       	2.17574862e+05
0.0109234       	2.17512468e+05
0.010924        	2.17449832e+05
0.0109245       	2.17386966e+05
0.0109251       	2.17323877e+05
0.0109256       	2.17260571e+05
0.0109261       	2.17197053e+05
0.0109267       	2.17133323e+05
0.0109272       	2.17069387e+05
0.0109278       	2.17005248e+05
0.0109283       	2.16940908e+05
0.0109289       	2.16876347e+05
0.0109294       	2.16811603e+05
0.01093         	2.16746677e+05
0.0109305       	2.16681569e+05
0.0109311       	2.16616283e+05
0.0109316       	2.16550820e+05
0.0109322       	2.16485187e+05
0.0109327       	2.16419385e+05
0.0109333       	2.16353420e+05
0.0109338       	2.16287296e+05
0.0109344       	2.16221044e+05
0.0109349       	2.16154632e+05
0.0109354       	2.16088068e+05
0.010936        	2.16021360e+05
0.0109365       	2.15945839e+05
0.0109371       	2.15882439e+05
0.0109376       	2.15817366e+05
0.0109382       	2.15751460e+05
0.0109387       	2.15685071e+05
0.0109393       	2.15618387e+05
0.0109398       	2.15551509e+05
0.0109403       	2.15484492e+05
0.0109409       	2.15417365e+05
0.0109414       	2.15350148e+05
0.010942        	2.15282849e+05
0.0109425       	2.15215476e+05
0.010943        	2.15148034e+05
0.0109436       	2.15080529e+05
0.0109441       	2.15012966e+05
0.0109447       	2.14945349e+05
0.0109452       	2.14877683e+05
0.0109458       	2.14799565e+05
0.0109463       	2.14735963e+05
0.0109468       	2.14670548e+05
0.0109474       	2.14604289e+05
0.0109479       	2.14537592e+05
0.0109484       	2.14470673e+05
0.010949        	2.14403646e+05
0.0109495       	2.14336575e+05
0.0109501       	2.14269492e+05
0.0109506       	2.14202417e+05
0.0109511       	2.14135361e+05
0.0109517       	2.14068332e+05
0.0109522       	2.14001334e+05
0.0109527       	2.13934373e+05
0.0109533       	2.13867452e+05
0.0109538       	2.13800576e+05
0.0109543       	2.13733749e+05
0.0109549       	2.13654166e+05
0.0109554       	2.13592360e+05
0.0109559       	2.13528520e+05
0.0109565       	2.13463772e+05
0.010957        	2.13398587e+05
0.0109575       	2.13333220e+05
0.0109581       	2.13267809e+05
0.0109586       	2.13202429e+05
0.0109591       	2.13137120e+05
0.0109597       	2.13071903e+05
0.0109602       	2.13006793e+05
0.0109607       	2.12941799e+05
0.0109612       	2.12876927e+05
0.0109618       	2.12812181e+05
0.0109623       	2.12747566e+05
0.0109628       	2.12683088e+05
0.0109634       	2.12618751e+05
0.0109639       	2.12554561e+05
0.0109644       	2.12490523e+05
0.010965        	2.12426641e+05
0.0109655       	2.12362924e+05
0.010966        	2.12299375e+05
0.0109666       	2.12236001e+05
0.0109671       	2.12172807e+05
0.0109676       	2.12109800e+05
0.0109681       	2.12046988e+05
0.0109687       	2.11984375e+05
0.0109692       	2.11921965e+05
0.0109697       	2.11859768e+05
0.0109703       	2.11797788e+05
0.0109708       	2.11736034e+05
0.0109713       	2.11674510e+05
0.0109719       	2.11613226e+05
0.0109724       	2.11552184e+05
0.0109729       	2.11491390e+05
0.0109735       	2.11430852e+05
0.010974        	2.11370578e+05
0.0109745       	2.11310576e+05
0.0109751       	2.11250849e+05
0.0109756       	2.11191409e+05
0.0109761       	2.11132254e+05
0.0109766       	2.11073394e+05
0.0109772       	2.11014843e+05
0.0109777       	2.10956605e+05
0.0109782       	2.10898680e+05
0.0109788       	2.10841080e+05
0.0109793       	2.10783807e+05
0.0109798       	2.10726874e+05
0.0109804       	2.10670285e+05
0.0109809       	2.10614050e+05
0.0109814       	2.10558169e+05
0.010982        	2.10502650e+05
0.0109825       	2.10447510e+05
0.010983        	2.10392752e+05
0.0109835       	2.10338372e+05
0.0109841       	2.10284387e+05
0.0109846       	2.10230801e+05
0.0109851       	2.10177625e+05
0.0109857       	2.10124864e+05
0.0109862       	2.10072522e+05
0.0109867       	2.10020611e+05
0.0109873       	2.09969136e+05
0.0109878       	2.09918092e+05
0.0109883       	2.09867510e+05
0.0109889       	2.09817384e+05
0.0109894       	2.09767723e+05
0.0109899       	2.09718523e+05
0.0109904       	2.09669799e+05
0.010991        	2.09621568e+05
0.0109915       	2.09573826e+05
0.010992        	2.09526581e+05
0.0109926       	2.09479846e+05
0.0109931       	2.09433621e+05
0.0109936       	2.09387916e+05
0.0109942       	2.09342738e+05
0.0109947       	2.09298092e+05
0.0109952       	2.09253985e+05
0.0109958       	2.09210429e+05
0.0109963       	2.09167438e+05
0.0109968       	2.09124989e+05
0.0109973       	2.09083118e+05
0.0109979       	2.09041816e+05
0.0109984       	2.09001098e+05
0.0109989       	2.08960975e+05
0.0109995       	2.08921448e+05
0.011           	2.08882518e+05
0.0110005       	2.08849903e+05
0.0110011       	2.08810380e+05
0.0110016       	2.08772312e+05
0.0110021       	2.08735270e+05
0.0110027       	2.08699072e+05
0.0110032       	2.08663631e+05
0.0110037       	2.08628879e+05
0.0110043       	2.08594826e+05
0.0110048       	2.08561445e+05
0.0110053       	2.08528737e+05
0.0110059       	2.08496713e+05
0.0110064       	2.08465357e+05
0.0110069       	2.08434705e+05
0.0110075       	2.08404747e+05
0.011008        	2.08375492e+05
0.0110085       	2.08346945e+05
0.0110091       	2.08322577e+05
0.0110096       	2.08294412e+05
0.0110101       	2.08267479e+05
0.0110107       	2.08241524e+05
0.0110112       	2.08216415e+05
0.0110117       	2.08192120e+05
0.0110123       	2.08168629e+05
0.0110128       	2.08145903e+05
0.0110133       	2.08127514e+05
0.0110139       	2.08105263e+05
0.0110144       	2.08084304e+05
0.011015        	2.08064374e+05
0.0110155       	2.08045357e+05
0.011016        	2.08030837e+05
0.0110166       	2.08012454e+05
0.0110171       	2.07995403e+05
0.0110176       	2.07979411e+05
0.0110182       	2.07964369e+05
0.0110187       	2.07950225e+05
0.0110193       	2.07940661e+05
0.0110198       	2.07927142e+05
0.0110203       	2.07915013e+05
0.0110209       	2.07903969e+05
0.0110214       	2.07893913e+05
0.011022        	2.07888568e+05
0.0110225       	2.07879243e+05
0.011023        	2.07871345e+05
0.0110236       	2.07864574e+05
0.0110241       	2.07857325e+05
0.0110247       	2.07853735e+05
0.0110252       	2.07846564e+05
0.0110258       	2.07840862e+05
0.0110263       	2.07836285e+05
0.0110268       	2.07832706e+05
0.0110274       	2.07834022e+05
0.0110279       	2.07831368e+05
0.0110285       	2.07830569e+05
0.011029        	2.07831193e+05
0.0110296       	2.07837063e+05
0.0110301       	2.07838973e+05
0.0110307       	2.07842400e+05
0.0110312       	2.07847499e+05
0.0110317       	2.07853669e+05
0.0110323       	2.07865067e+05
0.0110328       	2.07872366e+05
0.0110334       	2.07881326e+05
0.0110339       	2.07891574e+05
0.0110345       	2.07902841e+05
0.011035        	2.07919261e+05
0.0110356       	2.07931356e+05
0.0110361       	2.07944438e+05
0.0110367       	2.07959000e+05
0.0110372       	2.07974854e+05
0.0110378       	2.07991964e+05
0.0110383       	2.08009728e+05
0.0110389       	2.08032662e+05
0.0110394       	2.08051181e+05
0.01104         	2.08071310e+05
0.0110405       	2.08092717e+05
0.0110411       	2.08115267e+05
0.0110416       	2.08138897e+05
0.0110422       	2.08163569e+05
0.0110428       	2.08193667e+05
0.0110433       	2.08219245e+05
0.0110439       	2.08246457e+05
0.0110444       	2.08274959e+05
0.011045        	2.08304620e+05
0.0110455       	2.08335364e+05
0.0110461       	2.08367153e+05
0.0110466       	2.08399965e+05
0.0110472       	2.08433792e+05
0.0110477       	2.08473181e+05
0.0110483       	2.08507890e+05
0.0110489       	2.08544257e+05
0.0110494       	2.08581935e+05
0.01105         	2.08620777e+05
0.0110505       	2.08660704e+05
0.0110511       	2.08701674e+05
0.0110516       	2.08743664e+05
0.0110522       	2.08786662e+05
0.0110527       	2.08835383e+05
0.0110533       	2.08879242e+05
0.0110539       	2.08924775e+05
0.0110544       	2.08971621e+05
0.011055        	2.09019625e+05
0.0110555       	2.09068703e+05
0.0110561       	2.09118812e+05
0.0110566       	2.09174780e+05
0.0110572       	2.09225741e+05
0.0110578       	2.09278387e+05
0.0110583       	2.09332343e+05
0.0110589       	2.09387446e+05
0.0110595       	2.09448562e+05
0.01106         	2.09504588e+05
0.0110606       	2.09562320e+05
0.0110611       	2.09621364e+05
0.0110617       	2.09686583e+05
0.0110623       	2.09746659e+05
0.0110628       	2.09808469e+05
0.0110634       	2.09871598e+05
0.011064        	2.09940982e+05
0.0110645       	2.10005123e+05
0.0110651       	2.10071004e+05
0.0110657       	2.10138197e+05
0.0110662       	2.10211723e+05
0.0110668       	2.10279898e+05
0.0110674       	2.10349816e+05
0.0110679       	2.10426314e+05
0.0110685       	2.10497474e+05
0.0110691       	2.10570429e+05
0.0110697       	2.10644709e+05
0.0110702       	2.10725476e+05
0.0110708       	2.10800694e+05
0.0110714       	2.10877661e+05
0.011072        	2.10961362e+05
0.0110725       	2.11039514e+05
0.0110731       	2.11119466e+05
0.0110737       	2.11200722e+05
0.0110743       	2.11288614e+05
0.0110748       	2.11370728e+05
0.0110754       	2.11454589e+05
0.011076        	2.11545344e+05
0.0110766       	2.11630316e+05
0.0110772       	2.11717086e+05
0.0110778       	2.11805134e+05
0.0110783       	2.11899976e+05
0.0110789       	2.11988787e+05
0.0110795       	2.12079340e+05
0.0110801       	2.12176961e+05
0.0110807       	2.12268537e+05
0.0110813       	2.12361907e+05
0.0110819       	2.12456525e+05
0.0110825       	2.12558110e+05
0.011083        	2.12653380e+05
0.0110836       	2.12750385e+05
0.0110842       	2.12854650e+05
0.0110848       	2.12952576e+05
0.0110854       	2.13052290e+05
0.011086        	2.13153217e+05
0.0110866       	2.13261304e+05
0.0110872       	2.13362757e+05
0.0110878       	2.13465936e+05
0.0110884       	2.13576589e+05
0.011089        	2.13680573e+05
0.0110896       	2.13786337e+05
0.0110902       	2.13893263e+05
0.0110908       	2.14007558e+05
0.0110914       	2.14114852e+05
0.011092        	2.14223853e+05
0.0110926       	2.14333966e+05
0.0110932       	2.14451572e+05
0.0110938       	2.14561950e+05
0.0110944       	2.14674026e+05
0.011095        	2.14787188e+05
0.0110956       	2.14907991e+05
0.0110963       	2.15021327e+05
0.0110969       	2.15136354e+05
0.0110975       	2.15252439e+05
0.0110981       	2.15369302e+05
0.0110987       	2.15493864e+05
0.0110993       	2.15610568e+05
0.0110999       	2.15728916e+05
0.0111005       	2.15848266e+05
0.0111012       	2.15975620e+05
0.0111018       	2.16094903e+05
0.0111024       	2.16215857e+05
0.011103        	2.16337800e+05
0.0111036       	2.16460440e+05
0.0111043       	2.16591186e+05
0.0111049       	2.16713422e+05
0.0111055       	2.16837290e+05
0.0111061       	2.16962096e+05
0.0111067       	2.17087543e+05
0.0111074       	2.17221354e+05
0.011108        	2.17346246e+05
0.0111086       	2.17472760e+05
0.0111092       	2.17600174e+05
0.0111099       	2.17728177e+05
0.0111105       	2.17864829e+05
0.0111111       	2.17992115e+05
0.0111118       	2.18121019e+05
0.0111124       	2.18250783e+05
0.011113        	2.18381084e+05
0.0111137       	2.18520354e+05
0.0111143       	2.18649768e+05
0.0111149       	2.18780798e+05
0.0111156       	2.18912648e+05
0.0111162       	2.19053918e+05
0.0111168       	2.19184973e+05
0.0111175       	2.19317682e+05
0.0111181       	2.19451194e+05
0.0111188       	2.19585144e+05
0.0111194       	2.19728743e+05
0.01112         	2.19861464e+05
0.0111207       	2.19995804e+05
0.0111213       	2.20130887e+05
0.011122        	2.20276146e+05
0.0111226       	2.20410088e+05
0.0111233       	2.20545694e+05
0.0111239       	2.20682026e+05
0.0111246       	2.20828939e+05
0.0111253       	2.20963967e+05
0.0111259       	2.21100673e+05
0.0111266       	2.21238070e+05
0.0111272       	2.21386487e+05
0.0111279       	2.21522397e+05
0.0111285       	2.21660000e+05
0.0111292       	2.21798259e+05
0.0111299       	2.21948027e+05
0.0111305       	2.22084605e+05
0.0111312       	2.22222898e+05
0.0111319       	2.22361813e+05
0.0111325       	2.22500894e+05
0.0111332       	2.22651933e+05
0.0111339       	2.22788762e+05
0.0111346       	2.22927295e+05
0.0111352       	2.23066391e+05
0.0111359       	2.23205580e+05
0.0111366       	2.23357474e+05
0.0111373       	2.23494117e+05
0.011138        	2.23632508e+05
0.0111386       	2.23771427e+05
0.0111393       	2.23910368e+05
0.01114         	2.24062878e+05
0.0111407       	2.24198955e+05
0.0111414       	2.24336838e+05
0.0111421       	2.24475213e+05
0.0111428       	2.24613541e+05
0.0111435       	2.24766438e+05
0.0111442       	2.24901549e+05
0.0111449       	2.25038542e+05
0.0111456       	2.25175997e+05
0.0111463       	2.25313333e+05
0.011147        	2.25450272e+05
0.0111477       	2.25603049e+05
0.0111484       	2.25736132e+05
0.0111491       	2.25871196e+05
0.0111498       	2.26006691e+05
0.0111505       	2.26141987e+05
0.0111512       	2.26276783e+05
0.0111519       	2.26410933e+05
0.0111526       	2.26562832e+05
0.0111533       	2.26692423e+05
0.0111541       	2.26824184e+05
0.0111548       	2.26956368e+05
0.0111555       	2.27088270e+05
0.0111562       	2.27219557e+05
0.0111569       	2.27350072e+05
0.0111577       	2.27479738e+05
0.0111584       	2.27608517e+05
0.0111591       	2.27758277e+05
0.0111598       	2.27881496e+05
0.0111606       	2.28007252e+05
0.0111613       	2.28133474e+05
0.011162        	2.28259335e+05
0.0111628       	2.28384448e+05
0.0111635       	2.28508632e+05
0.0111642       	2.28631866e+05
0.0111649       	2.28753953e+05
0.0111657       	2.28874985e+05
0.0111664       	2.28994937e+05
0.0111671       	2.29113796e+05
0.0111679       	2.29260157e+05
0.0111686       	2.29371811e+05
0.0111694       	2.29486818e+05
0.0111701       	2.29602479e+05
0.0111709       	2.29717725e+05
0.0111716       	2.29832059e+05
0.0111724       	2.29945262e+05
0.0111731       	2.30057237e+05
0.0111739       	2.30167938e+05
0.0111746       	2.30277339e+05
0.0111754       	2.30385423e+05
0.0111761       	2.30492182e+05
0.0111768       	2.30597608e+05
0.0111776       	2.30701694e+05
0.0111783       	2.30804429e+05
0.0111791       	2.30905805e+05
0.0111798       	2.31005814e+05
0.0111806       	2.31104446e+05
0.0111813       	2.31201693e+05
0.0111821       	2.31297546e+05
0.0111828       	2.31391995e+05
0.0111836       	2.31485034e+05
0.0111843       	2.31576589e+05
0.0111851       	2.31666497e+05
0.0111858       	2.31754999e+05
0.0111866       	2.31842047e+05
0.0111873       	2.31927622e+05
0.011188        	2.32011758e+05
0.0111888       	2.32094437e+05
0.0111895       	2.32175653e+05
0.0111903       	2.32255407e+05
0.011191        	2.32333696e+05
0.0111918       	2.32410513e+05
0.0111925       	2.32485857e+05
0.0111933       	2.32559721e+05
0.011194        	2.32632102e+05
0.0111948       	2.32702998e+05
0.0111955       	2.32772406e+05
0.0111963       	2.32840323e+05
0.011197        	2.32906748e+05
0.0111978       	2.32971680e+05
0.0111985       	2.33035117e+05
0.0111993       	2.33097058e+05
0.0112          	2.33157502e+05
0.0112008       	2.33274540e+05
0.0112016       	2.33318958e+05
0.0112023       	2.33376277e+05
0.0112031       	2.33429376e+05
0.0112039       	2.33483201e+05
0.0112047       	2.33541539e+05
0.0112055       	2.33592136e+05
0.0112063       	2.33642005e+05
0.0112071       	2.33695875e+05
0.0112079       	2.33741643e+05
0.0112087       	2.33786628e+05
0.0112094       	2.33830281e+05
0.0112102       	2.33877845e+05
0.011211        	2.33917072e+05
0.0112118       	2.33955523e+05
0.0112126       	2.33992658e+05
0.0112134       	2.34033836e+05
0.0112142       	2.34066521e+05
0.011215        	2.34098464e+05
0.0112158       	2.34129111e+05
0.0112166       	2.34158259e+05
0.0112174       	2.34191522e+05
0.0112182       	2.34216062e+05
0.011219        	2.34239893e+05
0.0112198       	2.34262453e+05
0.0112206       	2.34283539e+05
0.0112214       	2.34308908e+05
0.0112222       	2.34325357e+05
0.011223        	2.34341150e+05
0.0112238       	2.34355707e+05
0.0112246       	2.34368816e+05
0.0112254       	2.34380394e+05
0.0112262       	2.34390416e+05
0.011227        	2.34398875e+05
0.0112278       	2.34405778e+05
0.0112287       	2.34417217e+05
0.0112295       	2.34419401e+05
0.0112303       	2.34421043e+05
0.0112311       	2.34421544e+05
0.0112319       	2.34420688e+05
0.0112327       	2.34418390e+05
0.0112335       	2.34414623e+05
0.0112343       	2.34409384e+05
0.0112351       	2.34402681e+05
0.0112359       	2.34394525e+05
0.0112367       	2.34384930e+05
0.0112375       	2.34373910e+05
0.0112384       	2.34361480e+05
0.0112392       	2.34347653e+05
0.01124         	2.34332445e+05
0.0112408       	2.34315869e+05
0.0112416       	2.34297941e+05
0.0112424       	2.34278675e+05
0.0112432       	2.34258087e+05
0.011244        	2.34236190e+05
0.0112448       	2.34213001e+05
0.0112456       	2.34188535e+05
0.0112464       	2.34156211e+05
0.0112472       	2.34131251e+05
0.011248        	2.34103961e+05
0.0112488       	2.34075136e+05
0.0112496       	2.34044830e+05
0.0112505       	2.34013090e+05
0.0112513       	2.33980032e+05
0.0112521       	2.33945836e+05
0.0112529       	2.33910553e+05
0.0112537       	2.33867424e+05
0.0112545       	2.33832184e+05
0.0112553       	2.33794756e+05
0.0112561       	2.33755862e+05
0.0112569       	2.33715784e+05
0.0112577       	2.33674649e+05
0.0112585       	2.33632522e+05
0.0112593       	2.33582525e+05
0.0112601       	2.33540790e+05
0.0112608       	2.33496948e+05
0.0112616       	2.33451748e+05
0.0112624       	2.33405483e+05
0.0112632       	2.33358285e+05
0.011264        	2.33303195e+05
0.0112648       	2.33256691e+05
0.0112656       	2.33208157e+05
0.0112664       	2.33158365e+05
0.0112672       	2.33107615e+05
0.011268        	2.33056046e+05
0.0112688       	2.32996578e+05
0.0112695       	2.32946036e+05
0.0112703       	2.32893544e+05
0.0112711       	2.32839893e+05
0.0112719       	2.32785394e+05
0.0112727       	2.32730189e+05
0.0112735       	2.32666438e+05
0.0112743       	2.32611530e+05
0.011275        	2.32554809e+05
0.0112758       	2.32497136e+05
0.0112766       	2.32438855e+05
0.0112774       	2.32380079e+05
0.0112782       	2.32313494e+05
0.0112789       	2.32256600e+05
0.0112797       	2.32197976e+05
0.0112805       	2.32138474e+05
0.0112813       	2.32078418e+05
0.011282        	2.32017942e+05
0.0112828       	2.31957029e+05
0.0112836       	2.31888159e+05
0.0112844       	2.31829307e+05
0.0112851       	2.31768718e+05
0.0112859       	2.31707257e+05
0.0112867       	2.31645264e+05
0.0112874       	2.31582898e+05
0.0112882       	2.31512524e+05
0.011289        	2.31452538e+05
0.0112897       	2.31390883e+05
0.0112905       	2.31328451e+05
0.0112913       	2.31265594e+05
0.011292        	2.31202474e+05
0.0112928       	2.31139170e+05
0.0112936       	2.31075718e+05
0.0112943       	2.31004201e+05
0.0112951       	2.30943612e+05
0.0112958       	2.30881425e+05
0.0112966       	2.30818570e+05
0.0112974       	2.30755412e+05
0.0112981       	2.30692123e+05
0.0112989       	2.30628784e+05
0.0112996       	2.30565442e+05
0.0113004       	2.30502122e+05
0.0113012       	2.30430598e+05
0.0113019       	2.30370647e+05
0.0113027       	2.30309164e+05
0.0113034       	2.30247127e+05
0.0113042       	2.30184922e+05
0.0113049       	2.30122726e+05
0.0113057       	2.30060628e+05
0.0113064       	2.29998672e+05
0.0113072       	2.29936883e+05
0.011308        	2.29875281e+05
0.0113087       	2.29813881e+05
0.0113095       	2.29752701e+05
0.0113102       	2.29683022e+05
0.011311        	2.29625865e+05
0.0113117       	2.29567217e+05
0.0113125       	2.29508136e+05
0.0113132       	2.29449037e+05
0.0113139       	2.29390115e+05
0.0113147       	2.29331460e+05
0.0113154       	2.29273119e+05
0.0113162       	2.29215117e+05
0.0113169       	2.29157472e+05
0.0113177       	2.29100196e+05
0.0113184       	2.29043302e+05
0.0113192       	2.28977457e+05
0.0113199       	2.28925213e+05
0.0113207       	2.28871458e+05
0.0113214       	2.28817349e+05
0.0113221       	2.28763337e+05
0.0113229       	2.28709632e+05
0.0113236       	2.28656332e+05
0.0113244       	2.28603483e+05
0.0113251       	2.28551111e+05
0.0113259       	2.28499230e+05
0.0113266       	2.28447851e+05
0.0113273       	2.28396984e+05
0.0113281       	2.28346637e+05
0.0113288       	2.28286622e+05
0.0113295       	2.28241589e+05
0.0113303       	2.28194946e+05
0.011331        	2.28147975e+05
0.0113317       	2.28101178e+05
0.0113325       	2.28054786e+05
0.0113332       	2.28008905e+05
0.0113339       	2.27963585e+05
0.0113347       	2.27918850e+05
0.0113354       	2.27874712e+05
0.0113362       	2.27831178e+05
0.0113369       	2.27788256e+05
0.0113376       	2.27745950e+05
0.0113384       	2.27704267e+05
0.0113391       	2.27663212e+05
0.0113398       	2.27611235e+05
0.0113405       	2.27576283e+05
0.0113413       	2.27539466e+05
0.011342        	2.27502263e+05
0.0113427       	2.27465254e+05
0.0113434       	2.27428703e+05
0.0113442       	2.27392730e+05
0.0113449       	2.27357389e+05
0.0113456       	2.27322704e+05
0.0113463       	2.27288684e+05
0.0113471       	2.27255333e+05
0.0113478       	2.27222653e+05
0.0113485       	2.27190647e+05
0.0113492       	2.27159316e+05
0.01135         	2.27128661e+05
0.0113507       	2.27085143e+05
0.0113514       	2.27061484e+05
0.0113521       	2.27035504e+05
0.0113528       	2.27008963e+05
0.0113535       	2.26982545e+05
0.0113543       	2.26956564e+05
0.011355        	2.26931162e+05
0.0113557       	2.26906401e+05
0.0113564       	2.26882305e+05
0.0113571       	2.26858881e+05
0.0113578       	2.26836131e+05
0.0113585       	2.26814053e+05
0.0113593       	2.26792645e+05
0.01136         	2.26771904e+05
0.0113607       	2.26751828e+05
0.0113614       	2.26732415e+05
0.0113621       	2.26696747e+05
0.0113628       	2.26685616e+05
0.0113635       	2.26671345e+05
0.0113642       	2.26656142e+05
0.0113649       	2.26640864e+05
0.0113656       	2.26625909e+05
0.0113663       	2.26611476e+05
0.011367        	2.26597627e+05
0.0113677       	2.26584390e+05
0.0113684       	2.26571773e+05
0.0113691       	2.26559775e+05
0.0113698       	2.26548391e+05
0.0113705       	2.26537615e+05
0.0113712       	2.26527440e+05
0.0113719       	2.26517860e+05
0.0113726       	2.26508870e+05
0.0113733       	2.26500465e+05
0.011374        	2.26492639e+05
0.0113747       	2.26485387e+05
0.0113754       	2.26478704e+05
0.0113761       	2.26472584e+05
0.0113768       	2.26440786e+05
0.0113775       	2.26446356e+05
0.0113782       	2.26446552e+05
0.0113789       	2.26444786e+05
0.0113795       	2.26442399e+05
0.0113802       	2.26440021e+05
0.0113809       	2.26437939e+05
0.0113816       	2.26436280e+05
0.0113823       	2.26435091e+05
0.011383        	2.26434386e+05
0.0113836       	2.26434162e+05
0.0113843       	2.26434410e+05
0.011385        	2.26435120e+05
0.0113857       	2.26436283e+05
0.0113864       	2.26437886e+05
0.011387        	2.26439922e+05
0.0113877       	2.26442381e+05
0.0113884       	2.26445254e+05
0.0113891       	2.26448534e+05
0.0113898       	2.26452211e+05
0.0113905       	2.26456279e+05
0.0113911       	2.26460728e+05
0.0113918       	2.26465552e+05
0.0113925       	2.26470732e+05
0.0113932       	2.26476266e+05
0.0113939       	2.26482165e+05
0.0113945       	2.26488405e+05
0.0113952       	2.26494978e+05
0.0113959       	2.26501876e+05
0.0113966       	2.26509089e+05
0.0113973       	2.26516608e+05
0.011398        	2.26524431e+05
0.0113986       	2.26532541e+05
0.0113993       	2.26540928e+05
0.0114          	2.26549585e+05
0.0114007       	2.26541883e+05
0.0114013       	2.26557676e+05
0.011402        	2.26569877e+05
0.0114027       	2.26577728e+05
0.0114033       	2.26589175e+05
0.011404        	2.26599823e+05
0.0114047       	2.26610249e+05
0.0114053       	2.26620686e+05
0.011406        	2.26631236e+05
0.0114067       	2.26641939e+05
0.0114073       	2.26649809e+05
0.011408        	2.26662023e+05
0.0114087       	2.26673698e+05
0.0114093       	2.26685218e+05
0.01141         	2.26696730e+05
0.0114107       	2.26708298e+05
0.0114113       	2.26719947e+05
0.011412        	2.26728639e+05
0.0114126       	2.26741668e+05
0.0114133       	2.26754069e+05
0.011414        	2.26766238e+05
0.0114146       	2.26778326e+05
0.0114153       	2.26790399e+05
0.011416        	2.26802485e+05
0.0114166       	2.26811495e+05
0.0114173       	2.26824851e+05
0.0114179       	2.26837500e+05
0.0114186       	2.26849877e+05
0.0114193       	2.26862039e+05
0.0114199       	2.26874155e+05
0.0114206       	2.26886211e+05
0.0114212       	2.26895064e+05
0.0114219       	2.26908278e+05
0.0114225       	2.26920705e+05
0.0114232       	2.26932755e+05
0.0114239       	2.26944586e+05
0.0114245       	2.26956271e+05
0.0114252       	2.26967837e+05
0.0114258       	2.26976077e+05
0.0114265       	2.26988711e+05
0.0114271       	2.27000486e+05
0.0114278       	2.27011816e+05
0.0114284       	2.27022868e+05
0.0114291       	2.27033713e+05
0.0114298       	2.27041109e+05
0.0114304       	2.27052928e+05
0.0114311       	2.27063822e+05
0.0114317       	2.27074181e+05
0.0114324       	2.27084337e+05
0.011433        	2.27090780e+05
0.0114337       	2.27101671e+05
0.0114343       	2.27111672e+05
0.011435        	2.27121085e+05
0.0114356       	2.27130128e+05
0.0114363       	2.27135500e+05
0.0114369       	2.27145360e+05
0.0114376       	2.27154194e+05
0.0114382       	2.27162448e+05
0.0114388       	2.27166870e+05
0.0114395       	2.27175778e+05
0.0114401       	2.27183607e+05
0.0114408       	2.27190818e+05
0.0114414       	2.27194120e+05
0.0114421       	2.27201949e+05
0.0114427       	2.27208666e+05
0.0114433       	2.27214738e+05
0.011444        	2.27216828e+05
0.0114446       	2.27223491e+05
0.0114453       	2.27229012e+05
0.0114459       	2.27233861e+05
0.0114465       	2.27234655e+05
0.0114472       	2.27240072e+05
0.0114478       	2.27244317e+05
0.0114485       	2.27247866e+05
0.0114491       	2.27247329e+05
0.0114497       	2.27251380e+05
0.0114504       	2.27254278e+05
0.011451        	2.27252796e+05
0.0114516       	2.27255942e+05
0.0114523       	2.27257822e+05
0.0114529       	2.27255248e+05
0.0114535       	2.27257338e+05
0.0114541       	2.27258144e+05
0.0114548       	2.27258183e+05
0.0114554       	2.27253903e+05
0.011456        	2.27254456e+05
0.0114566       	2.27253750e+05
0.0114573       	2.27248479e+05
0.0114579       	2.27247993e+05
0.0114585       	2.27246193e+05
0.0114591       	2.27243591e+05
0.0114598       	2.27236538e+05
0.0114604       	2.27234445e+05
0.011461        	2.27231052e+05
0.0114616       	2.27226867e+05
0.0114622       	2.27218165e+05
0.0114629       	2.27214506e+05
0.0114635       	2.27209530e+05
0.0114641       	2.27203746e+05
0.0114647       	2.27193370e+05
0.0114653       	2.27188115e+05
0.0114659       	2.27181523e+05
0.0114666       	2.27174115e+05
0.0114672       	2.27166090e+05
0.0114678       	2.27153485e+05
0.0114684       	2.27146160e+05
0.011469        	2.27137502e+05
0.0114696       	2.27128014e+05
0.0114702       	2.27117905e+05
0.0114708       	2.27107275e+05
0.0114714       	2.27091990e+05
0.0114721       	2.27082171e+05
0.0114727       	2.27071001e+05
0.0114733       	2.27058982e+05
0.0114739       	2.27046336e+05
0.0114745       	2.27033161e+05
0.0114751       	2.27019500e+05
0.0114757       	2.27005387e+05
0.0114763       	2.26990819e+05
0.0114769       	2.26975809e+05
0.0114775       	2.26955979e+05
0.0114781       	2.26941912e+05
0.0114787       	2.26926454e+05
0.0114794       	2.26910127e+05
0.01148         	2.26893152e+05
0.0114806       	2.26875632e+05
0.0114812       	2.26857629e+05
0.0114818       	2.26839159e+05
0.0114824       	2.26820237e+05
0.011483        	2.26800851e+05
0.0114836       	2.26781035e+05
0.0114842       	2.26756159e+05
0.0114848       	2.26737406e+05
0.0114854       	2.26717214e+05
0.011486        	2.26696136e+05
0.0114866       	2.26674392e+05
0.0114872       	2.26652109e+05
0.0114878       	2.26629335e+05
0.0114884       	2.26606099e+05
0.011489        	2.26582418e+05
0.0114896       	2.26558290e+05
0.0114902       	2.26528869e+05
0.0114908       	2.26505941e+05
0.0114914       	2.26481533e+05
0.011492        	2.26456228e+05
0.0114926       	2.26430261e+05
0.0114932       	2.26403751e+05
0.0114938       	2.26376763e+05
0.0114944       	2.26349323e+05
0.011495        	2.26321446e+05
0.0114956       	2.26293141e+05
0.0114962       	2.26264406e+05
0.0114968       	2.26235242e+05
0.0114974       	2.26200460e+05
0.011498        	2.26172683e+05
0.0114986       	2.26143367e+05
0.0114992       	2.26113146e+05
0.0114998       	2.26082265e+05
0.0115004       	2.26050854e+05
0.011501        	2.26018977e+05
0.0115016       	2.25986662e+05
0.0115022       	2.25953928e+05
0.0115028       	2.25920783e+05
0.0115034       	2.25887229e+05
0.011504        	2.25847729e+05
0.0115046       	2.25815777e+05
0.0115052       	2.25782249e+05
0.0115058       	2.25747804e+05
0.0115064       	2.25712706e+05
0.0115069       	2.25677093e+05
0.0115075       	2.25641060e+05
0.0115081       	2.25604563e+05
0.0115087       	2.25561862e+05
0.0115093       	2.25527146e+05
0.0115099       	2.25490829e+05
0.0115105       	2.25453593e+05
0.0115111       	2.25415717e+05
0.0115117       	2.25377315e+05
0.0115123       	2.25338542e+05
0.0115128       	2.25293268e+05
0.0115134       	2.25256334e+05
0.011514        	2.25217801e+05
0.0115146       	2.25178347e+05
0.0115152       	2.25138264e+05
0.0115158       	2.25097701e+05
0.0115163       	2.25056732e+05
0.0115169       	2.25015396e+05
0.0115175       	2.24967249e+05
0.0115181       	2.24928028e+05
0.0115187       	2.24887151e+05
0.0115193       	2.24845352e+05
0.0115198       	2.24802934e+05
0.0115204       	2.24760052e+05
0.011521        	2.24716787e+05
0.0115216       	2.24673177e+05
0.0115222       	2.24622393e+05
0.0115227       	2.24581109e+05
0.0115233       	2.24538132e+05
0.0115239       	2.24494227e+05
0.0115245       	2.24449715e+05
0.011525        	2.24404756e+05
0.0115256       	2.24359435e+05
0.0115262       	2.24313795e+05
0.0115268       	2.24267857e+05
0.0115273       	2.24221633e+05
0.0115279       	2.24175101e+05
0.0115285       	2.24120890e+05
0.0115291       	2.24077057e+05
0.0115296       	2.24031460e+05
0.0115302       	2.23984920e+05
0.0115308       	2.23937777e+05
0.0115314       	2.23890207e+05
0.0115319       	2.23842301e+05
0.0115325       	2.23794105e+05
0.0115331       	2.23745644e+05
0.0115336       	2.23696931e+05
0.0115342       	2.23647971e+05
0.0115348       	2.23598770e+05
0.0115354       	2.23549329e+05
0.0115359       	2.23499649e+05
0.0115365       	2.23449733e+05
0.0115371       	2.23399584e+05
0.0115376       	2.23349202e+05
0.0115382       	2.23298591e+05
0.0115388       	2.23247752e+05
0.0115394       	2.23196688e+05
0.0115399       	2.23145401e+05
0.0115405       	2.23093894e+05
0.0115411       	2.23042172e+05
0.0115417       	2.22990235e+05
0.0115422       	2.22938085e+05
0.0115428       	2.22885727e+05
0.0115434       	2.22833163e+05
0.0115439       	2.22780396e+05
0.0115445       	2.22727432e+05
0.0115451       	2.22674268e+05
0.0115457       	2.22620907e+05
0.0115462       	2.22567352e+05
0.0115468       	2.22513604e+05
0.0115474       	2.22459666e+05
0.0115479       	2.22405539e+05
0.0115485       	2.22351226e+05
0.0115491       	2.22296719e+05
0.0115497       	2.22242034e+05
0.0115502       	2.22176487e+05
0.0115508       	2.22126114e+05
0.0115514       	2.22073456e+05
0.0115519       	2.22019657e+05
0.0115525       	2.21965208e+05
0.0115531       	2.21910358e+05
0.0115536       	2.21855243e+05
0.0115542       	2.21799914e+05
0.0115548       	2.21744414e+05
0.0115553       	2.21688755e+05
0.0115559       	2.21632939e+05
0.0115564       	2.21576972e+05
0.011557        	2.21520855e+05
0.0115576       	2.21464590e+05
0.0115581       	2.21408178e+05
0.0115587       	2.21351621e+05
0.0115593       	2.21294919e+05
0.0115598       	2.21238073e+05
0.0115604       	2.21181086e+05
0.011561        	2.21123957e+05
0.0115615       	2.21066689e+05
0.0115621       	2.21009287e+05
0.0115627       	2.20951750e+05
0.0115632       	2.20894081e+05
0.0115638       	2.20836282e+05
0.0115644       	2.20778354e+05
0.0115649       	2.20720300e+05
0.0115655       	2.20662122e+05
0.0115661       	2.20603821e+05
0.0115666       	2.20529575e+05
0.0115672       	2.20477894e+05
0.0115677       	2.20423043e+05
0.0115683       	2.20366680e+05
0.0115688       	2.20309496e+05
0.0115694       	2.20251850e+05
0.01157         	2.20193931e+05
0.0115705       	2.20135835e+05
0.0115711       	2.20077612e+05
0.0115716       	2.20019285e+05
0.0115722       	2.19960863e+05
0.0115727       	2.19902354e+05
0.0115733       	2.19843759e+05
0.0115739       	2.19785079e+05
0.0115744       	2.19726315e+05
0.011575        	2.19667469e+05
0.0115755       	2.19608539e+05
0.0115761       	2.19549529e+05
0.0115766       	2.19490439e+05
0.0115772       	2.19431272e+05
0.0115777       	2.19372030e+05
0.0115783       	2.19312713e+05
0.0115789       	2.19253325e+05
0.0115794       	2.19193867e+05
0.01158         	2.19134343e+05
0.0115805       	2.19074753e+05
0.0115811       	2.19015101e+05
0.0115816       	2.18955389e+05
0.0115822       	2.18895619e+05
0.0115828       	2.18835793e+05
0.0115833       	2.18775914e+05
0.0115839       	2.18715985e+05
0.0115844       	2.18656008e+05
0.011585        	2.18595988e+05
0.0115855       	2.18535925e+05
0.0115861       	2.18475824e+05
0.0115866       	2.18415687e+05
0.0115872       	2.18355517e+05
0.0115878       	2.18295317e+05
0.0115883       	2.18235091e+05
0.0115889       	2.18174841e+05
0.0115894       	2.18114570e+05
0.01159         	2.18054281e+05
0.0115905       	2.17993978e+05
0.0115911       	2.17933663e+05
0.0115917       	2.17873340e+05
0.0115922       	2.17813013e+05
0.0115928       	2.17752683e+05
0.0115933       	2.17692354e+05
0.0115939       	2.17632029e+05
0.0115944       	2.17571713e+05
0.011595        	2.17511407e+05
0.0115955       	2.17451115e+05
0.0115961       	2.17390841e+05
0.0115967       	2.17330589e+05
0.0115972       	2.17270360e+05
0.0115978       	2.17210157e+05
0.0115983       	2.17149986e+05
0.0115989       	2.17089850e+05
0.0115994       	2.17029751e+05
0.0116          	2.16969692e+05
0.0116005       	2.16888820e+05
0.0116011       	2.16837407e+05
0.0116016       	2.16782272e+05
0.0116022       	2.16725452e+05
0.0116027       	2.16667794e+05
0.0116033       	2.16609743e+05
0.0116038       	2.16551546e+05
0.0116044       	2.16493328e+05
0.0116049       	2.16435158e+05
0.0116054       	2.16377066e+05
0.011606        	2.16319065e+05
0.0116065       	2.16261163e+05
0.0116071       	2.16203364e+05
0.0116076       	2.16142755e+05
0.0116082       	2.16086327e+05
0.0116087       	2.16029487e+05
0.0116093       	2.15972517e+05
0.0116098       	2.15915535e+05
0.0116103       	2.15858603e+05
0.0116109       	2.15801754e+05
0.0116114       	2.15745004e+05
0.011612        	2.15685366e+05
0.0116125       	2.15630028e+05
0.0116131       	2.15574291e+05
0.0116136       	2.15518447e+05
0.0116141       	2.15462605e+05
0.0116147       	2.15406831e+05
0.0116152       	2.15348091e+05
0.0116158       	2.15293742e+05
0.0116163       	2.15239000e+05
0.0116168       	2.15184157e+05
0.0116174       	2.15129337e+05
0.0116179       	2.15074600e+05
0.0116185       	2.15016843e+05
0.011619        	2.14963581e+05
0.0116195       	2.14909937e+05
0.0116201       	2.14856207e+05
0.0116206       	2.14802513e+05
0.0116212       	2.14745717e+05
0.0116217       	2.14693488e+05
0.0116222       	2.14640876e+05
0.0116228       	2.14588184e+05
0.0116233       	2.14535546e+05
0.0116238       	2.14483025e+05
0.0116244       	2.14427377e+05
0.0116249       	2.14376411e+05
0.0116254       	2.14325092e+05
0.011626        	2.14273712e+05
0.0116265       	2.14222399e+05
0.0116271       	2.14171222e+05
0.0116276       	2.14116856e+05
0.0116281       	2.14067291e+05
0.0116287       	2.14017376e+05
0.0116292       	2.13967418e+05
0.0116297       	2.13917542e+05
0.0116303       	2.13867817e+05
0.0116308       	2.13818288e+05
0.0116313       	2.13768969e+05
0.0116319       	2.13719870e+05
0.0116324       	2.13671006e+05
0.0116329       	2.13622379e+05
0.0116335       	2.13573992e+05
0.011634        	2.13525851e+05
0.0116345       	2.13477950e+05
0.0116351       	2.13430312e+05
0.0116356       	2.13382922e+05
0.0116361       	2.13335787e+05
0.0116367       	2.13288918e+05
0.0116372       	2.13242308e+05
0.0116377       	2.13195963e+05
0.0116383       	2.13149896e+05
0.0116388       	2.13104102e+05
0.0116393       	2.13058580e+05
0.0116399       	2.13013343e+05
0.0116404       	2.12968391e+05
0.0116409       	2.12923727e+05
0.0116415       	2.12879355e+05
0.011642        	2.12839023e+05
0.0116425       	2.12793917e+05
0.0116431       	2.12749719e+05
0.0116436       	2.12706105e+05
0.0116441       	2.12662958e+05
0.0116447       	2.12620200e+05
0.0116452       	2.12577799e+05
0.0116458       	2.12535738e+05
0.0116463       	2.12494015e+05
0.0116468       	2.12452620e+05
0.0116474       	2.12411564e+05
0.0116479       	2.12374769e+05
0.0116484       	2.12333018e+05
0.011649        	2.12292242e+05
0.0116495       	2.12252112e+05
0.01165         	2.12212495e+05
0.0116506       	2.12173315e+05
0.0116511       	2.12134534e+05
0.0116517       	2.12096142e+05
0.0116522       	2.12058130e+05
0.0116527       	2.12020501e+05
0.0116533       	2.11987359e+05
0.0116538       	2.11949075e+05
0.0116544       	2.11911838e+05
0.0116549       	2.11875300e+05
0.0116554       	2.11839320e+05
0.011656        	2.11803827e+05
0.0116565       	2.11768781e+05
0.011657        	2.11734164e+05
0.0116576       	2.11699973e+05
0.0116581       	2.11666201e+05
0.0116587       	2.11632856e+05
0.0116592       	2.11599939e+05
0.0116597       	2.11567456e+05
0.0116603       	2.11539777e+05
0.0116608       	2.11506574e+05
0.0116614       	2.11474746e+05
0.0116619       	2.11443580e+05
0.0116625       	2.11413037e+05
0.011663        	2.11383039e+05
0.0116635       	2.11353549e+05
0.0116641       	2.11324546e+05
0.0116646       	2.11296025e+05
0.0116652       	2.11267983e+05
0.0116657       	2.11240423e+05
0.0116662       	2.11213348e+05
0.0116668       	2.11186761e+05
0.0116673       	2.11160667e+05
0.0116679       	2.11135071e+05
0.0116684       	2.11109976e+05
0.011669        	2.11085388e+05
0.0116695       	2.11061309e+05
0.01167         	2.11037744e+05
0.0116706       	2.11014698e+05
0.0116711       	2.10992173e+05
0.0116717       	2.10970175e+05
0.0116722       	2.10948707e+05
0.0116727       	2.10927772e+05
0.0116733       	2.10907375e+05
0.0116738       	2.10887519e+05
0.0116744       	2.10868208e+05
0.0116749       	2.10854479e+05
0.0116755       	2.10834683e+05
0.011676        	2.10816220e+05
0.0116765       	2.10798680e+05
0.0116771       	2.10781895e+05
0.0116776       	2.10765775e+05
0.0116782       	2.10750276e+05
0.0116787       	2.10735376e+05
0.0116793       	2.10721065e+05
0.0116798       	2.10707343e+05
0.0116803       	2.10694210e+05
0.0116809       	2.10687015e+05
0.0116814       	2.10673423e+05
0.011682        	2.10661250e+05
0.0116825       	2.10650062e+05
0.0116831       	2.10639680e+05
0.0116836       	2.10630011e+05
0.0116842       	2.10621007e+05
0.0116847       	2.10618209e+05
0.0116853       	2.10608793e+05
0.0116858       	2.10600859e+05
0.0116864       	2.10593954e+05
0.0116869       	2.10587887e+05
0.0116875       	2.10588292e+05
0.011688        	2.10581940e+05
0.0116886       	2.10577137e+05
0.0116891       	2.10573403e+05
0.0116897       	2.10570537e+05
0.0116902       	2.10568436e+05
0.0116908       	2.10572986e+05
0.0116913       	2.10570525e+05
0.0116919       	2.10569591e+05
0.0116924       	2.10569832e+05
0.011693        	2.10571060e+05
0.0116936       	2.10579171e+05
0.0116941       	2.10580111e+05
0.0116947       	2.10582699e+05
0.0116952       	2.10586427e+05
0.0116958       	2.10591077e+05
0.0116963       	2.10596539e+05
0.0116969       	2.10609118e+05
0.0116975       	2.10614377e+05
0.011698        	2.10621032e+05
0.0116986       	2.10629011e+05
0.0116991       	2.10637775e+05
0.0116997       	2.10654235e+05
0.0117003       	2.10662878e+05
0.0117008       	2.10673287e+05
0.0117014       	2.10684902e+05
0.011702        	2.10697491e+05
0.0117025       	2.10710933e+05
0.0117031       	2.10732014e+05
0.0117037       	2.10745078e+05
0.0117042       	2.10759953e+05
0.0117048       	2.10776064e+05
0.0117054       	2.10793171e+05
0.0117059       	2.10818240e+05
0.0117065       	2.10835050e+05
0.0117071       	2.10853743e+05
0.0117076       	2.10873711e+05
0.0117082       	2.10894701e+05
0.0117088       	2.10916572e+05
0.0117094       	2.10946659e+05
0.0117099       	2.10968118e+05
0.0117105       	2.10991509e+05
0.0117111       	2.11016202e+05
0.0117116       	2.11041938e+05
0.0117122       	2.11068581e+05
0.0117128       	2.11096060e+05
0.0117134       	2.11124347e+05
0.0117139       	2.11161289e+05
0.0117145       	2.11189027e+05
0.0117151       	2.11218771e+05
0.0117157       	2.11249856e+05
0.0117163       	2.11282009e+05
0.0117168       	2.11315084e+05
0.0117174       	2.11349009e+05
0.011718        	2.11383748e+05
0.0117186       	2.11427662e+05
0.0117192       	2.11461782e+05
0.0117197       	2.11498010e+05
0.0117203       	2.11535636e+05
0.0117209       	2.11574365e+05
0.0117215       	2.11614044e+05
0.0117221       	2.11654593e+05
0.0117226       	2.11693556e+05
0.0117232       	2.11732818e+05
0.0117238       	2.11773244e+05
0.0117244       	2.11823903e+05
0.011725        	2.11864270e+05
0.0117256       	2.11907082e+05
0.0117262       	2.11951531e+05
0.0117267       	2.11997281e+05
0.0117273       	2.12044152e+05
0.0117279       	2.12092059e+05
0.0117285       	2.12140941e+05
0.0117291       	2.12190764e+05
0.0117297       	2.12241506e+05
0.0117303       	2.12303115e+05
0.0117308       	2.12353020e+05
0.0117314       	2.12405202e+05
0.011732        	2.12458835e+05
0.0117326       	2.12512983e+05
0.0117332       	2.12568168e+05
0.0117338       	2.12624936e+05
0.0117344       	2.12682101e+05
0.011735        	2.12750567e+05
0.0117356       	2.12806437e+05
0.0117362       	2.12864783e+05
0.0117368       	2.12924674e+05
0.0117374       	2.12985723e+05
0.011738        	2.13047727e+05
0.0117386       	2.13110585e+05
0.0117392       	2.13174244e+05
0.0117398       	2.13250362e+05
0.0117404       	2.13312776e+05
0.011741        	2.13377775e+05
0.0117416       	2.13444353e+05
0.0117422       	2.13512091e+05
0.0117428       	2.13580770e+05
0.0117434       	2.13650277e+05
0.011744        	2.13733187e+05
0.0117446       	2.13801276e+05
0.0117452       	2.13872098e+05
0.0117458       	2.13944554e+05
0.0117464       	2.14018177e+05
0.011747        	2.14092730e+05
0.0117476       	2.14168090e+05
0.0117483       	2.14257960e+05
0.0117489       	2.14331644e+05
0.0117495       	2.14408232e+05
0.0117501       	2.14486509e+05
0.0117507       	2.14565960e+05
0.0117513       	2.14646326e+05
0.011752        	2.14727473e+05
0.0117526       	2.14809336e+05
0.0117532       	2.14907218e+05
0.0117538       	2.14987006e+05
0.0117544       	2.15069923e+05
0.0117551       	2.15154602e+05
0.0117557       	2.15240465e+05
0.0117563       	2.15327221e+05
0.0117569       	2.15414721e+05
0.0117576       	2.15502892e+05
0.0117582       	2.15609029e+05
0.0117588       	2.15694672e+05
0.0117595       	2.15783743e+05
0.0117601       	2.15874672e+05
0.0117607       	2.15966795e+05
0.0117614       	2.16059780e+05
0.011762        	2.16153462e+05
0.0117626       	2.16247759e+05
0.0117633       	2.16342631e+05
0.0117639       	2.16458362e+05
0.0117646       	2.16550020e+05
0.0117652       	2.16645555e+05
0.0117658       	2.16743095e+05
0.0117665       	2.16841864e+05
0.0117671       	2.16941471e+05
0.0117678       	2.17041724e+05
0.0117684       	2.17142530e+05
0.0117691       	2.17243841e+05
0.0117697       	2.17345633e+05
0.0117704       	2.17447893e+05
0.011771        	2.17576281e+05
0.0117717       	2.17674187e+05
0.0117723       	2.17776798e+05
0.011773        	2.17881710e+05
0.0117736       	2.17987928e+05
0.0117743       	2.18094950e+05
0.011775        	2.18202537e+05
0.0117756       	2.18310573e+05
0.0117763       	2.18419004e+05
0.0117769       	2.18527802e+05
0.0117776       	2.18636953e+05
0.0117783       	2.18746447e+05
0.0117789       	2.18856276e+05
0.0117796       	2.18966433e+05
0.0117802       	2.19076911e+05
0.0117809       	2.19187701e+05
0.0117816       	2.19298792e+05
0.0117822       	2.19410175e+05
0.0117829       	2.19521840e+05
0.0117835       	2.19633776e+05
0.0117842       	2.19745972e+05
0.0117848       	2.19858416e+05
0.0117855       	2.19971097e+05
0.0117862       	2.20084004e+05
0.0117869       	2.20254767e+05
0.0117875       	2.20357048e+05
0.0117882       	2.20469147e+05
0.0117889       	2.20585525e+05
0.0117896       	2.20703932e+05
0.0117903       	2.20823290e+05
0.011791        	2.20943094e+05
0.0117917       	2.21063113e+05
0.0117924       	2.21183244e+05
0.0117931       	2.21303443e+05
0.0117938       	2.21423693e+05
0.0117945       	2.21543984e+05
0.0117952       	2.21664310e+05
0.0117958       	2.21784664e+05
0.0117965       	2.21905039e+05
0.0117972       	2.22025426e+05
0.0117979       	2.22145813e+05
0.0117986       	2.22266190e+05
0.0117993       	2.22386544e+05
0.0118          	2.22506861e+05
0.0118007       	2.22627654e+05
0.0118014       	2.22747763e+05
0.0118021       	2.22872127e+05
0.0118028       	2.22991411e+05
0.0118035       	2.23111298e+05
0.0118042       	2.23235683e+05
0.0118049       	2.23354958e+05
0.0118056       	2.23474841e+05
0.0118063       	2.23599269e+05
0.011807        	2.23718458e+05
0.0118077       	2.23838215e+05
0.0118084       	2.23962549e+05
0.0118091       	2.24081504e+05
0.0118098       	2.24200988e+05
0.0118105       	2.24325082e+05
0.0118112       	2.24443658e+05
0.0118119       	2.24562726e+05
0.0118126       	2.24686441e+05
0.0118133       	2.24804494e+05
0.011814        	2.24927695e+05
0.0118147       	2.25045322e+05
0.0118154       	2.25163468e+05
0.0118161       	2.25286369e+05
0.0118168       	2.25403372e+05
0.0118176       	2.25520775e+05
0.0118183       	2.25642939e+05
0.011819        	2.25759035e+05
0.0118197       	2.25880420e+05
0.0118204       	2.25995825e+05
0.0118211       	2.26111655e+05
0.0118219       	2.26232363e+05
0.0118226       	2.26346749e+05
0.0118233       	2.26466531e+05
0.011824        	2.26580063e+05
0.0118248       	2.26693962e+05
0.0118255       	2.26812828e+05
0.0118262       	2.26925085e+05
0.0118269       	2.27042848e+05
0.0118277       	2.27154077e+05
0.0118284       	2.27270952e+05
0.0118291       	2.27381210e+05
0.0118299       	2.27491769e+05
0.0118306       	2.27607447e+05
0.0118313       	2.27716092e+05
0.0118321       	2.27830420e+05
0.0118328       	2.27937786e+05
0.0118336       	2.28050987e+05
0.0118343       	2.28157136e+05
0.0118351       	2.28269199e+05
0.0118358       	2.28374080e+05
0.0118366       	2.28484942e+05
0.0118373       	2.28588484e+05
0.0118381       	2.28698073e+05
0.0118388       	2.28800201e+05
0.0118396       	2.28902494e+05
0.0118403       	2.29010247e+05
0.0118411       	2.29110072e+05
0.0118418       	2.29215995e+05
0.0118426       	2.29314064e+05
0.0118434       	2.29418407e+05
0.0118441       	2.29514791e+05
0.0118449       	2.29617553e+05
0.0118457       	2.29712209e+05
0.0118464       	2.29806947e+05
0.0118472       	2.29907436e+05
0.011848        	2.29999308e+05
0.0118487       	2.30097628e+05
0.0118495       	2.30187406e+05
0.0118503       	2.30283832e+05
0.0118511       	2.30371597e+05
0.0118519       	2.30459391e+05
0.0118526       	2.30553211e+05
0.0118534       	2.30637849e+05
0.0118542       	2.30729264e+05
0.011855        	2.30811572e+05
0.0118558       	2.30893868e+05
0.0118566       	2.30982402e+05
0.0118574       	2.31061331e+05
0.0118582       	2.31140126e+05
0.011859        	2.31225250e+05
0.0118598       	2.31300501e+05
0.0118606       	2.31382943e+05
0.0118614       	2.31455608e+05
0.0118622       	2.31528240e+05
0.011863        	2.31607502e+05
0.0118638       	2.31676446e+05
0.0118646       	2.31745236e+05
0.0118654       	2.31820764e+05
0.0118662       	2.31885685e+05
0.011867        	2.31950440e+05
0.0118678       	2.32014214e+05
0.0118686       	2.32084627e+05
0.0118695       	2.32143953e+05
0.0118703       	2.32203070e+05
0.0118711       	2.32261170e+05
0.0118719       	2.32317949e+05
0.0118727       	2.32381515e+05
0.0118736       	2.32433487e+05
0.0118744       	2.32485270e+05
0.0118752       	2.32536027e+05
0.011876        	2.32585451e+05
0.0118768       	2.32633413e+05
0.0118777       	2.32688465e+05
0.0118785       	2.32731249e+05
0.0118793       	2.32774131e+05
0.0118801       	2.32815890e+05
0.011881        	2.32856319e+05
0.0118818       	2.32895285e+05
0.0118826       	2.32932742e+05
0.0118835       	2.32977723e+05
0.0118843       	2.33009921e+05
0.0118851       	2.33042075e+05
0.011886        	2.33073264e+05
0.0118868       	2.33103149e+05
0.0118876       	2.33131596e+05
0.0118885       	2.33158557e+05
0.0118893       	2.33184020e+05
0.0118901       	2.33207984e+05
0.0118909       	2.33230460e+05
0.0118918       	2.33251459e+05
0.0118926       	2.33280790e+05
0.0118935       	2.33296325e+05
0.0118943       	2.33312039e+05
0.0118951       	2.33326919e+05
0.011896        	2.33340604e+05
0.0118968       	2.33352948e+05
0.0118977       	2.33363901e+05
0.0118985       	2.33373454e+05
0.0118993       	2.33381615e+05
0.0119002       	2.33388399e+05
0.011901        	2.33393820e+05
0.0119018       	2.33397894e+05
0.0119027       	2.33400636e+05
0.0119035       	2.33402064e+05
0.0119044       	2.33402192e+05
0.0119052       	2.33401038e+05
0.011906        	2.33398617e+05
0.0119069       	2.33394947e+05
0.0119077       	2.33390045e+05
0.0119086       	2.33395236e+05
0.0119094       	2.33384659e+05
0.0119103       	2.33374836e+05
0.0119111       	2.33364564e+05
0.011912        	2.33353419e+05
0.0119128       	2.33341234e+05
0.0119136       	2.33327955e+05
0.0119145       	2.33313578e+05
0.0119153       	2.33298113e+05
0.0119162       	2.33281638e+05
0.011917        	2.33264031e+05
0.0119179       	2.33245201e+05
0.0119187       	2.33225261e+05
0.0119196       	2.33204344e+05
0.0119204       	2.33182497e+05
0.0119213       	2.33159741e+05
0.0119221       	2.33136094e+05
0.011923        	2.33111577e+05
0.0119238       	2.33086212e+05
0.0119247       	2.33060017e+05
0.0119255       	2.33033013e+05
0.0119263       	2.33005221e+05
0.0119272       	2.32962995e+05
0.011928        	2.32938065e+05
0.0119289       	2.32909985e+05
0.0119297       	2.32880294e+05
0.0119305       	2.32849573e+05
0.0119314       	2.32818074e+05
0.0119322       	2.32785910e+05
0.011933        	2.32753142e+05
0.0119339       	2.32719799e+05
0.0119347       	2.32685902e+05
0.0119356       	2.32651474e+05
0.0119364       	2.32616534e+05
0.0119372       	2.32581103e+05
0.0119381       	2.32545201e+05
0.0119389       	2.32508849e+05
0.0119397       	2.32472069e+05
0.0119406       	2.32434881e+05
0.0119414       	2.32397305e+05
0.0119422       	2.32359366e+05
0.0119431       	2.32321087e+05
0.0119439       	2.32282483e+05
0.0119448       	2.32243581e+05
0.0119456       	2.32204399e+05
0.0119464       	2.32164973e+05
0.0119473       	2.32124996e+05
0.0119481       	2.32084378e+05
0.0119489       	2.32043727e+05
0.0119498       	2.32003015e+05
0.0119506       	2.31962251e+05
0.0119515       	2.31921455e+05
0.0119523       	2.31861376e+05
0.0119531       	2.31827224e+05
0.0119539       	2.31789304e+05
0.0119547       	2.31749907e+05
0.0119556       	2.31709889e+05
0.0119564       	2.31669619e+05
0.0119572       	2.31629265e+05
0.011958        	2.31588891e+05
0.0119589       	2.31548533e+05
0.0119597       	2.31508216e+05
0.0119605       	2.31467949e+05
0.0119613       	2.31427757e+05
0.0119622       	2.31387650e+05
0.011963        	2.31347638e+05
0.0119638       	2.31307740e+05
0.0119646       	2.31267967e+05
0.0119654       	2.31228356e+05
0.0119663       	2.31188896e+05
0.0119671       	2.31149617e+05
0.0119679       	2.31110529e+05
0.0119687       	2.31071643e+05
0.0119696       	2.31032980e+05
0.0119704       	2.30994546e+05
0.0119712       	2.30956355e+05
0.011972        	2.30918433e+05
0.0119728       	2.30880779e+05
0.0119737       	2.30843411e+05
0.0119745       	2.30806336e+05
0.0119753       	2.30769570e+05
0.0119761       	2.30733127e+05
0.011977        	2.30697015e+05
0.0119778       	2.30661243e+05
0.0119786       	2.30625820e+05
0.0119794       	2.30590762e+05
0.0119803       	2.30556078e+05
0.0119811       	2.30521771e+05
0.0119819       	2.30487853e+05
0.0119827       	2.30454333e+05
0.0119835       	2.30421221e+05
0.0119844       	2.30388513e+05
0.0119852       	2.30356232e+05
0.011986        	2.30324386e+05
0.0119868       	2.30292960e+05
0.0119877       	2.30261975e+05
0.0119885       	2.30231436e+05
0.0119893       	2.30201346e+05
0.0119901       	2.30171711e+05
0.0119909       	2.30142535e+05
0.0119918       	2.30113823e+05
0.0119926       	2.30085577e+05
0.0119934       	2.30057801e+05
0.0119942       	2.30030499e+05
0.0119951       	2.30003673e+05
0.0119959       	2.29977325e+05
0.0119967       	2.29951457e+05
0.0119975       	2.29926070e+05
0.0119984       	2.29901167e+05
0.0119992       	2.29876746e+05
0.012           	2.29852810e+05
0.0120008       	2.29845625e+05
0.0120017       	2.29816311e+05
0.0120025       	2.29791114e+05
0.0120033       	2.29767783e+05
0.0120042       	2.29745490e+05
0.012005        	2.29723890e+05
0.0120059       	2.29702844e+05
0.0120067       	2.29682298e+05
0.0120075       	2.29662236e+05
0.0120084       	2.29642652e+05
0.0120092       	2.29623544e+05
0.01201         	2.29604913e+05
0.0120109       	2.29586758e+05
0.0120117       	2.29569074e+05
0.0120126       	2.29551860e+05
0.0120134       	2.29535110e+05
0.0120142       	2.29514680e+05
0.0120151       	2.29500487e+05
0.0120159       	2.29485782e+05
0.0120167       	2.29471156e+05
0.0120176       	2.29456818e+05
0.0120184       	2.29442855e+05
0.0120192       	2.29429295e+05
0.0120201       	2.29416144e+05
0.0120209       	2.29403400e+05
0.0120217       	2.29386833e+05
0.0120225       	2.29376561e+05
0.0120234       	2.29365677e+05
0.0120242       	2.29354789e+05
0.012025        	2.29344112e+05
0.0120259       	2.29333733e+05
0.0120267       	2.29319400e+05
0.0120275       	2.29311390e+05
0.0120283       	2.29302693e+05
0.0120292       	2.29293928e+05
0.01203         	2.29280993e+05
0.0120308       	2.29274349e+05
0.0120316       	2.29266947e+05
0.0120324       	2.29259425e+05
0.0120333       	2.29252012e+05
0.0120341       	2.29240421e+05
0.0120349       	2.29235193e+05
0.0120357       	2.29229151e+05
0.0120365       	2.29222935e+05
0.0120374       	2.29212350e+05
0.0120382       	2.29208113e+05
0.012039        	2.29202991e+05
0.0120398       	2.29197641e+05
0.0120406       	2.29187829e+05
0.0120414       	2.29184393e+05
0.0120422       	2.29180018e+05
0.012043        	2.29175367e+05
0.0120438       	2.29166159e+05
0.0120446       	2.29163362e+05
0.0120454       	2.29159568e+05
0.0120462       	2.29150889e+05
0.012047        	2.29148539e+05
0.0120478       	2.29145110e+05
0.0120486       	2.29136702e+05
0.0120494       	2.29134647e+05
0.0120502       	2.29131471e+05
0.012051        	2.29127867e+05
0.0120518       	2.29119468e+05
0.0120526       	2.29117589e+05
0.0120534       	2.29114584e+05
0.0120542       	2.29106434e+05
0.012055        	2.29104724e+05
0.0120558       	2.29101796e+05
0.0120566       	2.29098381e+05
0.0120573       	2.29089979e+05
0.0120581       	2.29088184e+05
0.0120589       	2.29085167e+05
0.0120597       	2.29081640e+05
0.0120605       	2.29073027e+05
0.0120613       	2.29071090e+05
0.012062        	2.29067881e+05
0.0120628       	2.29064120e+05
0.0120636       	2.29055168e+05
0.0120644       	2.29052966e+05
0.0120651       	2.29049444e+05
0.0120659       	2.29045333e+05
0.0120667       	2.29040905e+05
0.0120675       	2.29031271e+05
0.0120682       	2.29028545e+05
0.012069        	2.29024458e+05
0.0120698       	2.29019745e+05
0.0120705       	2.29014677e+05
0.0120713       	2.29004266e+05
0.0120721       	2.29000888e+05
0.0120728       	2.28996090e+05
0.0120736       	2.28990625e+05
0.0120744       	2.28984771e+05
0.0120751       	2.28978648e+05
0.0120759       	2.28967066e+05
0.0120767       	2.28962709e+05
0.0120774       	2.28956874e+05
0.0120782       	2.28950326e+05
0.0120789       	2.28943353e+05
0.0120797       	2.28936079e+05
0.0120805       	2.28928554e+05
0.0120812       	2.28915387e+05
0.012082        	2.28909685e+05
0.0120827       	2.28902429e+05
0.0120835       	2.28894412e+05
0.0120843       	2.28885941e+05
0.012085        	2.28877139e+05
0.0120858       	2.28868059e+05
0.0120865       	2.28858721e+05
0.0120873       	2.28849131e+05
0.012088        	2.28833630e+05
0.0120888       	2.28825958e+05
0.0120895       	2.28816633e+05
0.0120903       	2.28806489e+05
0.012091        	2.28795842e+05
0.0120918       	2.28784832e+05
0.0120925       	2.28773518e+05
0.0120933       	2.28761925e+05
0.012094        	2.28750059e+05
0.0120948       	2.28737921e+05
0.0120955       	2.28719527e+05
0.0120963       	2.28709436e+05
0.012097        	2.28697581e+05
0.0120978       	2.28684849e+05
0.0120985       	2.28671579e+05
0.0120993       	2.28657921e+05
0.0121          	2.28643941e+05
0.0121008       	2.28629664e+05
0.0121015       	2.28608822e+05
0.0121022       	2.28596727e+05
0.012103        	2.28582800e+05
0.0121037       	2.28567967e+05
0.0121045       	2.28552583e+05
0.0121052       	2.28536807e+05
0.0121059       	2.28520710e+05
0.0121067       	2.28504319e+05
0.0121074       	2.28487647e+05
0.0121082       	2.28470695e+05
0.0121089       	2.28446756e+05
0.0121096       	2.28432221e+05
0.0121104       	2.28415752e+05
0.0121111       	2.28398337e+05
0.0121118       	2.28380357e+05
0.0121126       	2.28361985e+05
0.0121133       	2.28343297e+05
0.012114        	2.28324326e+05
0.0121148       	2.28305085e+05
0.0121155       	2.28278414e+05
0.0121162       	2.28261844e+05
0.012117        	2.28243245e+05
0.0121177       	2.28223669e+05
0.0121184       	2.28203521e+05
0.0121191       	2.28182988e+05
0.0121199       	2.28162152e+05
0.0121206       	2.28141049e+05
0.0121213       	2.28119694e+05
0.0121221       	2.28090395e+05
0.0121228       	2.28072007e+05
0.0121235       	2.28051485e+05
0.0121242       	2.28029950e+05
0.0121249       	2.28007839e+05
0.0121257       	2.27985351e+05
0.0121264       	2.27962577e+05
0.0121271       	2.27939555e+05
0.0121278       	2.27908052e+05
0.0121285       	2.27888293e+05
0.0121293       	2.27866296e+05
0.01213         	2.27843240e+05
0.0121307       	2.27819627e+05
0.0121314       	2.27795638e+05
0.0121321       	2.27771378e+05
0.0121328       	2.27738083e+05
0.0121335       	2.27717355e+05
0.0121342       	2.27694290e+05
0.0121349       	2.27670148e+05
0.0121356       	2.27645423e+05
0.0121364       	2.27620339e+05
0.0121371       	2.27595002e+05
0.0121378       	2.27560005e+05
0.0121385       	2.27538522e+05
0.0121392       	2.27514586e+05
0.0121399       	2.27489531e+05
0.0121406       	2.27463879e+05
0.0121413       	2.27437873e+05
0.012142        	2.27411626e+05
0.0121426       	2.27374990e+05
0.0121433       	2.27352954e+05
0.012144        	2.27328327e+05
0.0121447       	2.27302531e+05
0.0121454       	2.27276121e+05
0.0121461       	2.27249360e+05
0.0121468       	2.27222367e+05
0.0121475       	2.27195198e+05
0.0121482       	2.27156672e+05
0.0121488       	2.27134214e+05
0.0121495       	2.27108979e+05
0.0121502       	2.27082483e+05
0.0121509       	2.27055351e+05
0.0121516       	2.27027866e+05
0.0121523       	2.27000159e+05
0.0121529       	2.26972288e+05
0.0121536       	2.26931847e+05
0.0121543       	2.26909234e+05
0.012155        	2.26883602e+05
0.0121556       	2.26856658e+05
0.0121563       	2.26829040e+05
0.012157        	2.26801062e+05
0.0121576       	2.26772870e+05
0.0121583       	2.26744531e+05
0.012159        	2.26716099e+05
0.0121597       	2.26673376e+05
0.0121603       	2.26650973e+05
0.012161        	2.26625216e+05
0.0121616       	2.26597967e+05
0.0121623       	2.26569973e+05
0.012163        	2.26541590e+05
0.0121636       	2.26512986e+05
0.0121643       	2.26484239e+05
0.0121649       	2.26455382e+05
0.0121656       	2.26426432e+05
0.0121663       	2.26397389e+05
0.0121669       	2.26368257e+05
0.0121676       	2.26321627e+05
0.0121682       	2.26299966e+05
0.0121689       	2.26274292e+05
0.0121695       	2.26246843e+05
0.0121702       	2.26218515e+05
0.0121708       	2.26189746e+05
0.0121715       	2.26160735e+05
0.0121721       	2.26131585e+05
0.0121728       	2.26102342e+05
0.0121734       	2.26073018e+05
0.0121741       	2.26043618e+05
0.0121747       	2.26014145e+05
0.0121754       	2.25984591e+05
0.012176        	2.25954958e+05
0.0121767       	2.25925243e+05
0.0121773       	2.25895445e+05
0.012178        	2.25865564e+05
0.0121786       	2.25835599e+05
0.0121792       	2.25805550e+05
0.0121799       	2.25748041e+05
0.0121805       	2.25729759e+05
0.0121811       	2.25705375e+05
0.0121818       	2.25678288e+05
0.0121824       	2.25649873e+05
0.012183        	2.25620803e+05
0.0121837       	2.25591411e+05
0.0121843       	2.25561848e+05
0.0121849       	2.25532186e+05
0.0121855       	2.25502451e+05
0.0121862       	2.25472657e+05
0.0121868       	2.25442800e+05
0.0121874       	2.25412877e+05
0.0121881       	2.25382892e+05
0.0121887       	2.25352834e+05
0.0121893       	2.25322702e+05
0.0121899       	2.25292504e+05
0.0121906       	2.25262224e+05
0.0121912       	2.25231869e+05
0.0121918       	2.25201438e+05
0.0121925       	2.25170929e+05
0.0121931       	2.25140342e+05
0.0121937       	2.25109679e+05
0.0121943       	2.25078937e+05
0.012195        	2.25048117e+05
0.0121956       	2.25017219e+05
0.0121962       	2.24986241e+05
0.0121969       	2.24955186e+05
0.0121975       	2.24924051e+05
0.0121981       	2.24892838e+05
0.0121987       	2.24861544e+05
0.0121994       	2.24830170e+05
0.0122          	2.24798717e+05
0.0122006       	2.24756309e+05
0.0122012       	2.24729482e+05
0.0122019       	2.24697406e+05
0.0122025       	2.24668186e+05
0.0122031       	2.24637776e+05
0.0122037       	2.24606787e+05
0.0122043       	2.24575486e+05
0.012205        	2.24541201e+05
0.0122056       	2.24510833e+05
0.0122062       	2.24479762e+05
0.0122068       	2.24445513e+05
0.0122074       	2.24415124e+05
0.012208        	2.24383983e+05
0.0122087       	2.24352467e+05
0.0122093       	2.24317871e+05
0.0122099       	2.24287238e+05
0.0122105       	2.24255874e+05
0.0122111       	2.24221261e+05
0.0122117       	2.24190569e+05
0.0122123       	2.24159118e+05
0.0122129       	2.24124351e+05
0.0122135       	2.24093540e+05
0.0122142       	2.24061949e+05
0.0122148       	2.24027036e+05
0.0122154       	2.23996096e+05
0.012216        	2.23964373e+05
0.0122166       	2.23929297e+05
0.0122172       	2.23898227e+05
0.0122178       	2.23866369e+05
0.0122184       	2.23831129e+05
0.012219        	2.23799927e+05
0.0122196       	2.23764929e+05
0.0122202       	2.23733827e+05
0.0122208       	2.23701848e+05
0.0122214       	2.23666399e+05
0.012222        	2.23635022e+05
0.0122226       	2.23599790e+05
0.0122232       	2.23568503e+05
0.0122238       	2.23533265e+05
0.0122244       	2.23501957e+05
0.012225        	2.23469743e+05
0.0122256       	2.23433977e+05
0.0122262       	2.23402359e+05
0.0122268       	2.23366807e+05
0.0122273       	2.23335278e+05
0.0122279       	2.23302852e+05
0.0122285       	2.23266829e+05
0.0122291       	2.23235013e+05
0.0122297       	2.23199210e+05
0.0122303       	2.23167485e+05
0.0122309       	2.23134856e+05
0.0122315       	2.23098574e+05
0.0122321       	2.23066559e+05
0.0122326       	2.23033709e+05
0.0122332       	2.22997211e+05
0.0122338       	2.22965034e+05
0.0122344       	2.22932025e+05
0.012235        	2.22895338e+05
0.0122355       	2.22863011e+05
0.0122361       	2.22829847e+05
0.0122367       	2.22792971e+05
0.0122373       	2.22760492e+05
0.0122379       	2.22727170e+05
0.0122384       	2.22693412e+05
0.012239        	2.22656068e+05
0.0122396       	2.22623262e+05
0.0122402       	2.22589647e+05
0.0122408       	2.22555614e+05
0.0122413       	2.22517956e+05
0.0122419       	2.22484896e+05
0.0122425       	2.22451022e+05
0.0122431       	2.22416724e+05
0.0122436       	2.22382163e+05
0.0122442       	2.22344001e+05
0.0122448       	2.22310552e+05
0.0122453       	2.22276298e+05
0.0122459       	2.22241623e+05
0.0122465       	2.22206685e+05
0.0122471       	2.22171565e+05
0.0122476       	2.22136302e+05
0.0122482       	2.22100917e+05
0.0122488       	2.22061906e+05
0.0122494       	2.22027770e+05
0.0122499       	2.21992823e+05
0.0122505       	2.21957464e+05
0.0122511       	2.21921810e+05
0.0122516       	2.21885979e+05
0.0122522       	2.21850001e+05
0.0122528       	2.21813897e+05
0.0122533       	2.21777677e+05
0.0122539       	2.21741344e+05
0.0122545       	2.21704900e+05
0.0122551       	2.21668346e+05
0.0122556       	2.21631681e+05
0.0122562       	2.21594905e+05
0.0122568       	2.21554322e+05
0.0122573       	2.21518875e+05
0.0122579       	2.21482560e+05
0.0122585       	2.21445834e+05
0.012259        	2.21408813e+05
0.0122596       	2.21371618e+05
0.0122602       	2.21334236e+05
0.0122607       	2.21296721e+05
0.0122613       	2.21259128e+05
0.0122619       	2.21221406e+05
0.0122625       	2.21183597e+05
0.012263        	2.21145639e+05
0.0122636       	2.21107567e+05
0.0122642       	2.21069431e+05
0.0122647       	2.21031167e+05
0.0122653       	2.20992795e+05
0.0122659       	2.20950375e+05
0.0122664       	2.20913442e+05
0.012267        	2.20875621e+05
0.0122676       	2.20837339e+05
0.0122681       	2.20798772e+05
0.0122687       	2.20760012e+05
0.0122693       	2.20721106e+05
0.0122698       	2.20682078e+05
0.0122704       	2.20642942e+05
0.012271        	2.20603702e+05
0.0122715       	2.20564362e+05
0.0122721       	2.20524924e+05
0.0122727       	2.20485389e+05
0.0122732       	2.20445756e+05
0.0122738       	2.20406027e+05
0.0122743       	2.20366201e+05
0.0122749       	2.20326281e+05
0.0122755       	2.20286266e+05
0.012276        	2.20241910e+05
0.0122766       	2.20203436e+05
0.0122772       	2.20164120e+05
0.0122777       	2.20124303e+05
0.0122783       	2.20084205e+05
0.0122789       	2.20043923e+05
0.0122794       	2.20003512e+05
0.01228         	2.19962996e+05
0.0122806       	2.19922389e+05
0.0122811       	2.19881700e+05
0.0122817       	2.19836426e+05
0.0122822       	2.19797445e+05
0.0122828       	2.19757519e+05
0.0122834       	2.19717121e+05
0.0122839       	2.19676449e+05
0.0122845       	2.19635606e+05
0.012285        	2.19594646e+05
0.0122856       	2.19548916e+05
0.0122862       	2.19509710e+05
0.0122867       	2.19469544e+05
0.0122873       	2.19428907e+05
0.0122878       	2.19388002e+05
0.0122884       	2.19346935e+05
0.0122889       	2.19305762e+05
0.0122895       	2.19259642e+05
0.0122901       	2.19220307e+05
0.0122906       	2.19180001e+05
0.0122912       	2.19139224e+05
0.0122917       	2.19098188e+05
0.0122923       	2.19057001e+05
0.0122928       	2.19015721e+05
0.0122934       	2.18974378e+05
0.0122939       	2.18927924e+05
0.0122945       	2.18888501e+05
0.012295        	2.18848137e+05
0.0122956       	2.18807319e+05
0.0122962       	2.18766263e+05
0.0122967       	2.18725080e+05
0.0122973       	2.18683832e+05
0.0122978       	2.18642545e+05
0.0122984       	2.18601242e+05
0.0122989       	2.18554520e+05
0.0122995       	2.18515333e+05
0.0123          	2.18475146e+05
0.0123006       	2.18434513e+05
0.0123011       	2.18393632e+05
0.0123017       	2.18352653e+05
0.0123022       	2.18311597e+05
0.0123028       	2.18270551e+05
0.0123033       	2.18229463e+05
0.0123039       	2.18188426e+05
0.0123044       	2.18147353e+05
0.012305        	2.18106342e+05
0.0123055       	2.18065301e+05
0.0123061       	2.18024323e+05
0.0123066       	2.17983322e+05
0.0123072       	2.17942388e+05
0.0123077       	2.17901434e+05
0.0123083       	2.17860550e+05
0.0123088       	2.17819653e+05
0.0123093       	2.17778828e+05
0.0123099       	2.17737996e+05
0.0123104       	2.17697242e+05
0.012311        	2.17656489e+05
0.0123115       	2.17615812e+05
0.0123121       	2.17575141e+05
0.0123126       	2.17534557e+05
0.0123132       	2.17493983e+05
0.0123137       	2.17453502e+05
0.0123143       	2.17413036e+05
0.0123148       	2.17372667e+05
0.0123154       	2.17332320e+05
0.0123159       	2.17292076e+05
0.0123165       	2.17251859e+05
0.012317        	2.17211752e+05
0.0123176       	2.17171677e+05
0.0123181       	2.17131718e+05
0.0123187       	2.17091793e+05
0.0123192       	2.17051994e+05
0.0123198       	2.17012235e+05
0.0123203       	2.16972605e+05
0.0123209       	2.16933020e+05
0.0123214       	2.16893571e+05
0.012322        	2.16854173e+05
0.0123225       	2.16814917e+05
0.0123231       	2.16775718e+05
0.0123236       	2.16736666e+05
0.0123242       	2.16697676e+05
0.0123247       	2.16658845e+05
0.0123253       	2.16620073e+05
0.0123258       	2.16581464e+05
0.0123264       	2.16542928e+05
0.0123269       	2.16504561e+05
0.0123275       	2.16466270e+05
0.012328        	2.16428156e+05
0.0123286       	2.16390122e+05
0.0123291       	2.16352268e+05
0.0123297       	2.16314503e+05
0.0123302       	2.16276926e+05
0.0123308       	2.16239443e+05
0.0123313       	2.16202149e+05
0.0123319       	2.16164962e+05
0.0123324       	2.16127966e+05
0.012333        	2.16091085e+05
0.0123335       	2.16054395e+05
0.0123341       	2.16017834e+05
0.0123346       	2.15981464e+05
0.0123352       	2.15945235e+05
0.0123357       	2.15909197e+05
0.0123363       	2.15873344e+05
0.0123368       	2.15837666e+05
0.0123374       	2.15802110e+05
0.0123379       	2.15766758e+05
0.0123385       	2.15722046e+05
0.012339        	2.15690469e+05
0.0123396       	2.15657523e+05
0.0123401       	2.15624021e+05
0.0123406       	2.15590318e+05
0.0123412       	2.15556617e+05
0.0123417       	2.15523017e+05
0.0123423       	2.15489576e+05
0.0123428       	2.15456322e+05
0.0123434       	2.15423271e+05
0.0123439       	2.15390433e+05
0.0123445       	2.15357810e+05
0.012345        	2.15325406e+05
0.0123455       	2.15293225e+05
0.0123461       	2.15261266e+05
0.0123466       	2.15229535e+05
0.0123472       	2.15186745e+05
0.0123477       	2.15159345e+05
0.0123482       	2.15130358e+05
0.0123488       	2.15100756e+05
0.0123493       	2.15070946e+05
0.0123499       	2.15041149e+05
0.0123504       	2.15011482e+05
0.0123509       	2.14982008e+05
0.0123515       	2.14952759e+05
0.012352        	2.14923747e+05
0.0123526       	2.14894987e+05
0.0123531       	2.14866484e+05
0.0123536       	2.14838238e+05
0.0123542       	2.14810253e+05
0.0123547       	2.14782531e+05
0.0123553       	2.14755071e+05
0.0123558       	2.14727876e+05
0.0123563       	2.14700948e+05
0.0123569       	2.14674288e+05
0.0123574       	2.14647903e+05
0.012358        	2.14621790e+05
0.0123585       	2.14595955e+05
0.012359        	2.14570398e+05
0.0123596       	2.14545121e+05
0.0123601       	2.14520127e+05
0.0123606       	2.14495422e+05
0.0123612       	2.14471003e+05
0.0123617       	2.14446873e+05
0.0123623       	2.14423037e+05
0.0123628       	2.14399492e+05
0.0123633       	2.14376251e+05
0.0123639       	2.14353308e+05
0.0123644       	2.14330670e+05
0.012365        	2.14308340e+05
0.0123655       	2.14286312e+05
0.012366        	2.14264592e+05
0.0123666       	2.14243196e+05
0.0123671       	2.14222106e+05
0.0123677       	2.14201334e+05
0.0123682       	2.14180881e+05
0.0123687       	2.14160748e+05
0.0123693       	2.14140943e+05
0.0123698       	2.14121465e+05
0.0123704       	2.14102308e+05
0.0123709       	2.14083486e+05
0.0123714       	2.14064997e+05
0.012372        	2.14046837e+05
0.0123725       	2.14029022e+05
0.012373        	2.14011544e+05
0.0123736       	2.13994411e+05
0.0123741       	2.13977609e+05
0.0123747       	2.13961163e+05
0.0123752       	2.13945060e+05
0.0123757       	2.13929310e+05
0.0123763       	2.13913909e+05
0.0123768       	2.13898862e+05
0.0123774       	2.13884168e+05
0.0123779       	2.13869825e+05
0.0123784       	2.13855852e+05
0.012379        	2.13842235e+05
0.0123795       	2.13828973e+05
0.0123801       	2.13816080e+05
0.0123806       	2.13803564e+05
0.0123811       	2.13791409e+05
0.0123817       	2.13779619e+05
0.0123822       	2.13768204e+05
0.0123827       	2.13757161e+05
0.0123833       	2.13746495e+05
0.0123838       	2.13736203e+05
0.0123844       	2.13726290e+05
0.0123849       	2.13716754e+05
0.0123854       	2.13707600e+05
0.012386        	2.13698823e+05
0.0123865       	2.13690435e+05
0.0123871       	2.13682440e+05
0.0123876       	2.13674819e+05
0.0123881       	2.13667589e+05
0.0123887       	2.13660749e+05
0.0123892       	2.13654301e+05
0.0123898       	2.13648243e+05
0.0123903       	2.13642589e+05
0.0123908       	2.13637326e+05
0.0123914       	2.13632451e+05
0.0123919       	2.13627969e+05
0.0123925       	2.13623893e+05
0.012393        	2.13620214e+05
0.0123935       	2.13616938e+05
0.0123941       	2.13614069e+05
0.0123946       	2.13611596e+05
0.0123951       	2.13609523e+05
0.0123957       	2.13607856e+05
0.0123962       	2.13606592e+05
0.0123968       	2.13605740e+05
0.0123973       	2.13605295e+05
0.0123978       	2.13605245e+05
0.0123984       	2.13605533e+05
0.0123989       	2.13606422e+05
0.0123995       	2.13607665e+05
0.0124          	2.13609340e+05
0.0124005       	2.13634182e+05
0.0124011       	2.13630089e+05
0.0124016       	2.13629833e+05
0.0124022       	2.13631603e+05
0.0124027       	2.13634603e+05
0.0124033       	2.13638453e+05
0.0124038       	2.13642931e+05
0.0124044       	2.13647930e+05
0.0124049       	2.13653390e+05
0.0124055       	2.13659295e+05
0.012406        	2.13665624e+05
0.0124066       	2.13672380e+05
0.0124071       	2.13679563e+05
0.0124077       	2.13687177e+05
0.0124082       	2.13695217e+05
0.0124088       	2.13703685e+05
0.0124093       	2.13712584e+05
0.0124099       	2.13721924e+05
0.0124104       	2.13731695e+05
0.012411        	2.13741907e+05
0.0124115       	2.13752556e+05
0.0124121       	2.13760116e+05
0.0124126       	2.13772619e+05
0.0124132       	2.13785036e+05
0.0124137       	2.13797651e+05
0.0124143       	2.13810574e+05
0.0124148       	2.13823871e+05
0.0124154       	2.13837573e+05
0.0124159       	2.13851697e+05
0.0124165       	2.13866152e+05
0.012417        	2.13881225e+05
0.0124176       	2.13896648e+05
0.0124181       	2.13912506e+05
0.0124187       	2.13928799e+05
0.0124192       	2.13945527e+05
0.0124198       	2.13962689e+05
0.0124203       	2.13984003e+05
0.0124209       	2.14001023e+05
0.0124214       	2.14019021e+05
0.012422        	2.14037705e+05
0.0124225       	2.14056952e+05
0.0124231       	2.14076696e+05
0.0124236       	2.14096902e+05
0.0124242       	2.14117552e+05
0.0124247       	2.14138636e+05
0.0124253       	2.14160149e+05
0.0124258       	2.14182088e+05
0.0124264       	2.14208329e+05
0.0124269       	2.14230088e+05
0.0124275       	2.14252846e+05
0.012428        	2.14276304e+05
0.0124286       	2.14300332e+05
0.0124291       	2.14324862e+05
0.0124297       	2.14353825e+05
0.0124302       	2.14378223e+05
0.0124308       	2.14403639e+05
0.0124313       	2.14429757e+05
0.0124319       	2.14460473e+05
0.0124324       	2.14486601e+05
0.012433        	2.14513782e+05
0.0124335       	2.14541679e+05
0.0124341       	2.14574243e+05
0.0124347       	2.14602142e+05
0.0124352       	2.14631101e+05
0.0124358       	2.14664923e+05
0.0124363       	2.14694092e+05
0.0124369       	2.14724368e+05
0.0124374       	2.14759580e+05
0.012438        	2.14790085e+05
0.0124386       	2.14821708e+05
0.0124391       	2.14858325e+05
0.0124397       	2.14890170e+05
0.0124403       	2.14923141e+05
0.0124408       	2.14961163e+05
0.0124414       	2.14994345e+05
0.0124419       	2.15028661e+05
0.0124425       	2.15068087e+05
0.0124431       	2.15102604e+05
0.0124436       	2.15138264e+05
0.0124442       	2.15179094e+05
0.0124448       	2.15214943e+05
0.0124454       	2.15251944e+05
0.0124459       	2.15294178e+05
0.0124465       	2.15331358e+05
0.0124471       	2.15369698e+05
0.0124476       	2.15413337e+05
0.0124482       	2.15451845e+05
0.0124488       	2.15491521e+05
0.0124494       	2.15536565e+05
0.0124499       	2.15576398e+05
0.0124505       	2.15617409e+05
0.0124511       	2.15663857e+05
0.0124517       	2.15705012e+05
0.0124522       	2.15751851e+05
0.0124528       	2.15791012e+05
0.0124534       	2.15832010e+05
0.012454        	2.15878682e+05
0.0124546       	2.15919913e+05
0.0124551       	2.15962340e+05
0.0124557       	2.16010379e+05
0.0124563       	2.16052859e+05
0.0124569       	2.16096608e+05
0.0124575       	2.16146431e+05
0.0124581       	2.16190854e+05
0.0124587       	2.16241695e+05
0.0124592       	2.16287195e+05
0.0124598       	2.16334176e+05
0.0124604       	2.16387207e+05
0.012461        	2.16434599e+05
0.0124616       	2.16483370e+05
0.0124622       	2.16538203e+05
0.0124628       	2.16587253e+05
0.0124634       	2.16637661e+05
0.012464        	2.16694129e+05
0.0124646       	2.16744531e+05
0.0124652       	2.16796173e+05
0.0124658       	2.16853920e+05
0.0124664       	2.16905531e+05
0.012467        	2.16958406e+05
0.0124676       	2.17017488e+05
0.0124682       	2.17070176e+05
0.0124688       	2.17123870e+05
0.0124694       	2.17184054e+05
0.01247         	2.17238418e+05
0.0124706       	2.17293617e+05
0.0124712       	2.17349545e+05
0.0124718       	2.17411725e+05
0.0124724       	2.17467296e+05
0.012473        	2.17524153e+05
0.0124736       	2.17587568e+05
0.0124742       	2.17644346e+05
0.0124749       	2.17702474e+05
0.0124755       	2.17761394e+05
0.0124761       	2.17826813e+05
0.0124767       	2.17885308e+05
0.0124773       	2.17945118e+05
0.0124779       	2.18005696e+05
0.0124785       	2.18072893e+05
0.0124792       	2.18132980e+05
0.0124798       	2.18194383e+05
0.0124804       	2.18262757e+05
0.012481        	2.18323998e+05
0.0124816       	2.18386627e+05
0.0124823       	2.18450051e+05
0.0124829       	2.18520393e+05
0.0124835       	2.18583284e+05
0.0124841       	2.18647528e+05
0.0124847       	2.18719054e+05
0.0124854       	2.18783077e+05
0.012486        	2.18848527e+05
0.0124866       	2.18921430e+05
0.0124873       	2.18986668e+05
0.0124879       	2.19053358e+05
0.0124885       	2.19120840e+05
0.0124892       	2.19195692e+05
0.0124898       	2.19262482e+05
0.0124904       	2.19330706e+05
0.0124911       	2.19406700e+05
0.0124917       	2.19474581e+05
0.0124923       	2.19543945e+05
0.012493        	2.19621279e+05
0.0124936       	2.19690317e+05
0.0124943       	2.19760867e+05
0.0124949       	2.19839570e+05
0.0124955       	2.19909768e+05
0.0124962       	2.19988974e+05
0.0124968       	2.20059824e+05
0.0124975       	2.20132379e+05
0.0124981       	2.20213482e+05
0.0124988       	2.20285727e+05
0.0124994       	2.20359569e+05
0.0125001       	2.20442101e+05
0.0125008       	2.20515503e+05
0.0125014       	2.20590518e+05
0.0125021       	2.20674437e+05
0.0125027       	2.20748969e+05
0.0125034       	2.20825144e+05
0.0125041       	2.20910457e+05
0.0125047       	2.20986113e+05
0.0125054       	2.21071920e+05
0.0125061       	2.21148214e+05
0.0125068       	2.21226378e+05
0.0125074       	2.21314189e+05
0.0125081       	2.21391875e+05
0.0125088       	2.21480229e+05
0.0125095       	2.21558569e+05
0.0125101       	2.21638851e+05
0.0125108       	2.21729267e+05
0.0125115       	2.21808996e+05
0.0125122       	2.21890542e+05
0.0125129       	2.21982450e+05
0.0125136       	2.22063286e+05
0.0125143       	2.22155737e+05
0.012515        	2.22237226e+05
0.0125157       	2.22320779e+05
0.0125164       	2.22415365e+05
0.0125171       	2.22498235e+05
0.0125178       	2.22583061e+05
0.0125185       	2.22679234e+05
0.0125192       	2.22763253e+05
0.0125199       	2.22849257e+05
0.0125206       	2.22946983e+05
0.0125213       	2.23032063e+05
0.0125221       	2.23119188e+05
0.0125228       	2.23218487e+05
0.0125235       	2.23304649e+05
0.0125242       	2.23392923e+05
0.0125249       	2.23493844e+05
0.0125257       	2.23581093e+05
0.0125264       	2.23670519e+05
0.0125271       	2.23773106e+05
0.0125279       	2.23861438e+05
0.0125286       	2.23952018e+05
0.0125293       	2.24043560e+05
0.0125301       	2.24148462e+05
0.0125308       	2.24238055e+05
0.0125316       	2.24329891e+05
0.0125323       	2.24422669e+05
0.0125331       	2.24529565e+05
0.0125338       	2.24620230e+05
0.0125346       	2.24713233e+05
0.0125353       	2.24807209e+05
0.0125361       	2.24901663e+05
0.0125368       	2.25011025e+05
0.0125376       	2.25102786e+05
0.0125384       	2.25196992e+05
0.0125391       	2.25292183e+05
0.0125399       	2.25387788e+05
0.0125406       	2.25483551e+05
0.0125414       	2.25595353e+05
0.0125422       	2.25687297e+05
0.012543        	2.25781947e+05
0.0125437       	2.25877603e+05
0.0125445       	2.25973634e+05
0.0125453       	2.26069760e+05
0.0125461       	2.26183819e+05
0.0125468       	2.26276377e+05
0.0125476       	2.26371752e+05
0.0125484       	2.26468170e+05
0.0125492       	2.26564946e+05
0.01255         	2.26661776e+05
0.0125507       	2.26758526e+05
0.0125515       	2.26875572e+05
0.0125523       	2.26968141e+05
0.0125531       	2.27063845e+05
0.0125539       	2.27160665e+05
0.0125547       	2.27257828e+05
0.0125555       	2.27354994e+05
0.0125563       	2.27452015e+05
0.0125571       	2.27548828e+05
0.0125579       	2.27669486e+05
0.0125587       	2.27761293e+05
0.0125595       	2.27856723e+05
0.0125603       	2.27953392e+05
0.0125611       	2.28050394e+05
0.012562        	2.28147333e+05
0.0125628       	2.28244041e+05
0.0125636       	2.28340447e+05
0.0125644       	2.28436522e+05
0.0125652       	2.28562120e+05
0.012566        	2.28651917e+05
0.0125669       	2.28746131e+05
0.0125677       	2.28841788e+05
0.0125685       	2.28937771e+05
0.0125694       	2.29033601e+05
0.0125702       	2.29129077e+05
0.012571        	2.29224119e+05
0.0125718       	2.29318693e+05
0.0125727       	2.29412785e+05
0.0125735       	2.29506387e+05
0.0125743       	2.29599495e+05
0.0125752       	2.29692107e+05
0.012576        	2.29784212e+05
0.0125768       	2.29921853e+05
0.0125777       	2.30004347e+05
0.0125786       	2.30093652e+05
0.0125794       	2.30185134e+05
0.0125803       	2.30277082e+05
0.0125811       	2.30368779e+05
0.012582        	2.30459939e+05
0.0125828       	2.30550449e+05
0.0125837       	2.30640268e+05
0.0125846       	2.30729386e+05
0.0125854       	2.30817774e+05
0.0125863       	2.30905429e+05
0.0125871       	2.30992345e+05
0.012588        	2.31078511e+05
0.0125888       	2.31163919e+05
0.0125897       	2.31248559e+05
0.0125906       	2.31332423e+05
0.0125914       	2.31415497e+05
0.0125923       	2.31497770e+05
0.0125931       	2.31579231e+05
0.012594        	2.31659867e+05
0.0125949       	2.31739665e+05
0.0125957       	2.31818614e+05
0.0125966       	2.31896701e+05
0.0125974       	2.31973914e+05
0.0125983       	2.32050242e+05
0.0125991       	2.32125671e+05
0.0126          	2.32200190e+05
0.0126009       	2.32309036e+05
0.0126018       	2.32380452e+05
0.0126027       	2.32449547e+05
0.0126035       	2.32520658e+05
0.0126044       	2.32591869e+05
0.0126053       	2.32662426e+05
0.0126062       	2.32732028e+05
0.0126071       	2.32800558e+05
0.012608        	2.32867976e+05
0.0126088       	2.32934265e+05
0.0126097       	2.33005523e+05
0.0126106       	2.33068262e+05
0.0126115       	2.33130837e+05
0.0126124       	2.33192608e+05
0.0126133       	2.33253342e+05
0.0126142       	2.33312942e+05
0.0126151       	2.33365118e+05
0.012616        	2.33423693e+05
0.0126168       	2.33480050e+05
0.0126177       	2.33534827e+05
0.0126186       	2.33588248e+05
0.0126195       	2.33640468e+05
0.0126204       	2.33691272e+05
0.0126213       	2.33740719e+05
0.0126221       	2.33788875e+05
0.012623        	2.33829371e+05
0.0126239       	2.33876528e+05
0.0126248       	2.33921405e+05
0.0126257       	2.33964664e+05
0.0126265       	2.34006538e+05
0.0126274       	2.34047117e+05
0.0126283       	2.34086432e+05
0.0126292       	2.34117942e+05
0.0126301       	2.34156311e+05
0.0126309       	2.34192337e+05
0.0126318       	2.34226708e+05
0.0126327       	2.34259668e+05
0.0126336       	2.34291315e+05
0.0126344       	2.34315027e+05
0.0126353       	2.34345788e+05
0.0126362       	2.34374176e+05
0.012637        	2.34400901e+05
0.0126379       	2.34426215e+05
0.0126388       	2.34443478e+05
0.0126397       	2.34467952e+05
0.0126405       	2.34490042e+05
0.0126414       	2.34510475e+05
0.0126423       	2.34529515e+05
0.0126431       	2.34540435e+05
0.012644        	2.34558760e+05
0.0126448       	2.34574703e+05
0.0126457       	2.34589007e+05
0.0126466       	2.34601947e+05
0.0126474       	2.34606706e+05
0.0126483       	2.34619082e+05
0.0126491       	2.34629088e+05
0.01265         	2.34637485e+05
0.0126508       	2.34644552e+05
0.0126517       	2.34650407e+05
0.0126526       	2.34648047e+05
0.0126534       	2.34653599e+05
0.0126543       	2.34656804e+05
0.0126551       	2.34658444e+05
0.012656        	2.34658807e+05
0.0126568       	2.34650861e+05
0.0126577       	2.34650710e+05
0.0126585       	2.34647696e+05
0.0126594       	2.34643292e+05
0.0126602       	2.34637670e+05
0.0126611       	2.34630945e+05
0.0126619       	2.34615880e+05
0.0126627       	2.34609260e+05
0.0126636       	2.34600373e+05
0.0126644       	2.34590134e+05
0.0126653       	2.34578852e+05
0.0126661       	2.34566645e+05
0.0126669       	2.34553572e+05
0.0126678       	2.34532214e+05
0.0126686       	2.34519809e+05
0.0126695       	2.34505246e+05
0.0126703       	2.34489379e+05
0.0126711       	2.34472450e+05
0.012672        	2.34454590e+05
0.0126728       	2.34428252e+05
0.0126736       	2.34411143e+05
0.0126745       	2.34391851e+05
0.0126753       	2.34371261e+05
0.0126761       	2.34349704e+05
0.012677        	2.34327331e+05
0.0126778       	2.34296418e+05
0.0126786       	2.34275132e+05
0.0126794       	2.34251728e+05
0.0126803       	2.34227117e+05
0.0126811       	2.34201644e+05
0.0126819       	2.34175462e+05
0.0126827       	2.34148645e+05
0.0126836       	2.34113216e+05
0.0126844       	2.34087918e+05
0.0126852       	2.34060574e+05
0.012686        	2.34032130e+05
0.0126868       	2.34002944e+05
0.0126877       	2.33973178e+05
0.0126885       	2.33934689e+05
0.0126893       	2.33906768e+05
0.0126901       	2.33876863e+05
0.0126909       	2.33845951e+05
0.0126917       	2.33814403e+05
0.0126925       	2.33773991e+05
0.0126933       	2.33744502e+05
0.0126942       	2.33713073e+05
0.012695        	2.33680713e+05
0.0126958       	2.33647806e+05
0.0126966       	2.33614524e+05
0.0126974       	2.33572312e+05
0.0126982       	2.33541530e+05
0.012699        	2.33508867e+05
0.0126998       	2.33475359e+05
0.0127006       	2.33441403e+05
0.0127014       	2.33398327e+05
0.0127022       	2.33367069e+05
0.012703        	2.33333954e+05
0.0127038       	2.33300068e+05
0.0127046       	2.33265800e+05
0.0127054       	2.33231359e+05
0.0127061       	2.33187672e+05
0.0127069       	2.33156369e+05
0.0127077       	2.33123238e+05
0.0127085       	2.33089421e+05
0.0127093       	2.33055296e+05
0.0127101       	2.33021101e+05
0.0127109       	2.32977429e+05
0.0127117       	2.32946706e+05
0.0127124       	2.32914165e+05
0.0127132       	2.32881007e+05
0.012714        	2.32847611e+05
0.0127148       	2.32814238e+05
0.0127156       	2.32780915e+05
0.0127163       	2.32737891e+05
0.0127171       	2.32708467e+05
0.0127179       	2.32677294e+05
0.0127187       	2.32645494e+05
0.0127194       	2.32613602e+05
0.0127202       	2.32581750e+05
0.012721        	2.32550107e+05
0.0127218       	2.32508312e+05
0.0127225       	2.32480947e+05
0.0127233       	2.32451746e+05
0.0127241       	2.32422020e+05
0.0127248       	2.32392203e+05
0.0127256       	2.32362555e+05
0.0127264       	2.32333139e+05
0.0127271       	2.32304034e+05
0.0127279       	2.32275236e+05
0.0127286       	2.32235722e+05
0.0127294       	2.32211716e+05
0.0127302       	2.32185833e+05
0.0127309       	2.32159411e+05
0.0127317       	2.32132977e+05
0.0127324       	2.32106760e+05
0.0127332       	2.32080870e+05
0.012734        	2.32055354e+05
0.0127347       	2.32030234e+05
0.0127355       	2.32005523e+05
0.0127362       	2.31969183e+05
0.012737        	2.31949811e+05
0.0127377       	2.31928402e+05
0.0127385       	2.31906434e+05
0.0127392       	2.31884474e+05
0.01274         	2.31862780e+05
0.0127407       	2.31841467e+05
0.0127415       	2.31820584e+05
0.0127422       	2.31800154e+05
0.012743        	2.31767045e+05
0.0127437       	2.31752453e+05
0.0127445       	2.31735623e+05
0.0127452       	2.31718161e+05
0.0127459       	2.31700682e+05
0.0127467       	2.31683467e+05
0.0127474       	2.31666640e+05
0.0127482       	2.31650256e+05
0.0127489       	2.31634337e+05
0.0127496       	2.31618891e+05
0.0127504       	2.31603921e+05
0.0127511       	2.31589428e+05
0.0127518       	2.31560334e+05
0.0127526       	2.31552425e+05
0.0127533       	2.31541851e+05
0.012754        	2.31530467e+05
0.0127548       	2.31518992e+05
0.0127555       	2.31507751e+05
0.0127562       	2.31496889e+05
0.012757        	2.31486464e+05
0.0127577       	2.31476500e+05
0.0127584       	2.31467004e+05
0.0127591       	2.31457975e+05
0.0127599       	2.31449408e+05
0.0127606       	2.31441302e+05
0.0127613       	2.31433651e+05
0.0127621       	2.31426452e+05
0.0127628       	2.31419701e+05
0.0127635       	2.31413395e+05
0.0127643       	2.31407529e+05
0.012765        	2.31402077e+05
0.0127657       	2.31376948e+05
0.0127664       	2.31379906e+05
0.0127671       	2.31379010e+05
0.0127678       	2.31376766e+05
0.0127686       	2.31374153e+05
0.0127693       	2.31371605e+05
0.01277         	2.31369349e+05
0.0127707       	2.31367394e+05
0.0127714       	2.31365831e+05
0.0127721       	2.31364646e+05
0.0127728       	2.31363836e+05
0.0127736       	2.31363391e+05
0.0127743       	2.31363303e+05
0.012775        	2.31363562e+05
0.0127757       	2.31364159e+05
0.0127764       	2.31365086e+05
0.0127771       	2.31366332e+05
0.0127778       	2.31367863e+05
0.0127786       	2.31369745e+05
0.0127793       	2.31371904e+05
0.01278         	2.31374349e+05
0.0127807       	2.31377071e+05
0.0127814       	2.31380064e+05
0.0127821       	2.31383316e+05
0.0127828       	2.31386819e+05
0.0127836       	2.31390565e+05
0.0127843       	2.31394544e+05
0.012785        	2.31398741e+05
0.0127857       	2.31403154e+05
0.0127864       	2.31407802e+05
0.0127871       	2.31412587e+05
0.0127879       	2.31417575e+05
0.0127886       	2.31422735e+05
0.0127893       	2.31428054e+05
0.01279         	2.31433523e+05
0.0127907       	2.31439129e+05
0.0127914       	2.31444862e+05
0.0127921       	2.31450709e+05
0.0127929       	2.31456660e+05
0.0127936       	2.31462668e+05
0.0127943       	2.31468814e+05
0.012795        	2.31475042e+05
0.0127957       	2.31481225e+05
0.0127964       	2.31487540e+05
0.0127971       	2.31493899e+05
0.0127979       	2.31500211e+05
0.0127986       	2.31506554e+05
0.0127993       	2.31512891e+05
0.0128          	2.31519207e+05
0.0128007       	2.31502495e+05
0.0128014       	2.31517581e+05
0.0128021       	2.31524307e+05
0.0128028       	2.31533237e+05
0.0128035       	2.31540417e+05
0.0128042       	2.31543578e+05
0.0128049       	2.31550797e+05
0.0128056       	2.31557078e+05
0.0128062       	2.31562902e+05
0.0128069       	2.31568452e+05
0.0128076       	2.31570562e+05
0.0128083       	2.31577002e+05
0.012809        	2.31582539e+05
0.0128097       	2.31584331e+05
0.0128104       	2.31590323e+05
0.0128111       	2.31595317e+05
0.0128118       	2.31596482e+05
0.0128124       	2.31601862e+05
0.0128131       	2.31606101e+05
0.0128138       	2.31609831e+05
0.0128145       	2.31609824e+05
0.0128152       	2.31614067e+05
0.0128159       	2.31617280e+05
0.0128165       	2.31616507e+05
0.0128172       	2.31619921e+05
0.0128179       	2.31622199e+05
0.0128186       	2.31620447e+05
0.0128192       	2.31622894e+05
0.0128199       	2.31620811e+05
0.0128206       	2.31622692e+05
0.0128213       	2.31623288e+05
0.0128219       	2.31619754e+05
0.0128226       	2.31620354e+05
0.0128233       	2.31616350e+05
0.0128239       	2.31616300e+05
0.0128246       	2.31611534e+05
0.0128253       	2.31610707e+05
0.0128259       	2.31608467e+05
0.0128266       	2.31601989e+05
0.0128273       	2.31599646e+05
0.0128279       	2.31595987e+05
0.0128286       	2.31588063e+05
0.0128293       	2.31584292e+05
0.0128299       	2.31575749e+05
0.0128306       	2.31571169e+05
0.0128312       	2.31565131e+05
0.0128319       	2.31554719e+05
0.0128326       	2.31548456e+05
0.0128332       	2.31537334e+05
0.0128339       	2.31530188e+05
0.0128345       	2.31521536e+05
0.0128352       	2.31508435e+05
0.0128358       	2.31499504e+05
0.0128365       	2.31485637e+05
0.0128371       	2.31475767e+05
0.0128378       	2.31464347e+05
0.0128384       	2.31448407e+05
0.0128391       	2.31436662e+05
0.0128397       	2.31423429e+05
0.0128404       	2.31405673e+05
0.012841        	2.31392151e+05
0.0128416       	2.31373582e+05
0.0128423       	2.31359060e+05
0.0128429       	2.31342925e+05
0.0128436       	2.31322156e+05
0.0128442       	2.31305640e+05
0.0128448       	2.31287578e+05
0.0128455       	2.31264881e+05
0.0128461       	2.31246486e+05
0.0128467       	2.31226531e+05
0.0128474       	2.31201905e+05
0.012848        	2.31181611e+05
0.0128486       	2.31159741e+05
0.0128493       	2.31133157e+05
0.0128499       	2.31110919e+05
0.0128505       	2.31087101e+05
0.0128512       	2.31062203e+05
0.0128518       	2.31032749e+05
0.0128524       	2.31007815e+05
0.012853        	2.30981311e+05
0.0128537       	2.30950017e+05
0.0128543       	2.30923192e+05
0.0128549       	2.30894737e+05
0.0128556       	2.30865166e+05
0.0128562       	2.30834687e+05
0.0128568       	2.30799640e+05
0.0128574       	2.30769286e+05
0.012858        	2.30737343e+05
0.0128587       	2.30704297e+05
0.0128593       	2.30670343e+05
0.0128599       	2.30631756e+05
0.0128605       	2.30597957e+05
0.0128611       	2.30562548e+05
0.0128618       	2.30526023e+05
0.0128624       	2.30488579e+05
0.012863        	2.30450313e+05
0.0128636       	2.30411271e+05
0.0128642       	2.30367568e+05
0.0128649       	2.30328836e+05
0.0128655       	2.30288482e+05
0.0128661       	2.30247003e+05
0.0128667       	2.30204600e+05
0.0128673       	2.30161372e+05
0.0128679       	2.30117367e+05
0.0128686       	2.30068602e+05
0.0128692       	2.30024985e+05
0.0128698       	2.29979727e+05
0.0128704       	2.29933323e+05
0.012871        	2.29886036e+05
0.0128716       	2.29837935e+05
0.0128722       	2.29789030e+05
0.0128729       	2.29739399e+05
0.0128735       	2.29689036e+05
0.0128741       	2.29633797e+05
0.0128747       	2.29583976e+05
0.0128753       	2.29532498e+05
0.0128759       	2.29479892e+05
0.0128765       	2.29426375e+05
0.0128771       	2.29372053e+05
0.0128778       	2.29316981e+05
0.0128784       	2.29261186e+05
0.012879        	2.29200386e+05
0.0128796       	2.29145265e+05
0.0128802       	2.29088479e+05
0.0128808       	2.29030576e+05
0.0128814       	2.28971779e+05
0.012882        	2.28912200e+05
0.0128826       	2.28851895e+05
0.0128832       	2.28790894e+05
0.0128838       	2.28729211e+05
0.0128844       	2.28666856e+05
0.0128851       	2.28599336e+05
0.0128857       	2.28537869e+05
0.0128863       	2.28474731e+05
0.0128869       	2.28410493e+05
0.0128875       	2.28345391e+05
0.0128881       	2.28279542e+05
0.0128887       	2.28213008e+05
0.0128893       	2.28145822e+05
0.0128899       	2.28077999e+05
0.0128905       	2.28004849e+05
0.0128911       	2.27938127e+05
0.0128917       	2.27869738e+05
0.0128923       	2.27800278e+05
0.0128929       	2.27729989e+05
0.0128935       	2.27658999e+05
0.0128941       	2.27587370e+05
0.0128947       	2.27510262e+05
0.0128953       	2.27439893e+05
0.0128959       	2.27367861e+05
0.0128965       	2.27294784e+05
0.0128971       	2.27220912e+05
0.0128977       	2.27146376e+05
0.0128983       	2.27066203e+05
0.0128989       	2.26993042e+05
0.0128995       	2.26918215e+05
0.0129001       	2.26842359e+05
0.0129007       	2.26765730e+05
0.0129013       	2.26688474e+05
0.0129019       	2.26610648e+05
0.0129024       	2.26527049e+05
0.012903        	2.26450831e+05
0.0129036       	2.26372962e+05
0.0129042       	2.26294092e+05
0.0129048       	2.26214490e+05
0.0129054       	2.26134293e+05
0.012906        	2.26053574e+05
0.0129066       	2.25966906e+05
0.0129072       	2.25888005e+05
0.0129078       	2.25807460e+05
0.0129083       	2.25725943e+05
0.0129089       	2.25643730e+05
0.0129095       	2.25560966e+05
0.0129101       	2.25477726e+05
0.0129107       	2.25394049e+05
0.0129113       	2.25309958e+05
0.0129119       	2.25225466e+05
0.0129125       	2.25134759e+05
0.012913        	2.25052445e+05
0.0129136       	2.24968493e+05
0.0129142       	2.24883606e+05
0.0129148       	2.24798074e+05
0.0129154       	2.24712052e+05
0.012916        	2.24625670e+05
0.0129165       	2.24538966e+05
0.0129171       	2.24451864e+05
0.0129177       	2.24364442e+05
0.0129183       	2.24276714e+05
0.0129189       	2.24188776e+05
0.0129195       	2.24100466e+05
0.01292         	2.24011850e+05
0.0129206       	2.23922952e+05
0.0129212       	2.23833779e+05
0.0129218       	2.23744337e+05
0.0129224       	2.23654632e+05
0.012923        	2.23564672e+05
0.0129235       	2.23474464e+05
0.0129241       	2.23384012e+05
0.0129247       	2.23293326e+05
0.0129253       	2.23202412e+05
0.0129259       	2.23111279e+05
0.0129265       	2.23019935e+05
0.012927        	2.22928383e+05
0.0129276       	2.22836633e+05
0.0129282       	2.22744695e+05
0.0129288       	2.22652574e+05
0.0129294       	2.22560277e+05
0.01293         	2.22467814e+05
0.0129305       	2.22375191e+05
0.0129311       	2.22282416e+05
0.0129317       	2.22189497e+05
0.0129323       	2.22096425e+05
0.0129329       	2.22003233e+05
0.0129335       	2.21909925e+05
0.012934        	2.21816507e+05
0.0129346       	2.21722987e+05
0.0129352       	2.21629371e+05
0.0129358       	2.21535668e+05
0.0129364       	2.21441887e+05
0.012937        	2.21348036e+05
0.0129376       	2.21254123e+05
0.0129381       	2.21160157e+05
0.0129387       	2.21066147e+05
0.0129393       	2.20972101e+05
0.0129399       	2.20877989e+05
0.0129405       	2.20783926e+05
0.0129411       	2.20689823e+05
0.0129416       	2.20595743e+05
0.0129422       	2.20501659e+05
0.0129428       	2.20407585e+05
0.0129434       	2.20313532e+05
0.012944        	2.20219485e+05
0.0129446       	2.20125491e+05
0.0129451       	2.20031551e+05
0.0129457       	2.19937718e+05
0.0129463       	2.19843825e+05
0.0129469       	2.19750127e+05
0.0129475       	2.19656477e+05
0.0129481       	2.19562919e+05
0.0129486       	2.19459181e+05
0.0129492       	2.19370900e+05
0.0129498       	2.19280609e+05
0.0129504       	2.19189487e+05
0.0129509       	2.19098019e+05
0.0129515       	2.19006427e+05
0.0129521       	2.18914887e+05
0.0129527       	2.18823464e+05
0.0129533       	2.18732249e+05
0.0129538       	2.18641043e+05
0.0129544       	2.18550171e+05
0.012955        	2.18459441e+05
0.0129556       	2.18368908e+05
0.0129561       	2.18278579e+05
0.0129567       	2.18188460e+05
0.0129573       	2.18098558e+05
0.0129579       	2.18008880e+05
0.0129584       	2.17906440e+05
0.012959        	2.17823299e+05
0.0129596       	2.17737848e+05
0.0129601       	2.17651494e+05
0.0129607       	2.17564813e+05
0.0129613       	2.17478108e+05
0.0129619       	2.17391608e+05
0.0129624       	2.17305194e+05
0.012963        	2.17219102e+05
0.0129636       	2.17133295e+05
0.0129641       	2.17047786e+05
0.0129647       	2.16962584e+05
0.0129653       	2.16877696e+05
0.0129658       	2.16793127e+05
0.0129664       	2.16708884e+05
0.012967        	2.16624970e+05
0.0129675       	2.16541393e+05
0.0129681       	2.16458160e+05
0.0129687       	2.16375273e+05
0.0129692       	2.16274789e+05
0.0129698       	2.16200510e+05
0.0129704       	2.16123248e+05
0.0129709       	2.16044824e+05
0.0129715       	2.15965996e+05
0.012972        	2.15887152e+05
0.0129726       	2.15808498e+05
0.0129732       	2.15730146e+05
0.0129737       	2.15652148e+05
0.0129743       	2.15574536e+05
0.0129748       	2.15497319e+05
0.0129754       	2.15420513e+05
0.012976        	2.15344114e+05
0.0129765       	2.15268130e+05
0.0129771       	2.15192568e+05
0.0129776       	2.15117427e+05
0.0129782       	2.15042710e+05
0.0129788       	2.14968422e+05
0.0129793       	2.14894574e+05
0.0129799       	2.14821155e+05
0.0129804       	2.14748179e+05
0.012981        	2.14675645e+05
0.0129815       	2.14603565e+05
0.0129821       	2.14531935e+05
0.0129827       	2.14460773e+05
0.0129832       	2.14390081e+05
0.0129838       	2.14319872e+05
0.0129843       	2.14250151e+05
0.0129849       	2.14180920e+05
0.0129855       	2.14112182e+05
0.012986        	2.14043939e+05
0.0129866       	2.13976195e+05
0.0129871       	2.13908946e+05
0.0129877       	2.13842213e+05
0.0129883       	2.13775986e+05
0.0129888       	2.13710265e+05
0.0129894       	2.13645060e+05
0.0129899       	2.13580372e+05
0.0129905       	2.13516206e+05
0.0129911       	2.13452563e+05
0.0129916       	2.13389448e+05
0.0129922       	2.13326861e+05
0.0129927       	2.13264802e+05
0.0129933       	2.13203297e+05
0.0129938       	2.13142313e+05
0.0129944       	2.13081874e+05
0.012995        	2.13021980e+05
0.0129955       	2.12962633e+05
0.0129961       	2.12903841e+05
0.0129966       	2.12845598e+05
0.0129972       	2.12787910e+05
0.0129978       	2.12730778e+05
0.0129983       	2.12674210e+05
0.0129989       	2.12618207e+05
0.0129994       	2.12562825e+05
0.013           	2.12507993e+05
0.0130006       	2.12455652e+05
0.0130011       	2.12401177e+05
0.0130017       	2.12347618e+05
0.0130022       	2.12294793e+05
0.0130028       	2.12242628e+05
0.0130034       	2.12188034e+05
0.0130039       	2.12138269e+05
0.0130045       	2.12088569e+05
0.013005        	2.12039215e+05
0.0130056       	2.11990334e+05
0.0130062       	2.11938925e+05
0.0130067       	2.11892285e+05
0.0130073       	2.11845704e+05
0.0130078       	2.11799468e+05
0.0130084       	2.11753724e+05
0.0130089       	2.11708510e+05
0.0130095       	2.11660738e+05
0.01301         	2.11617845e+05
0.0130106       	2.11575022e+05
0.0130112       	2.11529385e+05
0.0130117       	2.11488562e+05
0.0130123       	2.11447755e+05
0.0130128       	2.11407282e+05
0.0130134       	2.11364050e+05
0.0130139       	2.11325746e+05
0.0130145       	2.11287490e+05
0.013015        	2.11246309e+05
0.0130156       	2.11210037e+05
0.0130161       	2.11173779e+05
0.0130167       	2.11137857e+05
0.0130172       	2.11099073e+05
0.0130178       	2.11065324e+05
0.0130183       	2.11031619e+05
0.0130189       	2.10994890e+05
0.0130194       	2.10963175e+05
0.01302         	2.10931467e+05
0.0130205       	2.10900095e+05
0.0130211       	2.10865757e+05
0.0130216       	2.10836560e+05
0.0130221       	2.10807398e+05
0.0130227       	2.10778586e+05
0.0130232       	2.10746761e+05
0.0130238       	2.10720139e+05
0.0130243       	2.10693556e+05
0.0130249       	2.10667317e+05
0.0130254       	2.10638004e+05
0.013026        	2.10613956e+05
0.0130265       	2.10589937e+05
0.013027        	2.10566265e+05
0.0130276       	2.10543071e+05
0.0130281       	2.10516796e+05
0.0130287       	2.10495898e+05
0.0130292       	2.10475047e+05
0.0130297       	2.10454543e+05
0.0130303       	2.10434523e+05
0.0130308       	2.10415048e+05
0.0130314       	2.10396160e+05
0.0130319       	2.10377879e+05
0.0130324       	2.10356447e+05
0.013033        	2.10340567e+05
0.0130335       	2.10324735e+05
0.0130341       	2.10309253e+05
0.0130346       	2.10294250e+05
0.0130351       	2.10279797e+05
0.0130357       	2.10265927e+05
0.0130362       	2.10252661e+05
0.0130368       	2.10240005e+05
0.0130373       	2.10227969e+05
0.0130378       	2.10216548e+05
0.0130384       	2.10205748e+05
0.0130389       	2.10195580e+05
0.0130394       	2.10186024e+05
0.01304         	2.10177091e+05
0.0130405       	2.10168783e+05
0.0130411       	2.10161095e+05
0.0130416       	2.10154024e+05
0.0130421       	2.10147584e+05
0.0130427       	2.10141766e+05
0.0130432       	2.10136569e+05
0.0130438       	2.10131993e+05
0.0130443       	2.10128036e+05
0.0130448       	2.10124714e+05
0.0130454       	2.10122007e+05
0.0130459       	2.10124113e+05
0.0130465       	2.10121444e+05
0.013047        	2.10120019e+05
0.0130475       	2.10119515e+05
0.0130481       	2.10119788e+05
0.0130486       	2.10120775e+05
0.0130492       	2.10122414e+05
0.0130497       	2.10124705e+05
0.0130502       	2.10127453e+05
0.0130508       	2.10131178e+05
0.0130513       	2.10135368e+05
0.0130519       	2.10140186e+05
0.0130524       	2.10145633e+05
0.0130529       	2.10151711e+05
0.0130535       	2.10158408e+05
0.013054        	2.10165736e+05
0.0130546       	2.10173702e+05
0.0130551       	2.10182297e+05
0.0130556       	2.10191521e+05
0.0130562       	2.10201375e+05
0.0130567       	2.10211858e+05
0.0130573       	2.10222969e+05
0.0130578       	2.10234710e+05
0.0130583       	2.10247080e+05
0.0130589       	2.10260077e+05
0.0130594       	2.10273703e+05
0.01306         	2.10287957e+05
0.0130605       	2.10302838e+05
0.0130611       	2.10318348e+05
0.0130616       	2.10334485e+05
0.0130621       	2.10351248e+05
0.0130627       	2.10368638e+05
0.0130632       	2.10386653e+05
0.0130638       	2.10405295e+05
0.0130643       	2.10424562e+05
0.0130648       	2.10444453e+05
0.0130654       	2.10464969e+05
0.0130659       	2.10486107e+05
0.0130665       	2.10507869e+05
0.013067        	2.10530252e+05
0.0130675       	2.10553256e+05
0.0130681       	2.10576881e+05
0.0130686       	2.10596010e+05
0.0130692       	2.10622184e+05
0.0130697       	2.10648253e+05
0.0130702       	2.10674545e+05
0.0130708       	2.10701291e+05
0.0130713       	2.10728746e+05
0.0130719       	2.10756708e+05
0.0130724       	2.10785291e+05
0.0130729       	2.10814463e+05
0.0130735       	2.10844249e+05
0.013074        	2.10874641e+05
0.0130745       	2.10905645e+05
0.0130751       	2.10937256e+05
0.0130756       	2.10969475e+05
0.0130762       	2.11002300e+05
0.0130767       	2.11035733e+05
0.0130772       	2.11069780e+05
0.0130778       	2.11104442e+05
0.0130783       	2.11139716e+05
0.0130789       	2.11175602e+05
0.0130794       	2.11212098e+05
0.0130799       	2.11249203e+05
0.0130805       	2.11286916e+05
0.013081        	2.11325236e+05
0.0130815       	2.11364161e+05
0.0130821       	2.11409487e+05
0.0130826       	2.11448231e+05
0.0130832       	2.11488385e+05
0.0130837       	2.11529518e+05
0.0130842       	2.11571451e+05
0.0130848       	2.11614081e+05
0.0130853       	2.11657349e+05
0.0130859       	2.11701295e+05
0.0130864       	2.11745847e+05
0.013087        	2.11790990e+05
0.0130875       	2.11842843e+05
0.013088        	2.11887748e+05
0.0130886       	2.11934102e+05
0.0130891       	2.11981453e+05
0.0130897       	2.12029611e+05
0.0130902       	2.12078474e+05
0.0130908       	2.12127987e+05
0.0130913       	2.12178122e+05
0.0130918       	2.12235256e+05
0.0130924       	2.12285122e+05
0.0130929       	2.12336477e+05
0.0130935       	2.12388842e+05
0.013094        	2.12442018e+05
0.0130946       	2.12495898e+05
0.0130951       	2.12550424e+05
0.0130957       	2.12605565e+05
0.0130962       	2.12668006e+05
0.0130968       	2.12722824e+05
0.0130973       	2.12779169e+05
0.0130979       	2.12836538e+05
0.0130984       	2.12894721e+05
0.013099        	2.12953605e+05
0.0130995       	2.13013131e+05
0.0131001       	2.13080256e+05
0.0131006       	2.13139426e+05
0.0131012       	2.13200163e+05
0.0131017       	2.13261939e+05
0.0131023       	2.13324532e+05
0.0131028       	2.13387824e+05
0.0131034       	2.13451751e+05
0.0131039       	2.13516281e+05
0.0131045       	2.13588750e+05
0.013105        	2.13652830e+05
0.0131056       	2.13718518e+05
0.0131062       	2.13785257e+05
0.0131067       	2.13852815e+05
0.0131073       	2.13921067e+05
0.0131078       	2.13989946e+05
0.0131084       	2.14059418e+05
0.0131089       	2.14137218e+05
0.0131095       	2.14206158e+05
0.01311         	2.14276756e+05
0.0131106       	2.14348419e+05
0.0131112       	2.14420903e+05
0.0131117       	2.14494074e+05
0.0131123       	2.14567902e+05
0.0131128       	2.14642529e+05
0.0131134       	2.14717638e+05
0.013114        	2.14790981e+05
0.0131145       	2.14873054e+05
0.0131151       	2.14946311e+05
0.0131156       	2.15021561e+05
0.0131162       	2.15098130e+05
0.0131168       	2.15175736e+05
0.0131173       	2.15253725e+05
0.0131179       	2.15332100e+05
0.0131185       	2.15412202e+05
0.013119        	2.15491690e+05
0.0131196       	2.15571701e+05
0.0131201       	2.15652246e+05
0.0131207       	2.15733323e+05
0.0131213       	2.15823973e+05
0.0131218       	2.15904181e+05
0.0131224       	2.15986169e+05
0.013123        	2.16069258e+05
0.0131235       	2.16153155e+05
0.0131241       	2.16237705e+05
0.0131247       	2.16322827e+05
0.0131252       	2.16408475e+05
0.0131258       	2.16494629e+05
0.0131264       	2.16591004e+05
0.0131269       	2.16676165e+05
0.0131275       	2.16763191e+05
0.0131281       	2.16851340e+05
0.0131287       	2.16940288e+05
0.0131292       	2.17029598e+05
0.0131298       	2.17119246e+05
0.0131304       	2.17209478e+05
0.0131309       	2.17310606e+05
0.0131315       	2.17399668e+05
0.0131321       	2.17490666e+05
0.0131327       	2.17582792e+05
0.0131332       	2.17675704e+05
0.0131338       	2.17769222e+05
0.0131344       	2.17863251e+05
0.013135        	2.17968878e+05
0.0131356       	2.18061601e+05
0.0131361       	2.18156354e+05
0.0131367       	2.18252263e+05
0.0131373       	2.18348957e+05
0.0131379       	2.18446243e+05
0.0131385       	2.18544015e+05
0.013139        	2.18654185e+05
0.0131396       	2.18750468e+05
0.0131402       	2.18848884e+05
0.0131408       	2.18948485e+05
0.0131414       	2.19048871e+05
0.013142        	2.19149832e+05
0.0131426       	2.19251262e+05
0.0131432       	2.19366031e+05
0.0131437       	2.19465770e+05
0.0131443       	2.19567769e+05
0.0131449       	2.19670996e+05
0.0131455       	2.19775014e+05
0.0131461       	2.19879596e+05
0.0131467       	2.19984626e+05
0.0131473       	2.20104121e+05
0.0131479       	2.20207226e+05
0.0131485       	2.20312748e+05
0.0131491       	2.20419548e+05
0.0131497       	2.20527148e+05
0.0131503       	2.20635300e+05
0.0131509       	2.20743878e+05
0.0131515       	2.20868276e+05
0.0131521       	2.20974654e+05
0.0131527       	2.21083637e+05
0.0131533       	2.21193962e+05
0.0131539       	2.21305098e+05
0.0131545       	2.21416774e+05
0.0131551       	2.21528852e+05
0.0131558       	2.21641261e+05
0.0131564       	2.21771364e+05
0.013157        	2.21881150e+05
0.0131576       	2.21993799e+05
0.0131582       	2.22107879e+05
0.0131588       	2.22222791e+05
0.0131594       	2.22338228e+05
0.0131601       	2.22454035e+05
0.0131607       	2.22570134e+05
0.0131613       	2.22686487e+05
0.0131619       	2.22803072e+05
0.0131625       	2.22940446e+05
0.0131631       	2.23053759e+05
0.0131638       	2.23170370e+05
0.0131644       	2.23288562e+05
0.013165        	2.23407621e+05
0.0131656       	2.23527184e+05
0.0131663       	2.23647070e+05
0.0131669       	2.23767189e+05
0.0131675       	2.23887494e+05
0.0131681       	2.24007963e+05
0.0131688       	2.24128583e+05
0.0131694       	2.24249345e+05
0.01317         	2.24370244e+05
0.0131706       	2.24491272e+05
0.0131713       	2.24612425e+05
0.0131719       	2.24761616e+05
0.0131725       	2.24878067e+05
0.0131732       	2.24998840e+05
0.0131738       	2.25121563e+05
0.0131745       	2.25245260e+05
0.0131751       	2.25369435e+05
0.0131757       	2.25493851e+05
0.0131764       	2.25618386e+05
0.013177        	2.25742980e+05
0.0131777       	2.25867616e+05
0.0131783       	2.25992262e+05
0.0131789       	2.26116911e+05
0.0131796       	2.26241557e+05
0.0131802       	2.26366191e+05
0.0131808       	2.26490806e+05
0.0131815       	2.26615395e+05
0.0131821       	2.26739949e+05
0.0131828       	2.26864457e+05
0.0131834       	2.26988912e+05
0.0131841       	2.27163175e+05
0.0131847       	2.27278832e+05
0.0131854       	2.27402066e+05
0.0131861       	2.27528504e+05
0.0131867       	2.27656368e+05
0.0131874       	2.27784789e+05
0.013188        	2.27913287e+05
0.0131887       	2.28041707e+05
0.0131894       	2.28170037e+05
0.01319         	2.28298169e+05
0.0131907       	2.28426084e+05
0.0131914       	2.28553770e+05
0.013192        	2.28681220e+05
0.0131927       	2.28808428e+05
0.0131934       	2.28935385e+05
0.013194        	2.29062083e+05
0.0131947       	2.29188511e+05
0.0131954       	2.29314660e+05
0.013196        	2.29440512e+05
0.0131967       	2.29566043e+05
0.0131973       	2.29691242e+05
0.013198        	2.29816099e+05
0.0131987       	2.29940604e+05
0.0131993       	2.30064745e+05
0.0132          	2.30188512e+05
0.0132007       	2.30355653e+05
0.0132014       	2.30470952e+05
0.0132021       	2.30597069e+05
0.0132028       	2.30724891e+05
0.0132034       	2.30849006e+05
0.0132041       	2.30978703e+05
0.0132048       	2.31107786e+05
0.0132055       	2.31231963e+05
0.0132062       	2.31361286e+05
0.0132069       	2.31489725e+05
0.0132076       	2.31613040e+05
0.0132083       	2.31741534e+05
0.0132091       	2.31869086e+05
0.0132098       	2.31991384e+05
0.0132105       	2.32118928e+05
0.0132112       	2.32245465e+05
0.0132119       	2.32366588e+05
0.0132126       	2.32493004e+05
0.0132133       	2.32618335e+05
0.013214        	2.32738091e+05
0.0132148       	2.32863199e+05
0.0132155       	2.32987147e+05
0.0132162       	2.33105357e+05
0.0132169       	2.33228991e+05
0.0132177       	2.33346271e+05
0.0132184       	2.33468813e+05
0.0132191       	2.33584794e+05
0.0132199       	2.33706045e+05
0.0132206       	2.33825865e+05
0.0132213       	2.33939510e+05
0.0132221       	2.34058731e+05
0.0132228       	2.34171165e+05
0.0132235       	2.34289028e+05
0.0132243       	2.34399891e+05
0.013225        	2.34516194e+05
0.0132258       	2.34625350e+05
0.0132265       	2.34739993e+05
0.0132273       	2.34847353e+05
0.013228        	2.34960260e+05
0.0132288       	2.35065747e+05
0.0132295       	2.35171117e+05
0.0132303       	2.35281464e+05
0.013231        	2.35383949e+05
0.0132318       	2.35486175e+05
0.0132325       	2.35593401e+05
0.0132333       	2.35692550e+05
0.0132341       	2.35797357e+05
0.0132348       	2.35894164e+05
0.0132356       	2.35990746e+05
0.0132364       	2.36092517e+05
0.0132371       	2.36185847e+05
0.0132379       	2.36278839e+05
0.0132386       	2.36377071e+05
0.0132394       	2.36466630e+05
0.0132402       	2.36555816e+05
0.013241        	2.36643979e+05
0.0132417       	2.36737257e+05
0.0132425       	2.36821474e+05
0.0132433       	2.36905245e+05
0.013244        	2.36994465e+05
0.0132448       	2.37074495e+05
0.0132456       	2.37154102e+05
0.0132464       	2.37232602e+05
0.0132472       	2.37316456e+05
0.0132479       	2.37390716e+05
0.0132487       	2.37464485e+05
0.0132495       	2.37537090e+05
0.0132503       	2.37615188e+05
0.0132511       	2.37683380e+05
0.0132518       	2.37751063e+05
0.0132526       	2.37817544e+05
0.0132534       	2.37882561e+05
0.0132542       	2.37953153e+05
0.013255        	2.38013409e+05
0.0132558       	2.38073123e+05
0.0132566       	2.38131592e+05
0.0132574       	2.38188552e+05
0.0132581       	2.38251295e+05
0.0132589       	2.38303301e+05
0.0132597       	2.38354760e+05
0.0132605       	2.38404945e+05
0.0132613       	2.38453581e+05
0.0132621       	2.38500550e+05
0.0132629       	2.38553521e+05
0.0132637       	2.38595254e+05
0.0132645       	2.38636441e+05
0.0132653       	2.38676330e+05
0.0132661       	2.38714709e+05
0.0132669       	2.38751218e+05
0.0132677       	2.38785695e+05
0.0132685       	2.38818376e+05
0.0132693       	2.38849308e+05
0.0132701       	2.38878482e+05
0.0132709       	2.38905883e+05
0.0132717       	2.38931527e+05
0.0132725       	2.38963737e+05
0.0132733       	2.38983796e+05
0.0132741       	2.39003400e+05
0.0132749       	2.39021734e+05
0.0132757       	2.39038498e+05
0.0132765       	2.39053564e+05
0.0132773       	2.39066878e+05
0.0132781       	2.39078423e+05
0.0132789       	2.39088193e+05
0.0132797       	2.39096190e+05
0.0132805       	2.39102418e+05
0.0132813       	2.39106882e+05
0.0132821       	2.39109587e+05
0.0132829       	2.39110539e+05
0.0132837       	2.39109743e+05
0.0132845       	2.39107205e+05
0.0132853       	2.39102933e+05
0.0132861       	2.39096931e+05
0.0132869       	2.39089223e+05
0.0132877       	2.39079406e+05
0.0132885       	2.39067546e+05
0.0132893       	2.39054215e+05
0.0132901       	2.39039358e+05
0.0132909       	2.39022948e+05
0.0132917       	2.39004915e+05
0.0132925       	2.38985152e+05
0.0132933       	2.38963699e+05
0.0132941       	2.38940572e+05
0.0132949       	2.38915784e+05
0.0132957       	2.38889349e+05
0.0132965       	2.38861280e+05
0.0132973       	2.38831591e+05
0.0132981       	2.38800297e+05
0.0132989       	2.38767411e+05
0.0132997       	2.38732948e+05
0.0133005       	2.38696924e+05
0.0133013       	2.38659354e+05
0.0133022       	2.38620253e+05
0.013303        	2.38579637e+05
0.0133038       	2.38537522e+05
0.0133046       	2.38493924e+05
0.0133054       	2.38448861e+05
0.0133062       	2.38402345e+05
0.013307        	2.38354395e+05
0.0133078       	2.38305028e+05
0.0133086       	2.38254262e+05
0.0133094       	2.38202116e+05
0.0133102       	2.38148608e+05
0.013311        	2.38093757e+05
0.0133118       	2.38037582e+05
0.0133126       	2.37980103e+05
0.0133134       	2.37921338e+05
0.0133142       	2.37861309e+05
0.013315        	2.37800034e+05
0.0133158       	2.37737535e+05
0.0133166       	2.37673832e+05
0.0133174       	2.37608945e+05
0.0133182       	2.37542897e+05
0.013319        	2.37475709e+05
0.0133198       	2.37407401e+05
0.0133206       	2.37337996e+05
0.0133214       	2.37267516e+05
0.0133222       	2.37195983e+05
0.013323        	2.37123419e+05
0.0133238       	2.37049847e+05
0.0133246       	2.36975291e+05
0.0133254       	2.36899772e+05
0.0133262       	2.36823316e+05
0.013327        	2.36745945e+05
0.0133278       	2.36667683e+05
0.0133286       	2.36588553e+05
0.0133294       	2.36508580e+05
0.0133302       	2.36427787e+05
0.013331        	2.36346199e+05
0.0133318       	2.36263840e+05
0.0133326       	2.36180734e+05
0.0133334       	2.36096906e+05
0.0133342       	2.36012381e+05
0.013335        	2.35927181e+05
0.0133358       	2.35841331e+05
0.0133366       	2.35754843e+05
0.0133374       	2.35667744e+05
0.0133382       	2.35580059e+05
0.013339        	2.35491813e+05
0.0133398       	2.35403033e+05
0.0133406       	2.35313743e+05
0.0133415       	2.35223970e+05
0.0133423       	2.35133738e+05
0.0133431       	2.35043074e+05
0.0133439       	2.34952007e+05
0.0133447       	2.34860560e+05
0.0133455       	2.34768760e+05
0.0133463       	2.34676633e+05
0.0133471       	2.34584203e+05
0.0133479       	2.34491495e+05
0.0133487       	2.34398534e+05
0.0133495       	2.34305346e+05
0.0133503       	2.34211957e+05
0.0133511       	2.34118392e+05
0.0133519       	2.34024677e+05
0.0133527       	2.33930838e+05
0.0133535       	2.33836900e+05
0.0133543       	2.33742890e+05
0.0133551       	2.33648831e+05
0.0133559       	2.33554750e+05
0.0133567       	2.33460673e+05
0.0133575       	2.33366624e+05
0.0133583       	2.33272628e+05
0.0133591       	2.33178712e+05
0.0133599       	2.33084899e+05
0.0133607       	2.32991214e+05
0.0133615       	2.32897667e+05
0.0133623       	2.32804281e+05
0.0133631       	2.32711081e+05
0.0133639       	2.32618093e+05
0.0133647       	2.32504099e+05
0.0133655       	2.32421656e+05
0.0133663       	2.32334775e+05
0.013367        	2.32246355e+05
0.0133678       	2.32157490e+05
0.0133686       	2.32068664e+05
0.0133694       	2.31980096e+05
0.0133702       	2.31891885e+05
0.013371        	2.31804077e+05
0.0133718       	2.31716702e+05
0.0133725       	2.31629779e+05
0.0133733       	2.31543327e+05
0.0133741       	2.31457362e+05
0.0133749       	2.31371903e+05
0.0133757       	2.31286968e+05
0.0133765       	2.31202576e+05
0.0133772       	2.31118746e+05
0.013378        	2.31035496e+05
0.0133788       	2.30952846e+05
0.0133796       	2.30870813e+05
0.0133804       	2.30789417e+05
0.0133812       	2.30708675e+05
0.013382        	2.30628604e+05
0.0133827       	2.30549223e+05
0.0133835       	2.30470549e+05
0.0133843       	2.30392597e+05
0.0133851       	2.30315384e+05
0.0133859       	2.30238926e+05
0.0133867       	2.30163238e+05
0.0133874       	2.30088336e+05
0.0133882       	2.30014234e+05
0.013389        	2.29940946e+05
0.0133898       	2.29868487e+05
0.0133906       	2.29796869e+05
0.0133914       	2.29726106e+05
0.0133922       	2.29656210e+05
0.0133929       	2.29587195e+05
0.0133937       	2.29519071e+05
0.0133945       	2.29451850e+05
0.0133953       	2.29385544e+05
0.0133961       	2.29320162e+05
0.0133969       	2.29255716e+05
0.0133976       	2.29192214e+05
0.0133984       	2.29129667e+05
0.0133992       	2.29068082e+05
0.0134          	2.29007469e+05
0.0134008       	2.28915115e+05
0.0134015       	2.28872768e+05
0.0134023       	2.28823122e+05
0.013403        	2.28771145e+05
0.0134038       	2.28715464e+05
0.0134045       	2.28664990e+05
0.0134053       	2.28614440e+05
0.013406        	2.28564451e+05
0.0134068       	2.28515264e+05
0.0134075       	2.28463725e+05
0.0134083       	2.28417971e+05
0.013409        	2.28372343e+05
0.0134098       	2.28327338e+05
0.0134105       	2.28283140e+05
0.0134113       	2.28236561e+05
0.013412        	2.28195767e+05
0.0134128       	2.28155072e+05
0.0134135       	2.28114982e+05
0.0134143       	2.28075684e+05
0.013415        	2.28037264e+05
0.0134157       	2.27996466e+05
0.0134165       	2.27961484e+05
0.0134172       	2.27926580e+05
0.013418        	2.27892261e+05
0.0134187       	2.27858719e+05
0.0134195       	2.27826037e+05
0.0134202       	2.27794247e+05
0.0134209       	2.27763372e+05
0.0134217       	2.27730077e+05
0.0134224       	2.27702621e+05
0.0134232       	2.27675195e+05
0.0134239       	2.27648312e+05
0.0134246       	2.27622166e+05
0.0134254       	2.27596840e+05
0.0134261       	2.27572368e+05
0.0134269       	2.27545388e+05
0.0134276       	2.27524261e+05
0.0134283       	2.27503098e+05
0.0134291       	2.27482424e+05
0.0134298       	2.27462433e+05
0.0134305       	2.27443208e+05
0.0134313       	2.27424782e+05
0.013432        	2.27407164e+05
0.0134327       	2.27386931e+05
0.0134335       	2.27372549e+05
0.0134342       	2.27358037e+05
0.013435        	2.27343931e+05
0.0134357       	2.27330429e+05
0.0134364       	2.27317615e+05
0.0134372       	2.27305519e+05
0.0134379       	2.27294149e+05
0.0134386       	2.27280015e+05
0.0134393       	2.27271730e+05
0.0134401       	2.27263202e+05
0.0134408       	2.27254979e+05
0.0134415       	2.27247251e+05
0.0134423       	2.27240106e+05
0.013443        	2.27233575e+05
0.0134437       	2.27224114e+05
0.0134444       	2.27220491e+05
0.0134452       	2.27216505e+05
0.0134459       	2.27212717e+05
0.0134466       	2.27209331e+05
0.0134474       	2.27202831e+05
0.0134481       	2.27202144e+05
0.0134488       	2.27200999e+05
0.0134495       	2.27199972e+05
0.0134502       	2.27199273e+05
0.013451        	2.27198991e+05
0.0134517       	2.27199155e+05
0.0134524       	2.27196086e+05
0.0134531       	2.27198865e+05
0.0134539       	2.27201067e+05
0.0134546       	2.27203274e+05
0.0134553       	2.27205698e+05
0.013456        	2.27204680e+05
0.0134567       	2.27209492e+05
0.0134574       	2.27213621e+05
0.0134582       	2.27217666e+05
0.0134589       	2.27221846e+05
0.0134596       	2.27226253e+05
0.0134603       	2.27227086e+05
0.013461        	2.27233789e+05
0.0134617       	2.27239699e+05
0.0134624       	2.27245421e+05
0.0134632       	2.27251177e+05
0.0134639       	2.27253152e+05
0.0134646       	2.27261000e+05
0.0134653       	2.27267946e+05
0.013466        	2.27274611e+05
0.0134667       	2.27281225e+05
0.0134674       	2.27283893e+05
0.0134681       	2.27292467e+05
0.0134688       	2.27300039e+05
0.0134695       	2.27307229e+05
0.0134702       	2.27310232e+05
0.0134709       	2.27319123e+05
0.0134716       	2.27326910e+05
0.0134723       	2.27334247e+05
0.013473        	2.27337244e+05
0.0134737       	2.27346164e+05
0.0134744       	2.27353904e+05
0.0134751       	2.27361121e+05
0.0134758       	2.27368062e+05
0.0134765       	2.27370613e+05
0.0134772       	2.27379201e+05
0.0134779       	2.27386531e+05
0.0134786       	2.27393263e+05
0.0134793       	2.27395336e+05
0.01348         	2.27403445e+05
0.0134807       	2.27410195e+05
0.0134814       	2.27416269e+05
0.013482        	2.27421925e+05
0.0134827       	2.27422859e+05
0.0134834       	2.27429969e+05
0.0134841       	2.27435648e+05
0.0134848       	2.27440578e+05
0.0134855       	2.27440511e+05
0.0134861       	2.27446640e+05
0.0134868       	2.27451239e+05
0.0134875       	2.27455017e+05
0.0134882       	2.27458242e+05
0.0134889       	2.27456406e+05
0.0134895       	2.27460939e+05
0.0134902       	2.27463877e+05
0.0134909       	2.27465928e+05
0.0134916       	2.27462631e+05
0.0134923       	2.27465745e+05
0.0134929       	2.27467169e+05
0.0134936       	2.27467640e+05
0.0134943       	2.27467439e+05
0.0134949       	2.27461825e+05
0.0134956       	2.27462831e+05
0.0134963       	2.27462091e+05
0.0134969       	2.27460341e+05
0.0134976       	2.27457862e+05
0.0134983       	2.27454783e+05
0.013499        	2.27446113e+05
0.0134996       	2.27444296e+05
0.0135003       	2.27440645e+05
0.0135009       	2.27435910e+05
0.0135016       	2.27430381e+05
0.0135023       	2.27424189e+05
0.0135029       	2.27417390e+05
0.0135036       	2.27404733e+05
0.0135043       	2.27399227e+05
0.0135049       	2.27391779e+05
0.0135056       	2.27383166e+05
0.0135062       	2.27373686e+05
0.0135069       	2.27363475e+05
0.0135076       	2.27352595e+05
0.0135082       	2.27341069e+05
0.0135089       	2.27328903e+05
0.0135095       	2.27316094e+05
0.0135102       	2.27302636e+05
0.0135109       	2.27282831e+05
0.0135115       	2.27270744e+05
0.0135122       	2.27256536e+05
0.0135128       	2.27241039e+05
0.0135135       	2.27224578e+05
0.0135141       	2.27207305e+05
0.0135148       	2.27189291e+05
0.0135154       	2.27170563e+05
0.0135161       	2.27151132e+05
0.0135168       	2.27130999e+05
0.0135174       	2.27110159e+05
0.0135181       	2.27088607e+05
0.0135187       	2.27066339e+05
0.0135194       	2.27043350e+05
0.01352         	2.27019635e+05
0.0135207       	2.26988786e+05
0.0135213       	2.26966694e+05
0.013522        	2.26942256e+05
0.0135226       	2.26916398e+05
0.0135233       	2.26889485e+05
0.0135239       	2.26861692e+05
0.0135246       	2.26833102e+05
0.0135252       	2.26803751e+05
0.0135259       	2.26773654e+05
0.0135265       	2.26742816e+05
0.0135272       	2.26711238e+05
0.0135278       	2.26678917e+05
0.0135285       	2.26645853e+05
0.0135291       	2.26612042e+05
0.0135298       	2.26577485e+05
0.0135304       	2.26542178e+05
0.0135311       	2.26498705e+05
0.0135317       	2.26465535e+05
0.0135324       	2.26429768e+05
0.013533        	2.26392490e+05
0.0135337       	2.26354109e+05
0.0135343       	2.26314833e+05
0.0135349       	2.26274754e+05
0.0135356       	2.26233919e+05
0.0135362       	2.26192350e+05
0.0135369       	2.26150055e+05
0.0135375       	2.26107039e+05
0.0135382       	2.26063304e+05
0.0135388       	2.26018851e+05
0.0135394       	2.25965169e+05
0.0135401       	2.25923474e+05
0.0135407       	2.25879017e+05
0.0135414       	2.25832975e+05
0.013542        	2.25785823e+05
0.0135426       	2.25737793e+05
0.0135433       	2.25688993e+05
0.0135439       	2.25639480e+05
0.0135445       	2.25589280e+05
0.0135452       	2.25538406e+05
0.0135458       	2.25486866e+05
0.0135465       	2.25424964e+05
0.0135471       	2.25376874e+05
0.0135477       	2.25325850e+05
0.0135483       	2.25273197e+05
0.013549        	2.25219440e+05
0.0135496       	2.25164839e+05
0.0135502       	2.25109523e+05
0.0135509       	2.25053554e+05
0.0135515       	2.24996964e+05
0.0135521       	2.24939769e+05
0.0135528       	2.24881979e+05
0.0135534       	2.24823599e+05
0.013554        	2.24753247e+05
0.0135546       	2.24699276e+05
0.0135552       	2.24642123e+05
0.0135559       	2.24583276e+05
0.0135565       	2.24523332e+05
0.0135571       	2.24462593e+05
0.0135577       	2.24401208e+05
0.0135584       	2.24339251e+05
0.013559        	2.24276761e+05
0.0135596       	2.24213756e+05
0.0135602       	2.24150247e+05
0.0135608       	2.24086242e+05
0.0135615       	2.24021747e+05
0.0135621       	2.23956774e+05
0.0135627       	2.23891325e+05
0.0135633       	2.23825405e+05
0.0135639       	2.23759020e+05
0.0135646       	2.23677252e+05
0.0135652       	2.23617207e+05
0.0135658       	2.23553420e+05
0.0135664       	2.23487762e+05
0.013567        	2.23420989e+05
0.0135676       	2.23353486e+05
0.0135682       	2.23285444e+05
0.0135688       	2.23216959e+05
0.0135694       	2.23148082e+05
0.0135701       	2.23078838e+05
0.0135707       	2.23009243e+05
0.0135713       	2.22939306e+05
0.0135719       	2.22869033e+05
0.0135725       	2.22798432e+05
0.0135731       	2.22727511e+05
0.0135737       	2.22656279e+05
0.0135743       	2.22584742e+05
0.0135749       	2.22512908e+05
0.0135756       	2.22440787e+05
0.0135762       	2.22368386e+05
0.0135768       	2.22295716e+05
0.0135774       	2.22222786e+05
0.013578        	2.22149606e+05
0.0135786       	2.22076185e+05
0.0135792       	2.22002532e+05
0.0135798       	2.21928658e+05
0.0135804       	2.21854572e+05
0.0135811       	2.21780284e+05
0.0135817       	2.21705805e+05
0.0135823       	2.21631145e+05
0.0135829       	2.21556312e+05
0.0135835       	2.21481318e+05
0.0135841       	2.21406174e+05
0.0135847       	2.21330888e+05
0.0135853       	2.21255471e+05
0.0135859       	2.21179935e+05
0.0135866       	2.21104288e+05
0.0135872       	2.21028541e+05
0.0135878       	2.20952704e+05
0.0135884       	2.20876786e+05
0.013589        	2.20800800e+05
0.0135896       	2.20724754e+05
0.0135902       	2.20648660e+05
0.0135908       	2.20572528e+05
0.0135914       	2.20496368e+05
0.0135921       	2.20420189e+05
0.0135927       	2.20344002e+05
0.0135933       	2.20267819e+05
0.0135939       	2.20191648e+05
0.0135945       	2.20115501e+05
0.0135951       	2.20039386e+05
0.0135957       	2.19963315e+05
0.0135963       	2.19887297e+05
0.0135969       	2.19811344e+05
0.0135976       	2.19735464e+05
0.0135982       	2.19659667e+05
0.0135988       	2.19583964e+05
0.0135994       	2.19508364e+05
0.0136          	2.19432887e+05
0.0136006       	2.19335807e+05
0.0136012       	2.19270685e+05
0.0136018       	2.19201261e+05
0.0136024       	2.19127164e+05
0.013603        	2.19056434e+05
0.0136036       	2.18984844e+05
0.0136042       	2.18910083e+05
0.0136048       	2.18839512e+05
0.0136054       	2.18768480e+05
0.0136059       	2.18694440e+05
0.0136065       	2.18624734e+05
0.0136071       	2.18554620e+05
0.0136077       	2.18481493e+05
0.0136083       	2.18412761e+05
0.0136089       	2.18340639e+05
0.0136095       	2.18272801e+05
0.0136101       	2.18204506e+05
0.0136107       	2.18133122e+05
0.0136112       	2.18066211e+05
0.0136118       	2.17995863e+05
0.0136124       	2.17929892e+05
0.013613        	2.17863487e+05
0.0136136       	2.17793958e+05
0.0136142       	2.17729001e+05
0.0136147       	2.17663694e+05
0.0136153       	2.17595276e+05
0.0136159       	2.17531507e+05
0.0136165       	2.17467411e+05
0.0136171       	2.17403360e+05
0.0136177       	2.17336343e+05
0.0136182       	2.17274104e+05
0.0136188       	2.17211606e+05
0.0136194       	2.17145965e+05
0.01362         	2.17085122e+05
0.0136205       	2.17023986e+05
0.0136211       	2.16962932e+05
0.0136217       	2.16898839e+05
0.0136223       	2.16839691e+05
0.0136228       	2.16780304e+05
0.0136234       	2.16721031e+05
0.013624        	2.16662026e+05
0.0136246       	2.16600020e+05
0.0136251       	2.16543099e+05
0.0136257       	2.16485974e+05
0.0136263       	2.16428996e+05
0.0136269       	2.16372309e+05
0.0136274       	2.16315990e+05
0.013628        	2.16260077e+05
0.0136286       	2.16204596e+05
0.0136292       	2.16149560e+05
0.0136297       	2.16094978e+05
0.0136303       	2.16040855e+05
0.0136309       	2.15983707e+05
0.0136314       	2.15931895e+05
0.013632        	2.15879920e+05
0.0136326       	2.15828133e+05
0.0136332       	2.15776679e+05
0.0136337       	2.15725635e+05
0.0136343       	2.15675041e+05
0.0136349       	2.15624924e+05
0.0136354       	2.15575288e+05
0.013636        	2.15526146e+05
0.0136366       	2.15477503e+05
0.0136372       	2.15425723e+05
0.0136377       	2.15379499e+05
0.0136383       	2.15333129e+05
0.0136389       	2.15286972e+05
0.0136394       	2.15241180e+05
0.01364         	2.15195826e+05
0.0136406       	2.15150958e+05
0.0136411       	2.15106590e+05
0.0136417       	2.15062739e+05
0.0136423       	2.15019412e+05
0.0136428       	2.14976612e+05
0.0136434       	2.14934340e+05
0.013644        	2.14892602e+05
0.0136446       	2.14847564e+05
0.0136451       	2.14808335e+05
0.0136457       	2.14768968e+05
0.0136463       	2.14729826e+05
0.0136468       	2.14691064e+05
0.0136474       	2.14652765e+05
0.013648        	2.14614970e+05
0.0136485       	2.14577700e+05
0.0136491       	2.14540967e+05
0.0136497       	2.14500796e+05
0.0136502       	2.14466612e+05
0.0136508       	2.14432280e+05
0.0136514       	2.14398175e+05
0.0136519       	2.14364454e+05
0.0136525       	2.14331198e+05
0.013653        	2.14298449e+05
0.0136536       	2.14262134e+05
0.0136542       	2.14231938e+05
0.0136547       	2.14201572e+05
0.0136553       	2.14171426e+05
0.0136559       	2.14141666e+05
0.0136564       	2.14108179e+05
0.013657        	2.14080874e+05
0.0136575       	2.14053373e+05
0.0136581       	2.14026079e+05
0.0136587       	2.13999156e+05
0.0136592       	2.13968413e+05
0.0136598       	2.13943946e+05
0.0136603       	2.13919273e+05
0.0136609       	2.13894796e+05
0.0136615       	2.13870678e+05
0.013662        	2.13842637e+05
0.0136626       	2.13820973e+05
0.0136631       	2.13799082e+05
0.0136637       	2.13777372e+05
0.0136642       	2.13756014e+05
0.0136648       	2.13730627e+05
0.0136654       	2.13711714e+05
0.0136659       	2.13692555e+05
0.0136665       	2.13673559e+05
0.013667        	2.13650358e+05
0.0136676       	2.13633662e+05
0.0136681       	2.13616681e+05
0.0136687       	2.13599840e+05
0.0136692       	2.13583319e+05
0.0136698       	2.13567209e+05
0.0136703       	2.13546891e+05
0.0136709       	2.13533275e+05
0.0136714       	2.13519376e+05
0.013672        	2.13505617e+05
0.0136725       	2.13492166e+05
0.0136731       	2.13479112e+05
0.0136736       	2.13461709e+05
0.0136742       	2.13451133e+05
0.0136747       	2.13440247e+05
0.0136753       	2.13429476e+05
0.0136758       	2.13418994e+05
0.0136763       	2.13408889e+05
0.0136769       	2.13399210e+05
0.0136774       	2.13389978e+05
0.013678        	2.13381202e+05
0.0136785       	2.13372889e+05
0.0136791       	2.13365034e+05
0.0136796       	2.13357641e+05
0.0136802       	2.13350702e+05
0.0136807       	2.13344217e+05
0.0136813       	2.13338185e+05
0.0136818       	2.13332601e+05
0.0136824       	2.13327461e+05
0.0136829       	2.13322767e+05
0.0136835       	2.13318513e+05
0.013684        	2.13314697e+05
0.0136846       	2.13311318e+05
0.0136851       	2.13308370e+05
0.0136857       	2.13305853e+05
0.0136862       	2.13303765e+05
0.0136867       	2.13302103e+05
0.0136873       	2.13300866e+05
0.0136878       	2.13300049e+05
0.0136884       	2.13299651e+05
0.0136889       	2.13299671e+05
0.0136895       	2.13300102e+05
0.01369         	2.13300948e+05
0.0136906       	2.13302202e+05
0.0136911       	2.13303861e+05
0.0136917       	2.13305925e+05
0.0136922       	2.13308391e+05
0.0136928       	2.13311258e+05
0.0136933       	2.13314521e+05
0.0136939       	2.13318178e+05
0.0136944       	2.13322228e+05
0.0136949       	2.13320911e+05
0.0136955       	2.13327543e+05
0.013696        	2.13333617e+05
0.0136966       	2.13339631e+05
0.0136971       	2.13345796e+05
0.0136977       	2.13352172e+05
0.0136982       	2.13358934e+05
0.0136988       	2.13366032e+05
0.0136993       	2.13373484e+05
0.0136998       	2.13381296e+05
0.0137004       	2.13389465e+05
0.0137009       	2.13398001e+05
0.0137015       	2.13406895e+05
0.013702        	2.13416144e+05
0.0137026       	2.13425747e+05
0.0137031       	2.13435703e+05
0.0137037       	2.13446010e+05
0.0137042       	2.13456662e+05
0.0137047       	2.13467659e+05
0.0137053       	2.13479001e+05
0.0137058       	2.13490671e+05
0.0137064       	2.13496110e+05
0.0137069       	2.13510395e+05
0.0137075       	2.13523978e+05
0.013708        	2.13537412e+05
0.0137085       	2.13550923e+05
0.0137091       	2.13564632e+05
0.0137096       	2.13578598e+05
0.0137102       	2.13592858e+05
0.0137107       	2.13607424e+05
0.0137112       	2.13622302e+05
0.0137118       	2.13630490e+05
0.0137123       	2.13648008e+05
0.0137129       	2.13664759e+05
0.0137134       	2.13681317e+05
0.0137139       	2.13697914e+05
0.0137145       	2.13714683e+05
0.013715        	2.13731687e+05
0.0137156       	2.13748960e+05
0.0137161       	2.13766470e+05
0.0137166       	2.13784300e+05
0.0137172       	2.13802432e+05
0.0137177       	2.13820863e+05
0.0137182       	2.13839594e+05
0.0137188       	2.13850948e+05
0.0137193       	2.13872446e+05
0.0137198       	2.13893053e+05
0.0137204       	2.13913387e+05
0.0137209       	2.13933710e+05
0.0137214       	2.13954162e+05
0.013722        	2.13974807e+05
0.0137225       	2.13995701e+05
0.013723        	2.14016854e+05
0.0137236       	2.14038274e+05
0.0137241       	2.14059967e+05
0.0137247       	2.14081934e+05
0.0137252       	2.14104166e+05
0.0137257       	2.14126671e+05
0.0137263       	2.14149444e+05
0.0137268       	2.14172479e+05
0.0137273       	2.14195781e+05
0.0137279       	2.14219348e+05
0.0137284       	2.14243177e+05
0.0137289       	2.14267263e+05
0.0137295       	2.14291610e+05
0.01373         	2.14316216e+05
0.0137305       	2.14341081e+05
0.0137311       	2.14366202e+05
0.0137316       	2.14391581e+05
0.0137321       	2.14417216e+05
0.0137327       	2.14443100e+05
0.0137332       	2.14469239e+05
0.0137337       	2.14495633e+05
0.0137343       	2.14522279e+05
0.0137348       	2.14549177e+05
0.0137353       	2.14586105e+05
0.0137359       	2.14610883e+05
0.0137364       	2.14637376e+05
0.013737        	2.14664801e+05
0.0137375       	2.14692836e+05
0.013738        	2.14721304e+05
0.0137386       	2.14750113e+05
0.0137391       	2.14779211e+05
0.0137397       	2.14808579e+05
0.0137402       	2.14838197e+05
0.0137407       	2.14868071e+05
0.0137413       	2.14898192e+05
0.0137418       	2.14928558e+05
0.0137423       	2.14959173e+05
0.0137429       	2.14990038e+05
0.0137434       	2.15021148e+05
0.013744        	2.15052514e+05
0.0137445       	2.15084128e+05
0.013745        	2.15115994e+05
0.0137456       	2.15148104e+05
0.0137461       	2.15180469e+05
0.0137467       	2.15213090e+05
0.0137472       	2.15245964e+05
0.0137477       	2.15278998e+05
0.0137483       	2.15312503e+05
0.0137488       	2.15346193e+05
0.0137494       	2.15380175e+05
0.0137499       	2.15414395e+05
0.0137504       	2.15448876e+05
0.013751        	2.15483605e+05
0.0137515       	2.15518594e+05
0.013752        	2.15553832e+05
0.0137526       	2.15589331e+05
0.0137531       	2.15625089e+05
0.0137537       	2.15661105e+05
0.0137542       	2.15697374e+05
0.0137547       	2.15733895e+05
0.0137553       	2.15770675e+05
0.0137558       	2.15807720e+05
0.0137564       	2.15845021e+05
0.0137569       	2.15882583e+05
0.0137574       	2.15920403e+05
0.013758        	2.15958484e+05
0.0137585       	2.15996820e+05
0.0137591       	2.16035422e+05
0.0137596       	2.16074287e+05
0.0137601       	2.16113413e+05
0.0137607       	2.16152802e+05
0.0137612       	2.16192454e+05
0.0137617       	2.16232371e+05
0.0137623       	2.16272547e+05
0.0137628       	2.16312987e+05
0.0137634       	2.16353696e+05
0.0137639       	2.16394670e+05
0.0137644       	2.16435907e+05
0.013765        	2.16477409e+05
0.0137655       	2.16519178e+05
0.0137661       	2.16561214e+05
0.0137666       	2.16603514e+05
0.0137671       	2.16646094e+05
0.0137677       	2.16688935e+05
0.0137682       	2.16732036e+05
0.0137687       	2.16775412e+05
0.0137693       	2.16819051e+05
0.0137698       	2.16862974e+05
0.0137704       	2.16907154e+05
0.0137709       	2.16951610e+05
0.0137714       	2.16996329e+05
0.013772        	2.17041326e+05
0.0137725       	2.17086592e+05
0.0137731       	2.17132131e+05
0.0137736       	2.17177962e+05
0.0137741       	2.17224040e+05
0.0137747       	2.17270025e+05
0.0137752       	2.17316377e+05
0.0137758       	2.17363023e+05
0.0137763       	2.17409943e+05
0.0137768       	2.17457131e+05
0.0137774       	2.17504595e+05
0.0137779       	2.17552321e+05
0.0137784       	2.17600318e+05
0.013779        	2.17648583e+05
0.0137795       	2.17697122e+05
0.0137801       	2.17745924e+05
0.0137806       	2.17795000e+05
0.0137811       	2.17844339e+05
0.0137817       	2.17893954e+05
0.0137822       	2.17943829e+05
0.0137828       	2.17993967e+05
0.0137833       	2.18044375e+05
0.0137838       	2.18095048e+05
0.0137844       	2.18145980e+05
0.0137849       	2.18197173e+05
0.0137855       	2.18248638e+05
0.013786        	2.18300358e+05
0.0137865       	2.18352342e+05
0.0137871       	2.18404585e+05
0.0137876       	2.18457089e+05
0.0137881       	2.18509850e+05
0.0137887       	2.18562860e+05
0.0137892       	2.18616144e+05
0.0137898       	2.18669668e+05
0.0137903       	2.18723439e+05
0.0137908       	2.18777468e+05
0.0137914       	2.18831755e+05
0.0137919       	2.18886286e+05
0.0137925       	2.18941073e+05
0.013793        	2.18996099e+05
0.0137935       	2.19051371e+05
0.0137941       	2.19106889e+05
0.0137946       	2.19162645e+05
0.0137952       	2.19218645e+05
0.0137957       	2.19274892e+05
0.0137962       	2.19331364e+05
0.0137968       	2.19388076e+05
0.0137973       	2.19445015e+05
0.0137978       	2.19502196e+05
0.0137984       	2.19559601e+05
0.0137989       	2.19617231e+05
0.0137995       	2.19675080e+05
0.0138          	2.19733158e+05
0.0138006       	2.19843404e+05
0.0138011       	2.19893254e+05
0.0138017       	2.19946682e+05
0.0138023       	2.20003301e+05
0.0138028       	2.20064350e+05
0.0138034       	2.20122745e+05
0.0138039       	2.20182395e+05
0.0138045       	2.20246257e+05
0.0138051       	2.20306134e+05
0.0138056       	2.20366822e+05
0.0138062       	2.20427970e+05
0.0138068       	2.20493039e+05
0.0138074       	2.20553896e+05
0.0138079       	2.20615568e+05
0.0138085       	2.20677979e+05
0.0138091       	2.20744581e+05
0.0138096       	2.20807063e+05
0.0138102       	2.20870445e+05
0.0138108       	2.20934400e+05
0.0138113       	2.21002518e+05
0.0138119       	2.21066410e+05
0.0138125       	2.21131173e+05
0.0138131       	2.21196476e+05
0.0138136       	2.21262178e+05
0.0138142       	2.21328202e+05
0.0138148       	2.21398310e+05
0.0138153       	2.21463937e+05
0.0138159       	2.21530258e+05
0.0138165       	2.21596979e+05
0.0138171       	2.21663972e+05
0.0138176       	2.21731169e+05
0.0138182       	2.21802425e+05
0.0138188       	2.21869040e+05
0.0138194       	2.21936377e+05
0.0138199       	2.22004109e+05
0.0138205       	2.22072101e+05
0.0138211       	2.22140280e+05
0.0138217       	2.22208610e+05
0.0138222       	2.22281061e+05
0.0138228       	2.22348720e+05
0.0138234       	2.22417087e+05
0.013824        	2.22485830e+05
0.0138246       	2.22554810e+05
0.0138251       	2.22623797e+05
0.0138257       	2.22697019e+05
0.0138263       	2.22765351e+05
0.0138269       	2.22834535e+05
0.0138274       	2.22904054e+05
0.013828        	2.22973656e+05
0.0138286       	2.23043403e+05
0.0138292       	2.23117433e+05
0.0138298       	2.23186404e+05
0.0138303       	2.23256071e+05
0.0138309       	2.23326077e+05
0.0138315       	2.23396273e+05
0.0138321       	2.23470842e+05
0.0138327       	2.23540237e+05
0.0138333       	2.23610320e+05
0.0138338       	2.23680720e+05
0.0138344       	2.23755617e+05
0.013835        	2.23825265e+05
0.0138356       	2.23895606e+05
0.0138362       	2.23966251e+05
0.0138368       	2.24041446e+05
0.0138374       	2.24111277e+05
0.0138379       	2.24181782e+05
0.0138385       	2.24252564e+05
0.0138391       	2.24327936e+05
0.0138397       	2.24397832e+05
0.0138403       	2.24468385e+05
0.0138409       	2.24543734e+05
0.0138415       	2.24613593e+05
0.0138421       	2.24684141e+05
0.0138427       	2.24759550e+05
0.0138433       	2.24829379e+05
0.0138439       	2.24904539e+05
0.0138444       	2.24974218e+05
0.013845        	2.25044661e+05
0.0138456       	2.25120091e+05
0.0138462       	2.25189778e+05
0.0138468       	2.25264902e+05
0.0138474       	2.25334373e+05
0.013848        	2.25404594e+05
0.0138486       	2.25479893e+05
0.0138492       	2.25549259e+05
0.0138499       	2.25624167e+05
0.0138505       	2.25693234e+05
0.0138511       	2.25763036e+05
0.0138517       	2.25838013e+05
0.0138523       	2.25906855e+05
0.0138529       	2.25981354e+05
0.0138535       	2.26049811e+05
0.0138541       	2.26124068e+05
0.0138547       	2.26192239e+05
0.0138553       	2.26261147e+05
0.013856        	2.26335390e+05
0.0138566       	2.26403193e+05
0.0138572       	2.26476833e+05
0.0138578       	2.26544123e+05
0.0138584       	2.26612112e+05
0.013859        	2.26685542e+05
0.0138597       	2.26752293e+05
0.0138603       	2.26825016e+05
0.0138609       	2.26891154e+05
0.0138615       	2.26957978e+05
0.0138622       	2.27030368e+05
0.0138628       	2.27095829e+05
0.0138634       	2.27167411e+05
0.0138641       	2.27232159e+05
0.0138647       	2.27297580e+05
0.0138653       	2.27368701e+05
0.0138659       	2.27432629e+05
0.0138666       	2.27502837e+05
0.0138672       	2.27565947e+05
0.0138679       	2.27629716e+05
0.0138685       	2.27699331e+05
0.0138691       	2.27761468e+05
0.0138698       	2.27824151e+05
0.0138704       	2.27892721e+05
0.0138711       	2.27953616e+05
0.0138717       	2.28021063e+05
0.0138723       	2.28080952e+05
0.013873        	2.28141488e+05
0.0138736       	2.28208133e+05
0.0138743       	2.28266820e+05
0.0138749       	2.28326038e+05
0.0138756       	2.28385149e+05
0.0138762       	2.28450191e+05
0.0138769       	2.28506882e+05
0.0138775       	2.28564029e+05
0.0138782       	2.28627447e+05
0.0138788       	2.28682428e+05
0.0138795       	2.28737916e+05
0.0138802       	2.28799818e+05
0.0138808       	2.28853089e+05
0.0138815       	2.28906868e+05
0.0138821       	2.28960473e+05
0.0138828       	2.29020377e+05
0.0138835       	2.29071245e+05
0.0138841       	2.29122558e+05
0.0138848       	2.29173648e+05
0.0138854       	2.29231189e+05
0.0138861       	2.29279400e+05
0.0138868       	2.29328057e+05
0.0138874       	2.29376470e+05
0.0138881       	2.29424362e+05
0.0138888       	2.29478788e+05
0.0138894       	2.29523456e+05
0.0138901       	2.29568550e+05
0.0138908       	2.29613371e+05
0.0138915       	2.29657686e+05
0.0138921       	2.29708742e+05
0.0138928       	2.29749637e+05
0.0138935       	2.29790967e+05
0.0138942       	2.29832003e+05
0.0138948       	2.29872457e+05
0.0138955       	2.29919927e+05
0.0138962       	2.29956833e+05
0.0138969       	2.29994236e+05
0.0138975       	2.30031350e+05
0.0138982       	2.30067730e+05
0.0138989       	2.30111402e+05
0.0138996       	2.30144032e+05
0.0139003       	2.30177137e+05
0.013901        	2.30209947e+05
0.0139016       	2.30242146e+05
0.0139023       	2.30281971e+05
0.013903        	2.30310306e+05
0.0139037       	2.30339181e+05
0.0139044       	2.30367759e+05
0.0139051       	2.30395712e+05
0.0139058       	2.30431628e+05
0.0139065       	2.30455545e+05
0.0139072       	2.30480048e+05
0.0139078       	2.30504261e+05
0.0139085       	2.30527841e+05
0.0139092       	2.30559759e+05
0.0139099       	2.30579131e+05
0.0139106       	2.30599148e+05
0.0139113       	2.30618890e+05
0.013912        	2.30637998e+05
0.0139127       	2.30665860e+05
0.0139134       	2.30680587e+05
0.0139141       	2.30696031e+05
0.0139148       	2.30711223e+05
0.0139156       	2.30725789e+05
0.0139163       	2.30749562e+05
0.013917        	2.30759557e+05
0.0139177       	2.30770349e+05
0.0139184       	2.30780916e+05
0.0139191       	2.30790867e+05
0.0139198       	2.30810540e+05
0.0139205       	2.30815743e+05
0.0139212       	2.30821847e+05
0.013922        	2.30827772e+05
0.0139227       	2.30833104e+05
0.0139234       	2.30848733e+05
0.0139241       	2.30849132e+05
0.0139248       	2.30850554e+05
0.0139256       	2.30851852e+05
0.0139263       	2.30852590e+05
0.013927        	2.30864266e+05
0.0139278       	2.30859874e+05
0.0139285       	2.30856647e+05
0.0139292       	2.30853362e+05
0.0139299       	2.30849558e+05
0.0139307       	2.30857412e+05
0.0139314       	2.30848268e+05
0.0139322       	2.30840452e+05
0.0139329       	2.30832658e+05
0.0139336       	2.30824395e+05
0.0139344       	2.30815447e+05
0.0139351       	2.30819026e+05
0.0139359       	2.30804335e+05
0.0139366       	2.30791185e+05
0.0139373       	2.30778168e+05
0.0139381       	2.30764758e+05
0.0139388       	2.30750726e+05
0.0139396       	2.30750342e+05
0.0139404       	2.30730261e+05
0.0139411       	2.30712001e+05
0.0139419       	2.30694039e+05
0.0139426       	2.30675753e+05
0.0139434       	2.30656890e+05
0.0139441       	2.30637354e+05
0.0139449       	2.30632633e+05
0.0139457       	2.30606242e+05
0.0139464       	2.30582180e+05
0.0139472       	2.30558636e+05
0.013948        	2.30534965e+05
0.0139487       	2.30510826e+05
0.0139495       	2.30486109e+05
0.0139502       	2.30460788e+05
0.013951        	2.30434862e+05
0.0139518       	2.30408345e+05
0.0139526       	2.30399608e+05
0.0139533       	2.30365818e+05
0.0139541       	2.30334868e+05
0.0139549       	2.30304716e+05
0.0139557       	2.30274610e+05
0.0139564       	2.30244230e+05
0.0139572       	2.30213452e+05
0.013958        	2.30182237e+05
0.0139588       	2.30150584e+05
0.0139596       	2.30118507e+05
0.0139603       	2.30086025e+05
0.0139611       	2.30053160e+05
0.0139619       	2.30019933e+05
0.0139627       	2.29986364e+05
0.0139634       	2.29952475e+05
0.0139642       	2.29918284e+05
0.013965        	2.29908502e+05
0.0139658       	2.29865172e+05
0.0139666       	2.29826273e+05
0.0139674       	2.29788952e+05
0.0139682       	2.29752164e+05
0.013969        	2.29715468e+05
0.0139698       	2.29678691e+05
0.0139706       	2.29641780e+05
0.0139714       	2.29604728e+05
0.0139722       	2.29567549e+05
0.013973        	2.29530266e+05
0.0139738       	2.29492901e+05
0.0139746       	2.29455477e+05
0.0139754       	2.29418016e+05
0.0139761       	2.29380539e+05
0.0139769       	2.29343066e+05
0.0139777       	2.29305618e+05
0.0139785       	2.29268212e+05
0.0139793       	2.29230869e+05
0.0139801       	2.29193607e+05
0.0139809       	2.29156443e+05
0.0139817       	2.29119397e+05
0.0139825       	2.29082485e+05
0.0139833       	2.29045726e+05
0.0139841       	2.29009136e+05
0.0139849       	2.28972733e+05
0.0139857       	2.28936533e+05
0.0139865       	2.28900554e+05
0.0139873       	2.28864812e+05
0.0139881       	2.28829323e+05
0.0139889       	2.28794104e+05
0.0139897       	2.28759170e+05
0.0139905       	2.28724537e+05
0.0139913       	2.28690220e+05
0.013992        	2.28656235e+05
0.0139928       	2.28622596e+05
0.0139936       	2.28589322e+05
0.0139944       	2.28556424e+05
0.0139952       	2.28523917e+05
0.013996        	2.28491815e+05
0.0139968       	2.28460129e+05
0.0139976       	2.28428873e+05
0.0139984       	2.28398059e+05
0.0139992       	2.28367701e+05
0.014           	2.28337809e+05
0.0140008       	2.28374560e+05
0.0140017       	2.28325610e+05
0.0140025       	2.28285076e+05
0.0140034       	2.28255569e+05
0.0140043       	2.28223004e+05
0.0140051       	2.28197255e+05
0.014006        	2.28166669e+05
0.0140068       	2.28142297e+05
0.0140077       	2.28112833e+05
0.0140086       	2.28089603e+05
0.0140094       	2.28065776e+05
0.0140103       	2.28037554e+05
0.0140112       	2.28015982e+05
0.0140121       	2.27989391e+05
0.0140129       	2.27969320e+05
0.0140138       	2.27944122e+05
0.0140147       	2.27925494e+05
0.0140156       	2.27901701e+05
0.0140165       	2.27884553e+05
0.0140174       	2.27862210e+05
0.0140182       	2.27841874e+05
0.0140191       	2.27822787e+05
0.01402         	2.27809437e+05
0.0140209       	2.27790442e+05
0.0140218       	2.27773367e+05
0.0140227       	2.27757522e+05
0.0140236       	2.27742670e+05
0.0140245       	2.27728718e+05
0.0140254       	2.27720514e+05
0.0140263       	2.27706482e+05
0.0140272       	2.27694412e+05
0.0140281       	2.27683600e+05
0.0140289       	2.27673797e+05
0.0140298       	2.27664904e+05
0.0140307       	2.27656883e+05
0.0140316       	2.27649718e+05
0.0140325       	2.27643403e+05
0.0140334       	2.27637934e+05
0.0140343       	2.27633308e+05
0.0140352       	2.27629519e+05
0.0140361       	2.27626564e+05
0.014037        	2.27624437e+05
0.0140379       	2.27623130e+05
0.0140388       	2.27622638e+05
0.0140397       	2.27628197e+05
0.0140406       	2.27627420e+05
0.0140415       	2.27628644e+05
0.0140424       	2.27631088e+05
0.0140433       	2.27634472e+05
0.0140442       	2.27638678e+05
0.0140451       	2.27643657e+05
0.014046        	2.27649385e+05
0.0140469       	2.27655846e+05
0.0140478       	2.27663031e+05
0.0140487       	2.27670930e+05
0.0140496       	2.27679532e+05
0.0140505       	2.27688824e+05
0.0140514       	2.27698795e+05
0.0140523       	2.27709431e+05
0.0140532       	2.27720720e+05
0.0140541       	2.27738333e+05
0.014055        	2.27748881e+05
0.0140559       	2.27761373e+05
0.0140568       	2.27774939e+05
0.0140577       	2.27789268e+05
0.0140586       	2.27804225e+05
0.0140596       	2.27819752e+05
0.0140605       	2.27835818e+05
0.0140614       	2.27852404e+05
0.0140623       	2.27875479e+05
0.0140632       	2.27890967e+05
0.0140641       	2.27908347e+05
0.014065        	2.27926692e+05
0.0140659       	2.27945668e+05
0.0140668       	2.27965133e+05
0.0140677       	2.27985025e+05
0.0140687       	2.28011563e+05
0.0140696       	2.28030045e+05
0.0140705       	2.28050380e+05
0.0140714       	2.28071584e+05
0.0140723       	2.28093306e+05
0.0140733       	2.28115400e+05
0.0140742       	2.28137800e+05
0.0140751       	2.28167025e+05
0.014076        	2.28187673e+05
0.014077        	2.28210135e+05
0.0140779       	2.28233371e+05
0.0140788       	2.28257010e+05
0.0140797       	2.28280897e+05
0.0140807       	2.28304965e+05
0.0140816       	2.28329180e+05
0.0140825       	2.28353521e+05
0.0140834       	2.28384962e+05
0.0140844       	2.28407074e+05
0.0140853       	2.28430963e+05
0.0140862       	2.28455504e+05
0.0140872       	2.28480300e+05
0.0140881       	2.28505185e+05
0.014089        	2.28530091e+05
0.01409         	2.28554981e+05
0.0140909       	2.28579837e+05
0.0140918       	2.28597134e+05
0.0140927       	2.28624506e+05
0.0140937       	2.28649931e+05
0.0140946       	2.28674645e+05
0.0140955       	2.28699017e+05
0.0140964       	2.28723190e+05
0.0140974       	2.28739355e+05
0.0140983       	2.28765971e+05
0.0140992       	2.28790519e+05
0.0141001       	2.28814220e+05
0.014101        	2.28837482e+05
0.0141019       	2.28852291e+05
0.0141028       	2.28877900e+05
0.0141037       	2.28901302e+05
0.0141047       	2.28923762e+05
0.0141056       	2.28945712e+05
0.0141065       	2.28967312e+05
0.0141074       	2.28980039e+05
0.0141083       	2.29004082e+05
0.0141092       	2.29025761e+05
0.0141101       	2.29046392e+05
0.014111        	2.29066431e+05
0.0141119       	2.29077113e+05
0.0141128       	2.29099555e+05
0.0141136       	2.29119488e+05
0.0141145       	2.29138292e+05
0.0141154       	2.29156441e+05
0.0141163       	2.29164788e+05
0.0141172       	2.29185414e+05
0.0141181       	2.29203416e+05
0.0141189       	2.29220219e+05
0.0141198       	2.29236319e+05
0.0141207       	2.29242156e+05
0.0141216       	2.29260856e+05
0.0141224       	2.29276810e+05
0.0141233       	2.29291503e+05
0.0141242       	2.29305455e+05
0.0141251       	2.29318871e+05
0.0141259       	2.29321488e+05
0.0141268       	2.29337798e+05
0.0141276       	2.29351212e+05
0.0141285       	2.29363291e+05
0.0141294       	2.29374584e+05
0.0141302       	2.29385313e+05
0.0141311       	2.29384566e+05
0.0141319       	2.29398435e+05
0.0141328       	2.29409249e+05
0.0141336       	2.29418656e+05
0.0141345       	2.29427242e+05
0.0141353       	2.29435246e+05
0.0141362       	2.29431019e+05
0.014137        	2.29442471e+05
0.0141378       	2.29450699e+05
0.0141387       	2.29457450e+05
0.0141395       	2.29463349e+05
0.0141404       	2.29468656e+05
0.0141412       	2.29460871e+05
0.014142        	2.29469996e+05
0.0141429       	2.29475712e+05
0.0141437       	2.29479880e+05
0.0141445       	2.29483192e+05
0.0141453       	2.29485868e+05
0.0141462       	2.29488075e+05
0.014147        	2.29476040e+05
0.0141478       	2.29482638e+05
0.0141486       	2.29485576e+05
0.0141494       	2.29486868e+05
0.0141502       	2.29487246e+05
0.0141511       	2.29487020e+05
0.0141519       	2.29471275e+05
0.0141527       	2.29475961e+05
0.0141535       	2.29476676e+05
0.0141543       	2.29475678e+05
0.0141551       	2.29473738e+05
0.0141559       	2.29471194e+05
0.0141567       	2.29468187e+05
0.0141575       	2.29464771e+05
0.0141583       	2.29443909e+05
0.0141591       	2.29446329e+05
0.0141598       	2.29444427e+05
0.0141606       	2.29440627e+05
0.0141614       	2.29435820e+05
0.0141622       	2.29430398e+05
0.014163        	2.29424521e+05
0.0141638       	2.29418256e+05
0.0141646       	2.29411625e+05
0.0141653       	2.29384471e+05
0.0141661       	2.29385010e+05
0.0141669       	2.29380582e+05
0.0141676       	2.29374001e+05
0.0141684       	2.29366317e+05
0.0141692       	2.29357991e+05
0.01417         	2.29349222e+05
0.0141707       	2.29340088e+05
0.0141715       	2.29330621e+05
0.0141723       	2.29320828e+05
0.014173        	2.29310710e+05
0.0141738       	2.29300266e+05
0.0141746       	2.29262721e+05
0.0141753       	2.29262199e+05
0.0141761       	2.29255310e+05
0.0141768       	2.29245708e+05
0.0141776       	2.29234768e+05
0.0141783       	2.29223109e+05
0.014179        	2.29211001e+05
0.0141798       	2.29198556e+05
0.0141805       	2.29185816e+05
0.0141813       	2.29172795e+05
0.014182        	2.29159493e+05
0.0141828       	2.29145909e+05
0.0141835       	2.29132040e+05
0.0141843       	2.29117885e+05
0.014185        	2.29103443e+05
0.0141858       	2.29088713e+05
0.0141865       	2.29073697e+05
0.0141873       	2.29058395e+05
0.014188        	2.29042809e+05
0.0141888       	2.29026939e+05
0.0141895       	2.29010788e+05
0.0141903       	2.28994358e+05
0.014191        	2.28977649e+05
0.0141918       	2.28960664e+05
0.0141925       	2.28943404e+05
0.0141933       	2.28925871e+05
0.014194        	2.28908066e+05
0.0141948       	2.28889991e+05
0.0141955       	2.28871647e+05
0.0141963       	2.28853036e+05
0.014197        	2.28834159e+05
0.0141978       	2.28815017e+05
0.0141985       	2.28795568e+05
0.0141993       	2.28775937e+05
0.0142          	2.28756006e+05
0.0142007       	2.28683052e+05
0.0142014       	2.28684173e+05
0.0142021       	2.28673282e+05
0.0142028       	2.28654002e+05
0.0142035       	2.28637037e+05
0.0142042       	2.28614852e+05
0.0142049       	2.28596497e+05
0.0142056       	2.28576939e+05
0.0142063       	2.28553418e+05
0.014207        	2.28534271e+05
0.0142077       	2.28514123e+05
0.0142084       	2.28490056e+05
0.0142091       	2.28470404e+05
0.0142098       	2.28449717e+05
0.0142105       	2.28428493e+05
0.0142112       	2.28403491e+05
0.0142119       	2.28383017e+05
0.0142126       	2.28361542e+05
0.0142133       	2.28336079e+05
0.014214        	2.28315093e+05
0.0142147       	2.28293057e+05
0.0142154       	2.28270451e+05
0.0142161       	2.28243993e+05
0.0142167       	2.28222136e+05
0.0142174       	2.28199255e+05
0.0142181       	2.28172324e+05
0.0142188       	2.28149945e+05
0.0142195       	2.28126500e+05
0.0142202       	2.28102476e+05
0.0142209       	2.28078075e+05
0.0142215       	2.28049830e+05
0.0142222       	2.28026297e+05
0.0142229       	2.28001762e+05
0.0142236       	2.27976652e+05
0.0142243       	2.27947587e+05
0.014225        	2.27923265e+05
0.0142256       	2.27897885e+05
0.0142263       	2.27871922e+05
0.014227        	2.27845558e+05
0.0142277       	2.27815277e+05
0.0142284       	2.27789840e+05
0.014229        	2.27763343e+05
0.0142297       	2.27736257e+05
0.0142304       	2.27708762e+05
0.0142311       	2.27677295e+05
0.0142317       	2.27650737e+05
0.0142324       	2.27623097e+05
0.0142331       	2.27594853e+05
0.0142338       	2.27566187e+05
0.0142345       	2.27537186e+05
0.0142351       	2.27504183e+05
0.0142358       	2.27476186e+05
0.0142365       	2.27447088e+05
0.0142371       	2.27417368e+05
0.0142378       	2.27387210e+05
0.0142385       	2.27352948e+05
0.0142392       	2.27323745e+05
0.0142398       	2.27293409e+05
0.0142405       	2.27262432e+05
0.0142412       	2.27231003e+05
0.0142418       	2.27195406e+05
0.0142425       	2.27164941e+05
0.0142432       	2.27133319e+05
0.0142438       	2.27101041e+05
0.0142445       	2.27068296e+05
0.0142452       	2.27035176e+05
0.0142458       	2.26997849e+05
0.0142465       	2.26965768e+05
0.0142472       	2.26932508e+05
0.0142478       	2.26898571e+05
0.0142485       	2.26864150e+05
0.0142492       	2.26829337e+05
0.0142498       	2.26790231e+05
0.0142505       	2.26756472e+05
0.0142511       	2.26721503e+05
0.0142518       	2.26685836e+05
0.0142525       	2.26649668e+05
0.0142531       	2.26613094e+05
0.0142538       	2.26572135e+05
0.0142544       	2.26536636e+05
0.0142551       	2.26499896e+05
0.0142558       	2.26462437e+05
0.0142564       	2.26424463e+05
0.0142571       	2.26381979e+05
0.0142577       	2.26345035e+05
0.0142584       	2.26306817e+05
0.014259        	2.26267864e+05
0.0142597       	2.26228382e+05
0.0142604       	2.26184306e+05
0.014261        	2.26145878e+05
0.0142617       	2.26106154e+05
0.0142623       	2.26065678e+05
0.014263        	2.26024665e+05
0.0142636       	2.25978971e+05
0.0142643       	2.25939037e+05
0.0142649       	2.25897784e+05
0.0142656       	2.25855766e+05
0.0142662       	2.25813199e+05
0.0142669       	2.25765858e+05
0.0142675       	2.25724394e+05
0.0142681       	2.25681585e+05
0.0142688       	2.25637993e+05
0.0142694       	2.25593838e+05
0.0142701       	2.25544815e+05
0.0142707       	2.25501795e+05
0.0142714       	2.25457408e+05
0.014272        	2.25412222e+05
0.0142727       	2.25366466e+05
0.0142733       	2.25315743e+05
0.0142739       	2.25271155e+05
0.0142746       	2.25225177e+05
0.0142752       	2.25178389e+05
0.0142759       	2.25131020e+05
0.0142765       	2.25083180e+05
0.0142771       	2.25030303e+05
0.0142778       	2.24983759e+05
0.0142784       	2.24935804e+05
0.014279        	2.24887026e+05
0.0142797       	2.24837658e+05
0.0142803       	2.24787811e+05
0.0142809       	2.24732799e+05
0.0142816       	2.24684301e+05
0.0142822       	2.24634364e+05
0.0142828       	2.24583588e+05
0.0142835       	2.24532211e+05
0.0142841       	2.24480348e+05
0.0142847       	2.24428052e+05
0.0142854       	2.24375351e+05
0.014286        	2.24317343e+05
0.0142866       	2.24266130e+05
0.0142873       	2.24213441e+05
0.0142879       	2.24159892e+05
0.0142885       	2.24105726e+05
0.0142892       	2.24051063e+05
0.0142898       	2.23995959e+05
0.0142904       	2.23940438e+05
0.014291        	2.23884512e+05
0.0142917       	2.23828184e+05
0.0142923       	2.23771453e+05
0.0142929       	2.23714320e+05
0.0142936       	2.23656780e+05
0.0142942       	2.23598833e+05
0.0142948       	2.23540475e+05
0.0142955       	2.23481707e+05
0.0142961       	2.23417224e+05
0.0142967       	2.23360149e+05
0.0142973       	2.23301482e+05
0.014298        	2.23241892e+05
0.0142986       	2.23181647e+05
0.0142992       	2.23120874e+05
0.0142998       	2.23059638e+05
0.0143005       	2.22997969e+05
0.0143011       	2.22935881e+05
0.0143017       	2.22873376e+05
0.0143023       	2.22810459e+05
0.014303        	2.22747128e+05
0.0143036       	2.22683385e+05
0.0143042       	2.22619239e+05
0.0143048       	2.22554707e+05
0.0143055       	2.22489784e+05
0.0143061       	2.22424468e+05
0.0143067       	2.22358760e+05
0.0143074       	2.22292657e+05
0.014308        	2.22226160e+05
0.0143086       	2.22159267e+05
0.0143092       	2.22091978e+05
0.0143099       	2.22024291e+05
0.0143105       	2.21956206e+05
0.0143111       	2.21887725e+05
0.0143117       	2.21818848e+05
0.0143124       	2.21749576e+05
0.014313        	2.21679910e+05
0.0143136       	2.21609847e+05
0.0143142       	2.21539391e+05
0.0143149       	2.21468545e+05
0.0143155       	2.21397310e+05
0.0143161       	2.21325684e+05
0.0143167       	2.21253671e+05
0.0143174       	2.21181270e+05
0.014318        	2.21108491e+05
0.0143186       	2.21035327e+05
0.0143192       	2.20961783e+05
0.0143199       	2.20887861e+05
0.0143205       	2.20813566e+05
0.0143211       	2.20738898e+05
0.0143217       	2.20663864e+05
0.0143224       	2.20588464e+05
0.014323        	2.20512703e+05
0.0143236       	2.20436583e+05
0.0143243       	2.20360109e+05
0.0143249       	2.20283284e+05
0.0143255       	2.20206110e+05
0.0143261       	2.20128595e+05
0.0143268       	2.20050738e+05
0.0143274       	2.19972548e+05
0.014328        	2.19894027e+05
0.0143286       	2.19815180e+05
0.0143293       	2.19736011e+05
0.0143299       	2.19656527e+05
0.0143305       	2.19576730e+05
0.0143311       	2.19496631e+05
0.0143318       	2.19416229e+05
0.0143324       	2.19335529e+05
0.014333        	2.19254539e+05
0.0143336       	2.19173265e+05
0.0143343       	2.19091712e+05
0.0143349       	2.19001274e+05
0.0143355       	2.18923339e+05
0.0143361       	2.18843290e+05
0.0143368       	2.18762193e+05
0.0143374       	2.18680462e+05
0.014338        	2.18598310e+05
0.0143386       	2.18515847e+05
0.0143392       	2.18433129e+05
0.0143399       	2.18350113e+05
0.0143405       	2.18267014e+05
0.0143411       	2.18183651e+05
0.0143417       	2.18100091e+05
0.0143423       	2.18016341e+05
0.014343        	2.17932406e+05
0.0143436       	2.17848292e+05
0.0143442       	2.17764004e+05
0.0143448       	2.17679550e+05
0.0143454       	2.17594936e+05
0.0143461       	2.17510167e+05
0.0143467       	2.17425252e+05
0.0143473       	2.17340197e+05
0.0143479       	2.17255010e+05
0.0143485       	2.17169696e+05
0.0143491       	2.17072759e+05
0.0143498       	2.16992513e+05
0.0143504       	2.16909841e+05
0.014351        	2.16826061e+05
0.0143516       	2.16741704e+05
0.0143522       	2.16657039e+05
0.0143528       	2.16572204e+05
0.0143534       	2.16487266e+05
0.014354        	2.16402262e+05
0.0143547       	2.16317210e+05
0.0143553       	2.16232122e+05
0.0143559       	2.16147005e+05
0.0143565       	2.16061866e+05
0.0143571       	2.15976709e+05
0.0143577       	2.15891541e+05
0.0143583       	2.15806369e+05
0.0143589       	2.15721198e+05
0.0143596       	2.15636036e+05
0.0143602       	2.15550889e+05
0.0143608       	2.15465764e+05
0.0143614       	2.15380668e+05
0.014362        	2.15295609e+05
0.0143626       	2.15210595e+05
0.0143632       	2.15125632e+05
0.0143638       	2.15040728e+05
0.0143645       	2.14955891e+05
0.0143651       	2.14871128e+05
0.0143657       	2.14786447e+05
0.0143663       	2.14701856e+05
0.0143669       	2.14617363e+05
0.0143675       	2.14532975e+05
0.0143681       	2.14448700e+05
0.0143688       	2.14364546e+05
0.0143694       	2.14280521e+05
0.01437         	2.14196633e+05
0.0143706       	2.14112889e+05
0.0143712       	2.14029299e+05
0.0143718       	2.13945868e+05
0.0143724       	2.13862607e+05
0.014373        	2.13779522e+05
0.0143737       	2.13696623e+05
0.0143743       	2.13613916e+05
0.0143749       	2.13531411e+05
0.0143755       	2.13449116e+05
0.0143761       	2.13367038e+05
0.0143767       	2.13285186e+05
0.0143773       	2.13203570e+05
0.0143779       	2.13122195e+05
0.0143786       	2.13041073e+05
0.0143792       	2.12960209e+05
0.0143798       	2.12879615e+05
0.0143804       	2.12799297e+05
0.014381        	2.12719265e+05
0.0143816       	2.12639527e+05
0.0143822       	2.12560091e+05
0.0143828       	2.12480967e+05
0.0143835       	2.12402163e+05
0.0143841       	2.12323688e+05
0.0143847       	2.12245551e+05
0.0143853       	2.12167760e+05
0.0143859       	2.12090324e+05
0.0143865       	2.12013252e+05
0.0143871       	2.11936553e+05
0.0143877       	2.11860237e+05
0.0143884       	2.11784311e+05
0.014389        	2.11708786e+05
0.0143896       	2.11633670e+05
0.0143902       	2.11558972e+05
0.0143908       	2.11484702e+05
0.0143914       	2.11410869e+05
0.014392        	2.11337482e+05
0.0143926       	2.11264550e+05
0.0143933       	2.11192082e+05
0.0143939       	2.11120089e+05
0.0143945       	2.11048579e+05
0.0143951       	2.10977563e+05
0.0143957       	2.10907048e+05
0.0143963       	2.10837045e+05
0.0143969       	2.10767563e+05
0.0143975       	2.10698612e+05
0.0143982       	2.10630201e+05
0.0143988       	2.10562341e+05
0.0143994       	2.10495040e+05
0.0144          	2.10428308e+05
0.0144006       	2.10353328e+05
0.0144012       	2.10291081e+05
0.0144018       	2.10227916e+05
0.0144024       	2.10164685e+05
0.014403        	2.10101736e+05
0.0144036       	2.10039253e+05
0.0144043       	2.09973801e+05
0.0144049       	2.09913775e+05
0.0144055       	2.09853794e+05
0.0144061       	2.09794205e+05
0.0144067       	2.09735152e+05
0.0144073       	2.09676712e+05
0.0144079       	2.09618925e+05
0.0144085       	2.09561820e+05
0.0144091       	2.09501736e+05
0.0144097       	2.09447334e+05
0.0144103       	2.09393044e+05
0.0144109       	2.09339211e+05
0.0144115       	2.09285979e+05
0.0144121       	2.09233425e+05
0.0144127       	2.09181593e+05
0.0144133       	2.09126696e+05
0.0144139       	2.09077679e+05
0.0144145       	2.09028821e+05
0.0144151       	2.08980474e+05
0.0144157       	2.08932784e+05
0.0144163       	2.08885828e+05
0.0144169       	2.08839651e+05
0.0144175       	2.08790325e+05
0.0144181       	2.08747083e+05
0.0144187       	2.08704047e+05
0.0144193       	2.08661571e+05
0.0144199       	2.08619804e+05
0.0144205       	2.08578827e+05
0.0144211       	2.08534603e+05
0.0144217       	2.08496632e+05
0.0144223       	2.08458889e+05
0.0144229       	2.08421740e+05
0.0144235       	2.08385351e+05
0.0144241       	2.08349800e+05
0.0144247       	2.08315132e+05
0.0144253       	2.08277138e+05
0.0144259       	2.08245605e+05
0.0144265       	2.08214353e+05
0.0144271       	2.08183744e+05
0.0144277       	2.08153932e+05
0.0144283       	2.08124997e+05
0.0144289       	2.08096985e+05
0.0144295       	2.08069919e+05
0.0144301       	2.08043816e+05
0.0144307       	2.08018687e+05
0.0144313       	2.07994540e+05
0.0144319       	2.07971381e+05
0.0144325       	2.07949217e+05
0.0144331       	2.07928055e+05
0.0144337       	2.07907903e+05
0.0144343       	2.07888764e+05
0.0144349       	2.07875214e+05
0.0144355       	2.07856787e+05
0.0144361       	2.07840078e+05
0.0144367       	2.07824719e+05
0.0144373       	2.07810561e+05
0.0144379       	2.07797533e+05
0.0144385       	2.07785602e+05
0.0144391       	2.07774754e+05
0.0144397       	2.07764985e+05
0.0144402       	2.07756299e+05
0.0144408       	2.07748699e+05
0.0144414       	2.07742190e+05
0.014442        	2.07736779e+05
0.0144426       	2.07732471e+05
0.0144432       	2.07729273e+05
0.0144438       	2.07727188e+05
0.0144444       	2.07726223e+05
0.014445        	2.07731346e+05
0.0144456       	2.07731282e+05
0.0144462       	2.07733085e+05
0.0144468       	2.07736360e+05
0.0144474       	2.07740948e+05
0.014448        	2.07746770e+05
0.0144486       	2.07753787e+05
0.0144492       	2.07761984e+05
0.0144498       	2.07771354e+05
0.0144504       	2.07781900e+05
0.014451        	2.07793621e+05
0.0144516       	2.07806524e+05
0.0144522       	2.07820610e+05
0.0144528       	2.07835885e+05
0.0144534       	2.07852353e+05
0.014454        	2.07870016e+05
0.0144546       	2.07888880e+05
0.0144552       	2.07908947e+05
0.0144559       	2.07930220e+05
0.0144565       	2.07952702e+05
0.0144571       	2.07976397e+05
0.0144577       	2.08001307e+05
0.0144583       	2.08027435e+05
0.0144589       	2.08054783e+05
0.0144595       	2.08083353e+05
0.0144601       	2.08113149e+05
0.0144607       	2.08144172e+05
0.0144613       	2.08176426e+05
0.0144619       	2.08209910e+05
0.0144625       	2.08244628e+05
0.0144631       	2.08280580e+05
0.0144637       	2.08317770e+05
0.0144643       	2.08356197e+05
0.0144649       	2.08395863e+05
0.0144655       	2.08436770e+05
0.0144661       	2.08478822e+05
0.0144667       	2.08522291e+05
0.0144673       	2.08567071e+05
0.0144679       	2.08613080e+05
0.0144685       	2.08660339e+05
0.0144691       	2.08702774e+05
0.0144697       	2.08753900e+05
0.0144703       	2.08805409e+05
0.0144709       	2.08857769e+05
0.0144715       	2.08911175e+05
0.0144721       	2.08965723e+05
0.0144726       	2.09021464e+05
0.0144732       	2.09078421e+05
0.0144738       	2.09136604e+05
0.0144744       	2.09196017e+05
0.014475        	2.09256660e+05
0.0144756       	2.09318532e+05
0.0144762       	2.09375198e+05
0.0144768       	2.09440902e+05
0.0144774       	2.09506921e+05
0.014478        	2.09573748e+05
0.0144786       	2.09641580e+05
0.0144792       	2.09710521e+05
0.0144798       	2.09780621e+05
0.0144804       	2.09851903e+05
0.014481        	2.09924375e+05
0.0144816       	2.09998041e+05
0.0144822       	2.10072897e+05
0.0144828       	2.10148942e+05
0.0144834       	2.10226172e+05
0.014484        	2.10304581e+05
0.0144846       	2.10384166e+05
0.0144852       	2.10464921e+05
0.0144858       	2.10546843e+05
0.0144863       	2.10629926e+05
0.0144869       	2.10714166e+05
0.0144875       	2.10799555e+05
0.0144881       	2.10886093e+05
0.0144887       	2.10973772e+05
0.0144893       	2.11062583e+05
0.0144899       	2.11152523e+05
0.0144905       	2.11243583e+05
0.0144911       	2.11335769e+05
0.0144917       	2.11429089e+05
0.0144923       	2.11523537e+05
0.0144929       	2.11619104e+05
0.0144935       	2.11715784e+05
0.0144941       	2.11813673e+05
0.0144947       	2.11912463e+05
0.0144953       	2.12012439e+05
0.0144959       	2.12120939e+05
0.0144965       	2.12221740e+05
0.0144971       	2.12324688e+05
0.0144977       	2.12428881e+05
0.0144983       	2.12534653e+05
0.0144989       	2.12641586e+05
0.0144995       	2.12749430e+05
0.0145001       	2.12866261e+05
0.0145007       	2.12974837e+05
0.0145013       	2.13085561e+05
0.0145019       	2.13197793e+05
0.0145025       	2.13311278e+05
0.0145031       	2.13425873e+05
0.0145037       	2.13541505e+05
0.0145043       	2.13658141e+05
0.0145049       	2.13783976e+05
0.0145055       	2.13901084e+05
0.0145061       	2.14020339e+05
0.0145067       	2.14141069e+05
0.0145073       	2.14263098e+05
0.0145079       	2.14386194e+05
0.0145085       	2.14506979e+05
0.0145091       	2.14629407e+05
0.0145097       	2.14753287e+05
0.0145103       	2.14887052e+05
0.014511        	2.15011718e+05
0.0145116       	2.15138756e+05
0.0145122       	2.15267431e+05
0.0145128       	2.15397293e+05
0.0145134       	2.15526649e+05
0.014514        	2.15659213e+05
0.0145146       	2.15791627e+05
0.0145152       	2.15924464e+05
0.0145158       	2.16058082e+05
0.0145164       	2.16192482e+05
0.0145171       	2.16337077e+05
0.0145177       	2.16471481e+05
0.0145183       	2.16608020e+05
0.0145189       	2.16745925e+05
0.0145195       	2.16884382e+05
0.0145201       	2.17023585e+05
0.0145207       	2.17163634e+05
0.0145214       	2.17304395e+05
0.014522        	2.17445835e+05
0.0145226       	2.17587934e+05
0.0145232       	2.17730680e+05
0.0145238       	2.17874060e+05
0.0145244       	2.18018061e+05
0.014525        	2.18162674e+05
0.0145257       	2.18307888e+05
0.0145263       	2.18453690e+05
0.0145269       	2.18600101e+05
0.0145275       	2.18747061e+05
0.0145281       	2.18894531e+05
0.0145287       	2.19042550e+05
0.0145293       	2.19191103e+05
0.01453         	2.19340176e+05
0.0145306       	2.19489753e+05
0.0145312       	2.19639820e+05
0.0145318       	2.19790362e+05
0.0145324       	2.19941367e+05
0.014533        	2.20092818e+05
0.0145336       	2.20244703e+05
0.0145343       	2.20397007e+05
0.0145349       	2.20549717e+05
0.0145355       	2.20690695e+05
0.0145361       	2.20845993e+05
0.0145367       	2.20999883e+05
0.0145373       	2.21153321e+05
0.0145379       	2.21306679e+05
0.0145385       	2.21460173e+05
0.0145391       	2.21613892e+05
0.0145397       	2.21767869e+05
0.0145404       	2.21922110e+05
0.014541        	2.22076610e+05
0.0145416       	2.22231356e+05
0.0145422       	2.22386332e+05
0.0145428       	2.22541523e+05
0.0145434       	2.22696912e+05
0.014544        	2.22852481e+05
0.0145446       	2.23008214e+05
0.0145452       	2.23164094e+05
0.0145458       	2.23320105e+05
0.0145464       	2.23476231e+05
0.014547        	2.23632455e+05
0.0145477       	2.23788761e+05
0.0145483       	2.23945134e+05
0.0145489       	2.24101556e+05
0.0145495       	2.24258011e+05
0.0145501       	2.24414484e+05
0.0145507       	2.24570958e+05
0.0145513       	2.24727416e+05
0.0145519       	2.24883843e+05
0.0145525       	2.25040221e+05
0.0145531       	2.25196535e+05
0.0145537       	2.25352768e+05
0.0145544       	2.25508903e+05
0.014555        	2.25664925e+05
0.0145556       	2.25820816e+05
0.0145562       	2.25976560e+05
0.0145568       	2.26132129e+05
0.0145574       	2.26287522e+05
0.014558        	2.26442720e+05
0.0145586       	2.26597704e+05
0.0145592       	2.26752475e+05
0.0145598       	2.26906975e+05
0.0145604       	2.27061217e+05
0.014561        	2.27215182e+05
0.0145617       	2.27368852e+05
0.0145623       	2.27522230e+05
0.0145629       	2.27675247e+05
0.0145635       	2.27827925e+05
0.0145641       	2.27980242e+05
0.0145647       	2.28132179e+05
0.0145653       	2.28305684e+05
0.0145659       	2.28453428e+05
0.0145666       	2.28604024e+05
0.0145672       	2.28755625e+05
0.0145678       	2.28907461e+05
0.0145684       	2.29059135e+05
0.014569        	2.29210441e+05
0.0145697       	2.29361271e+05
0.0145703       	2.29511565e+05
0.0145709       	2.29661290e+05
0.0145715       	2.29810423e+05
0.0145721       	2.29958946e+05
0.0145727       	2.30106845e+05
0.0145734       	2.30254105e+05
0.014574        	2.30400710e+05
0.0145746       	2.30546651e+05
0.0145752       	2.30691912e+05
0.0145758       	2.30836478e+05
0.0145765       	2.30980335e+05
0.0145771       	2.31123466e+05
0.0145777       	2.31265858e+05
0.0145783       	2.31407494e+05
0.0145789       	2.31548360e+05
0.0145796       	2.31688441e+05
0.0145802       	2.31827723e+05
0.0145808       	2.31966187e+05
0.0145814       	2.32103808e+05
0.014582        	2.32240563e+05
0.0145827       	2.32376433e+05
0.0145833       	2.32511398e+05
0.0145839       	2.32645439e+05
0.0145845       	2.32778541e+05
0.0145851       	2.32910687e+05
0.0145858       	2.33041860e+05
0.0145864       	2.33172032e+05
0.014587        	2.33301184e+05
0.0145876       	2.33429303e+05
0.0145882       	2.33556363e+05
0.0145889       	2.33682351e+05
0.0145895       	2.33807255e+05
0.0145901       	2.33931061e+05
0.0145907       	2.34053759e+05
0.0145913       	2.34175336e+05
0.0145919       	2.34295781e+05
0.0145926       	2.34415082e+05
0.0145932       	2.34533228e+05
0.0145938       	2.34650206e+05
0.0145944       	2.34766006e+05
0.014595        	2.34880618e+05
0.0145957       	2.34994030e+05
0.0145963       	2.35106231e+05
0.0145969       	2.35217213e+05
0.0145975       	2.35326965e+05
0.0145981       	2.35435476e+05
0.0145988       	2.35542737e+05
0.0145994       	2.35648740e+05
0.0146          	2.35753473e+05
0.0146006       	2.35879858e+05
0.0146013       	2.35977429e+05
0.0146019       	2.36073316e+05
0.0146025       	2.36174172e+05
0.0146031       	2.36273819e+05
0.0146038       	2.36372190e+05
0.0146044       	2.36469217e+05
0.014605        	2.36564866e+05
0.0146057       	2.36659120e+05
0.0146063       	2.36751970e+05
0.0146069       	2.36843411e+05
0.0146076       	2.36933437e+05
0.0146082       	2.37017953e+05
0.0146088       	2.37106007e+05
0.0146094       	2.37192007e+05
0.0146101       	2.37276305e+05
0.0146107       	2.37359041e+05
0.0146113       	2.37440280e+05
0.0146119       	2.37520055e+05
0.0146126       	2.37598371e+05
0.0146132       	2.37675232e+05
0.0146138       	2.37750641e+05
0.0146144       	2.37824593e+05
0.0146151       	2.37897086e+05
0.0146157       	2.37968116e+05
0.0146163       	2.38037685e+05
0.014617        	2.38105789e+05
0.0146176       	2.38172425e+05
0.0146182       	2.38237587e+05
0.0146188       	2.38301275e+05
0.0146195       	2.38363484e+05
0.0146201       	2.38424212e+05
0.0146207       	2.38483457e+05
0.0146213       	2.38541217e+05
0.014622        	2.38597488e+05
0.0146226       	2.38652271e+05
0.0146232       	2.38705563e+05
0.0146239       	2.38761934e+05
0.0146245       	2.38811142e+05
0.0146251       	2.38859549e+05
0.0146257       	2.38906757e+05
0.0146264       	2.38952604e+05
0.014627        	2.38997014e+05
0.0146276       	2.39044666e+05
0.0146283       	2.39084940e+05
0.0146289       	2.39124425e+05
0.0146295       	2.39162708e+05
0.0146302       	2.39204456e+05
0.0146308       	2.39238720e+05
0.0146314       	2.39272229e+05
0.0146321       	2.39304547e+05
0.0146327       	2.39340439e+05
0.0146333       	2.39368686e+05
0.014634        	2.39395947e+05
0.0146346       	2.39422480e+05
0.0146352       	2.39452479e+05
0.0146359       	2.39474674e+05
0.0146365       	2.39496141e+05
0.0146372       	2.39516428e+05
0.0146378       	2.39540521e+05
0.0146384       	2.39556642e+05
0.0146391       	2.39572060e+05
0.0146397       	2.39586308e+05
0.0146404       	2.39604575e+05
0.014641        	2.39614511e+05
0.0146417       	2.39623486e+05
0.0146423       	2.39631304e+05
0.0146429       	2.39643228e+05
0.0146436       	2.39646878e+05
0.0146442       	2.39649901e+05
0.0146449       	2.39651814e+05
0.0146455       	2.39657960e+05
0.0146462       	2.39655658e+05
0.0146468       	2.39652753e+05
0.0146475       	2.39648759e+05
0.0146481       	2.39649137e+05
0.0146488       	2.39640896e+05
0.0146494       	2.39632082e+05
0.0146501       	2.39622200e+05
0.0146507       	2.39616838e+05
0.0146514       	2.39602675e+05
0.014652        	2.39587991e+05
0.0146527       	2.39572255e+05
0.0146534       	2.39555291e+05
0.014654        	2.39536988e+05
0.0146547       	2.39523164e+05
0.0146553       	2.39500404e+05
0.014656        	2.39476262e+05
0.0146566       	2.39450859e+05
0.0146573       	2.39424470e+05
0.014658        	2.39396940e+05
0.0146586       	2.39368194e+05
0.0146593       	2.39344370e+05
0.0146599       	2.39311271e+05
0.0146606       	2.39277775e+05
0.0146613       	2.39243507e+05
0.0146619       	2.39208248e+05
0.0146626       	2.39171812e+05
0.0146632       	2.39134206e+05
0.0146639       	2.39095254e+05
0.0146646       	2.39054885e+05
0.0146652       	2.39013276e+05
0.0146659       	2.38970442e+05
0.0146665       	2.38926381e+05
0.0146672       	2.38881091e+05
0.0146679       	2.38834721e+05
0.0146685       	2.38787106e+05
0.0146692       	2.38738272e+05
0.0146698       	2.38688256e+05
0.0146705       	2.38636971e+05
0.0146712       	2.38584592e+05
0.0146718       	2.38531132e+05
0.0146725       	2.38476700e+05
0.0146732       	2.38421021e+05
0.0146738       	2.38364307e+05
0.0146745       	2.38306542e+05
0.0146751       	2.38254579e+05
0.0146758       	2.38192484e+05
0.0146765       	2.38130461e+05
0.0146771       	2.38068010e+05
0.0146778       	2.38004728e+05
0.0146785       	2.37940551e+05
0.0146791       	2.37875442e+05
0.0146798       	2.37809406e+05
0.0146804       	2.37742347e+05
0.0146811       	2.37674544e+05
0.0146818       	2.37605842e+05
0.0146824       	2.37536263e+05
0.0146831       	2.37465833e+05
0.0146838       	2.37394570e+05
0.0146844       	2.37322496e+05
0.0146851       	2.37249630e+05
0.0146858       	2.37175993e+05
0.0146864       	2.37101604e+05
0.0146871       	2.37026481e+05
0.0146878       	2.36950646e+05
0.0146884       	2.36874100e+05
0.0146891       	2.36804327e+05
0.0146898       	2.36723741e+05
0.0146904       	2.36643743e+05
0.0146911       	2.36563529e+05
0.0146918       	2.36482987e+05
0.0146924       	2.36401992e+05
0.0146931       	2.36320473e+05
0.0146938       	2.36238433e+05
0.0146944       	2.36155878e+05
0.0146951       	2.36080542e+05
0.0146958       	2.35994046e+05
0.0146965       	2.35908376e+05
0.0146971       	2.35822794e+05
0.0146978       	2.35737015e+05
0.0146985       	2.35650934e+05
0.0146991       	2.35572477e+05
0.0146998       	2.35482593e+05
0.0147005       	2.35393719e+05
0.0147012       	2.35305071e+05
0.0147019       	2.35216342e+05
0.0147025       	2.35135621e+05
0.0147032       	2.35043241e+05
0.0147039       	2.34952049e+05
0.0147046       	2.34861194e+05
0.0147053       	2.34770385e+05
0.0147059       	2.34687883e+05
0.0147066       	2.34593451e+05
0.0147073       	2.34500368e+05
0.014708        	2.34407751e+05
0.0147087       	2.34315420e+05
0.0147094       	2.34231443e+05
0.0147101       	2.34135362e+05
0.0147108       	2.34040641e+05
0.0147115       	2.33946787e+05
0.0147122       	2.33861898e+05
0.0147129       	2.33764662e+05
0.0147136       	2.33669055e+05
0.0147142       	2.33574146e+05
0.0147149       	2.33479553e+05
0.0147156       	2.33394263e+05
0.0147164       	2.33296107e+05
0.0147171       	2.33199795e+05
0.0147178       	2.33104298e+05
0.0147185       	2.33009253e+05
0.0147192       	2.32923903e+05
0.0147199       	2.32825312e+05
0.0147206       	2.32728774e+05
0.0147213       	2.32633162e+05
0.014722        	2.32538139e+05
0.0147227       	2.32443523e+05
0.0147234       	2.32359005e+05
0.0147241       	2.32260691e+05
0.0147249       	2.32164643e+05
0.0147256       	2.32069716e+05
0.0147263       	2.31975523e+05
0.014727        	2.31881832e+05
0.0147277       	2.31798761e+05
0.0147285       	2.31701362e+05
0.0147292       	2.31606487e+05
0.0147299       	2.31512896e+05
0.0147306       	2.31420142e+05
0.0147313       	2.31328003e+05
0.0147321       	2.31236437e+05
0.0147328       	2.31145389e+05
0.0147335       	2.31065696e+05
0.0147343       	2.30970774e+05
0.014735        	2.30878723e+05
0.0147357       	2.30788166e+05
0.0147364       	2.30698637e+05
0.0147372       	2.30609910e+05
0.0147379       	2.30521904e+05
0.0147386       	2.30434583e+05
0.0147394       	2.30347934e+05
0.0147401       	2.30261974e+05
0.0147408       	2.30176721e+05
0.0147416       	2.30092189e+05
0.0147423       	2.30008397e+05
0.014743        	2.29925354e+05
0.0147437       	2.29843081e+05
0.0147445       	2.29761599e+05
0.0147452       	2.29680902e+05
0.0147459       	2.29601017e+05
0.0147467       	2.29521955e+05
0.0147474       	2.29443712e+05
0.0147481       	2.29379314e+05
0.0147489       	2.29296554e+05
0.0147496       	2.29217660e+05
0.0147504       	2.29140858e+05
0.0147511       	2.29065470e+05
0.0147518       	2.28991229e+05
0.0147526       	2.28918003e+05
0.0147533       	2.28845745e+05
0.0147541       	2.28774445e+05
0.0147548       	2.28704110e+05
0.0147555       	2.28634739e+05
0.0147563       	2.28566348e+05
0.014757        	2.28498946e+05
0.0147578       	2.28432543e+05
0.0147585       	2.28367149e+05
0.0147593       	2.28302769e+05
0.01476         	2.28239412e+05
0.0147607       	2.28177086e+05
0.0147615       	2.28115796e+05
0.0147622       	2.28055548e+05
0.014763        	2.27996348e+05
0.0147637       	2.27938202e+05
0.0147644       	2.27881113e+05
0.0147652       	2.27825086e+05
0.0147659       	2.27770125e+05
0.0147667       	2.27716234e+05
0.0147674       	2.27663416e+05
0.0147681       	2.27611674e+05
0.0147689       	2.27561013e+05
0.0147696       	2.27511436e+05
0.0147704       	2.27462942e+05
0.0147711       	2.27415534e+05
0.0147718       	2.27369214e+05
0.0147726       	2.27323983e+05
0.0147733       	2.27279842e+05
0.0147741       	2.27236792e+05
0.0147748       	2.27194833e+05
0.0147756       	2.27153965e+05
0.0147763       	2.27114187e+05
0.014777        	2.27075500e+05
0.0147778       	2.27037902e+05
0.0147785       	2.27001391e+05
0.0147793       	2.26965967e+05
0.01478         	2.26931628e+05
0.0147807       	2.26898371e+05
0.0147815       	2.26866194e+05
0.0147822       	2.26835094e+05
0.014783        	2.26805069e+05
0.0147837       	2.26776114e+05
0.0147844       	2.26748227e+05
0.0147852       	2.26721403e+05
0.0147859       	2.26695639e+05
0.0147867       	2.26670930e+05
0.0147874       	2.26647271e+05
0.0147881       	2.26624778e+05
0.0147889       	2.26603085e+05
0.0147896       	2.26582545e+05
0.0147904       	2.26563030e+05
0.0147911       	2.26544544e+05
0.0147919       	2.26527075e+05
0.0147926       	2.26510609e+05
0.0147933       	2.26495152e+05
0.0147941       	2.26480690e+05
0.0147948       	2.26467217e+05
0.0147956       	2.26454720e+05
0.0147963       	2.26443199e+05
0.014797        	2.26432647e+05
0.0147978       	2.26423050e+05
0.0147985       	2.26414403e+05
0.0147993       	2.26406700e+05
0.0148          	2.26399923e+05
0.0148008       	2.26405483e+05
0.0148015       	2.26398102e+05
0.0148023       	2.26390525e+05
0.014803        	2.26385918e+05
0.0148038       	2.26383047e+05
0.0148045       	2.26384355e+05
0.0148053       	2.26382404e+05
0.014806        	2.26382188e+05
0.0148068       	2.26383173e+05
0.0148076       	2.26388099e+05
0.0148083       	2.26389607e+05
0.0148091       	2.26392792e+05
0.0148098       	2.26397150e+05
0.0148106       	2.26405423e+05
0.0148114       	2.26410225e+05
0.0148121       	2.26416708e+05
0.0148129       	2.26424313e+05
0.0148137       	2.26435859e+05
0.0148144       	2.26443807e+05
0.0148152       	2.26453394e+05
0.014816        	2.26464072e+05
0.0148167       	2.26475638e+05
0.0148175       	2.26491016e+05
0.0148183       	2.26502657e+05
0.014819        	2.26515882e+05
0.0148198       	2.26530139e+05
0.0148206       	2.26545119e+05
0.0148214       	2.26560973e+05
0.0148221       	2.26580544e+05
0.0148229       	2.26596166e+05
0.0148237       	2.26613309e+05
0.0148244       	2.26631402e+05
0.0148252       	2.26650223e+05
0.014826        	2.26669665e+05
0.0148268       	2.26692905e+05
0.0148275       	2.26712002e+05
0.0148283       	2.26732557e+05
0.0148291       	2.26753981e+05
0.0148299       	2.26776045e+05
0.0148307       	2.26798639e+05
0.0148314       	2.26821708e+05
0.0148322       	2.26845220e+05
0.014833        	2.26869153e+05
0.0148338       	2.26893493e+05
0.0148345       	2.26918228e+05
0.0148353       	2.26943336e+05
0.0148361       	2.26968801e+05
0.0148369       	2.26994607e+05
0.0148376       	2.27020737e+05
0.0148384       	2.27047175e+05
0.0148392       	2.27073909e+05
0.01484         	2.27100913e+05
0.0148408       	2.27128172e+05
0.0148415       	2.27155670e+05
0.0148423       	2.27183390e+05
0.0148431       	2.27211314e+05
0.0148439       	2.27239428e+05
0.0148446       	2.27267716e+05
0.0148454       	2.27296160e+05
0.0148462       	2.27324743e+05
0.014847        	2.27353448e+05
0.0148477       	2.27378545e+05
0.0148485       	2.27409029e+05
0.0148493       	2.27438517e+05
0.0148501       	2.27467642e+05
0.0148508       	2.27496628e+05
0.0148516       	2.27525565e+05
0.0148524       	2.27554483e+05
0.0148531       	2.27579516e+05
0.0148539       	2.27610038e+05
0.0148547       	2.27639428e+05
0.0148555       	2.27668333e+05
0.0148562       	2.27696989e+05
0.014857        	2.27725486e+05
0.0148578       	2.27753856e+05
0.0148585       	2.27778074e+05
0.0148593       	2.27807896e+05
0.0148601       	2.27836447e+05
0.0148608       	2.27864397e+05
0.0148616       	2.27891988e+05
0.0148623       	2.27919316e+05
0.0148631       	2.27942239e+05
0.0148639       	2.27970878e+05
0.0148646       	2.27998133e+05
0.0148654       	2.28024693e+05
0.0148662       	2.28050806e+05
0.0148669       	2.28076576e+05
0.0148677       	2.28097704e+05
0.0148684       	2.28124688e+05
0.0148692       	2.28150181e+05
0.0148699       	2.28174890e+05
0.0148707       	2.28199071e+05
0.0148714       	2.28218363e+05
0.0148722       	2.28243623e+05
0.0148729       	2.28267300e+05
0.0148737       	2.28290123e+05
0.0148745       	2.28312358e+05
0.0148752       	2.28329503e+05
0.0148759       	2.28352765e+05
0.0148767       	2.28374365e+05
0.0148774       	2.28395047e+05
0.0148782       	2.28415084e+05
0.0148789       	2.28434591e+05
0.0148797       	2.28448818e+05
0.0148804       	2.28469383e+05
0.0148812       	2.28488200e+05
0.0148819       	2.28506028e+05
0.0148826       	2.28523147e+05
0.0148834       	2.28539677e+05
0.0148841       	2.28550681e+05
0.0148849       	2.28568252e+05
0.0148856       	2.28583986e+05
0.0148863       	2.28598666e+05
0.0148871       	2.28612581e+05
0.0148878       	2.28625857e+05
0.0148886       	2.28633351e+05
0.0148893       	2.28647666e+05
0.01489         	2.28660059e+05
0.0148908       	2.28671337e+05
0.0148915       	2.28681800e+05
0.0148922       	2.28691580e+05
0.014893        	2.28700729e+05
0.0148937       	2.28703811e+05
0.0148944       	2.28714058e+05
0.0148951       	2.28722295e+05
0.0148959       	2.28729355e+05
0.0148966       	2.28735543e+05
0.0148973       	2.28741005e+05
0.014898        	2.28745797e+05
0.0148988       	2.28744208e+05
0.0148995       	2.28750149e+05
0.0149002       	2.28753988e+05
0.0149009       	2.28756595e+05
0.0149017       	2.28758292e+05
0.0149024       	2.28759218e+05
0.0149031       	2.28759421e+05
0.0149038       	2.28758956e+05
0.0149046       	2.28757846e+05
0.0149053       	2.28756089e+05
0.014906        	2.28747481e+05
0.0149067       	2.28747097e+05
0.0149074       	2.28744458e+05
0.0149082       	2.28740482e+05
0.0149089       	2.28735526e+05
0.0149096       	2.28729788e+05
0.0149103       	2.28723316e+05
0.014911        	2.28716138e+05
0.0149117       	2.28708241e+05
0.0149125       	2.28699639e+05
0.0149132       	2.28690333e+05
0.0149139       	2.28680316e+05
0.0149146       	2.28669595e+05
0.0149153       	2.28658161e+05
0.014916        	2.28646014e+05
0.0149168       	2.28633151e+05
0.0149175       	2.28619569e+05
0.0149182       	2.28605268e+05
0.0149189       	2.28590245e+05
0.0149196       	2.28574500e+05
0.0149203       	2.28558031e+05
0.0149211       	2.28540836e+05
0.0149218       	2.28522913e+05
0.0149225       	2.28504262e+05
0.0149232       	2.28484883e+05
0.0149239       	2.28464775e+05
0.0149247       	2.28443938e+05
0.0149254       	2.28422368e+05
0.0149261       	2.28400068e+05
0.0149268       	2.28377035e+05
0.0149275       	2.28353272e+05
0.0149282       	2.28328778e+05
0.014929        	2.28303553e+05
0.0149297       	2.28277587e+05
0.0149304       	2.28250895e+05
0.0149311       	2.28215074e+05
0.0149318       	2.28190831e+05
0.0149325       	2.28163760e+05
0.0149332       	2.28135113e+05
0.0149339       	2.28105340e+05
0.0149347       	2.28074549e+05
0.0149354       	2.28043012e+05
0.0149361       	2.28010745e+05
0.0149368       	2.27977763e+05
0.0149375       	2.27944073e+05
0.0149382       	2.27909679e+05
0.0149389       	2.27874578e+05
0.0149396       	2.27838774e+05
0.0149403       	2.27802265e+05
0.014941        	2.27765054e+05
0.0149418       	2.27727141e+05
0.0149425       	2.27688529e+05
0.0149432       	2.27649219e+05
0.0149439       	2.27609215e+05
0.0149446       	2.27568518e+05
0.0149453       	2.27527132e+05
0.014946        	2.27485060e+05
0.0149467       	2.27442305e+05
0.0149474       	2.27398869e+05
0.0149482       	2.27354757e+05
0.0149489       	2.27309969e+05
0.0149496       	2.27264513e+05
0.0149503       	2.27218391e+05
0.014951        	2.27171607e+05
0.0149517       	2.27112286e+05
0.0149524       	2.27069991e+05
0.0149531       	2.27024115e+05
0.0149538       	2.26976397e+05
0.0149545       	2.26927516e+05
0.0149552       	2.26877786e+05
0.0149559       	2.26827354e+05
0.0149566       	2.26776285e+05
0.0149573       	2.26724609e+05
0.014958        	2.26672339e+05
0.0149587       	2.26619480e+05
0.0149594       	2.26566036e+05
0.0149601       	2.26512009e+05
0.0149608       	2.26457403e+05
0.0149615       	2.26402221e+05
0.0149622       	2.26346465e+05
0.0149629       	2.26290142e+05
0.0149636       	2.26233254e+05
0.0149643       	2.26175808e+05
0.014965        	2.26117807e+05
0.0149657       	2.26059257e+05
0.0149664       	2.25983216e+05
0.0149671       	2.25932004e+05
0.0149678       	2.25876156e+05
0.0149684       	2.25818093e+05
0.0149691       	2.25758755e+05
0.0149698       	2.25698587e+05
0.0149705       	2.25637797e+05
0.0149712       	2.25576480e+05
0.0149719       	2.25514678e+05
0.0149726       	2.25452408e+05
0.0149732       	2.25389679e+05
0.0149739       	2.25326494e+05
0.0149746       	2.25262855e+05
0.0149753       	2.25198765e+05
0.014976        	2.25134227e+05
0.0149767       	2.25069244e+05
0.0149774       	2.25003822e+05
0.014978        	2.24937964e+05
0.0149787       	2.24871674e+05
0.0149794       	2.24804958e+05
0.0149801       	2.24737822e+05
0.0149808       	2.24670271e+05
0.0149815       	2.24602307e+05
0.0149822       	2.24533934e+05
0.0149828       	2.24465159e+05
0.0149835       	2.24395985e+05
0.0149842       	2.24326419e+05
0.0149849       	2.24256465e+05
0.0149856       	2.24186128e+05
0.0149863       	2.24115415e+05
0.014987        	2.24044329e+05
0.0149877       	2.23972876e+05
0.0149883       	2.23901060e+05
0.014989        	2.23828886e+05
0.0149897       	2.23756360e+05
0.0149904       	2.23683484e+05
0.0149911       	2.23610262e+05
0.0149918       	2.23536700e+05
0.0149925       	2.23462800e+05
0.0149931       	2.23388567e+05
0.0149938       	2.23314007e+05
0.0149945       	2.23239123e+05
0.0149952       	2.23163919e+05
0.0149959       	2.23088401e+05
0.0149966       	2.23012570e+05
0.0149973       	2.22936432e+05
0.0149979       	2.22859991e+05
0.0149986       	2.22783251e+05
0.0149993       	2.22706217e+05
0.015           	2.22628893e+05
0.0150007       	2.22515619e+05
0.0150013       	2.22456083e+05
0.015002        	2.22387835e+05
0.0150026       	2.22315762e+05
0.0150033       	2.22241780e+05
0.0150039       	2.22163915e+05
0.0150046       	2.22089863e+05
0.0150053       	2.22014798e+05
0.0150059       	2.21939197e+05
0.0150066       	2.21863248e+05
0.0150072       	2.21787035e+05
0.0150079       	2.21710598e+05
0.0150085       	2.21633950e+05
0.0150092       	2.21557096e+05
0.0150098       	2.21480039e+05
0.0150105       	2.21402780e+05
0.0150112       	2.21325318e+05
0.0150118       	2.21247658e+05
0.0150125       	2.21169801e+05
0.0150131       	2.21091752e+05
0.0150138       	2.21013512e+05
0.0150144       	2.20935086e+05
0.0150151       	2.20856479e+05
0.0150157       	2.20777693e+05
0.0150164       	2.20698734e+05
0.0150171       	2.20619606e+05
0.0150177       	2.20540313e+05
0.0150184       	2.20460861e+05
0.015019        	2.20381254e+05
0.0150197       	2.20301496e+05
0.0150203       	2.20221593e+05
0.015021        	2.20141551e+05
0.0150216       	2.20061374e+05
0.0150223       	2.19981066e+05
0.015023        	2.19900632e+05
0.0150236       	2.19820077e+05
0.0150243       	2.19739409e+05
0.0150249       	2.19658629e+05
0.0150256       	2.19577744e+05
0.0150262       	2.19496761e+05
0.0150269       	2.19415685e+05
0.0150276       	2.19334521e+05
0.0150282       	2.19253277e+05
0.0150289       	2.19171957e+05
0.0150295       	2.19090567e+05
0.0150302       	2.19009113e+05
0.0150308       	2.18927603e+05
0.0150315       	2.18846042e+05
0.0150321       	2.18764436e+05
0.0150328       	2.18682815e+05
0.0150335       	2.18601182e+05
0.0150341       	2.18519541e+05
0.0150348       	2.18437901e+05
0.0150354       	2.18356263e+05
0.0150361       	2.18274635e+05
0.0150367       	2.18193018e+05
0.0150374       	2.18111424e+05
0.015038        	2.18029855e+05
0.0150387       	2.17948312e+05
0.0150394       	2.17866806e+05
0.01504         	2.17785342e+05
0.0150407       	2.17700346e+05
0.0150413       	2.17620777e+05
0.015042        	2.17540449e+05
0.0150426       	2.17459838e+05
0.0150433       	2.17379137e+05
0.0150439       	2.17298437e+05
0.0150446       	2.17217790e+05
0.0150452       	2.17137220e+05
0.0150459       	2.17056738e+05
0.0150465       	2.16976359e+05
0.0150472       	2.16896089e+05
0.0150478       	2.16815935e+05
0.0150485       	2.16735903e+05
0.0150491       	2.16652146e+05
0.0150498       	2.16574251e+05
0.0150504       	2.16495635e+05
0.0150511       	2.16416798e+05
0.0150517       	2.16337941e+05
0.0150524       	2.16259162e+05
0.015053        	2.16176527e+05
0.0150537       	2.16099958e+05
0.0150543       	2.16022686e+05
0.015055        	2.15945225e+05
0.0150556       	2.15867777e+05
0.0150563       	2.15790449e+05
0.0150569       	2.15709143e+05
0.0150576       	2.15634133e+05
0.0150582       	2.15558441e+05
0.0150589       	2.15482586e+05
0.0150595       	2.15406778e+05
0.0150602       	2.15331122e+05
0.0150608       	2.15251363e+05
0.0150614       	2.15178186e+05
0.0150621       	2.15104260e+05
0.0150627       	2.15030269e+05
0.0150634       	2.14956332e+05
0.015064        	2.14882570e+05
0.0150646       	2.14809039e+05
0.0150653       	2.14731214e+05
0.0150659       	2.14660232e+05
0.0150666       	2.14588623e+05
0.0150672       	2.14516917e+05
0.0150678       	2.14445327e+05
0.0150685       	2.14373962e+05
0.0150691       	2.14302876e+05
0.0150697       	2.14227392e+05
0.0150704       	2.14159016e+05
0.015071        	2.14090016e+05
0.0150717       	2.14020941e+05
0.0150723       	2.13952017e+05
0.0150729       	2.13883348e+05
0.0150736       	2.13814999e+05
0.0150742       	2.13746998e+05
0.0150748       	2.13674405e+05
0.0150755       	2.13609281e+05
0.0150761       	2.13543552e+05
0.0150767       	2.13477779e+05
0.0150774       	2.13412197e+05
0.015078        	2.13346918e+05
0.0150786       	2.13282006e+05
0.0150793       	2.13217488e+05
0.0150799       	2.13153387e+05
0.0150805       	2.13084510e+05
0.0150811       	2.13023500e+05
0.0150818       	2.12961883e+05
0.0150824       	2.12900257e+05
0.015083        	2.12838860e+05
0.0150837       	2.12777819e+05
0.0150843       	2.12717197e+05
0.0150849       	2.12657026e+05
0.0150855       	2.12597327e+05
0.0150862       	2.12538113e+05
0.0150868       	2.12479388e+05
0.0150874       	2.12421169e+05
0.0150881       	2.12363451e+05
0.0150887       	2.12306247e+05
0.0150893       	2.12249562e+05
0.0150899       	2.12193403e+05
0.0150906       	2.12137780e+05
0.0150912       	2.12082697e+05
0.0150918       	2.12028164e+05
0.0150925       	2.11974188e+05
0.0150931       	2.11920775e+05
0.0150937       	2.11867936e+05
0.0150943       	2.11815673e+05
0.015095        	2.11764001e+05
0.0150956       	2.11712921e+05
0.0150962       	2.11662445e+05
0.0150969       	2.11612582e+05
0.0150975       	2.11563340e+05
0.0150981       	2.11514727e+05
0.0150987       	2.11466748e+05
0.0150994       	2.11419413e+05
0.0151          	2.11372733e+05
0.0151006       	2.11326712e+05
0.0151013       	2.11281359e+05
0.0151019       	2.11236691e+05
0.0151025       	2.11192706e+05
0.0151032       	2.11149414e+05
0.0151038       	2.11106822e+05
0.0151044       	2.11071867e+05
0.015105        	2.11028122e+05
0.0151057       	2.10986387e+05
0.0151063       	2.10945951e+05
0.0151069       	2.10906535e+05
0.0151076       	2.10867997e+05
0.0151082       	2.10830288e+05
0.0151088       	2.10793379e+05
0.0151095       	2.10757262e+05
0.0151101       	2.10721940e+05
0.0151107       	2.10687422e+05
0.0151114       	2.10653717e+05
0.015112        	2.10620833e+05
0.0151126       	2.10588785e+05
0.0151133       	2.10557576e+05
0.0151139       	2.10527215e+05
0.0151145       	2.10497708e+05
0.0151152       	2.10469074e+05
0.0151158       	2.10441318e+05
0.0151164       	2.10414440e+05
0.0151171       	2.10396716e+05
0.0151177       	2.10368763e+05
0.0151184       	2.10343220e+05
0.015119        	2.10319249e+05
0.0151196       	2.10296524e+05
0.0151203       	2.10274889e+05
0.0151209       	2.10254267e+05
0.0151215       	2.10234631e+05
0.0151222       	2.10215979e+05
0.0151228       	2.10198289e+05
0.0151235       	2.10181595e+05
0.0151241       	2.10165892e+05
0.0151247       	2.10151192e+05
0.0151254       	2.10137509e+05
0.015126        	2.10124839e+05
0.0151266       	2.10113196e+05
0.0151273       	2.10102563e+05
0.0151279       	2.10093037e+05
0.0151286       	2.10084530e+05
0.0151292       	2.10077079e+05
0.0151298       	2.10070701e+05
0.0151305       	2.10065390e+05
0.0151311       	2.10061165e+05
0.0151317       	2.10058026e+05
0.0151324       	2.10055988e+05
0.015133        	2.10055054e+05
0.0151337       	2.10055223e+05
0.0151343       	2.10056308e+05
0.0151349       	2.10058893e+05
0.0151356       	2.10062627e+05
0.0151362       	2.10067125e+05
0.0151369       	2.10072941e+05
0.0151375       	2.10079891e+05
0.0151381       	2.10088024e+05
0.0151388       	2.10097291e+05
0.0151394       	2.10107730e+05
0.01514         	2.10119340e+05
0.0151407       	2.10132133e+05
0.0151413       	2.10146097e+05
0.0151419       	2.10148534e+05
0.0151426       	2.10168500e+05
0.0151432       	2.10187556e+05
0.0151438       	2.10206871e+05
0.0151445       	2.10226949e+05
0.0151451       	2.10248003e+05
0.0151457       	2.10270170e+05
0.0151464       	2.10293493e+05
0.015147        	2.10318018e+05
0.0151476       	2.10343759e+05
0.0151483       	2.10370710e+05
0.0151489       	2.10398865e+05
0.0151495       	2.10428247e+05
0.0151502       	2.10458847e+05
0.0151508       	2.10490668e+05
0.0151514       	2.10523711e+05
0.015152        	2.10558007e+05
0.0151527       	2.10593515e+05
0.0151533       	2.10630250e+05
0.0151539       	2.10668221e+05
0.0151546       	2.10707430e+05
0.0151552       	2.10747879e+05
0.0151558       	2.10789572e+05
0.0151565       	2.10832505e+05
0.0151571       	2.10876687e+05
0.0151577       	2.10922112e+05
0.0151584       	2.10968788e+05
0.015159        	2.11016723e+05
0.0151596       	2.11065951e+05
0.0151602       	2.11116426e+05
0.0151609       	2.11168179e+05
0.0151615       	2.11221189e+05
0.0151621       	2.11275479e+05
0.0151628       	2.11331035e+05
0.0151634       	2.11387857e+05
0.015164        	2.11445951e+05
0.0151647       	2.11505294e+05
0.0151653       	2.11565908e+05
0.0151659       	2.11627781e+05
0.0151666       	2.11690919e+05
0.0151672       	2.11755345e+05
0.0151678       	2.11821001e+05
0.0151685       	2.11887910e+05
0.0151691       	2.11956070e+05
0.0151697       	2.12025488e+05
0.0151703       	2.12096095e+05
0.015171        	2.12167988e+05
0.0151716       	2.12241327e+05
0.0151722       	2.12315837e+05
0.0151729       	2.12391524e+05
0.0151735       	2.12468477e+05
0.0151741       	2.12546771e+05
0.0151748       	2.12626246e+05
0.0151754       	2.12706921e+05
0.015176        	2.12788811e+05
0.0151767       	2.12871904e+05
0.0151773       	2.12956196e+05
0.0151779       	2.13041685e+05
0.0151785       	2.13128367e+05
0.0151792       	2.13216231e+05
0.0151798       	2.13305300e+05
0.0151804       	2.13395524e+05
0.0151811       	2.13486925e+05
0.0151817       	2.13579480e+05
0.0151823       	2.13673114e+05
0.015183        	2.13767923e+05
0.0151836       	2.13863881e+05
0.0151842       	2.13960979e+05
0.0151849       	2.14059198e+05
0.0151855       	2.14158524e+05
0.0151861       	2.14258956e+05
0.0151867       	2.14360471e+05
0.0151874       	2.14463076e+05
0.015188        	2.14566754e+05
0.0151886       	2.14671494e+05
0.0151893       	2.14777283e+05
0.0151899       	2.14884110e+05
0.0151905       	2.14991985e+05
0.0151912       	2.15100668e+05
0.0151918       	2.15210027e+05
0.0151924       	2.15320479e+05
0.0151931       	2.15431909e+05
0.0151937       	2.15544309e+05
0.0151943       	2.15657662e+05
0.015195        	2.15771952e+05
0.0151956       	2.15887176e+05
0.0151962       	2.16003316e+05
0.0151968       	2.16120366e+05
0.0151975       	2.16238321e+05
0.0151981       	2.16357158e+05
0.0151987       	2.16476865e+05
0.0151994       	2.16597414e+05
0.0152          	2.16718804e+05
0.0152006       	2.16868533e+05
0.0152013       	2.16986589e+05
0.0152019       	2.17109798e+05
0.0152026       	2.17235694e+05
0.0152032       	2.17363315e+05
0.0152039       	2.17492124e+05
0.0152045       	2.17621883e+05
0.0152052       	2.17752473e+05
0.0152058       	2.17879731e+05
0.0152064       	2.18012554e+05
0.0152071       	2.18145435e+05
0.0152077       	2.18278739e+05
0.0152084       	2.18412604e+05
0.015209        	2.18544978e+05
0.0152097       	2.18676447e+05
0.0152103       	2.18809673e+05
0.0152109       	2.18943886e+05
0.0152116       	2.19079000e+05
0.0152122       	2.19214980e+05
0.0152129       	2.19347537e+05
0.0152135       	2.19485903e+05
0.0152142       	2.19624375e+05
0.0152148       	2.19763263e+05
0.0152154       	2.19902760e+05
0.0152161       	2.20042503e+05
0.0152167       	2.20181846e+05
0.0152174       	2.20323200e+05
0.015218        	2.20464356e+05
0.0152186       	2.20605696e+05
0.0152193       	2.20747502e+05
0.0152199       	2.20885338e+05
0.0152206       	2.21028748e+05
0.0152212       	2.21171907e+05
0.0152218       	2.21315177e+05
0.0152225       	2.21458701e+05
0.0152231       	2.21602537e+05
0.0152238       	2.21746701e+05
0.0152244       	2.21891179e+05
0.015225        	2.22036030e+05
0.0152257       	2.22181141e+05
0.0152263       	2.22326582e+05
0.0152269       	2.22472298e+05
0.0152276       	2.22618271e+05
0.0152282       	2.22764483e+05
0.0152289       	2.22910917e+05
0.0152295       	2.23057556e+05
0.0152301       	2.23204382e+05
0.0152308       	2.23351348e+05
0.0152314       	2.23498553e+05
0.0152321       	2.23645813e+05
0.0152327       	2.23793215e+05
0.0152333       	2.23940717e+05
0.015234        	2.24093102e+05
0.0152346       	2.24239984e+05
0.0152353       	2.24387651e+05
0.0152359       	2.24535667e+05
0.0152365       	2.24683796e+05
0.0152372       	2.24832069e+05
0.0152378       	2.24980305e+05
0.0152385       	2.25133456e+05
0.0152391       	2.25280802e+05
0.0152398       	2.25428829e+05
0.0152404       	2.25577079e+05
0.015241        	2.25725358e+05
0.0152417       	2.25878633e+05
0.0152423       	2.26025901e+05
0.015243        	2.26173781e+05
0.0152436       	2.26321799e+05
0.0152443       	2.26469759e+05
0.0152449       	2.26622736e+05
0.0152456       	2.26769463e+05
0.0152462       	2.26916724e+05
0.0152469       	2.27064035e+05
0.0152475       	2.27216479e+05
0.0152482       	2.27362514e+05
0.0152488       	2.27509041e+05
0.0152495       	2.27655553e+05
0.0152501       	2.27801831e+05
0.0152508       	2.27953188e+05
0.0152514       	2.28097831e+05
0.0152521       	2.28242867e+05
0.0152527       	2.28387787e+05
0.0152534       	2.28532373e+05
0.0152541       	2.28682080e+05
0.0152547       	2.28824822e+05
0.0152554       	2.28967870e+05
0.015256        	2.29110707e+05
0.0152567       	2.29253111e+05
0.0152573       	2.29394968e+05
0.015258        	2.29541957e+05
0.0152587       	2.29681591e+05
0.0152593       	2.29821446e+05
0.01526         	2.29960983e+05
0.0152606       	2.30099976e+05
0.0152613       	2.30238307e+05
0.015262        	2.30375903e+05
0.0152626       	2.30518693e+05
0.0152633       	2.30653714e+05
0.015264        	2.30788854e+05
0.0152646       	2.30923558e+05
0.0152653       	2.31057591e+05
0.0152659       	2.31190831e+05
0.0152666       	2.31323213e+05
0.0152673       	2.31454695e+05
0.0152679       	2.31585255e+05
0.0152686       	2.31714864e+05
0.0152693       	2.31843515e+05
0.0152699       	2.31971179e+05
0.0152706       	2.32104176e+05
0.0152713       	2.32228672e+05
0.0152719       	2.32353135e+05
0.0152726       	2.32476971e+05
0.0152733       	2.32599933e+05
0.0152739       	2.32721892e+05
0.0152746       	2.32842769e+05
0.0152753       	2.32962516e+05
0.0152759       	2.33081111e+05
0.0152766       	2.33198533e+05
0.0152773       	2.33314765e+05
0.0152779       	2.33429995e+05
0.0152786       	2.33543613e+05
0.0152793       	2.33656179e+05
0.0152799       	2.33760686e+05
0.0152806       	2.33872074e+05
0.0152813       	2.33981104e+05
0.0152819       	2.34088393e+05
0.0152826       	2.34194176e+05
0.0152832       	2.34298562e+05
0.0152839       	2.34401597e+05
0.0152846       	2.34503303e+05
0.0152852       	2.34603676e+05
0.0152859       	2.34702708e+05
0.0152866       	2.34800391e+05
0.0152872       	2.34896714e+05
0.0152879       	2.34991664e+05
0.0152886       	2.35085233e+05
0.0152892       	2.35177411e+05
0.0152899       	2.35260818e+05
0.0152905       	2.35351758e+05
0.0152912       	2.35440099e+05
0.0152919       	2.35526517e+05
0.0152925       	2.35611276e+05
0.0152932       	2.35694501e+05
0.0152938       	2.35776248e+05
0.0152945       	2.35856538e+05
0.0152952       	2.35935380e+05
0.0152958       	2.36012773e+05
0.0152965       	2.36088713e+05
0.0152971       	2.36163194e+05
0.0152978       	2.36236211e+05
0.0152984       	2.36307758e+05
0.0152991       	2.36377830e+05
0.0152998       	2.36446425e+05
0.0153004       	2.36513537e+05
0.0153011       	2.36579072e+05
0.0153017       	2.36643163e+05
0.0153024       	2.36705787e+05
0.0153031       	2.36766931e+05
0.0153037       	2.36826587e+05
0.0153044       	2.36884749e+05
0.015305        	2.36941416e+05
0.0153057       	2.36996585e+05
0.0153064       	2.37050254e+05
0.015307        	2.37102422e+05
0.0153077       	2.37152812e+05
0.0153083       	2.37202207e+05
0.015309        	2.37249864e+05
0.0153097       	2.37305096e+05
0.0153103       	2.37347468e+05
0.015311        	2.37389789e+05
0.0153117       	2.37431215e+05
0.0153123       	2.37471408e+05
0.015313        	2.37510218e+05
0.0153136       	2.37547574e+05
0.0153143       	2.37583433e+05
0.015315        	2.37617789e+05
0.0153156       	2.37650639e+05
0.0153163       	2.37681991e+05
0.015317        	2.37721850e+05
0.0153176       	2.37747667e+05
0.0153183       	2.37773556e+05
0.015319        	2.37798568e+05
0.0153197       	2.37822066e+05
0.0153203       	2.37844151e+05
0.015321        	2.37864827e+05
0.0153217       	2.37884060e+05
0.0153223       	2.37901732e+05
0.015323        	2.37918117e+05
0.0153237       	2.37933030e+05
0.0153243       	2.37957621e+05
0.015325        	2.37966542e+05
0.0153257       	2.37975802e+05
0.0153264       	2.37984364e+05
0.015327        	2.37991831e+05
0.0153277       	2.37998019e+05
0.0153284       	2.38002835e+05
0.0153291       	2.38006264e+05
0.0153297       	2.38008281e+05
0.0153304       	2.38008895e+05
0.0153311       	2.38008113e+05
0.0153318       	2.38005941e+05
0.0153325       	2.38002392e+05
0.0153331       	2.37997468e+05
0.0153338       	2.37991192e+05
0.0153345       	2.37996575e+05
0.0153352       	2.37983778e+05
0.0153358       	2.37971736e+05
0.0153365       	2.37959230e+05
0.0153372       	2.37945813e+05
0.0153379       	2.37931295e+05
0.0153386       	2.37915512e+05
0.0153393       	2.37898414e+05
0.0153399       	2.37879670e+05
0.0153406       	2.37859462e+05
0.0153413       	2.37838177e+05
0.015342        	2.37815758e+05
0.0153427       	2.37792183e+05
0.0153434       	2.37767369e+05
0.015344        	2.37741298e+05
0.0153447       	2.37714002e+05
0.0153454       	2.37685496e+05
0.0153461       	2.37655802e+05
0.0153468       	2.37624933e+05
0.0153475       	2.37592907e+05
0.0153481       	2.37559725e+05
0.0153488       	2.37525423e+05
0.0153495       	2.37490006e+05
0.0153502       	2.37453496e+05
0.0153509       	2.37415899e+05
0.0153515       	2.37377238e+05
0.0153522       	2.37337525e+05
0.0153529       	2.37296786e+05
0.0153536       	2.37255016e+05
0.0153543       	2.37212255e+05
0.015355        	2.37168514e+05
0.0153556       	2.37104949e+05
0.0153563       	2.37065539e+05
0.015357        	2.37022123e+05
0.0153576       	2.36976525e+05
0.0153583       	2.36929454e+05
0.015359        	2.36881261e+05
0.0153597       	2.36832116e+05
0.0153603       	2.36782105e+05
0.015361        	2.36731277e+05
0.0153617       	2.36679664e+05
0.0153624       	2.36627277e+05
0.015363        	2.36574142e+05
0.0153637       	2.36520268e+05
0.0153644       	2.36465674e+05
0.015365        	2.36410376e+05
0.0153657       	2.36354392e+05
0.0153664       	2.36297733e+05
0.0153671       	2.36240428e+05
0.0153677       	2.36182477e+05
0.0153684       	2.36123907e+05
0.0153691       	2.36064735e+05
0.0153697       	2.36004974e+05
0.0153704       	2.35944644e+05
0.0153711       	2.35883762e+05
0.0153718       	2.35822345e+05
0.0153724       	2.35760407e+05
0.0153731       	2.35697966e+05
0.0153738       	2.35635045e+05
0.0153745       	2.35571657e+05
0.0153751       	2.35507823e+05
0.0153758       	2.35443554e+05
0.0153765       	2.35378871e+05
0.0153771       	2.35313962e+05
0.0153778       	2.35248343e+05
0.0153785       	2.35182519e+05
0.0153792       	2.35116350e+05
0.0153798       	2.35049679e+05
0.0153805       	2.34983189e+05
0.0153812       	2.34915912e+05
0.0153818       	2.34848506e+05
0.0153825       	2.34780832e+05
0.0153832       	2.34712907e+05
0.0153839       	2.34644748e+05
0.0153845       	2.34576370e+05
0.0153852       	2.34507792e+05
0.0153859       	2.34439029e+05
0.0153866       	2.34369939e+05
0.0153872       	2.34300999e+05
0.0153879       	2.34231785e+05
0.0153886       	2.34162441e+05
0.0153892       	2.34093001e+05
0.0153899       	2.34023473e+05
0.0153906       	2.33953870e+05
0.0153913       	2.33884210e+05
0.0153919       	2.33814512e+05
0.0153926       	2.33744789e+05
0.0153933       	2.33675046e+05
0.0153939       	2.33605312e+05
0.0153946       	2.33535605e+05
0.0153953       	2.33465930e+05
0.015396        	2.33396306e+05
0.0153966       	2.33326752e+05
0.0153973       	2.33257278e+05
0.015398        	2.33187882e+05
0.0153987       	2.33118599e+05
0.0153993       	2.33049447e+05
0.0154          	2.32980429e+05
0.0154007       	2.32902131e+05
0.0154013       	2.32840875e+05
0.015402        	2.32772829e+05
0.0154027       	2.32704930e+05
0.0154033       	2.32637185e+05
0.015404        	2.32569637e+05
0.0154047       	2.32502308e+05
0.0154053       	2.32435201e+05
0.015406        	2.32368333e+05
0.0154067       	2.32305534e+05
0.0154074       	2.32237668e+05
0.015408        	2.32170788e+05
0.0154087       	2.32104497e+05
0.0154094       	2.32038642e+05
0.01541         	2.31973153e+05
0.0154107       	2.31908006e+05
0.0154114       	2.31843194e+05
0.0154121       	2.31778726e+05
0.0154127       	2.31718452e+05
0.0154134       	2.31653130e+05
0.0154141       	2.31588891e+05
0.0154148       	2.31525370e+05
0.0154154       	2.31462387e+05
0.0154161       	2.31399855e+05
0.0154168       	2.31337759e+05
0.0154174       	2.31276083e+05
0.0154181       	2.31214850e+05
0.0154188       	2.31154041e+05
0.0154195       	2.31093682e+05
0.0154201       	2.31033759e+05
0.0154208       	2.30974302e+05
0.0154215       	2.30915320e+05
0.0154222       	2.30856808e+05
0.0154228       	2.30798777e+05
0.0154235       	2.30741240e+05
0.0154242       	2.30684198e+05
0.0154249       	2.30627655e+05
0.0154255       	2.30571633e+05
0.0154262       	2.30516106e+05
0.0154269       	2.30461113e+05
0.0154276       	2.30406661e+05
0.0154282       	2.30352718e+05
0.0154289       	2.30299328e+05
0.0154296       	2.30246469e+05
0.0154302       	2.30194168e+05
0.0154309       	2.30142421e+05
0.0154316       	2.30091234e+05
0.0154323       	2.30040605e+05
0.0154329       	2.29990543e+05
0.0154336       	2.29937036e+05
0.0154343       	2.29889803e+05
0.015435        	2.29842319e+05
0.0154356       	2.29795058e+05
0.0154363       	2.29748209e+05
0.015437        	2.29701879e+05
0.0154376       	2.29656105e+05
0.0154383       	2.29606854e+05
0.015439        	2.29563945e+05
0.0154396       	2.29520772e+05
0.0154403       	2.29477842e+05
0.015441        	2.29435332e+05
0.0154416       	2.29389259e+05
0.0154423       	2.29349552e+05
0.015443        	2.29309564e+05
0.0154436       	2.29269796e+05
0.0154443       	2.29226341e+05
0.015445        	2.29189247e+05
0.0154456       	2.29151838e+05
0.0154463       	2.29114640e+05
0.0154469       	2.29073713e+05
0.0154476       	2.29039172e+05
0.0154483       	2.29004301e+05
0.0154489       	2.28969635e+05
0.0154496       	2.28931195e+05
0.0154502       	2.28899181e+05
0.0154509       	2.28866813e+05
0.0154516       	2.28834631e+05
0.0154522       	2.28802845e+05
0.0154529       	2.28767336e+05
0.0154535       	2.28738334e+05
0.0154542       	2.28708974e+05
0.0154548       	2.28679785e+05
0.0154555       	2.28646735e+05
0.0154561       	2.28620167e+05
0.0154568       	2.28593202e+05
0.0154574       	2.28566390e+05
0.0154581       	2.28539925e+05
0.0154587       	2.28513913e+05
0.0154594       	2.28484105e+05
0.01546         	2.28460908e+05
0.0154607       	2.28437309e+05
0.0154613       	2.28413829e+05
0.015462        	2.28390682e+05
0.0154626       	2.28367960e+05
0.0154633       	2.28341356e+05
0.0154639       	2.28321425e+05
0.0154646       	2.28301033e+05
0.0154652       	2.28280733e+05
0.0154658       	2.28260730e+05
0.0154665       	2.28241132e+05
0.0154671       	2.28221977e+05
0.0154678       	2.28203288e+05
0.0154684       	2.28185066e+05
0.0154691       	2.28167305e+05
0.0154697       	2.28150018e+05
0.0154704       	2.28133186e+05
0.015471        	2.28116817e+05
0.0154716       	2.28096381e+05
0.0154723       	2.28082782e+05
0.0154729       	2.28068629e+05
0.0154736       	2.28054479e+05
0.0154742       	2.28040553e+05
0.0154749       	2.28026950e+05
0.0154755       	2.28018315e+05
0.0154761       	2.28003557e+05
0.0154768       	2.27990236e+05
0.0154774       	2.27977762e+05
0.0154781       	2.27965894e+05
0.0154787       	2.27954514e+05
0.0154794       	2.27943566e+05
0.01548         	2.27933014e+05
0.0154807       	2.27922848e+05
0.0154813       	2.27913057e+05
0.015482        	2.27903621e+05
0.0154826       	2.27899306e+05
0.0154833       	2.27888550e+05
0.0154839       	2.27879250e+05
0.0154845       	2.27870767e+05
0.0154852       	2.27862836e+05
0.0154858       	2.27855343e+05
0.0154865       	2.27848219e+05
0.0154871       	2.27841434e+05
0.0154878       	2.27834964e+05
0.0154884       	2.27828808e+05
0.0154891       	2.27827926e+05
0.0154897       	2.27820226e+05
0.0154904       	2.27814005e+05
0.015491        	2.27808560e+05
0.0154917       	2.27803626e+05
0.0154924       	2.27799070e+05
0.015493        	2.27794818e+05
0.0154937       	2.27790842e+05
0.0154943       	2.27787118e+05
0.015495        	2.27783638e+05
0.0154956       	2.27785612e+05
0.0154963       	2.27780350e+05
0.0154969       	2.27776558e+05
0.0154976       	2.27773530e+05
0.0154982       	2.27770968e+05
0.0154989       	2.27768731e+05
0.0154996       	2.27766739e+05
0.0155002       	2.27764954e+05
0.0155009       	2.27763367e+05
0.0155015       	2.27761963e+05
0.0155022       	2.27760741e+05
0.0155028       	2.27759674e+05
0.0155035       	2.27758778e+05
0.0155042       	2.27758043e+05
0.0155048       	2.27757461e+05
0.0155055       	2.27757026e+05
0.0155061       	2.27756727e+05
0.0155068       	2.27756561e+05
0.0155074       	2.27756524e+05
0.0155081       	2.27756610e+05
0.0155087       	2.27756815e+05
0.0155094       	2.27757127e+05
0.0155101       	2.27757537e+05
0.0155107       	2.27758044e+05
0.0155114       	2.27758642e+05
0.015512        	2.27759323e+05
0.0155127       	2.27760083e+05
0.0155133       	2.27760914e+05
0.015514        	2.27761809e+05
0.0155147       	2.27762764e+05
0.0155153       	2.27763769e+05
0.015516        	2.27764814e+05
0.0155166       	2.27765910e+05
0.0155173       	2.27767042e+05
0.0155179       	2.27761752e+05
0.0155186       	2.27765745e+05
0.0155192       	2.27768171e+05
0.0155199       	2.27769938e+05
0.0155205       	2.27771393e+05
0.0155212       	2.27772708e+05
0.0155218       	2.27773958e+05
0.0155225       	2.27775179e+05
0.0155231       	2.27776377e+05
0.0155238       	2.27777557e+05
0.0155244       	2.27771746e+05
0.0155251       	2.27775895e+05
0.0155257       	2.27778311e+05
0.0155264       	2.27779965e+05
0.015527        	2.27781231e+05
0.0155277       	2.27782292e+05
0.0155283       	2.27783232e+05
0.015529        	2.27784087e+05
0.0155296       	2.27784868e+05
0.0155303       	2.27785580e+05
0.0155309       	2.27778642e+05
0.0155315       	2.27782477e+05
0.0155322       	2.27784399e+05
0.0155328       	2.27785451e+05
0.0155335       	2.27786044e+05
0.0155341       	2.27786370e+05
0.0155347       	2.27786523e+05
0.0155354       	2.27786545e+05
0.015536        	2.27786451e+05
0.0155367       	2.27786245e+05
0.0155373       	2.27785924e+05
0.0155379       	2.27785484e+05
0.0155386       	2.27784921e+05
0.0155392       	2.27784230e+05
0.0155399       	2.27783408e+05
0.0155405       	2.27773700e+05
0.0155411       	2.27776375e+05
0.0155418       	2.27776818e+05
0.0155424       	2.27776218e+05
0.015543        	2.27775045e+05
0.0155437       	2.27773526e+05
0.0155443       	2.27771769e+05
0.0155449       	2.27769824e+05
0.0155456       	2.27767710e+05
0.0155462       	2.27765435e+05
0.0155468       	2.27762997e+05
0.0155475       	2.27760393e+05
0.0155481       	2.27757621e+05
0.0155487       	2.27754676e+05
0.0155493       	2.27751554e+05
0.01555         	2.27748251e+05
0.0155506       	2.27744765e+05
0.0155512       	2.27741091e+05
0.0155519       	2.27737226e+05
0.0155525       	2.27733169e+05
0.0155531       	2.27728917e+05
0.0155538       	2.27724467e+05
0.0155544       	2.27719814e+05
0.015555        	2.27714960e+05
0.0155557       	2.27709902e+05
0.0155563       	2.27704636e+05
0.0155569       	2.27699162e+05
0.0155576       	2.27693475e+05
0.0155582       	2.27687576e+05
0.0155588       	2.27681462e+05
0.0155595       	2.27675132e+05
0.0155601       	2.27668583e+05
0.0155607       	2.27661813e+05
0.0155614       	2.27654821e+05
0.015562        	2.27647605e+05
0.0155626       	2.27640164e+05
0.0155633       	2.27632496e+05
0.0155639       	2.27624596e+05
0.0155645       	2.27616465e+05
0.0155652       	2.27608103e+05
0.0155658       	2.27599508e+05
0.0155664       	2.27590677e+05
0.0155671       	2.27581609e+05
0.0155677       	2.27572302e+05
0.0155683       	2.27562759e+05
0.015569        	2.27552970e+05
0.0155696       	2.27542944e+05
0.0155702       	2.27532670e+05
0.0155709       	2.27522150e+05
0.0155715       	2.27511385e+05
0.0155721       	2.27500371e+05
0.0155728       	2.27489107e+05
0.0155734       	2.27477592e+05
0.015574        	2.27465828e+05
0.0155747       	2.27453814e+05
0.0155753       	2.27441533e+05
0.0155759       	2.27429002e+05
0.0155766       	2.27416217e+05
0.0155772       	2.27403173e+05
0.0155778       	2.27389865e+05
0.0155785       	2.27376297e+05
0.0155791       	2.27362460e+05
0.0155797       	2.27348363e+05
0.0155804       	2.27333991e+05
0.015581        	2.27319357e+05
0.0155816       	2.27304457e+05
0.0155823       	2.27289285e+05
0.0155829       	2.27273839e+05
0.0155835       	2.27258122e+05
0.0155842       	2.27242134e+05
0.0155848       	2.27225874e+05
0.0155854       	2.27209338e+05
0.0155861       	2.27192524e+05
0.0155867       	2.27175433e+05
0.0155873       	2.27158069e+05
0.015588        	2.27140421e+05
0.0155886       	2.27122496e+05
0.0155892       	2.27104294e+05
0.0155899       	2.27085801e+05
0.0155905       	2.27067028e+05
0.0155911       	2.27047968e+05
0.0155918       	2.27028621e+05
0.0155924       	2.27008989e+05
0.015593        	2.26989079e+05
0.0155937       	2.26968888e+05
0.0155943       	2.26948397e+05
0.0155949       	2.26927612e+05
0.0155956       	2.26906422e+05
0.0155962       	2.26884899e+05
0.0155968       	2.26863095e+05
0.0155975       	2.26840993e+05
0.0155981       	2.26818586e+05
0.0155987       	2.26795874e+05
0.0155994       	2.26772859e+05
0.0156          	2.26749537e+05
0.0156006       	2.26733524e+05
0.0156013       	2.26706095e+05
0.0156019       	2.26680174e+05
0.0156026       	2.26654717e+05
0.0156032       	2.26626638e+05
0.0156038       	2.26602313e+05
0.0156045       	2.26577101e+05
0.0156051       	2.26551323e+05
0.0156057       	2.26525100e+05
0.0156064       	2.26495772e+05
0.015607        	2.26470069e+05
0.0156076       	2.26443383e+05
0.0156083       	2.26416090e+05
0.0156089       	2.26388339e+05
0.0156095       	2.26357434e+05
0.0156102       	2.26330226e+05
0.0156108       	2.26302028e+05
0.0156114       	2.26273222e+05
0.0156121       	2.26243957e+05
0.0156127       	2.26211484e+05
0.0156133       	2.26182779e+05
0.015614        	2.26153074e+05
0.0156146       	2.26122755e+05
0.0156152       	2.26089108e+05
0.0156159       	2.26059249e+05
0.0156165       	2.26028365e+05
0.0156171       	2.25996854e+05
0.0156177       	2.25964873e+05
0.0156184       	2.25929580e+05
0.015619        	2.25898184e+05
0.0156196       	2.25865769e+05
0.0156202       	2.25832727e+05
0.0156209       	2.25799211e+05
0.0156215       	2.25765296e+05
0.0156221       	2.25728041e+05
0.0156227       	2.25694790e+05
0.0156234       	2.25660511e+05
0.015624        	2.25625598e+05
0.0156246       	2.25590206e+05
0.0156252       	2.25554411e+05
0.0156259       	2.25515201e+05
0.0156265       	2.25480090e+05
0.0156271       	2.25443937e+05
0.0156277       	2.25407140e+05
0.0156284       	2.25369858e+05
0.015629        	2.25332167e+05
0.0156296       	2.25294106e+05
0.0156302       	2.25255683e+05
0.0156308       	2.25216915e+05
0.0156315       	2.25177802e+05
0.0156321       	2.25135181e+05
0.0156327       	2.25096839e+05
0.0156333       	2.25057427e+05
0.0156339       	2.25017355e+05
0.0156346       	2.24976784e+05
0.0156352       	2.24939011e+05
0.0156358       	2.24896142e+05
0.0156364       	2.24853640e+05
0.0156371       	2.24811098e+05
0.0156377       	2.24768354e+05
0.0156383       	2.24725322e+05
0.0156389       	2.24681962e+05
0.0156395       	2.24638254e+05
0.0156402       	2.24594188e+05
0.0156408       	2.24549759e+05
0.0156414       	2.24504965e+05
0.015642        	2.24459804e+05
0.0156426       	2.24414274e+05
0.0156433       	2.24371752e+05
0.0156439       	2.24323883e+05
0.0156445       	2.24276421e+05
0.0156451       	2.24228920e+05
0.0156458       	2.24181205e+05
0.0156464       	2.24133188e+05
0.015647        	2.24084825e+05
0.0156476       	2.24036095e+05
0.0156483       	2.23986989e+05
0.0156489       	2.23937497e+05
0.0156495       	2.23891131e+05
0.0156501       	2.23839181e+05
0.0156508       	2.23787655e+05
0.0156514       	2.23736090e+05
0.015652        	2.23684296e+05
0.0156527       	2.23632183e+05
0.0156533       	2.23579705e+05
0.0156539       	2.23526838e+05
0.0156545       	2.23473572e+05
0.0156552       	2.23419901e+05
0.0156558       	2.23365823e+05
0.0156564       	2.23311334e+05
0.015657        	2.23260106e+05
0.0156577       	2.23202980e+05
0.0156583       	2.23146298e+05
0.0156589       	2.23089568e+05
0.0156596       	2.23032592e+05
0.0156602       	2.22975272e+05
0.0156608       	2.22917561e+05
0.0156615       	2.22859437e+05
0.0156621       	2.22800885e+05
0.0156627       	2.22741920e+05
0.0156633       	2.22682548e+05
0.015664        	2.22622764e+05
0.0156646       	2.22562567e+05
0.0156652       	2.22501955e+05
0.0156659       	2.22440923e+05
0.0156665       	2.22379470e+05
0.0156671       	2.22317594e+05
0.0156678       	2.22255291e+05
0.0156684       	2.22192558e+05
0.015669        	2.22129399e+05
0.0156696       	2.22065804e+05
0.0156703       	2.22001777e+05
0.0156709       	2.21933260e+05
0.0156715       	2.21870407e+05
0.0156722       	2.21806166e+05
0.0156728       	2.21741075e+05
0.0156734       	2.21675354e+05
0.015674        	2.21609103e+05
0.0156747       	2.21542375e+05
0.0156753       	2.21475192e+05
0.0156759       	2.21407565e+05
0.0156765       	2.21339498e+05
0.0156772       	2.21266719e+05
0.0156778       	2.21199936e+05
0.0156784       	2.21131724e+05
0.015679        	2.21062646e+05
0.0156797       	2.20992928e+05
0.0156803       	2.20922680e+05
0.0156809       	2.20851955e+05
0.0156815       	2.20780781e+05
0.0156821       	2.20709168e+05
0.0156828       	2.20632616e+05
0.0156834       	2.20562412e+05
0.015684        	2.20490749e+05
0.0156846       	2.20418214e+05
0.0156853       	2.20345044e+05
0.0156859       	2.20271357e+05
0.0156865       	2.20197209e+05
0.0156871       	2.20122628e+05
0.0156877       	2.20047629e+05
0.0156884       	2.19972219e+05
0.015689        	2.19896406e+05
0.0156896       	2.19820191e+05
0.0156902       	2.19738703e+05
0.0156908       	2.19664124e+05
0.0156914       	2.19588057e+05
0.0156921       	2.19511129e+05
0.0156927       	2.19433587e+05
0.0156933       	2.19355559e+05
0.0156939       	2.19277137e+05
0.0156945       	2.19198310e+05
0.0156951       	2.19119103e+05
0.0156958       	2.19039529e+05
0.0156964       	2.18959594e+05
0.015697        	2.18879303e+05
0.0156976       	2.18798663e+05
0.0156982       	2.18717676e+05
0.0156988       	2.18636348e+05
0.0156995       	2.18554686e+05
0.0157001       	2.18472691e+05
0.0157007       	2.18390369e+05
0.0157013       	2.18307728e+05
0.0157019       	2.18230353e+05
0.0157026       	2.18144323e+05
0.0157032       	2.18059216e+05
0.0157038       	2.17974341e+05
0.0157044       	2.17889424e+05
0.015705        	2.17804338e+05
0.0157057       	2.17719023e+05
0.0157063       	2.17633449e+05
0.0157069       	2.17547611e+05
0.0157075       	2.17461510e+05
0.0157081       	2.17375151e+05
0.0157088       	2.17294633e+05
0.0157094       	2.17204769e+05
0.01571         	2.17115992e+05
0.0157106       	2.17027558e+05
0.0157113       	2.16939176e+05
0.0157119       	2.16850705e+05
0.0157125       	2.16762083e+05
0.0157131       	2.16673279e+05
0.0157138       	2.16584291e+05
0.0157144       	2.16495118e+05
0.015715        	2.16405770e+05
0.0157156       	2.16322950e+05
0.0157163       	2.16229970e+05
0.0157169       	2.16138242e+05
0.0157175       	2.16047015e+05
0.0157182       	2.15955960e+05
0.0157188       	2.15864919e+05
0.0157194       	2.15773819e+05
0.01572         	2.15682631e+05
0.0157207       	2.15591347e+05
0.0157213       	2.15499968e+05
0.0157219       	2.15408503e+05
0.0157226       	2.15316958e+05
0.0157232       	2.15225343e+05
0.0157238       	2.15141238e+05
0.0157245       	2.15045820e+05
0.0157251       	2.14951984e+05
0.0157257       	2.14858814e+05
0.0157264       	2.14765956e+05
0.015727        	2.14673238e+05
0.0157276       	2.14580585e+05
0.0157283       	2.14488015e+05
0.0157289       	2.14395445e+05
0.0157295       	2.14302888e+05
0.0157302       	2.14210363e+05
0.0157308       	2.14117880e+05
0.0157314       	2.14025455e+05
0.0157321       	2.13933098e+05
0.0157327       	2.13840823e+05
0.0157334       	2.13748643e+05
0.015734        	2.13656566e+05
0.0157346       	2.13564602e+05
0.0157353       	2.13472771e+05
0.0157359       	2.13381077e+05
0.0157365       	2.13289534e+05
0.0157372       	2.13207667e+05
0.0157378       	2.13111955e+05
0.0157385       	2.13018405e+05
0.0157391       	2.12925923e+05
0.0157397       	2.12834046e+05
0.0157404       	2.12742578e+05
0.015741        	2.12651418e+05
0.0157417       	2.12560533e+05
0.0157423       	2.12469912e+05
0.0157429       	2.12379570e+05
0.0157436       	2.12289504e+05
0.0157442       	2.12199730e+05
0.0157449       	2.12110265e+05
0.0157455       	2.12021121e+05
0.0157461       	2.11932308e+05
0.0157468       	2.11843849e+05
0.0157474       	2.11755752e+05
0.0157481       	2.11668040e+05
0.0157487       	2.11580717e+05
0.0157493       	2.11493793e+05
0.01575         	2.11407291e+05
0.0157506       	2.11321229e+05
0.0157513       	2.11235606e+05
0.0157519       	2.11150447e+05
0.0157526       	2.11065758e+05
0.0157532       	2.10981558e+05
0.0157538       	2.10897863e+05
0.0157545       	2.10814687e+05
0.0157551       	2.10732042e+05
0.0157558       	2.10649934e+05
0.0157564       	2.10568389e+05
0.015757        	2.10487338e+05
0.0157577       	2.10406927e+05
0.0157583       	2.10327130e+05
0.015759        	2.10247971e+05
0.0157596       	2.10169443e+05
0.0157602       	2.10091553e+05
0.0157609       	2.10030804e+05
0.0157616       	2.09947233e+05
0.0157622       	2.09867590e+05
0.0157629       	2.09790126e+05
0.0157635       	2.09713997e+05
0.0157642       	2.09638907e+05
0.0157648       	2.09564689e+05
0.0157655       	2.09491285e+05
0.0157661       	2.09418704e+05
0.0157668       	2.09346933e+05
0.0157674       	2.09275983e+05
0.0157681       	2.09205880e+05
0.0157687       	2.09136655e+05
0.0157694       	2.09068298e+05
0.01577         	2.09000832e+05
0.0157707       	2.08934278e+05
0.0157713       	2.08868670e+05
0.015772        	2.08803999e+05
0.0157726       	2.08740289e+05
0.0157733       	2.08702489e+05
0.015774        	2.08630753e+05
0.0157746       	2.08564883e+05
0.0157753       	2.08502121e+05
0.015776        	2.08441390e+05
0.0157766       	2.08382171e+05
0.0157773       	2.08324252e+05
0.015778        	2.08267535e+05
0.0157786       	2.08211965e+05
0.0157793       	2.08157558e+05
0.01578         	2.08104322e+05
0.0157806       	2.08052278e+05
0.0157813       	2.08001472e+05
0.015782        	2.07951869e+05
0.0157826       	2.07903521e+05
0.0157833       	2.07856349e+05
0.015784        	2.07810503e+05
0.0157846       	2.07766115e+05
0.0157853       	2.07722979e+05
0.015786        	2.07681156e+05
0.0157866       	2.07640665e+05
0.0157873       	2.07601430e+05
0.015788        	2.07563631e+05
0.0157887       	2.07527251e+05
0.0157893       	2.07492298e+05
0.01579         	2.07458749e+05
0.0157907       	2.07426638e+05
0.0157913       	2.07395979e+05
0.015792        	2.07366776e+05
0.0157927       	2.07339034e+05
0.0157933       	2.07312774e+05
0.015794        	2.07288009e+05
0.0157947       	2.07264750e+05
0.0157953       	2.07243012e+05
0.015796        	2.07222800e+05
0.0157967       	2.07204123e+05
0.0157973       	2.07187009e+05
0.015798        	2.07171453e+05
0.0157987       	2.07157466e+05
0.0157993       	2.07145163e+05
0.0158          	2.07134398e+05
0.0158007       	2.07176469e+05
0.0158014       	2.07152275e+05
0.0158021       	2.07142994e+05
0.0158028       	2.07134245e+05
0.0158035       	2.07129942e+05
0.0158042       	2.07128455e+05
0.0158049       	2.07133048e+05
0.0158056       	2.07134478e+05
0.0158063       	2.07138500e+05
0.015807        	2.07144673e+05
0.0158077       	2.07156807e+05
0.0158084       	2.07165623e+05
0.0158091       	2.07177102e+05
0.0158099       	2.07190791e+05
0.0158106       	2.07206527e+05
0.0158113       	2.07228380e+05
0.015812        	2.07246840e+05
0.0158127       	2.07268030e+05
0.0158134       	2.07291502e+05
0.0158141       	2.07316963e+05
0.0158148       	2.07344552e+05
0.0158155       	2.07374300e+05
0.0158162       	2.07406000e+05
0.0158169       	2.07444042e+05
0.0158177       	2.07478384e+05
0.0158184       	2.07515733e+05
0.0158191       	2.07555275e+05
0.0158198       	2.07597164e+05
0.0158205       	2.07641108e+05
0.0158212       	2.07687093e+05
0.0158219       	2.07735125e+05
0.0158226       	2.07785198e+05
0.0158234       	2.07837313e+05
0.0158241       	2.07896137e+05
0.0158248       	2.07951170e+05
0.0158255       	2.08009095e+05
0.0158262       	2.08069421e+05
0.0158269       	2.08131960e+05
0.0158276       	2.08196627e+05
0.0158284       	2.08263376e+05
0.0158291       	2.08332189e+05
0.0158298       	2.08403063e+05
0.0158305       	2.08475993e+05
0.0158312       	2.08555944e+05
0.0158319       	2.08631825e+05
0.0158327       	2.08710626e+05
0.0158334       	2.08791709e+05
0.0158341       	2.08875071e+05
0.0158348       	2.08960565e+05
0.0158355       	2.09048138e+05
0.0158363       	2.09137753e+05
0.015837        	2.09229393e+05
0.0158377       	2.09328331e+05
0.0158384       	2.09422780e+05
0.0158391       	2.09520418e+05
0.0158399       	2.09620418e+05
0.0158406       	2.09722578e+05
0.0158413       	2.09826788e+05
0.015842        	2.09932998e+05
0.0158427       	2.10041179e+05
0.0158435       	2.10156851e+05
0.0158442       	2.10267844e+05
0.0158449       	2.10381716e+05
0.0158456       	2.10497877e+05
0.0158464       	2.10616124e+05
0.0158471       	2.10736314e+05
0.0158478       	2.10858424e+05
0.0158485       	2.10988303e+05
0.0158493       	2.11113133e+05
0.01585         	2.11240745e+05
0.0158507       	2.11370453e+05
0.0158515       	2.11502311e+05
0.0158522       	2.11642010e+05
0.0158529       	2.11776422e+05
0.0158537       	2.11913821e+05
0.0158544       	2.12053382e+05
0.0158551       	2.12201032e+05
0.0158559       	2.12343249e+05
0.0158566       	2.12488336e+05
0.0158573       	2.12635589e+05
0.0158581       	2.12791086e+05
0.0158588       	2.12941033e+05
0.0158595       	2.13093738e+05
0.0158603       	2.13248525e+05
0.015861        	2.13411655e+05
0.0158618       	2.13568963e+05
0.0158625       	2.13728975e+05
0.0158633       	2.13891004e+05
0.015864        	2.14061488e+05
0.0158647       	2.14225775e+05
0.0158655       	2.14392129e+05
0.0158662       	2.14560457e+05
0.015867        	2.14730428e+05
0.0158677       	2.14908849e+05
0.0158685       	2.15080734e+05
0.0158692       	2.15255125e+05
0.01587         	2.15431278e+05
0.0158707       	2.15608928e+05
0.0158715       	2.15795201e+05
0.0158723       	2.15974520e+05
0.015873        	2.16156245e+05
0.0158738       	2.16339638e+05
0.0158745       	2.16524383e+05
0.0158753       	2.16710318e+05
0.015876        	2.16905044e+05
0.0158768       	2.17092244e+05
0.0158776       	2.17281853e+05
0.0158783       	2.17472771e+05
0.0158791       	2.17660644e+05
0.0158798       	2.17850518e+05
0.0158806       	2.18041892e+05
0.0158814       	2.18242678e+05
0.0158821       	2.18435534e+05
0.0158829       	2.18630818e+05
0.0158837       	2.18827677e+05
0.0158844       	2.19024259e+05
0.0158852       	2.19223415e+05
0.015886        	2.19423191e+05
0.0158867       	2.19623001e+05
0.0158875       	2.19823424e+05
0.0158883       	2.20024465e+05
0.015889        	2.20226092e+05
0.0158898       	2.20428275e+05
0.0158906       	2.20640111e+05
0.0158913       	2.20842402e+05
0.0158921       	2.21046579e+05
0.0158929       	2.21251744e+05
0.0158936       	2.21457540e+05
0.0158944       	2.21663784e+05
0.0158952       	2.21870377e+05
0.015896        	2.22077249e+05
0.0158967       	2.22284363e+05
0.0158975       	2.22491678e+05
0.0158983       	2.22699160e+05
0.015899        	2.22906774e+05
0.0158998       	2.23114483e+05
0.0159006       	2.23322252e+05
0.0159013       	2.23519646e+05
0.0159021       	2.23728410e+05
0.0159029       	2.23935544e+05
0.0159036       	2.24141975e+05
0.0159044       	2.24348012e+05
0.0159052       	2.24553791e+05
0.0159059       	2.24759341e+05
0.0159067       	2.24964659e+05
0.0159075       	2.25169717e+05
0.0159082       	2.25374474e+05
0.015909        	2.25578899e+05
0.0159098       	2.25782953e+05
0.0159105       	2.25986596e+05
0.0159113       	2.26189789e+05
0.0159121       	2.26392500e+05
0.0159128       	2.26594681e+05
0.0159136       	2.26796303e+05
0.0159143       	2.26997323e+05
0.0159151       	2.27185514e+05
0.0159159       	2.27386464e+05
0.0159166       	2.27584907e+05
0.0159174       	2.27781894e+05
0.0159181       	2.27977810e+05
0.0159189       	2.28172805e+05
0.0159197       	2.28366901e+05
0.0159204       	2.28560171e+05
0.0159212       	2.28752532e+05
0.0159219       	2.28943963e+05
0.0159227       	2.29134433e+05
0.0159234       	2.29323869e+05
0.0159242       	2.29512295e+05
0.015925        	2.29699663e+05
0.0159257       	2.29872081e+05
0.0159265       	2.30058790e+05
0.0159272       	2.30242308e+05
0.015928        	2.30423877e+05
0.0159287       	2.30603861e+05
0.0159295       	2.30782405e+05
0.0159302       	2.30959666e+05
0.015931        	2.31135635e+05
0.0159317       	2.31310292e+05
0.0159325       	2.31483608e+05
0.0159332       	2.31655619e+05
0.015934        	2.31826191e+05
0.0159347       	2.31995315e+05
0.0159355       	2.32147259e+05
0.0159362       	2.32315465e+05
0.0159369       	2.32479850e+05
0.0159377       	2.32641787e+05
0.0159384       	2.32801783e+05
0.0159392       	2.32960056e+05
0.0159399       	2.33116689e+05
0.0159406       	2.33271706e+05
0.0159414       	2.33425097e+05
0.0159421       	2.33576842e+05
0.0159429       	2.33726906e+05
0.0159436       	2.33875254e+05
0.0159444       	2.34021861e+05
0.0159451       	2.34148621e+05
0.0159458       	2.34294357e+05
0.0159466       	2.34435602e+05
0.0159473       	2.34573941e+05
0.015948        	2.34709969e+05
0.0159488       	2.34843951e+05
0.0159495       	2.34975995e+05
0.0159502       	2.35106137e+05
0.0159509       	2.35234381e+05
0.0159517       	2.35360713e+05
0.0159524       	2.35485118e+05
0.0159531       	2.35607579e+05
0.0159539       	2.35728079e+05
0.0159546       	2.35846600e+05
0.0159553       	2.35963127e+05
0.0159561       	2.36077647e+05
0.0159568       	2.36190032e+05
0.0159575       	2.36300443e+05
0.0159583       	2.36408841e+05
0.015959        	2.36515316e+05
0.0159597       	2.36619671e+05
0.0159605       	2.36721920e+05
0.0159612       	2.36822060e+05
0.0159619       	2.36920082e+05
0.0159627       	2.37015985e+05
0.0159634       	2.37109640e+05
0.0159641       	2.37201237e+05
0.0159649       	2.37290861e+05
0.0159656       	2.37378297e+05
0.0159663       	2.37463445e+05
0.0159671       	2.37546502e+05
0.0159678       	2.37627569e+05
0.0159685       	2.37706293e+05
0.0159693       	2.37782903e+05
0.01597         	2.37857507e+05
0.0159707       	2.37929895e+05
0.0159714       	2.38000070e+05
0.0159722       	2.38068080e+05
0.0159729       	2.38133917e+05
0.0159736       	2.38197576e+05
0.0159744       	2.38258927e+05
0.0159751       	2.38318311e+05
0.0159758       	2.38375511e+05
0.0159766       	2.38430517e+05
0.0159773       	2.38483343e+05
0.015978        	2.38533995e+05
0.0159788       	2.38582488e+05
0.0159795       	2.38628837e+05
0.0159802       	2.38673030e+05
0.015981        	2.38715079e+05
0.0159817       	2.38754981e+05
0.0159824       	2.38792743e+05
0.0159832       	2.38828362e+05
0.0159839       	2.38861850e+05
0.0159846       	2.38893222e+05
0.0159854       	2.38922478e+05
0.0159861       	2.38949627e+05
0.0159868       	2.38974611e+05
0.0159876       	2.38997144e+05
0.0159883       	2.39017580e+05
0.015989        	2.39035973e+05
0.0159898       	2.39052343e+05
0.0159905       	2.39066681e+05
0.0159912       	2.39079014e+05
0.0159919       	2.39089334e+05
0.0159927       	2.39097626e+05
0.0159934       	2.39103958e+05
0.0159941       	2.39108309e+05
0.0159949       	2.39110696e+05
0.0159956       	2.39111121e+05
0.0159963       	2.39109600e+05
0.0159971       	2.39106145e+05
0.0159978       	2.39100769e+05
0.0159985       	2.39093499e+05
0.0159993       	2.39084329e+05
0.016           	2.39073282e+05
0.0160007       	2.39021809e+05
0.0160014       	2.39017796e+05
0.0160021       	2.39005969e+05
0.0160028       	2.38983957e+05
0.0160036       	2.38965853e+05
0.0160043       	2.38940163e+05
0.016005        	2.38918723e+05
0.0160057       	2.38894806e+05
0.0160064       	2.38864111e+05
0.0160071       	2.38838093e+05
0.0160078       	2.38809767e+05
0.0160085       	2.38774558e+05
0.0160092       	2.38744016e+05
0.0160099       	2.38706153e+05
0.0160106       	2.38672848e+05
0.0160113       	2.38637124e+05
0.016012        	2.38594560e+05
0.0160127       	2.38556831e+05
0.0160134       	2.38511850e+05
0.0160141       	2.38471596e+05
0.0160148       	2.38429031e+05
0.0160155       	2.38379697e+05
0.0160161       	2.38335386e+05
0.0160168       	2.38283893e+05
0.0160175       	2.38237334e+05
0.0160182       	2.38183537e+05
0.0160189       	2.38134693e+05
0.0160196       	2.38078639e+05
0.0160203       	2.38027596e+05
0.0160209       	2.37974406e+05
0.0160216       	2.37914603e+05
0.0160223       	2.37860160e+05
0.016023        	2.37798673e+05
0.0160237       	2.37742432e+05
0.0160243       	2.37679098e+05
0.016025        	2.37621043e+05
0.0160257       	2.37560994e+05
0.0160264       	2.37494436e+05
0.016027        	2.37433484e+05
0.0160277       	2.37365599e+05
0.0160284       	2.37303206e+05
0.016029        	2.37238935e+05
0.0160297       	2.37168241e+05
0.0160304       	2.37103329e+05
0.016031        	2.37031552e+05
0.0160317       	2.36965445e+05
0.0160324       	2.36897560e+05
0.016033        	2.36823321e+05
0.0160337       	2.36755034e+05
0.0160344       	2.36685113e+05
0.016035        	2.36608924e+05
0.0160357       	2.36538815e+05
0.0160363       	2.36467126e+05
0.016037        	2.36389210e+05
0.0160377       	2.36317481e+05
0.0160383       	2.36244232e+05
0.016039        	2.36164789e+05
0.0160396       	2.36091637e+05
0.0160403       	2.36017012e+05
0.0160409       	2.35936238e+05
0.0160416       	2.35861855e+05
0.0160422       	2.35786061e+05
0.0160429       	2.35704141e+05
0.0160435       	2.35628709e+05
0.0160442       	2.35551916e+05
0.0160448       	2.35474310e+05
0.0160455       	2.35390832e+05
0.0160461       	2.35314078e+05
0.0160468       	2.35236071e+05
0.0160474       	2.35157342e+05
0.0160481       	2.35072798e+05
0.0160487       	2.34995104e+05
0.0160493       	2.34916220e+05
0.01605         	2.34836682e+05
0.0160506       	2.34751351e+05
0.0160513       	2.34673022e+05
0.0160519       	2.34593550e+05
0.0160526       	2.34513486e+05
0.0160532       	2.34433060e+05
0.0160538       	2.34352379e+05
0.0160545       	2.34266093e+05
0.0160551       	2.34187079e+05
0.0160558       	2.34107047e+05
0.0160564       	2.34026535e+05
0.016057        	2.33945755e+05
0.0160577       	2.33864813e+05
0.0160583       	2.33783776e+05
0.0160589       	2.33702684e+05
0.0160596       	2.33621575e+05
0.0160602       	2.33540456e+05
0.0160609       	2.33459339e+05
0.0160615       	2.33378239e+05
0.0160621       	2.33291615e+05
0.0160628       	2.33212701e+05
0.0160634       	2.33132913e+05
0.016064        	2.33052807e+05
0.0160647       	2.32972593e+05
0.0160653       	2.32892388e+05
0.0160659       	2.32812304e+05
0.0160666       	2.32732305e+05
0.0160672       	2.32652463e+05
0.0160679       	2.32572780e+05
0.0160685       	2.32493264e+05
0.0160691       	2.32413919e+05
0.0160698       	2.32334770e+05
0.0160704       	2.32255835e+05
0.016071        	2.32177120e+05
0.0160717       	2.32098645e+05
0.0160723       	2.32020414e+05
0.0160729       	2.31942445e+05
0.0160736       	2.31864753e+05
0.0160742       	2.31787340e+05
0.0160748       	2.31710221e+05
0.0160755       	2.31633403e+05
0.0160761       	2.31556924e+05
0.0160767       	2.31480744e+05
0.0160774       	2.31404935e+05
0.016078        	2.31329481e+05
0.0160787       	2.31254386e+05
0.0160793       	2.31179663e+05
0.0160799       	2.31105336e+05
0.0160806       	2.31031407e+05
0.0160812       	2.30957887e+05
0.0160818       	2.30884785e+05
0.0160825       	2.30812102e+05
0.0160831       	2.30739869e+05
0.0160837       	2.30662038e+05
0.0160844       	2.30593130e+05
0.016085        	2.30523589e+05
0.0160856       	2.30454046e+05
0.0160863       	2.30384751e+05
0.0160869       	2.30315857e+05
0.0160875       	2.30247407e+05
0.0160882       	2.30179448e+05
0.0160888       	2.30111999e+05
0.0160894       	2.30045070e+05
0.01609         	2.29978655e+05
0.0160907       	2.29912781e+05
0.0160913       	2.29847466e+05
0.0160919       	2.29782693e+05
0.0160926       	2.29712167e+05
0.0160932       	2.29651060e+05
0.0160938       	2.29589349e+05
0.0160945       	2.29527697e+05
0.0160951       	2.29466380e+05
0.0160957       	2.29405525e+05
0.0160963       	2.29345212e+05
0.016097        	2.29285469e+05
0.0160976       	2.29219839e+05
0.0160982       	2.29163913e+05
0.0160988       	2.29107362e+05
0.0160995       	2.29050889e+05
0.0161001       	2.28994765e+05
0.0161007       	2.28939146e+05
0.0161013       	2.28877466e+05
0.016102        	2.28825680e+05
0.0161026       	2.28773246e+05
0.0161032       	2.28720881e+05
0.0161038       	2.28668883e+05
0.0161044       	2.28610642e+05
0.0161051       	2.28562438e+05
0.0161057       	2.28513545e+05
0.0161063       	2.28464712e+05
0.0161069       	2.28416232e+05
0.0161075       	2.28368254e+05
0.0161081       	2.28313951e+05
0.0161087       	2.28269927e+05
0.0161094       	2.28225205e+05
0.01611         	2.28180528e+05
0.0161106       	2.28136195e+05
0.0161112       	2.28092361e+05
0.0161118       	2.28042023e+05
0.0161124       	2.28002195e+05
0.016113        	2.27961617e+05
0.0161136       	2.27921063e+05
0.0161142       	2.27880839e+05
0.0161148       	2.27841097e+05
0.0161154       	2.27794656e+05
0.0161161       	2.27758970e+05
0.0161167       	2.27722483e+05
0.0161173       	2.27685979e+05
0.0161179       	2.27649794e+05
0.0161185       	2.27614065e+05
0.0161191       	2.27578880e+05
0.0161197       	2.27544270e+05
0.0161203       	2.27502713e+05
0.0161209       	2.27472305e+05
0.0161215       	2.27441014e+05
0.0161221       	2.27409676e+05
0.0161227       	2.27378599e+05
0.0161233       	2.27347957e+05
0.0161239       	2.27317831e+05
0.0161245       	2.27288250e+05
0.0161251       	2.27259237e+05
0.0161257       	2.27230798e+05
0.0161263       	2.27194977e+05
0.0161269       	2.27170846e+05
0.0161275       	2.27145706e+05
0.016128        	2.27120432e+05
0.0161286       	2.27095364e+05
0.0161292       	2.27070681e+05
0.0161298       	2.27046472e+05
0.0161304       	2.27022771e+05
0.016131        	2.26999594e+05
0.0161316       	2.26976950e+05
0.0161322       	2.26954835e+05
0.0161328       	2.26933246e+05
0.0161334       	2.26912193e+05
0.016134        	2.26891655e+05
0.0161346       	2.26871628e+05
0.0161352       	2.26852116e+05
0.0161358       	2.26833112e+05
0.0161364       	2.26814604e+05
0.016137        	2.26796592e+05
0.0161376       	2.26779074e+05
0.0161382       	2.26762044e+05
0.0161388       	2.26745506e+05
0.0161393       	2.26729440e+05
0.0161399       	2.26713846e+05
0.0161405       	2.26698731e+05
0.0161411       	2.26684073e+05
0.0161417       	2.26669871e+05
0.0161423       	2.26656125e+05
0.0161429       	2.26642826e+05
0.0161435       	2.26639714e+05
0.0161441       	2.26623367e+05
0.0161447       	2.26609505e+05
0.0161453       	2.26596978e+05
0.0161459       	2.26585318e+05
0.0161465       	2.26574301e+05
0.0161471       	2.26563798e+05
0.0161477       	2.26553743e+05
0.0161483       	2.26544104e+05
0.0161489       	2.26534869e+05
0.0161495       	2.26526029e+05
0.0161501       	2.26517572e+05
0.0161507       	2.26509496e+05
0.0161513       	2.26501796e+05
0.0161519       	2.26494466e+05
0.0161525       	2.26487500e+05
0.0161531       	2.26480892e+05
0.0161537       	2.26474632e+05
0.0161543       	2.26468721e+05
0.0161549       	2.26463151e+05
0.0161555       	2.26457915e+05
0.0161561       	2.26453007e+05
0.0161567       	2.26448422e+05
0.0161573       	2.26444147e+05
0.0161579       	2.26440185e+05
0.0161585       	2.26436519e+05
0.0161591       	2.26433150e+05
0.0161597       	2.26430069e+05
0.0161603       	2.26427272e+05
0.0161609       	2.26424750e+05
0.0161615       	2.26422492e+05
0.0161621       	2.26420495e+05
0.0161627       	2.26418752e+05
0.0161633       	2.26417255e+05
0.0161639       	2.26415997e+05
0.0161645       	2.26414976e+05
0.0161651       	2.26414185e+05
0.0161657       	2.26413608e+05
0.0161663       	2.26413244e+05
0.016167        	2.26413094e+05
0.0161676       	2.26413132e+05
0.0161682       	2.26413369e+05
0.0161688       	2.26413789e+05
0.0161694       	2.26414391e+05
0.01617         	2.26415162e+05
0.0161706       	2.26416104e+05
0.0161712       	2.26417199e+05
0.0161718       	2.26418456e+05
0.0161724       	2.26419844e+05
0.016173        	2.26421380e+05
0.0161736       	2.26423044e+05
0.0161742       	2.26424841e+05
0.0161748       	2.26426749e+05
0.0161754       	2.26428776e+05
0.016176        	2.26430904e+05
0.0161766       	2.26433135e+05
0.0161772       	2.26435456e+05
0.0161778       	2.26437871e+05
0.0161784       	2.26440353e+05
0.016179        	2.26442921e+05
0.0161796       	2.26445551e+05
0.0161802       	2.26448243e+05
0.0161808       	2.26450988e+05
0.0161814       	2.26453785e+05
0.016182        	2.26456623e+05
0.0161826       	2.26459499e+05
0.0161832       	2.26462407e+05
0.0161838       	2.26465338e+05
0.0161844       	2.26468289e+05
0.016185        	2.26471252e+05
0.0161856       	2.26474222e+05
0.0161862       	2.26477196e+05
0.0161868       	2.26480163e+05
0.0161874       	2.26483119e+05
0.016188        	2.26486061e+05
0.0161886       	2.26488980e+05
0.0161892       	2.26491872e+05
0.0161898       	2.26494733e+05
0.0161904       	2.26497555e+05
0.016191        	2.26500335e+05
0.0161916       	2.26503067e+05
0.0161922       	2.26505745e+05
0.0161928       	2.26508366e+05
0.0161934       	2.26510924e+05
0.016194        	2.26513414e+05
0.0161946       	2.26515830e+05
0.0161952       	2.26518169e+05
0.0161958       	2.26520425e+05
0.0161964       	2.26522595e+05
0.016197        	2.26524670e+05
0.0161976       	2.26526648e+05
0.0161982       	2.26528528e+05
0.0161988       	2.26530296e+05
0.0161994       	2.26531943e+05
0.0162          	2.26533488e+05
0.0162006       	2.26523971e+05
0.0162012       	2.26529688e+05
0.0162018       	2.26532886e+05
0.0162024       	2.26534907e+05
0.016203        	2.26536277e+05
0.0162036       	2.26537265e+05
0.0162042       	2.26538009e+05
0.0162047       	2.26538566e+05
0.0162053       	2.26538963e+05
0.0162059       	2.26541905e+05
0.0162065       	2.26540916e+05
0.0162071       	2.26540364e+05
0.0162077       	2.26539916e+05
0.0162083       	2.26542173e+05
0.0162089       	2.26540490e+05
0.0162095       	2.26539263e+05
0.0162101       	2.26538138e+05
0.0162107       	2.26536971e+05
0.0162113       	2.26538477e+05
0.0162119       	2.26535916e+05
0.0162125       	2.26533787e+05
0.0162131       	2.26531742e+05
0.0162137       	2.26532469e+05
0.0162143       	2.26529089e+05
0.0162149       	2.26526163e+05
0.0162155       	2.26523320e+05
0.0162161       	2.26520415e+05
0.0162167       	2.26520261e+05
0.0162173       	2.26515874e+05
0.0162179       	2.26511924e+05
0.0162185       	2.26508047e+05
0.0162191       	2.26507032e+05
0.0162197       	2.26501744e+05
0.0162203       	2.26496915e+05
0.0162209       	2.26492165e+05
0.0162215       	2.26487343e+05
0.0162222       	2.26485364e+05
0.0162228       	2.26478982e+05
0.0162234       	2.26473047e+05
0.016224        	2.26467188e+05
0.0162246       	2.26464294e+05
0.0162252       	2.26456953e+05
0.0162258       	2.26450090e+05
0.0162264       	2.26443308e+05
0.016227        	2.26436449e+05
0.0162276       	2.26432549e+05
0.0162282       	2.26424065e+05
0.0162289       	2.26416051e+05
0.0162295       	2.26408115e+05
0.0162301       	2.26400101e+05
0.0162307       	2.26391930e+05
0.0162313       	2.26386762e+05
0.0162319       	2.26376868e+05
0.0162325       	2.26367458e+05
0.0162331       	2.26358131e+05
0.0162338       	2.26348726e+05
0.0162344       	2.26339168e+05
0.016235        	2.26329419e+05
0.0162356       	2.26319461e+05
0.0162362       	2.26309287e+05
0.0162368       	2.26298892e+05
0.0162374       	2.26288280e+05
0.016238        	2.26277451e+05
0.0162387       	2.26266410e+05
0.0162393       	2.26258558e+05
0.0162399       	2.26242277e+05
0.0162405       	2.26231348e+05
0.0162411       	2.26219791e+05
0.0162417       	2.26207859e+05
0.0162423       	2.26195638e+05
0.016243        	2.26183175e+05
0.0162436       	2.26170492e+05
0.0162442       	2.26157599e+05
0.0162448       	2.26144506e+05
0.0162454       	2.26131219e+05
0.016246        	2.26117736e+05
0.0162466       	2.26104063e+05
0.0162473       	2.26090204e+05
0.0162479       	2.26076154e+05
0.0162485       	2.26061922e+05
0.0162491       	2.26047506e+05
0.0162497       	2.26032912e+05
0.0162503       	2.26018141e+05
0.0162509       	2.26003197e+05
0.0162515       	2.25988080e+05
0.0162522       	2.25972794e+05
0.0162528       	2.25957339e+05
0.0162534       	2.25941720e+05
0.016254        	2.25925940e+05
0.0162546       	2.25910000e+05
0.0162552       	2.25893905e+05
0.0162558       	2.25881540e+05
0.0162565       	2.25863559e+05
0.0162571       	2.25846260e+05
0.0162577       	2.25829177e+05
0.0162583       	2.25812126e+05
0.0162589       	2.25795017e+05
0.0162595       	2.25777811e+05
0.0162602       	2.25760478e+05
0.0162608       	2.25743023e+05
0.0162614       	2.25725441e+05
0.016262        	2.25707732e+05
0.0162626       	2.25689904e+05
0.0162632       	2.25671958e+05
0.0162639       	2.25653896e+05
0.0162645       	2.25635725e+05
0.0162651       	2.25621648e+05
0.0162657       	2.25601564e+05
0.0162663       	2.25582273e+05
0.0162669       	2.25563269e+05
0.0162676       	2.25544358e+05
0.0162682       	2.25529765e+05
0.0162688       	2.25509054e+05
0.0162694       	2.25489193e+05
0.01627         	2.25469655e+05
0.0162707       	2.25450233e+05
0.0162713       	2.25430827e+05
0.0162719       	2.25415853e+05
0.0162725       	2.25394547e+05
0.0162732       	2.25374136e+05
0.0162738       	2.25354079e+05
0.0162744       	2.25334165e+05
0.016275        	2.25314292e+05
0.0162757       	2.25299028e+05
0.0162763       	2.25277236e+05
0.0162769       	2.25256400e+05
0.0162776       	2.25235954e+05
0.0162782       	2.25215682e+05
0.0162788       	2.25195478e+05
0.0162794       	2.25175292e+05
0.0162801       	2.25159914e+05
0.0162807       	2.25137752e+05
0.0162813       	2.25116611e+05
0.016282        	2.25095907e+05
0.0162826       	2.25075414e+05
0.0162832       	2.25055020e+05
0.0162839       	2.25039662e+05
0.0162845       	2.25017304e+05
0.0162851       	2.24996038e+05
0.0162858       	2.24975251e+05
0.0162864       	2.24954709e+05
0.016287        	2.24934253e+05
0.0162877       	2.24913745e+05
0.0162883       	2.24898460e+05
0.0162889       	2.24875892e+05
0.0162896       	2.24854484e+05
0.0162902       	2.24833597e+05
0.0162909       	2.24812982e+05
0.0162915       	2.24792520e+05
0.0162921       	2.24772156e+05
0.0162928       	2.24751857e+05
0.0162934       	2.24731626e+05
0.016294        	2.24711462e+05
0.0162947       	2.24691362e+05
0.0162953       	2.24676922e+05
0.016296        	2.24654681e+05
0.0162966       	2.24633725e+05
0.0162973       	2.24613371e+05
0.0162979       	2.24593349e+05
0.0162985       	2.24573528e+05
0.0162992       	2.24553848e+05
0.0162998       	2.24534282e+05
0.0163005       	2.24514819e+05
0.0163011       	2.24495460e+05
0.0163018       	2.24476204e+05
0.0163024       	2.24457056e+05
0.016303        	2.24438021e+05
0.0163037       	2.24419101e+05
0.0163043       	2.24400301e+05
0.016305        	2.24381625e+05
0.0163056       	2.24363073e+05
0.0163062       	2.24344651e+05
0.0163069       	2.24326363e+05
0.0163075       	2.24308210e+05
0.0163082       	2.24290196e+05
0.0163088       	2.24272324e+05
0.0163095       	2.24254594e+05
0.0163101       	2.24237011e+05
0.0163107       	2.24219578e+05
0.0163114       	2.24202296e+05
0.016312        	2.24185167e+05
0.0163127       	2.24168195e+05
0.0163133       	2.24151383e+05
0.016314        	2.24134730e+05
0.0163146       	2.24118240e+05
0.0163152       	2.24101915e+05
0.0163159       	2.24085756e+05
0.0163165       	2.24069765e+05
0.0163172       	2.24053946e+05
0.0163178       	2.24038300e+05
0.0163184       	2.24022826e+05
0.0163191       	2.24007528e+05
0.0163197       	2.23992408e+05
0.0163204       	2.23977466e+05
0.016321        	2.23962706e+05
0.0163217       	2.23948125e+05
0.0163223       	2.23933730e+05
0.0163229       	2.23919517e+05
0.0163236       	2.23905490e+05
0.0163242       	2.23891650e+05
0.0163249       	2.23877997e+05
0.0163255       	2.23864532e+05
0.0163262       	2.23851257e+05
0.0163268       	2.23838173e+05
0.0163274       	2.23825279e+05
0.0163281       	2.23812579e+05
0.0163287       	2.23800070e+05
0.0163294       	2.23787754e+05
0.01633         	2.23775632e+05
0.0163306       	2.23763704e+05
0.0163313       	2.23751972e+05
0.0163319       	2.23740433e+05
0.0163326       	2.23729089e+05
0.0163332       	2.23717940e+05
0.0163339       	2.23706987e+05
0.0163345       	2.23696230e+05
0.0163351       	2.23685669e+05
0.0163358       	2.23675304e+05
0.0163364       	2.23665133e+05
0.0163371       	2.23664528e+05
0.0163377       	2.23651028e+05
0.0163384       	2.23639748e+05
0.016339        	2.23629529e+05
0.0163397       	2.23619912e+05
0.0163403       	2.23610674e+05
0.016341        	2.23601707e+05
0.0163416       	2.23592963e+05
0.0163423       	2.23584418e+05
0.0163429       	2.23576065e+05
0.0163436       	2.23567900e+05
0.0163442       	2.23559922e+05
0.0163449       	2.23562797e+05
0.0163455       	2.23550940e+05
0.0163462       	2.23541617e+05
0.0163468       	2.23533478e+05
0.0163475       	2.23525993e+05
0.0163481       	2.23518904e+05
0.0163488       	2.23512089e+05
0.0163495       	2.23505492e+05
0.0163501       	2.23499087e+05
0.0163508       	2.23492864e+05
0.0163514       	2.23486819e+05
0.0163521       	2.23480951e+05
0.0163527       	2.23475259e+05
0.0163534       	2.23469745e+05
0.0163541       	2.23477164e+05
0.0163547       	2.23466888e+05
0.0163554       	2.23459644e+05
0.0163561       	2.23453780e+05
0.0163567       	2.23448646e+05
0.0163574       	2.23443931e+05
0.0163581       	2.23439486e+05
0.0163587       	2.23435245e+05
0.0163594       	2.23431177e+05
0.0163601       	2.23427270e+05
0.0163607       	2.23423518e+05
0.0163614       	2.23419920e+05
0.0163621       	2.23416476e+05
0.0163627       	2.23413186e+05
0.0163634       	2.23410048e+05
0.0163641       	2.23407062e+05
0.0163647       	2.23420763e+05
0.0163654       	2.23411403e+05
0.0163661       	2.23405975e+05
0.0163668       	2.23402276e+05
0.0163674       	2.23399444e+05
0.0163681       	2.23397068e+05
0.0163688       	2.23394955e+05
0.0163695       	2.23393020e+05
0.0163702       	2.23391223e+05
0.0163708       	2.23389550e+05
0.0163715       	2.23387994e+05
0.0163722       	2.23386556e+05
0.0163729       	2.23385234e+05
0.0163735       	2.23384027e+05
0.0163742       	2.23382936e+05
0.0163749       	2.23381960e+05
0.0163756       	2.23381095e+05
0.0163763       	2.23380340e+05
0.0163769       	2.23379694e+05
0.0163776       	2.23379153e+05
0.0163783       	2.23378715e+05
0.016379        	2.23378378e+05
0.0163797       	2.23378137e+05
0.0163803       	2.23377990e+05
0.016381        	2.23377934e+05
0.0163817       	2.23377967e+05
0.0163824       	2.23378086e+05
0.016383        	2.23378286e+05
0.0163837       	2.23378566e+05
0.0163844       	2.23378922e+05
0.0163851       	2.23379352e+05
0.0163858       	2.23379870e+05
0.0163864       	2.23380449e+05
0.0163871       	2.23381088e+05
0.0163878       	2.23381786e+05
0.0163885       	2.23382540e+05
0.0163891       	2.23383349e+05
0.0163898       	2.23384209e+05
0.0163905       	2.23385119e+05
0.0163912       	2.23386075e+05
0.0163919       	2.23387076e+05
0.0163925       	2.23388117e+05
0.0163932       	2.23389198e+05
0.0163939       	2.23390314e+05
0.0163946       	2.23391463e+05
0.0163953       	2.23392643e+05
0.0163959       	2.23393851e+05
0.0163966       	2.23395084e+05
0.0163973       	2.23396339e+05
0.016398        	2.23397614e+05
0.0163986       	2.23398907e+05
0.0163993       	2.23400215e+05
0.0164          	2.23401534e+05
0.0164007       	2.23411527e+05
0.0164014       	2.23409426e+05
0.0164021       	2.23409313e+05
0.0164027       	2.23410026e+05
0.0164034       	2.23411113e+05
0.0164041       	2.23412357e+05
0.0164048       	2.23413659e+05
0.0164055       	2.23414974e+05
0.0164062       	2.23416263e+05
0.0164068       	2.23417542e+05
0.0164075       	2.23421949e+05
0.0164082       	2.23421945e+05
0.0164089       	2.23422641e+05
0.0164096       	2.23423615e+05
0.0164103       	2.23424701e+05
0.016411        	2.23425821e+05
0.0164117       	2.23426938e+05
0.0164123       	2.23428034e+05
0.016413        	2.23429101e+05
0.0164137       	2.23430136e+05
0.0164144       	2.23431151e+05
0.0164151       	2.23432125e+05
0.0164158       	2.23433059e+05
0.0164165       	2.23437271e+05
0.0164172       	2.23436808e+05
0.0164179       	2.23437065e+05
0.0164185       	2.23437593e+05
0.0164192       	2.23438219e+05
0.0164199       	2.23438862e+05
0.0164206       	2.23439481e+05
0.0164213       	2.23443481e+05
0.016422        	2.23442656e+05
0.0164227       	2.23442563e+05
0.0164234       	2.23442740e+05
0.0164241       	2.23443009e+05
0.0164248       	2.23446783e+05
0.0164255       	2.23445638e+05
0.0164262       	2.23445247e+05
0.0164269       	2.23448677e+05
0.0164276       	2.23447237e+05
0.0164283       	2.23446618e+05
0.016429        	2.23446296e+05
0.0164297       	2.23449683e+05
0.0164304       	2.23448017e+05
0.0164311       	2.23447144e+05
0.0164318       	2.23450223e+05
0.0164325       	2.23448256e+05
0.0164332       	2.23447135e+05
0.0164339       	2.23446316e+05
0.0164346       	2.23449331e+05
0.0164353       	2.23447106e+05
0.016436        	2.23445703e+05
0.0164367       	2.23448388e+05
0.0164374       	2.23445841e+05
0.0164381       	2.23444171e+05
0.0164388       	2.23446672e+05
0.0164396       	2.23443860e+05
0.0164403       	2.23441945e+05
0.016441        	2.23440347e+05
0.0164417       	2.23442782e+05
0.0164424       	2.23439687e+05
0.0164431       	2.23437465e+05
0.0164438       	2.23439552e+05
0.0164446       	2.23436112e+05
0.0164453       	2.23433606e+05
0.016446        	2.23435501e+05
0.0164467       	2.23431770e+05
0.0164475       	2.23428997e+05
0.0164482       	2.23426564e+05
0.0164489       	2.23428395e+05
0.0164496       	2.23424373e+05
0.0164504       	2.23421286e+05
0.0164511       	2.23422761e+05
0.0164518       	2.23418382e+05
0.0164525       	2.23415002e+05
0.0164533       	2.23411974e+05
0.016454        	2.23413398e+05
0.0164547       	2.23408719e+05
0.0164555       	2.23405018e+05
0.0164562       	2.23401659e+05
0.0164569       	2.23402845e+05
0.0164577       	2.23397777e+05
0.0164584       	2.23393719e+05
0.0164592       	2.23390014e+05
0.0164599       	2.23386415e+05
0.0164606       	2.23382812e+05
0.0164614       	2.23383772e+05
0.0164621       	2.23378176e+05
0.0164629       	2.23373609e+05
0.0164636       	2.23369403e+05
0.0164643       	2.23365309e+05
0.0164651       	2.23361217e+05
0.0164658       	2.23361870e+05
0.0164666       	2.23355715e+05
0.0164673       	2.23350635e+05
0.0164681       	2.23345933e+05
0.0164688       	2.23341350e+05
0.0164696       	2.23336770e+05
0.0164703       	2.23332142e+05
0.016471        	2.23327444e+05
0.0164718       	2.23322673e+05
0.0164725       	2.23317823e+05
0.0164733       	2.23312897e+05
0.016474        	2.23307894e+05
0.0164748       	2.23302815e+05
0.0164755       	2.23302889e+05
0.0164763       	2.23295545e+05
0.016477        	2.23289371e+05
0.0164778       	2.23283614e+05
0.0164785       	2.23277990e+05
0.0164793       	2.23272371e+05
0.01648         	2.23266703e+05
0.0164808       	2.23260963e+05
0.0164815       	2.23255139e+05
0.0164823       	2.23249229e+05
0.016483        	2.23243234e+05
0.0164838       	2.23237152e+05
0.0164845       	2.23230985e+05
0.0164853       	2.23224730e+05
0.016486        	2.23218390e+05
0.0164868       	2.23211960e+05
0.0164875       	2.23205441e+05
0.0164883       	2.23198831e+05
0.016489        	2.23192129e+05
0.0164898       	2.23185335e+05
0.0164905       	2.23178445e+05
0.0164913       	2.23171459e+05
0.016492        	2.23164373e+05
0.0164928       	2.23157187e+05
0.0164935       	2.23149899e+05
0.0164943       	2.23142507e+05
0.016495        	2.23135006e+05
0.0164958       	2.23127396e+05
0.0164965       	2.23119675e+05
0.0164973       	2.23111839e+05
0.016498        	2.23103889e+05
0.0164988       	2.23095818e+05
0.0164995       	2.23087624e+05
0.0165003       	2.23079298e+05
0.016501        	2.23070848e+05
0.0165018       	2.23062276e+05
0.0165025       	2.23053571e+05
0.0165033       	2.23044726e+05
0.016504        	2.23035742e+05
0.0165048       	2.23026607e+05
0.0165055       	2.23017327e+05
0.0165063       	2.23007899e+05
0.016507        	2.22998320e+05
0.0165078       	2.22988584e+05
0.0165085       	2.22978687e+05
0.0165093       	2.22968627e+05
0.01651         	2.22958400e+05
0.0165108       	2.22948001e+05
0.0165115       	2.22937426e+05
0.0165123       	2.22926671e+05
0.016513        	2.22915740e+05
0.0165138       	2.22904618e+05
0.0165145       	2.22893302e+05
0.0165153       	2.22881789e+05
0.016516        	2.22870074e+05
0.0165168       	2.22858153e+05
0.0165175       	2.22846022e+05
0.0165183       	2.22833676e+05
0.016519        	2.22821111e+05
0.0165198       	2.22808322e+05
0.0165205       	2.22795305e+05
0.0165213       	2.22782055e+05
0.016522        	2.22768566e+05
0.0165228       	2.22754834e+05
0.0165235       	2.22740855e+05
0.0165243       	2.22726623e+05
0.016525        	2.22712132e+05
0.0165258       	2.22697378e+05
0.0165265       	2.22682355e+05
0.0165273       	2.22676250e+05
0.016528        	2.22656913e+05
0.0165288       	2.22639430e+05
0.0165295       	2.22622493e+05
0.0165303       	2.22605609e+05
0.0165311       	2.22588553e+05
0.0165318       	2.22571227e+05
0.0165326       	2.22553585e+05
0.0165333       	2.22535607e+05
0.0165341       	2.22517285e+05
0.0165348       	2.22498612e+05
0.0165356       	2.22479583e+05
0.0165364       	2.22460194e+05
0.0165371       	2.22440442e+05
0.0165379       	2.22420320e+05
0.0165386       	2.22410686e+05
0.0165394       	2.22385246e+05
0.0165402       	2.22361991e+05
0.0165409       	2.22339347e+05
0.0165417       	2.22316719e+05
0.0165425       	2.22293841e+05
0.0165432       	2.22270597e+05
0.016544        	2.22246933e+05
0.0165448       	2.22222834e+05
0.0165455       	2.22198283e+05
0.0165463       	2.22173279e+05
0.0165471       	2.22147816e+05
0.0165478       	2.22121893e+05
0.0165486       	2.22095503e+05
0.0165494       	2.22068644e+05
0.0165501       	2.22041309e+05
0.0165509       	2.22013495e+05
0.0165517       	2.21985200e+05
0.0165524       	2.21956410e+05
0.0165532       	2.21927124e+05
0.016554        	2.21897340e+05
0.0165548       	2.21867052e+05
0.0165555       	2.21836256e+05
0.0165563       	2.21804946e+05
0.0165571       	2.21773118e+05
0.0165578       	2.21756504e+05
0.0165586       	2.21716749e+05
0.0165594       	2.21680248e+05
0.0165602       	2.21644668e+05
0.016561        	2.21609143e+05
0.0165617       	2.21573290e+05
0.0165625       	2.21536950e+05
0.0165633       	2.21500058e+05
0.0165641       	2.21462584e+05
0.0165649       	2.21424524e+05
0.0165656       	2.21385878e+05
0.0165664       	2.21346645e+05
0.0165672       	2.21306829e+05
0.016568        	2.21266433e+05
0.0165688       	2.21225455e+05
0.0165695       	2.21183892e+05
0.0165703       	2.21141748e+05
0.0165711       	2.21099021e+05
0.0165719       	2.21055713e+05
0.0165727       	2.21011825e+05
0.0165734       	2.20967353e+05
0.0165742       	2.20922301e+05
0.016575        	2.20876667e+05
0.0165758       	2.20830454e+05
0.0165765       	2.20754924e+05
0.0165773       	2.20720175e+05
0.0165781       	2.20678233e+05
0.0165788       	2.20633126e+05
0.0165796       	2.20586374e+05
0.0165803       	2.20538646e+05
0.0165811       	2.20490242e+05
0.0165818       	2.20441282e+05
0.0165826       	2.20391805e+05
0.0165834       	2.20341824e+05
0.0165841       	2.20291342e+05
0.0165849       	2.20240359e+05
0.0165856       	2.20188869e+05
0.0165864       	2.20136880e+05
0.0165871       	2.20084385e+05
0.0165879       	2.20031386e+05
0.0165887       	2.19977888e+05
0.0165894       	2.19923893e+05
0.0165902       	2.19869411e+05
0.0165909       	2.19814444e+05
0.0165917       	2.19758996e+05
0.0165924       	2.19703076e+05
0.0165932       	2.19646689e+05
0.0165939       	2.19589844e+05
0.0165947       	2.19532546e+05
0.0165955       	2.19474805e+05
0.0165962       	2.19416624e+05
0.016597        	2.19358013e+05
0.0165977       	2.19298982e+05
0.0165985       	2.19239540e+05
0.0165992       	2.19179695e+05
0.0166          	2.19119457e+05
0.0166007       	2.19042189e+05
0.0166015       	2.18988358e+05
0.0166022       	2.18930560e+05
0.016603        	2.18867318e+05
0.0166037       	2.18808347e+05
0.0166044       	2.18744324e+05
0.0166052       	2.18684861e+05
0.0166059       	2.18624166e+05
0.0166067       	2.18559061e+05
0.0166074       	2.18498882e+05
0.0166081       	2.18437605e+05
0.0166089       	2.18371932e+05
0.0166096       	2.18311305e+05
0.0166103       	2.18249612e+05
0.0166111       	2.18187373e+05
0.0166118       	2.18120894e+05
0.0166125       	2.18059692e+05
0.0166132       	2.17997497e+05
0.016614        	2.17930849e+05
0.0166147       	2.17869509e+05
0.0166154       	2.17807172e+05
0.0166162       	2.17740337e+05
0.0166169       	2.17678923e+05
0.0166176       	2.17616544e+05
0.0166183       	2.17553734e+05
0.016619        	2.17486593e+05
0.0166198       	2.17425123e+05
0.0166205       	2.17362773e+05
0.0166212       	2.17300060e+05
0.0166219       	2.17232984e+05
0.0166226       	2.17171747e+05
0.0166234       	2.17109681e+05
0.0166241       	2.17047302e+05
0.0166248       	2.16980525e+05
0.0166255       	2.16919758e+05
0.0166262       	2.16858207e+05
0.0166269       	2.16796402e+05
0.0166277       	2.16734555e+05
0.0166284       	2.16668351e+05
0.0166291       	2.16608419e+05
0.0166298       	2.16547781e+05
0.0166305       	2.16486968e+05
0.0166312       	2.16426186e+05
0.0166319       	2.16365545e+05
0.0166326       	2.16300530e+05
0.0166333       	2.16242078e+05
0.0166341       	2.16183007e+05
0.0166348       	2.16123848e+05
0.0166355       	2.16064814e+05
0.0166362       	2.16006015e+05
0.0166369       	2.15947507e+05
0.0166376       	2.15889325e+05
0.0166383       	2.15831493e+05
0.016639        	2.15774029e+05
0.0166397       	2.15716953e+05
0.0166404       	2.15660280e+05
0.0166411       	2.15599136e+05
0.0166419       	2.15545152e+05
0.0166426       	2.15490711e+05
0.0166433       	2.15436359e+05
0.016644        	2.15382327e+05
0.0166447       	2.15328729e+05
0.0166454       	2.15275628e+05
0.0166461       	2.15223057e+05
0.0166468       	2.15171040e+05
0.0166475       	2.15119602e+05
0.0166482       	2.15068760e+05
0.0166489       	2.15018528e+05
0.0166496       	2.14968927e+05
0.0166503       	2.14919972e+05
0.016651        	2.14871679e+05
0.0166517       	2.14824079e+05
0.0166524       	2.14777164e+05
0.0166531       	2.14730971e+05
0.0166539       	2.14685523e+05
0.0166546       	2.14640819e+05
0.0166553       	2.14596888e+05
0.016656        	2.14553748e+05
0.0166567       	2.14511415e+05
0.0166574       	2.14469888e+05
0.0166581       	2.14429232e+05
0.0166588       	2.14389427e+05
0.0166595       	2.14350494e+05
0.0166602       	2.14312450e+05
0.0166609       	2.14275318e+05
0.0166616       	2.14239117e+05
0.0166623       	2.14203870e+05
0.016663        	2.14163664e+05
0.0166637       	2.14132349e+05
0.0166644       	2.14100971e+05
0.0166651       	2.14070164e+05
0.0166658       	2.14040185e+05
0.0166665       	2.14011158e+05
0.0166672       	2.13983152e+05
0.0166679       	2.13956209e+05
0.0166686       	2.13930340e+05
0.0166693       	2.13905577e+05
0.0166701       	2.13881931e+05
0.0166708       	2.13859411e+05
0.0166715       	2.13838030e+05
0.0166722       	2.13817808e+05
0.0166729       	2.13798758e+05
0.0166736       	2.13780888e+05
0.0166743       	2.13757620e+05
0.016675        	2.13744223e+05
0.0166757       	2.13730910e+05
0.0166764       	2.13718349e+05
0.0166771       	2.13706814e+05
0.0166778       	2.13696443e+05
0.0166785       	2.13687299e+05
0.0166792       	2.13679419e+05
0.0166798       	2.13665844e+05
0.0166805       	2.13662633e+05
0.0166812       	2.13659548e+05
0.0166819       	2.13657289e+05
0.0166826       	2.13656122e+05
0.0166833       	2.13656186e+05
0.016684        	2.13650273e+05
0.0166847       	2.13655072e+05
0.0166854       	2.13660010e+05
0.0166861       	2.13665798e+05
0.0166868       	2.13672712e+05
0.0166875       	2.13673360e+05
0.0166881       	2.13684996e+05
0.0166888       	2.13696756e+05
0.0166895       	2.13709374e+05
0.0166902       	2.13723138e+05
0.0166909       	2.13730384e+05
0.0166916       	2.13748914e+05
0.0166922       	2.13767556e+05
0.0166929       	2.13787060e+05
0.0166936       	2.13807716e+05
0.0166943       	2.13821590e+05
0.016695        	2.13847041e+05
0.0166956       	2.13872564e+05
0.0166963       	2.13898798e+05
0.016697        	2.13926142e+05
0.0166977       	2.13946425e+05
0.0166983       	2.13978571e+05
0.016699        	2.14010765e+05
0.0166997       	2.14043782e+05
0.0167004       	2.14077927e+05
0.016701        	2.14104690e+05
0.0167017       	2.14143608e+05
0.0167024       	2.14182534e+05
0.016703        	2.14222255e+05
0.0167037       	2.14263082e+05
0.0167044       	2.14296211e+05
0.016705        	2.14341790e+05
0.0167057       	2.14387325e+05
0.0167064       	2.14433619e+05
0.016707        	2.14480990e+05
0.0167077       	2.14520329e+05
0.0167083       	2.14572416e+05
0.016709        	2.14624396e+05
0.0167097       	2.14677092e+05
0.0167103       	2.14730825e+05
0.016711        	2.14776176e+05
0.0167116       	2.14834574e+05
0.0167123       	2.14892796e+05
0.0167129       	2.14951680e+05
0.0167136       	2.15011558e+05
0.0167143       	2.15072583e+05
0.0167149       	2.15124857e+05
0.0167156       	2.15190584e+05
0.0167162       	2.15256044e+05
0.0167169       	2.15322093e+05
0.0167175       	2.15389068e+05
0.0167182       	2.15457127e+05
0.0167188       	2.15515952e+05
0.0167194       	2.15588629e+05
0.0167201       	2.15660933e+05
0.0167207       	2.15733745e+05
0.0167214       	2.15807325e+05
0.016722        	2.15882118e+05
0.0167227       	2.15957990e+05
0.0167233       	2.16035003e+05
0.0167239       	2.16102147e+05
0.0167246       	2.16183752e+05
0.0167252       	2.16264825e+05
0.0167259       	2.16346289e+05
0.0167265       	2.16428503e+05
0.0167271       	2.16511640e+05
0.0167278       	2.16595782e+05
0.0167284       	2.16680956e+05
0.0167291       	2.16767172e+05
0.0167297       	2.16842674e+05
0.0167303       	2.16933372e+05
0.016731        	2.17023324e+05
0.0167316       	2.17113510e+05
0.0167322       	2.17204313e+05
0.0167329       	2.17295915e+05
0.0167335       	2.17388401e+05
0.0167341       	2.17481806e+05
0.0167348       	2.17576138e+05
0.0167354       	2.17671390e+05
0.016736        	2.17767556e+05
0.0167367       	2.17864624e+05
0.0167373       	2.17962580e+05
0.0167379       	2.18061408e+05
0.0167386       	2.18161099e+05
0.0167392       	2.18261635e+05
0.0167398       	2.18363004e+05
0.0167405       	2.18465193e+05
0.0167411       	2.18568186e+05
0.0167417       	2.18671973e+05
0.0167424       	2.18776538e+05
0.016743        	2.18881868e+05
0.0167436       	2.18987949e+05
0.0167443       	2.19094768e+05
0.0167449       	2.19202310e+05
0.0167455       	2.19310561e+05
0.0167462       	2.19419508e+05
0.0167468       	2.19529135e+05
0.0167474       	2.19639428e+05
0.0167481       	2.19750373e+05
0.0167487       	2.19861953e+05
0.0167493       	2.19974157e+05
0.01675         	2.20086969e+05
0.0167506       	2.20200373e+05
0.0167512       	2.20314353e+05
0.0167519       	2.20428895e+05
0.0167525       	2.20543984e+05
0.0167531       	2.20659604e+05
0.0167538       	2.20775741e+05
0.0167544       	2.20892378e+05
0.016755        	2.21009501e+05
0.0167557       	2.21127093e+05
0.0167563       	2.21245140e+05
0.0167569       	2.21363625e+05
0.0167576       	2.21482535e+05
0.0167582       	2.21601852e+05
0.0167588       	2.21721562e+05
0.0167595       	2.21841647e+05
0.0167601       	2.21962094e+05
0.0167607       	2.22082885e+05
0.0167614       	2.22204005e+05
0.016762        	2.22325438e+05
0.0167626       	2.22447169e+05
0.0167633       	2.22569181e+05
0.0167639       	2.22691458e+05
0.0167645       	2.22813984e+05
0.0167652       	2.22936740e+05
0.0167658       	2.23059715e+05
0.0167664       	2.23182891e+05
0.0167671       	2.23306251e+05
0.0167677       	2.23429779e+05
0.0167683       	2.23553459e+05
0.016769        	2.23677275e+05
0.0167696       	2.23801210e+05
0.0167702       	2.23925248e+05
0.0167709       	2.24049372e+05
0.0167715       	2.24173569e+05
0.0167721       	2.24295294e+05
0.0167728       	2.24416694e+05
0.0167734       	2.24538402e+05
0.016774        	2.24660107e+05
0.0167747       	2.24781779e+05
0.0167753       	2.24903401e+05
0.0167759       	2.25024958e+05
0.0167766       	2.25146433e+05
0.0167772       	2.25267847e+05
0.0167778       	2.25389466e+05
0.0167785       	2.25511281e+05
0.0167791       	2.25633178e+05
0.0167797       	2.25755121e+05
0.0167804       	2.25877081e+05
0.016781        	2.25999029e+05
0.0167816       	2.26120939e+05
0.0167823       	2.26242783e+05
0.0167829       	2.26364536e+05
0.0167835       	2.26486173e+05
0.0167842       	2.26607670e+05
0.0167848       	2.26729003e+05
0.0167854       	2.26850141e+05
0.0167861       	2.26970958e+05
0.0167867       	2.27091417e+05
0.0167873       	2.27211522e+05
0.016788        	2.27331262e+05
0.0167886       	2.27450623e+05
0.0167892       	2.27569593e+05
0.0167899       	2.27688158e+05
0.0167905       	2.27805896e+05
0.0167911       	2.27923202e+05
0.0167918       	2.28040479e+05
0.0167924       	2.28157495e+05
0.016793        	2.28273685e+05
0.0167937       	2.28389369e+05
0.0167943       	2.28504572e+05
0.0167949       	2.28619282e+05
0.0167956       	2.28733484e+05
0.0167962       	2.28847164e+05
0.0167968       	2.28960309e+05
0.0167975       	2.29072889e+05
0.0167981       	2.29184890e+05
0.0167987       	2.29296301e+05
0.0167994       	2.29407108e+05
0.0168          	2.29517298e+05
0.0168006       	2.29594762e+05
0.0168012       	2.29709983e+05
0.0168019       	2.29819613e+05
0.0168025       	2.29926426e+05
0.0168031       	2.30027650e+05
0.0168037       	2.30132374e+05
0.0168043       	2.30235613e+05
0.0168049       	2.30337832e+05
0.0168055       	2.30439218e+05
0.0168062       	2.30535935e+05
0.0168068       	2.30636659e+05
0.0168074       	2.30736072e+05
0.016808        	2.30834510e+05
0.0168086       	2.30932062e+05
0.0168092       	2.31024875e+05
0.0168098       	2.31121722e+05
0.0168104       	2.31217203e+05
0.0168111       	2.31311656e+05
0.0168117       	2.31405209e+05
0.0168123       	2.31493913e+05
0.0168129       	2.31586670e+05
0.0168135       	2.31678004e+05
0.0168141       	2.31768262e+05
0.0168147       	2.31857579e+05
0.0168153       	2.31946020e+05
0.0168159       	2.32033609e+05
0.0168165       	2.32120361e+05
0.0168172       	2.32206271e+05
0.0168178       	2.32291336e+05
0.0168184       	2.32375554e+05
0.016819        	2.32458918e+05
0.0168196       	2.32541418e+05
0.0168202       	2.32623047e+05
0.0168208       	2.32703799e+05
0.0168214       	2.32783667e+05
0.016822        	2.32862644e+05
0.0168226       	2.32940725e+05
0.0168233       	2.33017902e+05
0.0168239       	2.33094173e+05
0.0168245       	2.33169528e+05
0.0168251       	2.33243964e+05
0.0168257       	2.33317477e+05
0.0168263       	2.33390060e+05
0.0168269       	2.33461710e+05
0.0168275       	2.33532422e+05
0.0168281       	2.33602193e+05
0.0168287       	2.33671015e+05
0.0168293       	2.33738890e+05
0.01683         	2.33805811e+05
0.0168306       	2.33871776e+05
0.0168312       	2.33936779e+05
0.0168318       	2.34000821e+05
0.0168324       	2.34063895e+05
0.016833        	2.34126001e+05
0.0168336       	2.34187136e+05
0.0168342       	2.34247298e+05
0.0168348       	2.34306484e+05
0.0168354       	2.34364694e+05
0.016836        	2.34421923e+05
0.0168367       	2.34478174e+05
0.0168373       	2.34533441e+05
0.0168379       	2.34587789e+05
0.0168385       	2.34641117e+05
0.0168391       	2.34693437e+05
0.0168397       	2.34744751e+05
0.0168403       	2.34795067e+05
0.0168409       	2.34844384e+05
0.0168415       	2.34892703e+05
0.0168421       	2.34940023e+05
0.0168428       	2.34986278e+05
0.0168434       	2.35036312e+05
0.016844        	2.35079465e+05
0.0168446       	2.35122283e+05
0.0168452       	2.35164446e+05
0.0168458       	2.35205783e+05
0.0168464       	2.35246261e+05
0.016847        	2.35285694e+05
0.0168476       	2.35324011e+05
0.0168483       	2.35361302e+05
0.0168489       	2.35397608e+05
0.0168495       	2.35432933e+05
0.0168501       	2.35467275e+05
0.0168507       	2.35500636e+05
0.0168513       	2.35533022e+05
0.0168519       	2.35564428e+05
0.0168525       	2.35594866e+05
0.0168532       	2.35624334e+05
0.0168538       	2.35652838e+05
0.0168544       	2.35680379e+05
0.016855        	2.35706959e+05
0.0168556       	2.35732586e+05
0.0168562       	2.35757255e+05
0.0168568       	2.35780979e+05
0.0168574       	2.35803761e+05
0.0168581       	2.35825605e+05
0.0168587       	2.35846515e+05
0.0168593       	2.35866489e+05
0.0168599       	2.35885541e+05
0.0168605       	2.35903671e+05
0.0168611       	2.35920887e+05
0.0168617       	2.35937192e+05
0.0168623       	2.35952593e+05
0.0168629       	2.35967093e+05
0.0168636       	2.35980699e+05
0.0168642       	2.35987940e+05
0.0168648       	2.36001354e+05
0.0168654       	2.36013023e+05
0.016866        	2.36023437e+05
0.0168666       	2.36032808e+05
0.0168672       	2.36041242e+05
0.0168678       	2.36048791e+05
0.0168684       	2.36055492e+05
0.016869        	2.36061431e+05
0.0168696       	2.36066511e+05
0.0168703       	2.36070756e+05
0.0168709       	2.36074179e+05
0.0168715       	2.36076750e+05
0.0168721       	2.36078566e+05
0.0168727       	2.36079589e+05
0.0168733       	2.36079808e+05
0.0168739       	2.36079233e+05
0.0168745       	2.36077869e+05
0.0168751       	2.36075720e+05
0.0168757       	2.36072797e+05
0.0168763       	2.36069106e+05
0.016877        	2.36064657e+05
0.0168776       	2.36059458e+05
0.0168782       	2.36053513e+05
0.0168788       	2.36046835e+05
0.0168794       	2.36045575e+05
0.01688         	2.36035561e+05
0.0168806       	2.36025843e+05
0.0168812       	2.36015850e+05
0.0168818       	2.36005372e+05
0.0168825       	2.35994307e+05
0.0168831       	2.35982609e+05
0.0168837       	2.35970256e+05
0.0168843       	2.35957249e+05
0.0168849       	2.35943595e+05
0.0168855       	2.35935787e+05
0.0168861       	2.35918820e+05
0.0168868       	2.35902272e+05
0.0168874       	2.35885563e+05
0.016888        	2.35868474e+05
0.0168886       	2.35850886e+05
0.0168892       	2.35832753e+05
0.0168898       	2.35814055e+05
0.0168904       	2.35801588e+05
0.0168911       	2.35779588e+05
0.0168917       	2.35758143e+05
0.0168923       	2.35736627e+05
0.0168929       	2.35714806e+05
0.0168935       	2.35692560e+05
0.0168942       	2.35669845e+05
0.0168948       	2.35646632e+05
0.0168954       	2.35622921e+05
0.016896        	2.35605892e+05
0.0168966       	2.35578870e+05
0.0168973       	2.35552552e+05
0.0168979       	2.35526276e+05
0.0168985       	2.35499789e+05
0.0168991       	2.35472966e+05
0.0168998       	2.35445745e+05
0.0169004       	2.35418115e+05
0.016901        	2.35390068e+05
0.0169016       	2.35369189e+05
0.0169023       	2.35337883e+05
0.0169029       	2.35307405e+05
0.0169035       	2.35277062e+05
0.0169041       	2.35246591e+05
0.0169048       	2.35215864e+05
0.0169054       	2.35184821e+05
0.016906        	2.35153441e+05
0.0169066       	2.35121660e+05
0.0169073       	2.35089575e+05
0.0169079       	2.35065262e+05
0.0169085       	2.35029829e+05
0.0169092       	2.34995454e+05
0.0169098       	2.34961368e+05
0.0169104       	2.34927271e+05
0.0169111       	2.34893021e+05
0.0169117       	2.34858551e+05
0.0169123       	2.34823843e+05
0.0169129       	2.34788882e+05
0.0169136       	2.34753672e+05
0.0169142       	2.34718221e+05
0.0169148       	2.34691234e+05
0.0169155       	2.34652322e+05
0.0169161       	2.34614679e+05
0.0169168       	2.34577469e+05
0.0169174       	2.34540363e+05
0.016918        	2.34503194e+05
0.0169187       	2.34465914e+05
0.0169193       	2.34428478e+05
0.0169199       	2.34390882e+05
0.0169206       	2.34353113e+05
0.0169212       	2.34315195e+05
0.0169218       	2.34277130e+05
0.0169225       	2.34238930e+05
0.0169231       	2.34200587e+05
0.0169237       	2.34162115e+05
0.0169244       	2.34133223e+05
0.016925        	2.34091112e+05
0.0169257       	2.34050586e+05
0.0169263       	2.34010695e+05
0.0169269       	2.33971056e+05
0.0169276       	2.33931491e+05
0.0169282       	2.33891918e+05
0.0169289       	2.33852296e+05
0.0169295       	2.33812630e+05
0.0169301       	2.33772902e+05
0.0169308       	2.33733117e+05
0.0169314       	2.33693297e+05
0.0169321       	2.33653437e+05
0.0169327       	2.33613534e+05
0.0169334       	2.33573616e+05
0.016934        	2.33533676e+05
0.0169346       	2.33493722e+05
0.0169353       	2.33464861e+05
0.0169359       	2.33420848e+05
0.0169366       	2.33378843e+05
0.0169372       	2.33337690e+05
0.0169379       	2.33296960e+05
0.0169385       	2.33256423e+05
0.0169392       	2.33215996e+05
0.0169398       	2.33175614e+05
0.0169405       	2.33135277e+05
0.0169411       	2.33094986e+05
0.0169418       	2.33054719e+05
0.0169424       	2.33014497e+05
0.0169431       	2.32986773e+05
0.0169437       	2.32942006e+05
0.0169444       	2.32899600e+05
0.016945        	2.32858222e+05
0.0169457       	2.32817382e+05
0.0169463       	2.32776813e+05
0.016947        	2.32736403e+05
0.0169476       	2.32696101e+05
0.0169483       	2.32655887e+05
0.016949        	2.32629492e+05
0.0169496       	2.32584204e+05
0.0169503       	2.32541626e+05
0.0169509       	2.32500231e+05
0.0169516       	2.32459441e+05
0.0169523       	2.32418957e+05
0.0169529       	2.32378688e+05
0.0169536       	2.32338539e+05
0.0169543       	2.32298511e+05
0.0169549       	2.32273984e+05
0.0169556       	2.32228183e+05
0.0169563       	2.32185496e+05
0.0169569       	2.32144185e+05
0.0169576       	2.32103564e+05
0.0169583       	2.32063313e+05
0.016959        	2.32023275e+05
0.0169596       	2.31983403e+05
0.0169603       	2.31943650e+05
0.016961        	2.31904016e+05
0.0169617       	2.31864496e+05
0.0169623       	2.31843195e+05
0.016963        	2.31796686e+05
0.0169637       	2.31754013e+05
0.0169644       	2.31712964e+05
0.0169651       	2.31672726e+05
0.0169658       	2.31632880e+05
0.0169665       	2.31593293e+05
0.0169671       	2.31553864e+05
0.0169678       	2.31514583e+05
0.0169685       	2.31475398e+05
0.0169692       	2.31436321e+05
0.0169699       	2.31397356e+05
0.0169706       	2.31358496e+05
0.0169712       	2.31319748e+05
0.0169719       	2.31281097e+05
0.0169726       	2.31266727e+05
0.0169733       	2.31218286e+05
0.016974        	2.31175104e+05
0.0169747       	2.31134133e+05
0.0169754       	2.31094215e+05
0.0169761       	2.31054800e+05
0.0169768       	2.31015641e+05
0.0169775       	2.30976627e+05
0.0169782       	2.30937713e+05
0.0169789       	2.30898872e+05
0.0169796       	2.30860110e+05
0.0169803       	2.30821422e+05
0.0169811       	2.30782804e+05
0.0169818       	2.30744252e+05
0.0169825       	2.30705769e+05
0.0169832       	2.30667345e+05
0.0169839       	2.30628995e+05
0.0169846       	2.30590669e+05
0.0169853       	2.30552413e+05
0.016986        	2.30514227e+05
0.0169867       	2.30476089e+05
0.0169874       	2.30437993e+05
0.0169881       	2.30399932e+05
0.0169888       	2.30361908e+05
0.0169895       	2.30323909e+05
0.0169902       	2.30285965e+05
0.0169909       	2.30248014e+05
0.0169916       	2.30210078e+05
0.0169923       	2.30172140e+05
0.016993        	2.30134179e+05
0.0169937       	2.30096229e+05
0.0169944       	2.30058287e+05
0.0169951       	2.30020318e+05
0.0169958       	2.29982328e+05
0.0169965       	2.29944307e+05
0.0169972       	2.29906251e+05
0.0169979       	2.29868154e+05
0.0169986       	2.29830014e+05
0.0169993       	2.29791827e+05
0.017           	2.29753579e+05
0.0170007       	2.29724705e+05
0.0170014       	2.29682113e+05
0.0170021       	2.29644828e+05
0.0170028       	2.29603769e+05
0.0170036       	2.29563761e+05
0.0170043       	2.29524132e+05
0.017005        	2.29484608e+05
0.0170057       	2.29445063e+05
0.0170064       	2.29405420e+05
0.0170071       	2.29365698e+05
0.0170078       	2.29329106e+05
0.0170085       	2.29287682e+05
0.0170093       	2.29246899e+05
0.01701         	2.29206304e+05
0.0170107       	2.29165719e+05
0.0170114       	2.29125048e+05
0.0170121       	2.29084268e+05
0.0170128       	2.29046629e+05
0.0170135       	2.29004042e+05
0.0170143       	2.28962077e+05
0.017015        	2.28920290e+05
0.0170157       	2.28878484e+05
0.0170164       	2.28836579e+05
0.0170171       	2.28797844e+05
0.0170179       	2.28754054e+05
0.0170186       	2.28710909e+05
0.0170193       	2.28667894e+05
0.01702         	2.28628196e+05
0.0170207       	2.28583395e+05
0.0170215       	2.28539258e+05
0.0170222       	2.28495249e+05
0.0170229       	2.28454570e+05
0.0170236       	2.28408722e+05
0.0170244       	2.28363532e+05
0.0170251       	2.28318464e+05
0.0170258       	2.28276746e+05
0.0170265       	2.28229754e+05
0.0170273       	2.28183410e+05
0.017028        	2.28140641e+05
0.0170287       	2.28092625e+05
0.0170295       	2.28045314e+05
0.0170302       	2.27998115e+05
0.0170309       	2.27954321e+05
0.0170317       	2.27905104e+05
0.0170324       	2.27856530e+05
0.0170331       	2.27808072e+05
0.0170339       	2.27763030e+05
0.0170346       	2.27712455e+05
0.0170354       	2.27662554e+05
0.0170361       	2.27616311e+05
0.0170368       	2.27564563e+05
0.0170376       	2.27513521e+05
0.0170383       	2.27462599e+05
0.0170391       	2.27411556e+05
0.0170398       	2.27363912e+05
0.0170406       	2.27310492e+05
0.0170413       	2.27257733e+05
0.017042        	2.27205067e+05
0.0170428       	2.27152265e+05
0.0170435       	2.27102909e+05
0.0170443       	2.27047651e+05
0.017045        	2.26993081e+05
0.0170458       	2.26938614e+05
0.0170465       	2.26884010e+05
0.0170473       	2.26832919e+05
0.017048        	2.26775781e+05
0.0170488       	2.26719372e+05
0.0170495       	2.26663057e+05
0.0170503       	2.26606613e+05
0.017051        	2.26549932e+05
0.0170518       	2.26496808e+05
0.0170526       	2.26437462e+05
0.0170533       	2.26378875e+05
0.0170541       	2.26320405e+05
0.0170548       	2.26261807e+05
0.0170556       	2.26202978e+05
0.0170563       	2.26147823e+05
0.0170571       	2.26086262e+05
0.0170579       	2.26025516e+05
0.0170586       	2.25964910e+05
0.0170594       	2.25904199e+05
0.0170601       	2.25843273e+05
0.0170609       	2.25782091e+05
0.0170617       	2.25720636e+05
0.0170624       	2.25658907e+05
0.0170632       	2.25596906e+05
0.0170639       	2.25534639e+05
0.0170647       	2.25472112e+05
0.0170655       	2.25409330e+05
0.0170662       	2.25346297e+05
0.017067        	2.25283025e+05
0.0170677       	2.25219517e+05
0.0170685       	2.25155776e+05
0.0170693       	2.25091814e+05
0.01707         	2.25027631e+05
0.0170708       	2.24963240e+05
0.0170715       	2.24898643e+05
0.0170723       	2.24833850e+05
0.0170731       	2.24768867e+05
0.0170738       	2.24703700e+05
0.0170746       	2.24638358e+05
0.0170753       	2.24572848e+05
0.0170761       	2.24507184e+05
0.0170769       	2.24441365e+05
0.0170776       	2.24370741e+05
0.0170784       	2.24307229e+05
0.0170791       	2.24242289e+05
0.0170799       	2.24176728e+05
0.0170806       	2.24110845e+05
0.0170814       	2.24044783e+05
0.0170822       	2.23978607e+05
0.0170829       	2.23912347e+05
0.0170837       	2.23846022e+05
0.0170844       	2.23779645e+05
0.0170852       	2.23708198e+05
0.0170859       	2.23644480e+05
0.0170867       	2.23579366e+05
0.0170874       	2.23513697e+05
0.0170882       	2.23447793e+05
0.0170889       	2.23381809e+05
0.0170897       	2.23315812e+05
0.0170904       	2.23249838e+05
0.0170912       	2.23183908e+05
0.0170919       	2.23112616e+05
0.0170927       	2.23049688e+05
0.0170934       	2.22985393e+05
0.0170942       	2.22920617e+05
0.0170949       	2.22855692e+05
0.0170956       	2.22790792e+05
0.0170964       	2.22725969e+05
0.0170971       	2.22661281e+05
0.0170979       	2.22590935e+05
0.0170986       	2.22529579e+05
0.0170994       	2.22466881e+05
0.0171001       	2.22403763e+05
0.0171008       	2.22340584e+05
0.0171016       	2.22277504e+05
0.0171023       	2.22214617e+05
0.0171031       	2.22151941e+05
0.0171038       	2.22083267e+05
0.0171045       	2.22024259e+05
0.0171053       	2.21963931e+05
0.017106        	2.21903250e+05
0.0171067       	2.21842588e+05
0.0171075       	2.21782116e+05
0.0171082       	2.21721918e+05
0.0171089       	2.21662036e+05
0.0171097       	2.21602495e+05
0.0171104       	2.21536496e+05
0.0171111       	2.21481030e+05
0.0171119       	2.21424250e+05
0.0171126       	2.21367170e+05
0.0171133       	2.21310201e+05
0.017114        	2.21253525e+05
0.0171148       	2.21197228e+05
0.0171155       	2.21141353e+05
0.0171162       	2.21085930e+05
0.017117        	2.21030967e+05
0.0171177       	2.20976476e+05
0.0171184       	2.20914851e+05
0.0171191       	2.20864959e+05
0.0171198       	2.20813725e+05
0.0171206       	2.20762268e+05
0.0171213       	2.20711018e+05
0.017122        	2.20660178e+05
0.0171227       	2.20609834e+05
0.0171235       	2.20560039e+05
0.0171242       	2.20510817e+05
0.0171249       	2.20462185e+05
0.0171256       	2.20414156e+05
0.0171263       	2.20366743e+05
0.0171271       	2.20319952e+05
0.0171278       	2.20273799e+05
0.0171285       	2.20228277e+05
0.0171292       	2.20174418e+05
0.0171299       	2.20134233e+05
0.0171307       	2.20092633e+05
0.0171314       	2.20050860e+05
0.0171321       	2.20009403e+05
0.0171328       	2.19968491e+05
0.0171335       	2.19928231e+05
0.0171342       	2.19888670e+05
0.0171349       	2.19849836e+05
0.0171357       	2.19811747e+05
0.0171364       	2.19774415e+05
0.0171371       	2.19737844e+05
0.0171378       	2.19702045e+05
0.0171385       	2.19667029e+05
0.0171392       	2.19632797e+05
0.01714         	2.19599362e+05
0.0171407       	2.19566738e+05
0.0171414       	2.19534931e+05
0.0171421       	2.19503943e+05
0.0171428       	2.19473785e+05
0.0171435       	2.19444470e+05
0.0171442       	2.19416001e+05
0.017145        	2.19388390e+05
0.0171457       	2.19361643e+05
0.0171464       	2.19335770e+05
0.0171471       	2.19310782e+05
0.0171478       	2.19286687e+05
0.0171485       	2.19263490e+05
0.0171492       	2.19241194e+05
0.0171499       	2.19206645e+05
0.0171507       	2.19191427e+05
0.0171514       	2.19174241e+05
0.0171521       	2.19156794e+05
0.0171528       	2.19139738e+05
0.0171535       	2.19123383e+05
0.0171542       	2.19107884e+05
0.0171549       	2.19093297e+05
0.0171556       	2.19079649e+05
0.0171563       	2.19066955e+05
0.017157        	2.19055222e+05
0.0171577       	2.19044456e+05
0.0171584       	2.19034647e+05
0.0171591       	2.19025815e+05
0.0171598       	2.19017953e+05
0.0171605       	2.19011069e+05
0.0171612       	2.19005161e+05
0.0171619       	2.19000234e+05
0.0171626       	2.18996289e+05
0.0171633       	2.18993339e+05
0.017164        	2.18991371e+05
0.0171648       	2.18990401e+05
0.0171655       	2.18990429e+05
0.0171662       	2.18991454e+05
0.0171669       	2.18973174e+05
0.0171675       	2.18983458e+05
0.0171682       	2.18990502e+05
0.0171689       	2.18996784e+05
0.0171696       	2.19003251e+05
0.0171703       	2.19010341e+05
0.017171        	2.19018284e+05
0.0171717       	2.19027155e+05
0.0171724       	2.19037005e+05
0.0171731       	2.19047834e+05
0.0171738       	2.19059651e+05
0.0171744       	2.19072445e+05
0.0171751       	2.19086224e+05
0.0171758       	2.19100977e+05
0.0171765       	2.19116693e+05
0.0171772       	2.19133386e+05
0.0171779       	2.19151042e+05
0.0171786       	2.19169666e+05
0.0171793       	2.19189237e+05
0.01718         	2.19209780e+05
0.0171806       	2.19196345e+05
0.0171813       	2.19230092e+05
0.017182        	2.19257906e+05
0.0171826       	2.19283748e+05
0.0171833       	2.19309156e+05
0.017184        	2.19334867e+05
0.0171846       	2.19361219e+05
0.0171853       	2.19388374e+05
0.017186        	2.19416393e+05
0.0171866       	2.19445293e+05
0.0171873       	2.19475079e+05
0.017188        	2.19505742e+05
0.0171887       	2.19537269e+05
0.0171893       	2.19569659e+05
0.01719         	2.19602898e+05
0.0171907       	2.19636977e+05
0.0171913       	2.19671890e+05
0.017192        	2.19707426e+05
0.0171927       	2.19743684e+05
0.0171933       	2.19780773e+05
0.017194        	2.19818659e+05
0.0171947       	2.19857331e+05
0.0171953       	2.19896780e+05
0.017196        	2.19937002e+05
0.0171967       	2.19977988e+05
0.0171973       	2.20019731e+05
0.017198        	2.20062225e+05
0.0171987       	2.20105462e+05
0.0171993       	2.20149436e+05
0.0172          	2.20194138e+05
0.0172006       	2.20206735e+05
0.0172013       	2.20258957e+05
0.0172019       	2.20310217e+05
0.0172026       	2.20358877e+05
0.0172032       	2.20403150e+05
0.0172039       	2.20451851e+05
0.0172045       	2.20496725e+05
0.0172052       	2.20546399e+05
0.0172058       	2.20592328e+05
0.0172064       	2.20643100e+05
0.0172071       	2.20690101e+05
0.0172077       	2.20741940e+05
0.0172083       	2.20793555e+05
0.017209        	2.20841789e+05
0.0172096       	2.20895034e+05
0.0172102       	2.20948102e+05
0.0172109       	2.20997762e+05
0.0172115       	2.21052445e+05
0.0172121       	2.21103264e+05
0.0172128       	2.21158937e+05
0.0172134       	2.21214297e+05
0.017214        	2.21266104e+05
0.0172147       	2.21322907e+05
0.0172153       	2.21379431e+05
0.0172159       	2.21432417e+05
0.0172165       	2.21490394e+05
0.0172172       	2.21548052e+05
0.0172178       	2.21605800e+05
0.0172184       	2.21660052e+05
0.017219        	2.21719395e+05
0.0172197       	2.21778420e+05
0.0172203       	2.21833737e+05
0.0172209       	2.21894071e+05
0.0172215       	2.21954016e+05
0.0172221       	2.22013981e+05
0.0172228       	2.22074124e+05
0.0172234       	2.22130686e+05
0.017224        	2.22192388e+05
0.0172246       	2.22253693e+05
0.0172252       	2.22314987e+05
0.0172259       	2.22376416e+05
0.0172265       	2.22434161e+05
0.0172271       	2.22497055e+05
0.0172277       	2.22559494e+05
0.0172283       	2.22621864e+05
0.017229        	2.22684312e+05
0.0172296       	2.22746908e+05
0.0172302       	2.22809677e+05
0.0172308       	2.22872629e+05
0.0172314       	2.22931784e+05
0.017232        	2.22996147e+05
0.0172327       	2.23059968e+05
0.0172333       	2.23123633e+05
0.0172339       	2.23187291e+05
0.0172345       	2.23251008e+05
0.0172351       	2.23314817e+05
0.0172357       	2.23378724e+05
0.0172363       	2.23442729e+05
0.017237        	2.23502732e+05
0.0172376       	2.23567994e+05
0.0172382       	2.23632601e+05
0.0172388       	2.23696952e+05
0.0172394       	2.23761201e+05
0.01724         	2.23825417e+05
0.0172406       	2.23889631e+05
0.0172412       	2.23953853e+05
0.0172419       	2.24013880e+05
0.0172425       	2.24079204e+05
0.0172431       	2.24143804e+05
0.0172437       	2.24208041e+05
0.0172443       	2.24272097e+05
0.0172449       	2.24336045e+05
0.0172455       	2.24399917e+05
0.0172461       	2.24459417e+05
0.0172467       	2.24524295e+05
0.0172473       	2.24588337e+05
0.017248        	2.24651964e+05
0.0172486       	2.24715337e+05
0.0172492       	2.24778530e+05
0.0172498       	2.24841577e+05
0.0172504       	2.24904490e+05
0.017251        	2.24962836e+05
0.0172516       	2.25026653e+05
0.0172522       	2.25089544e+05
0.0172528       	2.25151939e+05
0.0172534       	2.25214000e+05
0.017254        	2.25275819e+05
0.0172546       	2.25332884e+05
0.0172552       	2.25395483e+05
0.0172558       	2.25457080e+05
0.0172564       	2.25518120e+05
0.017257        	2.25578773e+05
0.0172576       	2.25639122e+05
0.0172582       	2.25694566e+05
0.0172588       	2.25755636e+05
0.0172594       	2.25815643e+05
0.01726         	2.25875042e+05
0.0172606       	2.25934005e+05
0.0172612       	2.25987889e+05
0.0172618       	2.26047458e+05
0.0172624       	2.26105907e+05
0.017263        	2.26163699e+05
0.0172636       	2.26221016e+05
0.0172642       	2.26277945e+05
0.0172648       	2.26329681e+05
0.0172654       	2.26387237e+05
0.017266        	2.26443625e+05
0.0172666       	2.26499314e+05
0.0172672       	2.26549563e+05
0.0172678       	2.26605636e+05
0.0172684       	2.26660475e+05
0.017269        	2.26714570e+05
0.0172696       	2.26768112e+05
0.0172702       	2.26816175e+05
0.0172708       	2.26870214e+05
0.0172714       	2.26922998e+05
0.0172719       	2.26975014e+05
0.0172725       	2.27026453e+05
0.0172731       	2.27072278e+05
0.0172737       	2.27124198e+05
0.0172743       	2.27174824e+05
0.0172749       	2.27224650e+05
0.0172755       	2.27273870e+05
0.0172761       	2.27317342e+05
0.0172766       	2.27367034e+05
0.0172772       	2.27415393e+05
0.0172778       	2.27462925e+05
0.0172784       	2.27509828e+05
0.017279        	2.27550844e+05
0.0172796       	2.27598215e+05
0.0172801       	2.27644220e+05
0.0172807       	2.27689371e+05
0.0172813       	2.27733872e+05
0.0172819       	2.27772347e+05
0.0172825       	2.27817322e+05
0.017283        	2.27860900e+05
0.0172836       	2.27903602e+05
0.0172842       	2.27945634e+05
0.0172848       	2.27981499e+05
0.0172853       	2.28024021e+05
0.0172859       	2.28065115e+05
0.0172865       	2.28105326e+05
0.0172871       	2.28144847e+05
0.0172877       	2.28183787e+05
0.0172882       	2.28216424e+05
0.0172888       	2.28255957e+05
0.0172894       	2.28294044e+05
0.0172899       	2.28331221e+05
0.0172905       	2.28367701e+05
0.0172911       	2.28403593e+05
0.0172917       	2.28438950e+05
0.0172922       	2.28467830e+05
0.0172928       	2.28503878e+05
0.0172934       	2.28538446e+05
0.0172939       	2.28572083e+05
0.0172945       	2.28605008e+05
0.0172951       	2.28637333e+05
0.0172957       	2.28669115e+05
0.0172962       	2.28700384e+05
0.0172968       	2.28724930e+05
0.0172974       	2.28756987e+05
0.0172979       	2.28787527e+05
0.0172985       	2.28817116e+05
0.0172991       	2.28845982e+05
0.0172996       	2.28874242e+05
0.0173002       	2.28901959e+05
0.0173008       	2.28929160e+05
0.0173013       	2.28955863e+05
0.0173019       	2.28982074e+05
0.0173025       	2.29007794e+05
0.017303        	2.29033027e+05
0.0173036       	2.29057771e+05
0.0173042       	2.29082027e+05
0.0173047       	2.29105795e+05
0.0173053       	2.29129075e+05
0.0173059       	2.29151868e+05
0.0173064       	2.29174175e+05
0.017307        	2.29195996e+05
0.0173076       	2.29217332e+05
0.0173081       	2.29238184e+05
0.0173087       	2.29258554e+05
0.0173093       	2.29278443e+05
0.0173098       	2.29297852e+05
0.0173104       	2.29316784e+05
0.017311        	2.29335240e+05
0.0173115       	2.29353221e+05
0.0173121       	2.29370731e+05
0.0173127       	2.29387771e+05
0.0173132       	2.29404342e+05
0.0173138       	2.29420448e+05
0.0173144       	2.29436091e+05
0.0173149       	2.29451273e+05
0.0173155       	2.29465997e+05
0.0173161       	2.29480266e+05
0.0173166       	2.29494082e+05
0.0173172       	2.29507447e+05
0.0173178       	2.29520366e+05
0.0173183       	2.29532840e+05
0.0173189       	2.29544873e+05
0.0173195       	2.29556468e+05
0.01732         	2.29567629e+05
0.0173206       	2.29578359e+05
0.0173212       	2.29588659e+05
0.0173217       	2.29598560e+05
0.0173223       	2.29608030e+05
0.0173229       	2.29617075e+05
0.0173234       	2.29625705e+05
0.017324        	2.29633922e+05
0.0173246       	2.29641732e+05
0.0173251       	2.29649139e+05
0.0173257       	2.29656147e+05
0.0173263       	2.29662760e+05
0.0173268       	2.29668986e+05
0.0173274       	2.29674824e+05
0.017328        	2.29680257e+05
0.0173286       	2.29694402e+05
0.0173291       	2.29696302e+05
0.0173297       	2.29699331e+05
0.0173303       	2.29702664e+05
0.0173308       	2.29705974e+05
0.0173314       	2.29709089e+05
0.017332        	2.29711930e+05
0.0173326       	2.29714455e+05
0.0173331       	2.29716645e+05
0.0173337       	2.29718498e+05
0.0173343       	2.29720013e+05
0.0173348       	2.29721195e+05
0.0173354       	2.29722048e+05
0.017336        	2.29722578e+05
0.0173366       	2.29722791e+05
0.0173371       	2.29712331e+05
0.0173377       	2.29715159e+05
0.0173383       	2.29715994e+05
0.0173388       	2.29715780e+05
0.0173394       	2.29714896e+05
0.01734         	2.29713544e+05
0.0173405       	2.29711830e+05
0.0173411       	2.29709809e+05
0.0173417       	2.29707513e+05
0.0173422       	2.29704959e+05
0.0173428       	2.29702157e+05
0.0173434       	2.29699114e+05
0.0173439       	2.29695836e+05
0.0173445       	2.29692327e+05
0.0173451       	2.29688592e+05
0.0173456       	2.29684637e+05
0.0173462       	2.29680464e+05
0.0173468       	2.29676082e+05
0.0173473       	2.29671492e+05
0.0173479       	2.29666703e+05
0.0173485       	2.29661718e+05
0.017349        	2.29656544e+05
0.0173496       	2.29651186e+05
0.0173501       	2.29632661e+05
0.0173507       	2.29631048e+05
0.0173513       	2.29627162e+05
0.0173518       	2.29622169e+05
0.0173524       	2.29616537e+05
0.0173529       	2.29610516e+05
0.0173535       	2.29604239e+05
0.0173541       	2.29597773e+05
0.0173546       	2.29591156e+05
0.0173552       	2.29584408e+05
0.0173557       	2.29577543e+05
0.0173563       	2.29570567e+05
0.0173569       	2.29563486e+05
0.0173574       	2.29556304e+05
0.017358        	2.29549027e+05
0.0173585       	2.29541656e+05
0.0173591       	2.29534199e+05
0.0173597       	2.29526661e+05
0.0173602       	2.29519046e+05
0.0173608       	2.29511357e+05
0.0173613       	2.29503601e+05
0.0173619       	2.29495782e+05
0.0173625       	2.29487904e+05
0.017363        	2.29479975e+05
0.0173636       	2.29471999e+05
0.0173641       	2.29463981e+05
0.0173647       	2.29455924e+05
0.0173653       	2.29447837e+05
0.0173658       	2.29439723e+05
0.0173664       	2.29431586e+05
0.0173669       	2.29423431e+05
0.0173675       	2.29415266e+05
0.0173681       	2.29407093e+05
0.0173686       	2.29398918e+05
0.0173692       	2.29390746e+05
0.0173698       	2.29382580e+05
0.0173703       	2.29374425e+05
0.0173709       	2.29366287e+05
0.0173714       	2.29358172e+05
0.017372        	2.29350081e+05
0.0173726       	2.29342020e+05
0.0173731       	2.29333995e+05
0.0173737       	2.29326005e+05
0.0173742       	2.29318059e+05
0.0173748       	2.29310165e+05
0.0173754       	2.29302321e+05
0.0173759       	2.29294532e+05
0.0173765       	2.29286802e+05
0.017377        	2.29279138e+05
0.0173776       	2.29271541e+05
0.0173782       	2.29264017e+05
0.0173787       	2.29256570e+05
0.0173793       	2.29249203e+05
0.0173798       	2.29241916e+05
0.0173804       	2.29234718e+05
0.017381        	2.29260254e+05
0.0173815       	2.29242528e+05
0.0173821       	2.29230474e+05
0.0173827       	2.29220975e+05
0.0173833       	2.29212851e+05
0.0173839       	2.29205444e+05
0.0173844       	2.29198434e+05
0.017385        	2.29191668e+05
0.0173856       	2.29185066e+05
0.0173862       	2.29178600e+05
0.0173867       	2.29172258e+05
0.0173873       	2.29166037e+05
0.0173879       	2.29159946e+05
0.0173885       	2.29153986e+05
0.017389        	2.29148160e+05
0.0173896       	2.29142475e+05
0.0173902       	2.29136938e+05
0.0173908       	2.29131552e+05
0.0173914       	2.29126297e+05
0.0173919       	2.29121212e+05
0.0173925       	2.29116288e+05
0.0173931       	2.29111531e+05
0.0173937       	2.29106961e+05
0.0173942       	2.29102548e+05
0.0173948       	2.29098298e+05
0.0173954       	2.29094211e+05
0.017396        	2.29090295e+05
0.0173965       	2.29086554e+05
0.0173971       	2.29082983e+05
0.0173977       	2.29079579e+05
0.0173983       	2.29076356e+05
0.0173988       	2.29073310e+05
0.0173994       	2.29070504e+05
0.0174          	2.29067754e+05
0.0174006       	2.29074194e+05
0.0174012       	2.29072045e+05
0.0174017       	2.29067414e+05
0.0174023       	2.29064232e+05
0.0174029       	2.29061835e+05
0.0174035       	2.29059918e+05
0.0174041       	2.29058326e+05
0.0174047       	2.29056981e+05
0.0174052       	2.29055846e+05
0.0174058       	2.29054903e+05
0.0174064       	2.29054143e+05
0.017407        	2.29056816e+05
0.0174076       	2.29055323e+05
0.0174082       	2.29054595e+05
0.0174088       	2.29054306e+05
0.0174093       	2.29054330e+05
0.0174099       	2.29054598e+05
0.0174105       	2.29055078e+05
0.0174111       	2.29055753e+05
0.0174117       	2.29056613e+05
0.0174123       	2.29060976e+05
0.0174128       	2.29061073e+05
0.0174134       	2.29061949e+05
0.017414        	2.29063270e+05
0.0174146       	2.29064899e+05
0.0174152       	2.29066767e+05
0.0174158       	2.29072208e+05
0.0174164       	2.29073319e+05
0.017417        	2.29075221e+05
0.0174176       	2.29077566e+05
0.0174181       	2.29080212e+05
0.0174187       	2.29086501e+05
0.0174193       	2.29088405e+05
0.0174199       	2.29091111e+05
0.0174205       	2.29094258e+05
0.0174211       	2.29101137e+05
0.0174217       	2.29103611e+05
0.0174223       	2.29106926e+05
0.0174229       	2.29114160e+05
0.0174235       	2.29117006e+05
0.0174241       	2.29120713e+05
0.0174247       	2.29128388e+05
0.0174253       	2.29131633e+05
0.0174259       	2.29139280e+05
0.0174265       	2.29142612e+05
0.017427        	2.29146905e+05
0.0174276       	2.29155261e+05
0.0174283       	2.29159129e+05
0.0174289       	2.29163870e+05
0.0174295       	2.29172656e+05
0.0174301       	2.29176861e+05
0.0174307       	2.29181921e+05
0.0174313       	2.29191063e+05
0.0174319       	2.29195581e+05
0.0174325       	2.29204625e+05
0.0174331       	2.29209156e+05
0.0174337       	2.29214645e+05
0.0174343       	2.29224302e+05
0.0174349       	2.29229228e+05
0.0174355       	2.29235034e+05
0.0174361       	2.29245001e+05
0.0174367       	2.29250151e+05
0.0174374       	2.29259936e+05
0.017438        	2.29265039e+05
0.0174386       	2.29271104e+05
0.0174392       	2.29281424e+05
0.0174398       	2.29286825e+05
0.0174404       	2.29293105e+05
0.017441        	2.29303632e+05
0.0174417       	2.29309146e+05
0.0174423       	2.29315529e+05
0.0174429       	2.29326189e+05
0.0174435       	2.29331756e+05
0.0174441       	2.29338191e+05
0.0174448       	2.29348936e+05
0.0174454       	2.29354495e+05
0.017446        	2.29360927e+05
0.0174466       	2.29371725e+05
0.0174473       	2.29377261e+05
0.0174479       	2.29383640e+05
0.0174485       	2.29390380e+05
0.0174492       	2.29401314e+05
0.0174498       	2.29406782e+05
0.0174504       	2.29413061e+05
0.017451        	2.29419670e+05
0.0174517       	2.29430482e+05
0.0174523       	2.29435720e+05
0.0174529       	2.29441742e+05
0.0174536       	2.29448068e+05
0.0174542       	2.29458672e+05
0.0174548       	2.29463560e+05
0.0174555       	2.29469265e+05
0.0174561       	2.29475226e+05
0.0174567       	2.29481265e+05
0.0174574       	2.29491558e+05
0.017458        	2.29495903e+05
0.0174586       	2.29501025e+05
0.0174593       	2.29506400e+05
0.0174599       	2.29511818e+05
0.0174606       	2.29517173e+05
0.0174612       	2.29526795e+05
0.0174618       	2.29530266e+05
0.0174625       	2.29534492e+05
0.0174631       	2.29538939e+05
0.0174637       	2.29543395e+05
0.0174644       	2.29552236e+05
0.017465        	2.29554768e+05
0.0174657       	2.29558061e+05
0.0174663       	2.29561557e+05
0.017467        	2.29565034e+05
0.0174676       	2.29568383e+05
0.0174683       	2.29576160e+05
0.0174689       	2.29577375e+05
0.0174695       	2.29579353e+05
0.0174702       	2.29581495e+05
0.0174708       	2.29583563e+05
0.0174715       	2.29590204e+05
0.0174721       	2.29590107e+05
0.0174728       	2.29590769e+05
0.0174734       	2.29591592e+05
0.0174741       	2.29592338e+05
0.0174747       	2.29597745e+05
0.0174754       	2.29596192e+05
0.017476        	2.29595398e+05
0.0174767       	2.29594745e+05
0.0174773       	2.29598951e+05
0.017478        	2.29596066e+05
0.0174787       	2.29593968e+05
0.0174793       	2.29592009e+05
0.01748         	2.29595005e+05
0.0174806       	2.29590718e+05
0.0174813       	2.29587226e+05
0.017482        	2.29583860e+05
0.0174826       	2.29585550e+05
0.0174833       	2.29579753e+05
0.0174839       	2.29574761e+05
0.0174846       	2.29575173e+05
0.0174853       	2.29568060e+05
0.0174859       	2.29561823e+05
0.0174866       	2.29561108e+05
0.0174873       	2.29552711e+05
0.017488        	2.29545205e+05
0.0174886       	2.29537828e+05
0.0174893       	2.29535806e+05
0.01749         	2.29525733e+05
0.0174907       	2.29516505e+05
0.0174913       	2.29513010e+05
0.017492        	2.29501408e+05
0.0174927       	2.29490730e+05
0.0174934       	2.29480170e+05
0.0174941       	2.29475203e+05
0.0174947       	2.29461743e+05
0.0174954       	2.29449171e+05
0.0174961       	2.29442621e+05
0.0174968       	2.29427496e+05
0.0174975       	2.29413339e+05
0.0174982       	2.29399293e+05
0.0174989       	2.29391110e+05
0.0174996       	2.29373948e+05
0.0175002       	2.29357727e+05
0.0175009       	2.29341594e+05
0.0175016       	2.29331485e+05
0.0175023       	2.29312097e+05
0.017503        	2.29293686e+05
0.0175037       	2.29275368e+05
0.0175044       	2.29263260e+05
0.0175051       	2.29241558e+05
0.0175058       	2.29220876e+05
0.0175065       	2.29200293e+05
0.0175072       	2.29179457e+05
0.017508        	2.29164919e+05
0.0175087       	2.29140304e+05
0.0175094       	2.29116737e+05
0.0175101       	2.29093272e+05
0.0175108       	2.29069548e+05
0.0175115       	2.29045399e+05
0.0175122       	2.29027802e+05
0.0175129       	2.28999565e+05
0.0175136       	2.28972447e+05
0.0175143       	2.28945452e+05
0.0175151       	2.28918203e+05
0.0175158       	2.28890527e+05
0.0175165       	2.28862342e+05
0.0175172       	2.28841102e+05
0.0175179       	2.28808519e+05
0.0175186       	2.28777161e+05
0.0175194       	2.28745961e+05
0.0175201       	2.28714518e+05
0.0175208       	2.28682649e+05
0.0175215       	2.28650273e+05
0.0175222       	2.28617358e+05
0.017523        	2.28583894e+05
0.0175237       	2.28549878e+05
0.0175244       	2.28523520e+05
0.0175251       	2.28484704e+05
0.0175259       	2.28447315e+05
0.0175266       	2.28410171e+05
0.0175273       	2.28372828e+05
0.017528        	2.28335085e+05
0.0175288       	2.28296854e+05
0.0175295       	2.28258101e+05
0.0175302       	2.28218815e+05
0.017531        	2.28178994e+05
0.0175317       	2.28138639e+05
0.0175324       	2.28097753e+05
0.0175331       	2.28056333e+05
0.0175339       	2.28014407e+05
0.0175346       	2.27971958e+05
0.0175353       	2.27929008e+05
0.0175361       	2.27895241e+05
0.0175368       	2.27846758e+05
0.0175375       	2.27800131e+05
0.0175383       	2.27753950e+05
0.017539        	2.27707673e+05
0.0175397       	2.27661055e+05
0.0175405       	2.27614020e+05
0.0175412       	2.27566508e+05
0.0175419       	2.27518509e+05
0.0175427       	2.27470025e+05
0.0175434       	2.27421062e+05
0.0175441       	2.27371623e+05
0.0175449       	2.27321716e+05
0.0175456       	2.27271348e+05
0.0175463       	2.27220524e+05
0.0175471       	2.27169250e+05
0.0175478       	2.27117531e+05
0.0175485       	2.27065372e+05
0.0175493       	2.27012778e+05
0.01755         	2.26972113e+05
0.0175508       	2.26912695e+05
0.0175515       	2.26855915e+05
0.0175523       	2.26799924e+05
0.017553        	2.26744029e+05
0.0175538       	2.26687924e+05
0.0175545       	2.26631478e+05
0.0175552       	2.26574638e+05
0.017556        	2.26517391e+05
0.0175567       	2.26459731e+05
0.0175575       	2.26401667e+05
0.0175582       	2.26343203e+05
0.017559        	2.26284347e+05
0.0175597       	2.26225104e+05
0.0175605       	2.26165478e+05
0.0175612       	2.26105478e+05
0.017562        	2.26045107e+05
0.0175627       	2.26000722e+05
0.0175635       	2.25931383e+05
0.0175642       	2.25865858e+05
0.017565        	2.25801607e+05
0.0175658       	2.25737681e+05
0.0175665       	2.25673669e+05
0.0175673       	2.25609393e+05
0.017568        	2.25544786e+05
0.0175688       	2.25479823e+05
0.0175696       	2.25414505e+05
0.0175703       	2.25348835e+05
0.0175711       	2.25282820e+05
0.0175719       	2.25216467e+05
0.0175726       	2.25149784e+05
0.0175734       	2.25082775e+05
0.0175741       	2.25015445e+05
0.0175749       	2.24947799e+05
0.0175757       	2.24879841e+05
0.0175764       	2.24811576e+05
0.0175772       	2.24743007e+05
0.017578        	2.24700903e+05
0.0175788       	2.24617416e+05
0.0175795       	2.24540840e+05
0.0175803       	2.24466730e+05
0.0175811       	2.24393450e+05
0.0175819       	2.24320297e+05
0.0175827       	2.24246979e+05
0.0175835       	2.24173383e+05
0.0175843       	2.24099475e+05
0.017585        	2.24025250e+05
0.0175858       	2.23950713e+05
0.0175866       	2.23875875e+05
0.0175874       	2.23800744e+05
0.0175882       	2.23725330e+05
0.017589        	2.23649637e+05
0.0175898       	2.23573672e+05
0.0175906       	2.23497440e+05
0.0175913       	2.23420946e+05
0.0175921       	2.23344193e+05
0.0175929       	2.23267185e+05
0.0175937       	2.23189924e+05
0.0175945       	2.23112415e+05
0.0175953       	2.23034660e+05
0.0175961       	2.22956665e+05
0.0175969       	2.22878432e+05
0.0175976       	2.22799962e+05
0.0175984       	2.22721260e+05
0.0175992       	2.22642330e+05
0.0176          	2.22563175e+05
0.0176008       	2.22490314e+05
0.0176016       	2.22407092e+05
0.0176024       	2.22325447e+05
0.0176032       	2.22244278e+05
0.017604        	2.22163176e+05
0.0176048       	2.22081977e+05
0.0176056       	2.22000600e+05
0.0176063       	2.21919032e+05
0.0176071       	2.21837263e+05
0.0176079       	2.21752102e+05
0.0176087       	2.21671719e+05
0.0176095       	2.21590276e+05
0.0176103       	2.21508318e+05
0.0176111       	2.21426046e+05
0.0176119       	2.21343553e+05
0.0176127       	2.21257573e+05
0.0176135       	2.21176553e+05
0.0176142       	2.21094485e+05
0.017615        	2.21011925e+05
0.0176158       	2.20929078e+05
0.0176166       	2.20846037e+05
0.0176174       	2.20759419e+05
0.0176182       	2.20677946e+05
0.017619        	2.20595434e+05
0.0176197       	2.20512448e+05
0.0176205       	2.20429200e+05
0.0176213       	2.20342251e+05
0.0176221       	2.20260599e+05
0.0176229       	2.20177908e+05
0.0176236       	2.20094760e+05
0.0176244       	2.20011368e+05
0.0176252       	2.19924189e+05
0.017626        	2.19842476e+05
0.0176268       	2.19759735e+05
0.0176275       	2.19676553e+05
0.0176283       	2.19593149e+05
0.0176291       	2.19505865e+05
0.0176299       	2.19424226e+05
0.0176306       	2.19341567e+05
0.0176314       	2.19258487e+05
0.0176322       	2.19175207e+05
0.0176329       	2.19087951e+05
0.0176337       	2.19006524e+05
0.0176345       	2.18924090e+05
0.0176353       	2.18841254e+05
0.017636        	2.18754262e+05
0.0176368       	2.18673215e+05
0.0176376       	2.18591156e+05
0.0176383       	2.18508708e+05
0.0176391       	2.18426106e+05
0.0176399       	2.18343456e+05
0.0176406       	2.18256666e+05
0.0176414       	2.18176121e+05
0.0176421       	2.18094601e+05
0.0176429       	2.18012726e+05
0.0176437       	2.17930734e+05
0.0176444       	2.17844448e+05
0.0176452       	2.17764605e+05
0.0176459       	2.17683794e+05
0.0176467       	2.17602657e+05
0.0176475       	2.17521433e+05
0.0176482       	2.17440233e+05
0.017649        	2.17354649e+05
0.0176497       	2.17275855e+05
0.0176505       	2.17196027e+05
0.0176512       	2.17115991e+05
0.017652        	2.17035819e+05
0.0176527       	2.16951123e+05
0.0176535       	2.16873390e+05
0.0176543       	2.16794739e+05
0.017655        	2.16715830e+05
0.0176558       	2.16636914e+05
0.0176565       	2.16553323e+05
0.0176572       	2.16476940e+05
0.017658        	2.16399657e+05
0.0176587       	2.16322150e+05
0.0176595       	2.16244678e+05
0.0176602       	2.16167362e+05
0.017661        	2.16085324e+05
0.0176617       	2.16010792e+05
0.0176625       	2.15935380e+05
0.0176632       	2.15859784e+05
0.017664        	2.15784273e+05
0.0176647       	2.15703777e+05
0.0176654       	2.15631091e+05
0.0176662       	2.15557566e+05
0.0176669       	2.15483906e+05
0.0176677       	2.15410382e+05
0.0176684       	2.15337121e+05
0.0176691       	2.15258746e+05
0.0176699       	2.15188565e+05
0.0176706       	2.15117591e+05
0.0176713       	2.15046538e+05
0.0176721       	2.14975682e+05
0.0176728       	2.14905153e+05
0.0176735       	2.14835015e+05
0.0176743       	2.14765310e+05
0.017675        	2.14690255e+05
0.0176757       	2.14623928e+05
0.0176765       	2.14556860e+05
0.0176772       	2.14489790e+05
0.0176779       	2.14423004e+05
0.0176787       	2.14356638e+05
0.0176794       	2.14290767e+05
0.0176801       	2.14225422e+05
0.0176809       	2.14160626e+05
0.0176816       	2.14096399e+05
0.0176823       	2.14032753e+05
0.017683        	2.13963354e+05
0.0176838       	2.13903493e+05
0.0176845       	2.13842965e+05
0.0176852       	2.13782549e+05
0.0176859       	2.13722551e+05
0.0176867       	2.13663120e+05
0.0176874       	2.13604330e+05
0.0176881       	2.13546220e+05
0.0176889       	2.13488813e+05
0.0176896       	2.13425259e+05
0.0176903       	2.13371986e+05
0.017691        	2.13318113e+05
0.0176917       	2.13264452e+05
0.0176925       	2.13211325e+05
0.0176932       	2.13158885e+05
0.0176939       	2.13107211e+05
0.0176946       	2.13056348e+05
0.0176953       	2.12998911e+05
0.0176961       	2.12952489e+05
0.0176968       	2.12905518e+05
0.0176975       	2.12858847e+05
0.0176982       	2.12812811e+05
0.0176989       	2.12767571e+05
0.0176996       	2.12723209e+05
0.0177004       	2.12679764e+05
0.0177011       	2.12637264e+05
0.0177018       	2.12587656e+05
0.0177025       	2.12549955e+05
0.0177032       	2.12511754e+05
0.0177039       	2.12473941e+05
0.0177046       	2.12436779e+05
0.0177053       	2.12400671e+05
0.0177061       	2.12365533e+05
0.0177068       	2.12331420e+05
0.0177075       	2.12298274e+05
0.0177082       	2.12257425e+05
0.0177089       	2.12229493e+05
0.0177096       	2.12201101e+05
0.0177103       	2.12173181e+05
0.017711        	2.12146099e+05
0.0177117       	2.12120032e+05
0.0177124       	2.12095067e+05
0.0177131       	2.12071252e+05
0.0177138       	2.12048611e+05
0.0177145       	2.12017561e+05
0.0177152       	2.12000417e+05
0.0177159       	2.11982779e+05
0.0177166       	2.11965654e+05
0.0177173       	2.11949436e+05
0.017718        	2.11934318e+05
0.0177187       	2.11920397e+05
0.0177194       	2.11907716e+05
0.0177201       	2.11896302e+05
0.0177208       	2.11886173e+05
0.0177215       	2.11866569e+05
0.0177222       	2.11862240e+05
0.0177229       	2.11857414e+05
0.0177236       	2.11853150e+05
0.0177243       	2.11849869e+05
0.017725        	2.11847770e+05
0.0177257       	2.11846950e+05
0.0177264       	2.11847453e+05
0.0177271       	2.11849306e+05
0.0177278       	2.11852523e+05
0.0177285       	2.11857120e+05
0.0177292       	2.11863098e+05
0.0177299       	2.11858177e+05
0.0177306       	2.11870325e+05
0.0177312       	2.11881882e+05
0.0177319       	2.11894008e+05
0.0177326       	2.11907152e+05
0.0177333       	2.11921442e+05
0.017734        	2.11937230e+05
0.0177347       	2.11954368e+05
0.0177354       	2.11972906e+05
0.0177361       	2.11992766e+05
0.0177367       	2.12014074e+05
0.0177374       	2.12036830e+05
0.0177381       	2.12047135e+05
0.0177388       	2.12076659e+05
0.0177395       	2.12105392e+05
0.0177401       	2.12134591e+05
0.0177408       	2.12164797e+05
0.0177415       	2.12196247e+05
0.0177422       	2.12229066e+05
0.0177429       	2.12263300e+05
0.0177435       	2.12298988e+05
0.0177442       	2.12336132e+05
0.0177449       	2.12374740e+05
0.0177456       	2.12398598e+05
0.0177463       	2.12444002e+05
0.0177469       	2.12488387e+05
0.0177476       	2.12533178e+05
0.0177483       	2.12578930e+05
0.0177489       	2.12625911e+05
0.0177496       	2.12674248e+05
0.0177503       	2.12724001e+05
0.017751        	2.12775192e+05
0.0177516       	2.12827832e+05
0.0177523       	2.12881923e+05
0.017753        	2.12937466e+05
0.0177536       	2.12975353e+05
0.0177543       	2.13038022e+05
0.017755        	2.13099274e+05
0.0177556       	2.13160735e+05
0.0177563       	2.13223039e+05
0.0177569       	2.13286499e+05
0.0177576       	2.13351255e+05
0.0177583       	2.13417373e+05
0.0177589       	2.13484879e+05
0.0177596       	2.13553784e+05
0.0177603       	2.13624081e+05
0.0177609       	2.13695769e+05
0.0177616       	2.13768764e+05
0.0177622       	2.13843179e+05
0.0177629       	2.13895229e+05
0.0177635       	2.13977376e+05
0.0177642       	2.14057372e+05
0.0177648       	2.14137198e+05
0.0177655       	2.14217629e+05
0.0177662       	2.14299044e+05
0.0177668       	2.14381625e+05
0.0177675       	2.14465367e+05
0.0177681       	2.14550058e+05
0.0177688       	2.14636033e+05
0.0177694       	2.14723296e+05
0.0177701       	2.14811818e+05
0.0177707       	2.14901582e+05
0.0177714       	2.14992583e+05
0.017772        	2.15084807e+05
0.0177727       	2.15178246e+05
0.0177733       	2.15272888e+05
0.017774        	2.15368728e+05
0.0177746       	2.15465754e+05
0.0177753       	2.15563955e+05
0.0177759       	2.15663320e+05
0.0177766       	2.15763845e+05
0.0177772       	2.15865512e+05
0.0177779       	2.15968317e+05
0.0177785       	2.16072243e+05
0.0177792       	2.16136270e+05
0.0177798       	2.16249924e+05
0.0177804       	2.16358793e+05
0.017781        	2.16466171e+05
0.0177817       	2.16573350e+05
0.0177823       	2.16680974e+05
0.0177829       	2.16789351e+05
0.0177836       	2.16898622e+05
0.0177842       	2.17008846e+05
0.0177848       	2.17120036e+05
0.0177855       	2.17232192e+05
0.0177861       	2.17345299e+05
0.0177867       	2.17459342e+05
0.0177874       	2.17574305e+05
0.017788        	2.17690171e+05
0.0177886       	2.17806922e+05
0.0177893       	2.17924545e+05
0.0177899       	2.18043026e+05
0.0177905       	2.18162349e+05
0.0177912       	2.18282500e+05
0.0177918       	2.18403466e+05
0.0177924       	2.18525233e+05
0.0177931       	2.18647787e+05
0.0177937       	2.18771112e+05
0.0177943       	2.18895197e+05
0.0177949       	2.19020029e+05
0.0177956       	2.19145594e+05
0.0177962       	2.19271875e+05
0.0177968       	2.19398860e+05
0.0177975       	2.19526532e+05
0.0177981       	2.19654882e+05
0.0177987       	2.19783893e+05
0.0177994       	2.19913547e+05
0.0178          	2.20043836e+05
0.0178006       	2.20185517e+05
0.0178013       	2.20315202e+05
0.0178019       	2.20447044e+05
0.0178025       	2.20580127e+05
0.0178032       	2.20714088e+05
0.0178038       	2.20848702e+05
0.0178045       	2.20983919e+05
0.0178051       	2.21119713e+05
0.0178057       	2.21255996e+05
0.0178064       	2.21392720e+05
0.017807        	2.21529922e+05
0.0178076       	2.21667580e+05
0.0178083       	2.21805679e+05
0.0178089       	2.21944202e+05
0.0178096       	2.22083137e+05
0.0178102       	2.22222470e+05
0.0178108       	2.22362185e+05
0.0178115       	2.22502292e+05
0.0178121       	2.22642738e+05
0.0178127       	2.22783514e+05
0.0178134       	2.22922717e+05
0.017814        	2.23059927e+05
0.0178146       	2.23198670e+05
0.0178153       	2.23338068e+05
0.0178159       	2.23478003e+05
0.0178166       	2.23613874e+05
0.0178172       	2.23755497e+05
0.0178178       	2.23896878e+05
0.0178185       	2.24038370e+05
0.0178191       	2.24180096e+05
0.0178197       	2.24322100e+05
0.0178204       	2.24463698e+05
0.017821        	2.24604946e+05
0.0178216       	2.24747631e+05
0.0178223       	2.24885221e+05
0.0178229       	2.25028068e+05
0.0178235       	2.25170303e+05
0.0178242       	2.25312310e+05
0.0178248       	2.25454229e+05
0.0178254       	2.25596122e+05
0.0178261       	2.25733260e+05
0.0178267       	2.25875899e+05
0.0178273       	2.26017824e+05
0.017828        	2.26159417e+05
0.0178286       	2.26300824e+05
0.0178292       	2.26437290e+05
0.0178298       	2.26579234e+05
0.0178305       	2.26720365e+05
0.0178311       	2.26861074e+05
0.0178317       	2.26996646e+05
0.0178323       	2.27137654e+05
0.017833        	2.27277758e+05
0.0178336       	2.27417366e+05
0.0178342       	2.27556628e+05
0.0178348       	2.27690700e+05
0.0178355       	2.27830231e+05
0.0178361       	2.27968794e+05
0.0178367       	2.28106784e+05
0.0178373       	2.28239377e+05
0.017838        	2.28377410e+05
0.0178386       	2.28514379e+05
0.0178392       	2.28650701e+05
0.0178398       	2.28786534e+05
0.0178404       	2.28916906e+05
0.0178411       	2.29052769e+05
0.0178417       	2.29187500e+05
0.0178423       	2.29321514e+05
0.0178429       	2.29454964e+05
0.0178435       	2.29582811e+05
0.0178441       	2.29716169e+05
0.0178448       	2.29848339e+05
0.0178454       	2.29979709e+05
0.017846        	2.30110435e+05
0.0178466       	2.30240574e+05
0.0178472       	2.30364993e+05
0.0178478       	2.30494974e+05
0.0178484       	2.30623650e+05
0.0178491       	2.30751442e+05
0.0178497       	2.30878512e+05
0.0178503       	2.31004931e+05
0.0178509       	2.31125446e+05
0.0178515       	2.31251567e+05
0.0178521       	2.31376291e+05
0.0178527       	2.31500051e+05
0.0178533       	2.31623009e+05
0.017854        	2.31745245e+05
0.0178546       	2.31866789e+05
0.0178552       	2.31987650e+05
0.0178558       	2.32107826e+05
0.0178564       	2.32227308e+05
0.017857        	2.32346087e+05
0.0178576       	2.32464149e+05
0.0178582       	2.32581483e+05
0.0178588       	2.32698077e+05
0.0178595       	2.32813917e+05
0.0178601       	2.32928994e+05
0.0178607       	2.33043294e+05
0.0178613       	2.33156808e+05
0.0178619       	2.33269523e+05
0.0178625       	2.33381428e+05
0.0178631       	2.33492516e+05
0.0178637       	2.33602779e+05
0.0178643       	2.33712205e+05
0.017865        	2.33820782e+05
0.0178656       	2.33928502e+05
0.0178662       	2.34035353e+05
0.0178668       	2.34141324e+05
0.0178674       	2.34246411e+05
0.017868        	2.34350599e+05
0.0178686       	2.34453880e+05
0.0178692       	2.34562150e+05
0.0178698       	2.34662405e+05
0.0178705       	2.34762625e+05
0.0178711       	2.34862352e+05
0.0178717       	2.34961286e+05
0.0178723       	2.35059267e+05
0.0178729       	2.35156334e+05
0.0178735       	2.35252445e+05
0.0178741       	2.35347572e+05
0.0178748       	2.35441691e+05
0.0178754       	2.35534790e+05
0.017876        	2.35626927e+05
0.0178766       	2.35717992e+05
0.0178772       	2.35807991e+05
0.0178778       	2.35896925e+05
0.0178784       	2.35984791e+05
0.0178791       	2.36071582e+05
0.0178797       	2.36157293e+05
0.0178803       	2.36248343e+05
0.0178809       	2.36330476e+05
0.0178815       	2.36412503e+05
0.0178821       	2.36493850e+05
0.0178828       	2.36574288e+05
0.0178834       	2.36653699e+05
0.017884        	2.36732023e+05
0.0178846       	2.36809227e+05
0.0178852       	2.36885296e+05
0.0178858       	2.36960218e+05
0.0178865       	2.37033912e+05
0.0178871       	2.37106484e+05
0.0178877       	2.37177916e+05
0.0178883       	2.37248196e+05
0.0178889       	2.37317314e+05
0.0178895       	2.37385267e+05
0.0178902       	2.37452048e+05
0.0178908       	2.37517659e+05
0.0178914       	2.37582093e+05
0.017892        	2.37645345e+05
0.0178926       	2.37707502e+05
0.0178932       	2.37768439e+05
0.0178939       	2.37828170e+05
0.0178945       	2.37886622e+05
0.0178951       	2.37943920e+05
0.0178957       	2.38000046e+05
0.0178963       	2.38054993e+05
0.0178969       	2.38108756e+05
0.0178976       	2.38161417e+05
0.0178982       	2.38212854e+05
0.0178988       	2.38263081e+05
0.0178994       	2.38304754e+05
0.0179          	2.38354561e+05
0.0179006       	2.38401701e+05
0.0179013       	2.38447138e+05
0.0179019       	2.38491072e+05
0.0179025       	2.38533848e+05
0.0179031       	2.38575392e+05
0.0179037       	2.38615744e+05
0.0179043       	2.38654926e+05
0.0179049       	2.38692943e+05
0.0179055       	2.38729805e+05
0.0179062       	2.38757355e+05
0.0179068       	2.38794038e+05
0.0179074       	2.38828316e+05
0.017908        	2.38860904e+05
0.0179086       	2.38892088e+05
0.0179092       	2.38922015e+05
0.0179098       	2.38950755e+05
0.0179104       	2.38978348e+05
0.017911        	2.39004812e+05
0.0179116       	2.39030158e+05
0.0179122       	2.39045698e+05
0.0179129       	2.39071173e+05
0.0179135       	2.39094203e+05
0.0179141       	2.39115560e+05
0.0179147       	2.39135538e+05
0.0179153       	2.39154302e+05
0.0179159       	2.39171924e+05
0.0179165       	2.39188452e+05
0.0179171       	2.39203952e+05
0.0179177       	2.39218377e+05
0.0179183       	2.39231706e+05
0.0179189       	2.39243940e+05
0.0179195       	2.39254619e+05
0.0179201       	2.39263978e+05
0.0179207       	2.39272571e+05
0.0179213       	2.39280220e+05
0.0179219       	2.39277215e+05
0.0179225       	2.39285754e+05
0.0179231       	2.39291809e+05
0.0179237       	2.39296158e+05
0.0179243       	2.39299152e+05
0.0179249       	2.39300982e+05
0.0179255       	2.39301734e+05
0.0179261       	2.39301443e+05
0.0179267       	2.39300157e+05
0.0179273       	2.39297872e+05
0.0179279       	2.39294622e+05
0.0179285       	2.39301008e+05
0.0179291       	2.39292697e+05
0.0179297       	2.39285067e+05
0.0179304       	2.39277197e+05
0.017931        	2.39268723e+05
0.0179316       	2.39259464e+05
0.0179322       	2.39249337e+05
0.0179328       	2.39238311e+05
0.0179334       	2.39226366e+05
0.017934        	2.39213498e+05
0.0179346       	2.39199716e+05
0.0179352       	2.39185026e+05
0.0179358       	2.39169436e+05
0.0179364       	2.39152954e+05
0.017937        	2.39135594e+05
0.0179376       	2.39117361e+05
0.0179382       	2.39098252e+05
0.0179388       	2.39078300e+05
0.0179394       	2.39057497e+05
0.01794         	2.39035858e+05
0.0179406       	2.39013384e+05
0.0179413       	2.38990093e+05
0.0179419       	2.38965988e+05
0.0179425       	2.38941081e+05
0.0179431       	2.38915376e+05
0.0179437       	2.38888888e+05
0.0179443       	2.38861617e+05
0.0179449       	2.38833578e+05
0.0179455       	2.38804782e+05
0.0179461       	2.38775235e+05
0.0179467       	2.38744944e+05
0.0179473       	2.38713922e+05
0.0179479       	2.38682176e+05
0.0179485       	2.38664436e+05
0.0179491       	2.38626530e+05
0.0179498       	2.38590253e+05
0.0179504       	2.38554288e+05
0.017951        	2.38518125e+05
0.0179516       	2.38481510e+05
0.0179522       	2.38444329e+05
0.0179528       	2.38406524e+05
0.0179534       	2.38368081e+05
0.017954        	2.38328987e+05
0.0179547       	2.38289261e+05
0.0179553       	2.38248902e+05
0.0179559       	2.38207926e+05
0.0179565       	2.38166339e+05
0.0179571       	2.38124147e+05
0.0179577       	2.38081365e+05
0.0179583       	2.38038004e+05
0.0179589       	2.37994070e+05
0.0179596       	2.37949580e+05
0.0179602       	2.37904539e+05
0.0179608       	2.37858960e+05
0.0179614       	2.37812846e+05
0.017962        	2.37766211e+05
0.0179626       	2.37719064e+05
0.0179632       	2.37671412e+05
0.0179638       	2.37602748e+05
0.0179644       	2.37561110e+05
0.017965        	2.37515717e+05
0.0179656       	2.37468430e+05
0.0179662       	2.37420001e+05
0.0179669       	2.37370802e+05
0.0179675       	2.37321026e+05
0.0179681       	2.37270772e+05
0.0179687       	2.37220088e+05
0.0179693       	2.37169006e+05
0.0179699       	2.37117539e+05
0.0179705       	2.37065704e+05
0.0179711       	2.37013507e+05
0.0179717       	2.36960963e+05
0.0179723       	2.36908067e+05
0.0179729       	2.36854837e+05
0.0179735       	2.36801280e+05
0.0179741       	2.36747399e+05
0.0179747       	2.36693206e+05
0.0179753       	2.36638706e+05
0.0179759       	2.36583914e+05
0.0179765       	2.36528834e+05
0.0179771       	2.36473477e+05
0.0179777       	2.36417850e+05
0.0179783       	2.36361960e+05
0.0179789       	2.36305821e+05
0.0179795       	2.36249440e+05
0.0179801       	2.36192827e+05
0.0179807       	2.36135978e+05
0.0179813       	2.36078917e+05
0.0179819       	2.36021647e+05
0.0179825       	2.35964176e+05
0.0179831       	2.35906516e+05
0.0179837       	2.35848666e+05
0.0179843       	2.35790645e+05
0.0179849       	2.35732448e+05
0.0179855       	2.35674103e+05
0.0179861       	2.35615606e+05
0.0179867       	2.35556962e+05
0.0179873       	2.35498191e+05
0.0179879       	2.35439293e+05
0.0179885       	2.35380270e+05
0.0179892       	2.35321134e+05
0.0179898       	2.35261895e+05
0.0179904       	2.35202563e+05
0.017991        	2.35143140e+05
0.0179916       	2.35083641e+05
0.0179922       	2.35024073e+05
0.0179928       	2.34964426e+05
0.0179934       	2.34904728e+05
0.017994        	2.34844983e+05
0.0179946       	2.34785193e+05
0.0179952       	2.34725365e+05
0.0179958       	2.34665503e+05
0.0179964       	2.34605617e+05
0.017997        	2.34545720e+05
0.0179976       	2.34485825e+05
0.0179982       	2.34425918e+05
0.0179988       	2.34366014e+05
0.0179994       	2.34306117e+05
0.018           	2.34246244e+05
0.0180006       	2.34192667e+05
0.0180012       	2.34133871e+05
0.0180018       	2.34071460e+05
0.0180024       	2.34010189e+05
0.018003        	2.33949467e+05
0.0180036       	2.33889039e+05
0.0180043       	2.33832255e+05
0.0180049       	2.33770779e+05
0.0180055       	2.33710016e+05
0.0180061       	2.33649612e+05
0.0180067       	2.33589426e+05
0.0180073       	2.33532876e+05
0.0180079       	2.33471604e+05
0.0180085       	2.33411077e+05
0.0180091       	2.33350937e+05
0.0180098       	2.33291040e+05
0.0180104       	2.33231319e+05
0.018011        	2.33171751e+05
0.0180116       	2.33115835e+05
0.0180122       	2.33055138e+05
0.0180128       	2.32995228e+05
0.0180134       	2.32935739e+05
0.018014        	2.32876541e+05
0.0180147       	2.32817554e+05
0.0180153       	2.32758753e+05
0.0180159       	2.32700126e+05
0.0180165       	2.32641669e+05
0.0180171       	2.32583384e+05
0.0180177       	2.32525273e+05
0.0180183       	2.32467344e+05
0.018019        	2.32409592e+05
0.0180196       	2.32352025e+05
0.0180202       	2.32294652e+05
0.0180208       	2.32237474e+05
0.0180214       	2.32184091e+05
0.018022        	2.32125838e+05
0.0180226       	2.32068481e+05
0.0180233       	2.32011629e+05
0.0180239       	2.31955133e+05
0.0180245       	2.31895295e+05
0.0180251       	2.31840829e+05
0.0180257       	2.31785896e+05
0.0180263       	2.31730888e+05
0.0180269       	2.31675960e+05
0.0180276       	2.31621190e+05
0.0180282       	2.31566619e+05
0.0180288       	2.31512266e+05
0.0180294       	2.31458145e+05
0.01803         	2.31404262e+05
0.0180306       	2.31350618e+05
0.0180312       	2.31297218e+05
0.0180319       	2.31244059e+05
0.0180325       	2.31191148e+05
0.0180331       	2.31138484e+05
0.0180337       	2.31086072e+05
0.0180343       	2.31033907e+05
0.0180349       	2.30981995e+05
0.0180355       	2.30930334e+05
0.0180361       	2.30878928e+05
0.0180368       	2.30827775e+05
0.0180374       	2.30776876e+05
0.018038        	2.30726238e+05
0.0180386       	2.30675852e+05
0.0180392       	2.30625727e+05
0.0180398       	2.30575862e+05
0.0180404       	2.30526256e+05
0.0180411       	2.30476904e+05
0.0180417       	2.30427813e+05
0.0180423       	2.30378983e+05
0.0180429       	2.30330411e+05
0.0180435       	2.30282100e+05
0.0180441       	2.30234050e+05
0.0180447       	2.30186260e+05
0.0180454       	2.30138706e+05
0.018046        	2.30091429e+05
0.0180466       	2.30044418e+05
0.0180472       	2.30001534e+05
0.0180478       	2.29953376e+05
0.0180484       	2.29906274e+05
0.018049        	2.29859780e+05
0.0180497       	2.29813697e+05
0.0180503       	2.29771875e+05
0.0180509       	2.29724743e+05
0.0180515       	2.29678671e+05
0.0180521       	2.29633227e+05
0.0180528       	2.29588211e+05
0.0180534       	2.29543518e+05
0.018054        	2.29503081e+05
0.0180546       	2.29457203e+05
0.0180552       	2.29412424e+05
0.0180559       	2.29368252e+05
0.0180565       	2.29324503e+05
0.0180571       	2.29285097e+05
0.0180577       	2.29240162e+05
0.0180584       	2.29196366e+05
0.018059        	2.29153185e+05
0.0180596       	2.29110420e+05
0.0180602       	2.29072043e+05
0.0180609       	2.29028047e+05
0.0180615       	2.28985190e+05
0.0180621       	2.28942956e+05
0.0180627       	2.28901133e+05
0.0180634       	2.28863750e+05
0.018064        	2.28820621e+05
0.0180646       	2.28778655e+05
0.0180653       	2.28737306e+05
0.0180659       	2.28696359e+05
0.0180665       	2.28655710e+05
0.0180671       	2.28615305e+05
0.0180678       	2.28579352e+05
0.0180684       	2.28537454e+05
0.018069        	2.28496705e+05
0.0180697       	2.28456539e+05
0.0180703       	2.28416760e+05
0.0180709       	2.28377248e+05
0.0180716       	2.28342274e+05
0.0180722       	2.28301194e+05
0.0180728       	2.28261279e+05
0.0180735       	2.28221964e+05
0.0180741       	2.28183018e+05
0.0180748       	2.28144331e+05
0.0180754       	2.28105840e+05
0.018076        	2.28067525e+05
0.0180767       	2.28029368e+05
0.0180773       	2.27991365e+05
0.0180779       	2.27953505e+05
0.0180786       	2.27915784e+05
0.0180792       	2.27878213e+05
0.0180798       	2.27840770e+05
0.0180805       	2.27808023e+05
0.0180811       	2.27768715e+05
0.0180818       	2.27730612e+05
0.0180824       	2.27693082e+05
0.018083        	2.27655886e+05
0.0180837       	2.27618903e+05
0.0180843       	2.27582067e+05
0.018085        	2.27545354e+05
0.0180856       	2.27508749e+05
0.0180862       	2.27472233e+05
0.0180869       	2.27435802e+05
0.0180875       	2.27399468e+05
0.0180881       	2.27358389e+05
0.0180888       	2.27324467e+05
0.0180894       	2.27289475e+05
0.0180901       	2.27254067e+05
0.0180907       	2.27218492e+05
0.0180913       	2.27182874e+05
0.018092        	2.27147264e+05
0.0180926       	2.27111685e+05
0.0180932       	2.27076155e+05
0.0180939       	2.27040660e+05
0.0180945       	2.27005206e+05
0.0180951       	2.26969783e+05
0.0180958       	2.26934394e+05
0.0180964       	2.26899024e+05
0.018097        	2.26863674e+05
0.0180977       	2.26828335e+05
0.0180983       	2.26793007e+05
0.0180989       	2.26757669e+05
0.0180996       	2.26722343e+05
0.0181002       	2.26687011e+05
0.0181009       	2.26651649e+05
0.0181015       	2.26616279e+05
0.0181021       	2.26580892e+05
0.0181028       	2.26545481e+05
0.0181034       	2.26510040e+05
0.018104        	2.26474564e+05
0.0181047       	2.26439052e+05
0.0181053       	2.26403499e+05
0.0181059       	2.26367903e+05
0.0181066       	2.26332257e+05
0.0181072       	2.26296552e+05
0.0181078       	2.26260801e+05
0.0181085       	2.26224987e+05
0.0181091       	2.26189103e+05
0.0181098       	2.26153144e+05
0.0181104       	2.26117097e+05
0.018111        	2.26080973e+05
0.0181117       	2.26044768e+05
0.0181123       	2.26008476e+05
0.0181129       	2.25972096e+05
0.0181136       	2.25941727e+05
0.0181142       	2.25902262e+05
0.0181149       	2.25864165e+05
0.0181155       	2.25826570e+05
0.0181161       	2.25789182e+05
0.0181168       	2.25751811e+05
0.0181174       	2.25714380e+05
0.0181181       	2.25676844e+05
0.0181187       	2.25645642e+05
0.0181193       	2.25604747e+05
0.01812         	2.25565288e+05
0.0181206       	2.25526359e+05
0.0181213       	2.25487609e+05
0.0181219       	2.25448855e+05
0.0181226       	2.25410013e+05
0.0181232       	2.25377885e+05
0.0181239       	2.25335453e+05
0.0181245       	2.25294547e+05
0.0181252       	2.25254196e+05
0.0181258       	2.25214010e+05
0.0181265       	2.25173824e+05
0.0181271       	2.25133529e+05
0.0181278       	2.25100345e+05
0.0181284       	2.25056157e+05
0.0181291       	2.25013601e+05
0.0181297       	2.24971626e+05
0.0181304       	2.24929829e+05
0.0181311       	2.24888007e+05
0.0181317       	2.24846069e+05
0.0181324       	2.24803971e+05
0.018133        	2.24769556e+05
0.0181337       	2.24723196e+05
0.0181344       	2.24678623e+05
0.018135        	2.24634687e+05
0.0181357       	2.24590937e+05
0.0181364       	2.24547162e+05
0.018137        	2.24503262e+05
0.0181377       	2.24459189e+05
0.0181383       	2.24414927e+05
0.018139        	2.24379119e+05
0.0181397       	2.24330123e+05
0.0181404       	2.24283126e+05
0.018141        	2.24236836e+05
0.0181417       	2.24190766e+05
0.0181424       	2.24144676e+05
0.018143        	2.24098468e+05
0.0181437       	2.24052088e+05
0.0181444       	2.24005515e+05
0.018145        	2.23958737e+05
0.0181457       	2.23911757e+05
0.0181464       	2.23864579e+05
0.0181471       	2.23817209e+05
0.0181477       	2.23779839e+05
0.0181484       	2.23726952e+05
0.0181491       	2.23676471e+05
0.0181498       	2.23626886e+05
0.0181504       	2.23577604e+05
0.0181511       	2.23528345e+05
0.0181518       	2.23478997e+05
0.0181525       	2.23429502e+05
0.0181532       	2.23379837e+05
0.0181538       	2.23329997e+05
0.0181545       	2.23279985e+05
0.0181552       	2.23229804e+05
0.0181559       	2.23179463e+05
0.0181566       	2.23128970e+05
0.0181572       	2.23078319e+05
0.0181579       	2.23027525e+05
0.0181586       	2.22976590e+05
0.0181593       	2.22925524e+05
0.01816         	2.22874323e+05
0.0181606       	2.22822995e+05
0.0181613       	2.22771551e+05
0.018162        	2.22719989e+05
0.0181627       	2.22668314e+05
0.0181633       	2.22616542e+05
0.018164        	2.22564667e+05
0.0181647       	2.22512732e+05
0.0181654       	2.22460688e+05
0.0181661       	2.22408525e+05
0.0181667       	2.22356295e+05
0.0181674       	2.22303999e+05
0.0181681       	2.22251641e+05
0.0181688       	2.22199230e+05
0.0181695       	2.22146766e+05
0.0181701       	2.22094253e+05
0.0181708       	2.22041705e+05
0.0181715       	2.21989125e+05
0.0181722       	2.21936520e+05
0.0181728       	2.21883887e+05
0.0181735       	2.21831255e+05
0.0181742       	2.21778615e+05
0.0181749       	2.21725977e+05
0.0181756       	2.21673349e+05
0.0181762       	2.21620740e+05
0.0181769       	2.21568156e+05
0.0181776       	2.21515608e+05
0.0181783       	2.21463100e+05
0.018179        	2.21410641e+05
0.0181796       	2.21358231e+05
0.0181803       	2.21305891e+05
0.018181        	2.21253622e+05
0.0181817       	2.21201435e+05
0.0181824       	2.21149334e+05
0.018183        	2.21097330e+05
0.0181837       	2.21045430e+05
0.0181844       	2.20993644e+05
0.0181851       	2.20941982e+05
0.0181857       	2.20890448e+05
0.0181864       	2.20839052e+05
0.0181871       	2.20787804e+05
0.0181878       	2.20736756e+05
0.0181885       	2.20685850e+05
0.0181891       	2.20635063e+05
0.0181898       	2.20584517e+05
0.0181905       	2.20534150e+05
0.0181912       	2.20483975e+05
0.0181919       	2.20434007e+05
0.0181925       	2.20384256e+05
0.0181932       	2.20334728e+05
0.0181939       	2.20285441e+05
0.0181946       	2.20236391e+05
0.0181952       	2.20187598e+05
0.0181959       	2.20139024e+05
0.0181966       	2.20090793e+05
0.0181973       	2.20042785e+05
0.018198        	2.19995084e+05
0.0181986       	2.19947690e+05
0.0181993       	2.19900613e+05
0.0182          	2.19853857e+05
0.0182007       	2.19836789e+05
0.0182014       	2.19780370e+05
0.0182021       	2.19726731e+05
0.0182028       	2.19680067e+05
0.0182035       	2.19630854e+05
0.0182042       	2.19586523e+05
0.0182049       	2.19538625e+05
0.0182057       	2.19492102e+05
0.0182064       	2.19449518e+05
0.0182071       	2.19402921e+05
0.0182078       	2.19360749e+05
0.0182085       	2.19314714e+05
0.0182092       	2.19270060e+05
0.0182099       	2.19229464e+05
0.0182107       	2.19184822e+05
0.0182114       	2.19141532e+05
0.0182121       	2.19102380e+05
0.0182128       	2.19059137e+05
0.0182135       	2.19020602e+05
0.0182143       	2.18978155e+05
0.018215        	2.18937227e+05
0.0182157       	2.18900631e+05
0.0182164       	2.18859913e+05
0.0182172       	2.18820680e+05
0.0182179       	2.18785847e+05
0.0182186       	2.18746825e+05
0.0182193       	2.18709335e+05
0.0182201       	2.18676344e+05
0.0182208       	2.18639133e+05
0.0182215       	2.18603494e+05
0.0182223       	2.18568912e+05
0.018223        	2.18538745e+05
0.0182237       	2.18504205e+05
0.0182245       	2.18471270e+05
0.0182252       	2.18439418e+05
0.0182259       	2.18412104e+05
0.0182267       	2.18380360e+05
0.0182274       	2.18350274e+05
0.0182282       	2.18321319e+05
0.0182289       	2.18293292e+05
0.0182296       	2.18269883e+05
0.0182304       	2.18241901e+05
0.0182311       	2.18215637e+05
0.0182319       	2.18190547e+05
0.0182326       	2.18166438e+05
0.0182333       	2.18143224e+05
0.0182341       	2.18120868e+05
0.0182348       	2.18099358e+05
0.0182356       	2.18078703e+05
0.0182363       	2.18062894e+05
0.018237        	2.18042297e+05
0.0182378       	2.18023509e+05
0.0182385       	2.18005977e+05
0.0182393       	2.17989492e+05
0.01824         	2.17973953e+05
0.0182408       	2.17959333e+05
0.0182415       	2.17945604e+05
0.0182423       	2.17932782e+05
0.018243        	2.17920861e+05
0.0182437       	2.17909842e+05
0.0182445       	2.17899734e+05
0.0182452       	2.17890534e+05
0.018246        	2.17882245e+05
0.0182467       	2.17874872e+05
0.0182475       	2.17868416e+05
0.0182482       	2.17862875e+05
0.018249        	2.17858255e+05
0.0182497       	2.17854549e+05
0.0182504       	2.17847191e+05
0.0182512       	2.17847061e+05
0.0182519       	2.17846805e+05
0.0182527       	2.17847056e+05
0.0182534       	2.17848038e+05
0.0182541       	2.17849855e+05
0.0182549       	2.17852553e+05
0.0182556       	2.17856148e+05
0.0182564       	2.17860644e+05
0.0182571       	2.17866046e+05
0.0182578       	2.17872341e+05
0.0182586       	2.17879532e+05
0.0182593       	2.17887613e+05
0.0182601       	2.17896522e+05
0.0182608       	2.17906151e+05
0.0182615       	2.17916619e+05
0.0182623       	2.17927966e+05
0.018263        	2.17940163e+05
0.0182638       	2.17953207e+05
0.0182645       	2.17967095e+05
0.0182652       	2.17981818e+05
0.018266        	2.17997368e+05
0.0182667       	2.18013741e+05
0.0182675       	2.18030929e+05
0.0182682       	2.18048929e+05
0.0182689       	2.18067728e+05
0.0182697       	2.18087320e+05
0.0182704       	2.18107700e+05
0.0182712       	2.18128857e+05
0.0182719       	2.18150786e+05
0.0182726       	2.18173476e+05
0.0182734       	2.18196918e+05
0.0182741       	2.18221100e+05
0.0182749       	2.18246018e+05
0.0182756       	2.18271659e+05
0.0182764       	2.18298018e+05
0.0182771       	2.18325081e+05
0.0182778       	2.18352839e+05
0.0182786       	2.18381279e+05
0.0182793       	2.18410393e+05
0.0182801       	2.18440169e+05
0.0182808       	2.18470597e+05
0.0182815       	2.18501665e+05
0.0182823       	2.18533358e+05
0.018283        	2.18565672e+05
0.0182838       	2.18598587e+05
0.0182845       	2.18638444e+05
0.0182852       	2.18670524e+05
0.018286        	2.18704510e+05
0.0182867       	2.18739584e+05
0.0182875       	2.18775428e+05
0.0182882       	2.18811901e+05
0.018289        	2.18848924e+05
0.0182897       	2.18886457e+05
0.0182905       	2.18924481e+05
0.0182912       	2.18962978e+05
0.018292        	2.19001938e+05
0.0182927       	2.19041344e+05
0.0182934       	2.19081186e+05
0.0182942       	2.19121448e+05
0.0182949       	2.19169218e+05
0.0182957       	2.19208114e+05
0.0182964       	2.19248868e+05
0.0182972       	2.19290573e+05
0.0182979       	2.19332877e+05
0.0182987       	2.19375616e+05
0.0182994       	2.19418714e+05
0.0183002       	2.19462124e+05
0.0183009       	2.19505822e+05
0.0183017       	2.19549789e+05
0.0183024       	2.19594011e+05
0.0183032       	2.19638474e+05
0.0183039       	2.19683162e+05
0.0183047       	2.19728059e+05
0.0183054       	2.19773153e+05
0.0183062       	2.19818423e+05
0.0183069       	2.19863863e+05
0.0183077       	2.19909456e+05
0.0183084       	2.19955182e+05
0.0183092       	2.20001027e+05
0.0183099       	2.20046973e+05
0.0183107       	2.20093006e+05
0.0183115       	2.20147774e+05
0.0183122       	2.20191402e+05
0.018313        	2.20236828e+05
0.0183137       	2.20282973e+05
0.0183145       	2.20329420e+05
0.0183152       	2.20375972e+05
0.018316        	2.20422536e+05
0.0183168       	2.20469068e+05
0.0183175       	2.20515545e+05
0.0183183       	2.20561934e+05
0.018319        	2.20608226e+05
0.0183198       	2.20654413e+05
0.0183205       	2.20700479e+05
0.0183213       	2.20746413e+05
0.018322        	2.20792195e+05
0.0183228       	2.20837816e+05
0.0183236       	2.20883259e+05
0.0183243       	2.20928512e+05
0.0183251       	2.20963051e+05
0.0183258       	2.21010887e+05
0.0183266       	2.21056420e+05
0.0183273       	2.21100895e+05
0.0183281       	2.21144761e+05
0.0183288       	2.21188234e+05
0.0183296       	2.21231374e+05
0.0183303       	2.21274215e+05
0.0183311       	2.21316755e+05
0.0183318       	2.21358982e+05
0.0183326       	2.21400891e+05
0.0183333       	2.21442460e+05
0.0183341       	2.21483687e+05
0.0183348       	2.21524545e+05
0.0183356       	2.21565026e+05
0.0183363       	2.21605115e+05
0.0183371       	2.21644802e+05
0.0183378       	2.21684080e+05
0.0183386       	2.21722937e+05
0.0183393       	2.21761363e+05
0.0183401       	2.21799346e+05
0.0183408       	2.21836883e+05
0.0183416       	2.21873960e+05
0.0183423       	2.21896588e+05
0.018343        	2.21936710e+05
0.0183438       	2.21973713e+05
0.0183445       	2.22009185e+05
0.0183453       	2.22043720e+05
0.018346        	2.22077580e+05
0.0183467       	2.22110880e+05
0.0183475       	2.22143665e+05
0.0183482       	2.22175942e+05
0.018349        	2.22207715e+05
0.0183497       	2.22238977e+05
0.0183504       	2.22269716e+05
0.0183512       	2.22299929e+05
0.0183519       	2.22329612e+05
0.0183527       	2.22358754e+05
0.0183534       	2.22387353e+05
0.0183541       	2.22397601e+05
0.0183548       	2.22430190e+05
0.0183556       	2.22458980e+05
0.0183563       	2.22485924e+05
0.018357        	2.22511755e+05
0.0183578       	2.22536810e+05
0.0183585       	2.22561239e+05
0.0183592       	2.22585100e+05
0.0183599       	2.22608418e+05
0.0183607       	2.22631203e+05
0.0183614       	2.22653449e+05
0.0183621       	2.22675156e+05
0.0183629       	2.22696320e+05
0.0183636       	2.22716940e+05
0.0183643       	2.22737016e+05
0.018365        	2.22756548e+05
0.0183658       	2.22751496e+05
0.0183665       	2.22776841e+05
0.0183672       	2.22797412e+05
0.0183679       	2.22815745e+05
0.0183686       	2.22832801e+05
0.0183693       	2.22849026e+05
0.01837         	2.22864627e+05
0.0183708       	2.22879693e+05
0.0183715       	2.22894260e+05
0.0183722       	2.22908343e+05
0.0183729       	2.22921947e+05
0.0183736       	2.22935073e+05
0.0183743       	2.22947724e+05
0.018375        	2.22959896e+05
0.0183757       	2.22971600e+05
0.0183765       	2.22982836e+05
0.0183772       	2.22993609e+05
0.0183779       	2.23003925e+05
0.0183786       	2.23013786e+05
0.0183793       	2.23023200e+05
0.01838         	2.23032173e+05
0.0183807       	2.23040712e+05
0.0183815       	2.23048824e+05
0.0183822       	2.23056517e+05
0.0183829       	2.23063798e+05
0.0183836       	2.23070674e+05
0.0183843       	2.23077157e+05
0.018385        	2.23083253e+05
0.0183857       	2.23088970e+05
0.0183864       	2.23094316e+05
0.0183872       	2.23099304e+05
0.0183879       	2.23103940e+05
0.0183886       	2.23108236e+05
0.0183893       	2.23112200e+05
0.01839         	2.23115844e+05
0.0183907       	2.23119173e+05
0.0183914       	2.23122202e+05
0.0183922       	2.23124940e+05
0.0183929       	2.23127419e+05
0.0183936       	2.23129585e+05
0.0183943       	2.23131515e+05
0.018395        	2.23133179e+05
0.0183957       	2.23134648e+05
0.0183964       	2.23135871e+05
0.0183971       	2.23136882e+05
0.0183979       	2.23137690e+05
0.0183986       	2.23138310e+05
0.0183993       	2.23138755e+05
0.0184          	2.23139033e+05
0.0184007       	2.23088232e+05
0.0184014       	2.23102813e+05
0.0184021       	2.23108960e+05
0.0184027       	2.23111556e+05
0.0184034       	2.23112490e+05
0.0184041       	2.23108257e+05
0.0184048       	2.23109349e+05
0.0184055       	2.23109592e+05
0.0184062       	2.23109488e+05
0.0184068       	2.23109233e+05
0.0184075       	2.23108916e+05
0.0184082       	2.23108591e+05
0.0184089       	2.23103744e+05
0.0184096       	2.23104722e+05
0.0184102       	2.23105004e+05
0.0184109       	2.23105027e+05
0.0184116       	2.23104957e+05
0.0184123       	2.23104884e+05
0.018413        	2.23104848e+05
0.0184136       	2.23104881e+05
0.0184143       	2.23100330e+05
0.018415        	2.23101861e+05
0.0184157       	2.23102761e+05
0.0184164       	2.23103471e+05
0.018417        	2.23104173e+05
0.0184177       	2.23104949e+05
0.0184184       	2.23105856e+05
0.0184191       	2.23106929e+05
0.0184197       	2.23108174e+05
0.0184204       	2.23104772e+05
0.0184211       	2.23107754e+05
0.0184218       	2.23110190e+05
0.0184224       	2.23112506e+05
0.0184231       	2.23114938e+05
0.0184238       	2.23117572e+05
0.0184245       	2.23120426e+05
0.0184251       	2.23123541e+05
0.0184258       	2.23126931e+05
0.0184265       	2.23130608e+05
0.0184272       	2.23129554e+05
0.0184278       	2.23135231e+05
0.0184285       	2.23140434e+05
0.0184292       	2.23145635e+05
0.0184299       	2.23151017e+05
0.0184305       	2.23156680e+05
0.0184312       	2.23162675e+05
0.0184319       	2.23169028e+05
0.0184325       	2.23175756e+05
0.0184332       	2.23182877e+05
0.0184339       	2.23190391e+05
0.0184346       	2.23198315e+05
0.0184352       	2.23206657e+05
0.0184359       	2.23215423e+05
0.0184366       	2.23219305e+05
0.0184372       	2.23230386e+05
0.0184379       	2.23241086e+05
0.0184386       	2.23251895e+05
0.0184393       	2.23263007e+05
0.0184399       	2.23274519e+05
0.0184406       	2.23286483e+05
0.0184413       	2.23298924e+05
0.0184419       	2.23311858e+05
0.0184426       	2.23325295e+05
0.0184433       	2.23333719e+05
0.0184439       	2.23349672e+05
0.0184446       	2.23365282e+05
0.0184453       	2.23381058e+05
0.0184459       	2.23397199e+05
0.0184466       	2.23413804e+05
0.0184473       	2.23425271e+05
0.0184479       	2.23444433e+05
0.0184486       	2.23463264e+05
0.0184493       	2.23482283e+05
0.0184499       	2.23501695e+05
0.0184506       	2.23515840e+05
0.0184513       	2.23537802e+05
0.0184519       	2.23559429e+05
0.0184526       	2.23581248e+05
0.0184532       	2.23603476e+05
0.0184539       	2.23620350e+05
0.0184545       	2.23645176e+05
0.0184552       	2.23669668e+05
0.0184559       	2.23694364e+05
0.0184565       	2.23713525e+05
0.0184572       	2.23740694e+05
0.0184578       	2.23767496e+05
0.0184585       	2.23788485e+05
0.0184591       	2.23817442e+05
0.0184598       	2.23845986e+05
0.0184604       	2.23874696e+05
0.0184611       	2.23897714e+05
0.0184617       	2.23928897e+05
0.0184624       	2.23959696e+05
0.018463        	2.23984525e+05
0.0184637       	2.24017474e+05
0.0184643       	2.24049982e+05
0.018465        	2.24082640e+05
0.0184656       	2.24109451e+05
0.0184663       	2.24144572e+05
0.0184669       	2.24179281e+05
0.0184675       	2.24214148e+05
0.0184682       	2.24243082e+05
0.0184688       	2.24280413e+05
0.0184695       	2.24317308e+05
0.0184701       	2.24347969e+05
0.0184707       	2.24386969e+05
0.0184714       	2.24425463e+05
0.018472        	2.24464055e+05
0.0184726       	2.24496528e+05
0.0184733       	2.24537528e+05
0.0184739       	2.24578042e+05
0.0184745       	2.24618655e+05
0.0184752       	2.24659599e+05
0.0184758       	2.24694413e+05
0.0184764       	2.24737918e+05
0.0184771       	2.24780920e+05
0.0184777       	2.24824001e+05
0.0184783       	2.24867385e+05
0.018479        	2.24904499e+05
0.0184796       	2.24950411e+05
0.0184802       	2.24995776e+05
0.0184808       	2.25041182e+05
0.0184815       	2.25086859e+05
0.0184821       	2.25132914e+05
0.0184827       	2.25172576e+05
0.0184833       	2.25221196e+05
0.018484        	2.25269219e+05
0.0184846       	2.25317238e+05
0.0184852       	2.25365485e+05
0.0184858       	2.25414068e+05
0.0184865       	2.25463042e+05
0.0184871       	2.25512425e+05
0.0184877       	2.25562224e+05
0.0184883       	2.25605375e+05
0.0184889       	2.25657723e+05
0.0184896       	2.25709372e+05
0.0184902       	2.25760931e+05
0.0184908       	2.25812640e+05
0.0184914       	2.25864614e+05
0.0184921       	2.25916906e+05
0.0184927       	2.25969541e+05
0.0184933       	2.26022522e+05
0.0184939       	2.26075848e+05
0.0184945       	2.26129518e+05
0.0184952       	2.26183518e+05
0.0184958       	2.26237846e+05
0.0184964       	2.26292489e+05
0.018497        	2.26347445e+05
0.0184976       	2.26402701e+05
0.0184983       	2.26458249e+05
0.0184989       	2.26514082e+05
0.0184995       	2.26570192e+05
0.0185001       	2.26626569e+05
0.0185007       	2.26683208e+05
0.0185014       	2.26740096e+05
0.018502        	2.26797223e+05
0.0185026       	2.26854582e+05
0.0185032       	2.26912163e+05
0.0185038       	2.26969958e+05
0.0185045       	2.27027959e+05
0.0185051       	2.27086159e+05
0.0185057       	2.27144547e+05
0.0185063       	2.27203112e+05
0.0185069       	2.27269991e+05
0.0185076       	2.27326885e+05
0.0185082       	2.27385245e+05
0.0185088       	2.27444307e+05
0.0185094       	2.27503785e+05
0.0185101       	2.27563511e+05
0.0185107       	2.27623406e+05
0.0185113       	2.27683430e+05
0.0185119       	2.27743552e+05
0.0185126       	2.27803746e+05
0.0185132       	2.27864033e+05
0.0185138       	2.27924375e+05
0.0185144       	2.27984775e+05
0.0185151       	2.28045207e+05
0.0185157       	2.28105680e+05
0.0185163       	2.28166171e+05
0.0185169       	2.28226684e+05
0.0185176       	2.28287194e+05
0.0185182       	2.28347696e+05
0.0185188       	2.28408189e+05
0.0185194       	2.28468650e+05
0.0185201       	2.28529084e+05
0.0185207       	2.28589447e+05
0.0185213       	2.28649763e+05
0.0185219       	2.28710015e+05
0.0185226       	2.28770187e+05
0.0185232       	2.28830269e+05
0.0185238       	2.28890246e+05
0.0185244       	2.28950116e+05
0.0185251       	2.29009864e+05
0.0185257       	2.29069481e+05
0.0185263       	2.29128959e+05
0.0185269       	2.29188274e+05
0.0185276       	2.29247433e+05
0.0185282       	2.29306413e+05
0.0185288       	2.29365209e+05
0.0185294       	2.29423821e+05
0.0185301       	2.29482214e+05
0.0185307       	2.29540396e+05
0.0185313       	2.29598349e+05
0.0185319       	2.29656064e+05
0.0185326       	2.29713532e+05
0.0185332       	2.29770748e+05
0.0185338       	2.29827692e+05
0.0185344       	2.29884360e+05
0.018535        	2.29940736e+05
0.0185357       	2.29996815e+05
0.0185363       	2.30052586e+05
0.0185369       	2.30108036e+05
0.0185375       	2.30163160e+05
0.0185382       	2.30217945e+05
0.0185388       	2.30272382e+05
0.0185394       	2.30326463e+05
0.01854         	2.30368154e+05
0.0185407       	2.30424646e+05
0.0185413       	2.30478735e+05
0.0185419       	2.30531560e+05
0.0185425       	2.30583566e+05
0.0185431       	2.30634965e+05
0.0185437       	2.30685863e+05
0.0185444       	2.30736304e+05
0.018545        	2.30786302e+05
0.0185456       	2.30835859e+05
0.0185462       	2.30884976e+05
0.0185468       	2.30933639e+05
0.0185475       	2.30981843e+05
0.0185481       	2.31029575e+05
0.0185487       	2.31076829e+05
0.0185493       	2.31123595e+05
0.0185499       	2.31169864e+05
0.0185505       	2.31215628e+05
0.0185512       	2.31260878e+05
0.0185518       	2.31305605e+05
0.0185524       	2.31349803e+05
0.018553        	2.31393465e+05
0.0185536       	2.31436587e+05
0.0185543       	2.31479156e+05
0.0185549       	2.31505602e+05
0.0185555       	2.31551344e+05
0.0185561       	2.31593890e+05
0.0185567       	2.31634728e+05
0.0185573       	2.31674436e+05
0.0185579       	2.31713305e+05
0.0185585       	2.31751474e+05
0.0185591       	2.31789009e+05
0.0185597       	2.31825939e+05
0.0185604       	2.31862270e+05
0.018561        	2.31898005e+05
0.0185616       	2.31933137e+05
0.0185622       	2.31967662e+05
0.0185628       	2.32001571e+05
0.0185634       	2.32034860e+05
0.018564        	2.32067523e+05
0.0185646       	2.32099553e+05
0.0185652       	2.32130946e+05
0.0185658       	2.32161698e+05
0.0185665       	2.32191804e+05
0.0185671       	2.32221258e+05
0.0185677       	2.32250058e+05
0.0185683       	2.32278199e+05
0.0185689       	2.32305679e+05
0.0185695       	2.32332493e+05
0.0185701       	2.32358637e+05
0.0185707       	2.32384111e+05
0.0185713       	2.32408910e+05
0.0185719       	2.32433031e+05
0.0185726       	2.32456473e+05
0.0185732       	2.32479231e+05
0.0185738       	2.32501304e+05
0.0185744       	2.32522691e+05
0.018575        	2.32543388e+05
0.0185756       	2.32563395e+05
0.0185762       	2.32582709e+05
0.0185768       	2.32601329e+05
0.0185774       	2.32619252e+05
0.018578        	2.32636480e+05
0.0185787       	2.32653011e+05
0.0185793       	2.32668842e+05
0.0185799       	2.32683973e+05
0.0185805       	2.32698405e+05
0.0185811       	2.32712135e+05
0.0185817       	2.32725164e+05
0.0185823       	2.32737492e+05
0.0185829       	2.32749121e+05
0.0185835       	2.32760048e+05
0.0185841       	2.32770273e+05
0.0185848       	2.32779798e+05
0.0185854       	2.32788623e+05
0.018586        	2.32796749e+05
0.0185866       	2.32804176e+05
0.0185872       	2.32810907e+05
0.0185878       	2.32816942e+05
0.0185884       	2.32822283e+05
0.018589        	2.32826929e+05
0.0185896       	2.32830885e+05
0.0185902       	2.32834151e+05
0.0185909       	2.32836729e+05
0.0185915       	2.32838620e+05
0.0185921       	2.32839829e+05
0.0185927       	2.32840356e+05
0.0185933       	2.32840206e+05
0.0185939       	2.32839378e+05
0.0185945       	2.32837874e+05
0.0185951       	2.32835703e+05
0.0185957       	2.32832866e+05
0.0185963       	2.32829361e+05
0.018597        	2.32825197e+05
0.0185976       	2.32820375e+05
0.0185982       	2.32814899e+05
0.0185988       	2.32808776e+05
0.0185994       	2.32801999e+05
0.0186          	2.32794581e+05
0.0186006       	2.32807037e+05
0.0186012       	2.32791566e+05
0.0186019       	2.32779065e+05
0.0186025       	2.32767479e+05
0.0186031       	2.32756002e+05
0.0186037       	2.32744237e+05
0.0186043       	2.32731996e+05
0.018605        	2.32719187e+05
0.0186056       	2.32705774e+05
0.0186062       	2.32691741e+05
0.0186068       	2.32677091e+05
0.0186075       	2.32661826e+05
0.0186081       	2.32645951e+05
0.0186087       	2.32629482e+05
0.0186093       	2.32608773e+05
0.0186099       	2.32592369e+05
0.0186106       	2.32574742e+05
0.0186112       	2.32556275e+05
0.0186118       	2.32537115e+05
0.0186124       	2.32517341e+05
0.018613        	2.32496993e+05
0.0186136       	2.32472371e+05
0.0186143       	2.32452217e+05
0.0186149       	2.32430884e+05
0.0186155       	2.32408754e+05
0.0186161       	2.32385983e+05
0.0186167       	2.32362645e+05
0.0186173       	2.32338788e+05
0.018618        	2.32310634e+05
0.0186186       	2.32287116e+05
0.0186192       	2.32262460e+05
0.0186198       	2.32237054e+05
0.0186204       	2.32211056e+05
0.018621        	2.32184547e+05
0.0186217       	2.32157571e+05
0.0186223       	2.32130152e+05
0.0186229       	2.32102305e+05
0.0186235       	2.32074043e+05
0.0186241       	2.32045374e+05
0.0186247       	2.32016307e+05
0.0186253       	2.31986850e+05
0.018626        	2.31957008e+05
0.0186266       	2.31926790e+05
0.0186272       	2.31896205e+05
0.0186278       	2.31865258e+05
0.0186284       	2.31833960e+05
0.018629        	2.31802319e+05
0.0186296       	2.31770338e+05
0.0186303       	2.31738028e+05
0.0186309       	2.31705404e+05
0.0186315       	2.31672465e+05
0.0186321       	2.31639221e+05
0.0186327       	2.31605686e+05
0.0186333       	2.31571861e+05
0.018634        	2.31537760e+05
0.0186346       	2.31507536e+05
0.0186352       	2.31471415e+05
0.0186358       	2.31435767e+05
0.0186364       	2.31400192e+05
0.018637        	2.31368735e+05
0.0186377       	2.31331384e+05
0.0186383       	2.31294594e+05
0.0186389       	2.31257921e+05
0.0186395       	2.31221198e+05
0.0186401       	2.31188637e+05
0.0186408       	2.31150062e+05
0.0186414       	2.31112087e+05
0.018642        	2.31074272e+05
0.0186426       	2.31040807e+05
0.0186433       	2.31001302e+05
0.0186439       	2.30962467e+05
0.0186445       	2.30923839e+05
0.0186451       	2.30885246e+05
0.0186458       	2.30851049e+05
0.0186464       	2.30810681e+05
0.018647        	2.30771031e+05
0.0186476       	2.30731630e+05
0.0186483       	2.30696826e+05
0.0186489       	2.30655820e+05
0.0186495       	2.30615602e+05
0.0186502       	2.30575686e+05
0.0186508       	2.30535888e+05
0.0186514       	2.30500726e+05
0.0186521       	2.30459229e+05
0.0186527       	2.30418564e+05
0.0186533       	2.30378243e+05
0.0186539       	2.30338080e+05
0.0186546       	2.30302692e+05
0.0186552       	2.30260868e+05
0.0186559       	2.30219942e+05
0.0186565       	2.30179409e+05
0.0186571       	2.30139079e+05
0.0186578       	2.30098861e+05
0.0186584       	2.30063539e+05
0.018659        	2.30021637e+05
0.0186597       	2.29980699e+05
0.0186603       	2.29940210e+05
0.0186609       	2.29899973e+05
0.0186616       	2.29859898e+05
0.0186622       	2.29819943e+05
0.0186629       	2.29780095e+05
0.0186635       	2.29740352e+05
0.0186641       	2.29705715e+05
0.0186648       	2.29664285e+05
0.0186654       	2.29623924e+05
0.0186661       	2.29584094e+05
0.0186667       	2.29544589e+05
0.0186673       	2.29505310e+05
0.018668        	2.29466217e+05
0.0186686       	2.29427292e+05
0.0186693       	2.29388528e+05
0.0186699       	2.29349927e+05
0.0186705       	2.29311496e+05
0.0186712       	2.29273242e+05
0.0186718       	2.29235169e+05
0.0186725       	2.29197278e+05
0.0186731       	2.29159579e+05
0.0186738       	2.29122077e+05
0.0186744       	2.29084777e+05
0.018675        	2.29047679e+05
0.0186757       	2.29010795e+05
0.0186763       	2.28974126e+05
0.018677        	2.28937677e+05
0.0186776       	2.28901448e+05
0.0186782       	2.28865449e+05
0.0186789       	2.28829680e+05
0.0186795       	2.28794145e+05
0.0186802       	2.28758850e+05
0.0186808       	2.28723796e+05
0.0186814       	2.28688986e+05
0.0186821       	2.28660057e+05
0.0186827       	2.28623569e+05
0.0186834       	2.28588437e+05
0.018684        	2.28554027e+05
0.0186847       	2.28520100e+05
0.0186853       	2.28486535e+05
0.018686        	2.28453275e+05
0.0186866       	2.28420300e+05
0.0186872       	2.28387596e+05
0.0186879       	2.28355164e+05
0.0186885       	2.28322996e+05
0.0186892       	2.28291101e+05
0.0186898       	2.28259477e+05
0.0186905       	2.28228124e+05
0.0186911       	2.28197047e+05
0.0186918       	2.28166245e+05
0.0186924       	2.28141795e+05
0.018693        	2.28109179e+05
0.0186937       	2.28078059e+05
0.0186943       	2.28047729e+05
0.018695        	2.28017919e+05
0.0186956       	2.27988496e+05
0.0186963       	2.27959401e+05
0.0186969       	2.27930593e+05
0.0186976       	2.27908412e+05
0.0186982       	2.27877677e+05
0.0186989       	2.27848509e+05
0.0186995       	2.27820155e+05
0.0187002       	2.27792327e+05
0.0187009       	2.27764878e+05
0.0187015       	2.27744295e+05
0.0187022       	2.27714868e+05
0.0187028       	2.27687053e+05
0.0187035       	2.27660070e+05
0.0187041       	2.27633613e+05
0.0187048       	2.27614263e+05
0.0187055       	2.27585795e+05
0.0187061       	2.27559016e+05
0.0187068       	2.27533078e+05
0.0187074       	2.27507655e+05
0.0187081       	2.27482598e+05
0.0187088       	2.27464820e+05
0.0187094       	2.27437498e+05
0.0187101       	2.27411897e+05
0.0187108       	2.27387140e+05
0.0187114       	2.27362884e+05
0.0187121       	2.27338977e+05
0.0187128       	2.27315342e+05
0.0187134       	2.27299247e+05
0.0187141       	2.27273081e+05
0.0187148       	2.27248685e+05
0.0187154       	2.27225140e+05
0.0187161       	2.27202081e+05
0.0187168       	2.27179337e+05
0.0187175       	2.27156829e+05
0.0187181       	2.27142190e+05
0.0187188       	2.27116893e+05
0.0187195       	2.27093432e+05
0.0187202       	2.27070822e+05
0.0187208       	2.27048676e+05
0.0187215       	2.27026804e+05
0.0187222       	2.27005114e+05
0.0187229       	2.26983568e+05
0.0187235       	2.26962151e+05
0.0187242       	2.26949061e+05
0.0187249       	2.26924439e+05
0.0187256       	2.26901741e+05
0.0187263       	2.26879885e+05
0.018727        	2.26858450e+05
0.0187276       	2.26837230e+05
0.0187283       	2.26816128e+05
0.018729        	2.26795107e+05
0.0187297       	2.26774134e+05
0.0187304       	2.26753195e+05
0.0187311       	2.26732276e+05
0.0187317       	2.26711370e+05
0.0187324       	2.26690475e+05
0.0187331       	2.26669573e+05
0.0187338       	2.26648672e+05
0.0187345       	2.26627748e+05
0.0187352       	2.26606803e+05
0.0187358       	2.26585821e+05
0.0187365       	2.26564795e+05
0.0187372       	2.26543716e+05
0.0187379       	2.26522577e+05
0.0187386       	2.26501362e+05
0.0187392       	2.26480068e+05
0.0187399       	2.26458683e+05
0.0187406       	2.26437190e+05
0.0187413       	2.26415584e+05
0.018742        	2.26393849e+05
0.0187427       	2.26371982e+05
0.0187433       	2.26349974e+05
0.018744        	2.26327812e+05
0.0187447       	2.26305486e+05
0.0187454       	2.26282986e+05
0.0187461       	2.26260298e+05
0.0187468       	2.26237418e+05
0.0187474       	2.26214335e+05
0.0187481       	2.26191040e+05
0.0187488       	2.26167522e+05
0.0187495       	2.26143772e+05
0.0187502       	2.26119781e+05
0.0187509       	2.26095537e+05
0.0187515       	2.26071032e+05
0.0187522       	2.26046256e+05
0.0187529       	2.26021195e+05
0.0187536       	2.25995845e+05
0.0187543       	2.25970191e+05
0.0187549       	2.25944229e+05
0.0187556       	2.25917942e+05
0.0187563       	2.25891325e+05
0.018757        	2.25864367e+05
0.0187577       	2.25837059e+05
0.0187584       	2.25809394e+05
0.018759        	2.25781357e+05
0.0187597       	2.25752941e+05
0.0187604       	2.25739199e+05
0.0187611       	2.25703370e+05
0.0187618       	2.25670649e+05
0.0187625       	2.25638942e+05
0.0187632       	2.25607445e+05
0.0187639       	2.25575773e+05
0.0187646       	2.25543750e+05
0.0187653       	2.25511289e+05
0.018766        	2.25478352e+05
0.0187667       	2.25444922e+05
0.0187674       	2.25410986e+05
0.0187681       	2.25376539e+05
0.0187688       	2.25341573e+05
0.0187694       	2.25306081e+05
0.0187701       	2.25270058e+05
0.0187708       	2.25233499e+05
0.0187715       	2.25196395e+05
0.0187722       	2.25158742e+05
0.0187729       	2.25120525e+05
0.0187736       	2.25081747e+05
0.0187743       	2.25042407e+05
0.018775        	2.25002486e+05
0.0187757       	2.24961975e+05
0.0187764       	2.24920868e+05
0.0187771       	2.24879161e+05
0.0187778       	2.24836848e+05
0.0187785       	2.24793924e+05
0.0187792       	2.24750379e+05
0.0187799       	2.24706213e+05
0.0187806       	2.24691139e+05
0.0187813       	2.24631589e+05
0.018782        	2.24578672e+05
0.0187827       	2.24528013e+05
0.0187835       	2.24477950e+05
0.0187842       	2.24427723e+05
0.0187849       	2.24376989e+05
0.0187856       	2.24325600e+05
0.0187863       	2.24273498e+05
0.0187871       	2.24220663e+05
0.0187878       	2.24167093e+05
0.0187885       	2.24112787e+05
0.0187892       	2.24057748e+05
0.0187899       	2.24001981e+05
0.0187907       	2.23945489e+05
0.0187914       	2.23888270e+05
0.0187921       	2.23830329e+05
0.0187928       	2.23771662e+05
0.0187935       	2.23712273e+05
0.0187942       	2.23652162e+05
0.018795        	2.23591328e+05
0.0187957       	2.23529773e+05
0.0187964       	2.23467499e+05
0.0187971       	2.23404506e+05
0.0187978       	2.23340801e+05
0.0187986       	2.23276374e+05
0.0187993       	2.23211237e+05
0.0188          	2.23145388e+05
0.0188007       	2.23097371e+05
0.0188015       	2.23023788e+05
0.0188022       	2.22949528e+05
0.0188029       	2.22877171e+05
0.0188037       	2.22808268e+05
0.0188044       	2.22734419e+05
0.0188052       	2.22660799e+05
0.0188059       	2.22589942e+05
0.0188067       	2.22513755e+05
0.0188074       	2.22437697e+05
0.0188081       	2.22361250e+05
0.0188089       	2.22287433e+05
0.0188096       	2.22208110e+05
0.0188104       	2.22128919e+05
0.0188111       	2.22049384e+05
0.0188119       	2.21972575e+05
0.0188126       	2.21890192e+05
0.0188134       	2.21808015e+05
0.0188141       	2.21725527e+05
0.0188149       	2.21642557e+05
0.0188156       	2.21562368e+05
0.0188164       	2.21476478e+05
0.0188171       	2.21390847e+05
0.0188179       	2.21304970e+05
0.0188186       	2.21218662e+05
0.0188194       	2.21131850e+05
0.0188201       	2.21044516e+05
0.0188209       	2.20956655e+05
0.0188217       	2.20871783e+05
0.0188224       	2.20781042e+05
0.0188232       	2.20690704e+05
0.0188239       	2.20600238e+05
0.0188247       	2.20509467e+05
0.0188254       	2.20418311e+05
0.0188262       	2.20326746e+05
0.0188269       	2.20234787e+05
0.0188277       	2.20142438e+05
0.0188285       	2.20049714e+05
0.0188292       	2.19956633e+05
0.01883         	2.19863215e+05
0.0188307       	2.19769490e+05
0.0188315       	2.19675456e+05
0.0188322       	2.19581153e+05
0.018833        	2.19486591e+05
0.0188338       	2.19395685e+05
0.0188345       	2.19298636e+05
0.0188353       	2.19202351e+05
0.018836        	2.19106268e+05
0.0188368       	2.19010183e+05
0.0188375       	2.18914030e+05
0.0188383       	2.18817789e+05
0.0188391       	2.18721455e+05
0.0188398       	2.18625049e+05
0.0188406       	2.18528599e+05
0.0188413       	2.18432130e+05
0.0188421       	2.18335663e+05
0.0188429       	2.18239212e+05
0.0188436       	2.18142814e+05
0.0188444       	2.18046482e+05
0.0188451       	2.17950256e+05
0.0188459       	2.17854152e+05
0.0188467       	2.17758184e+05
0.0188474       	2.17662392e+05
0.0188482       	2.17566795e+05
0.0188489       	2.17471423e+05
0.0188497       	2.17376299e+05
0.0188505       	2.17281441e+05
0.0188512       	2.17186886e+05
0.018852        	2.17092645e+05
0.0188527       	2.16998767e+05
0.0188535       	2.16905255e+05
0.0188542       	2.16812144e+05
0.018855        	2.16719458e+05
0.0188558       	2.16627226e+05
0.0188565       	2.16535477e+05
0.0188573       	2.16444235e+05
0.018858        	2.16353530e+05
0.0188588       	2.16263371e+05
0.0188596       	2.16173806e+05
0.0188603       	2.16084857e+05
0.0188611       	2.15996543e+05
0.0188618       	2.15908899e+05
0.0188626       	2.15821946e+05
0.0188634       	2.15735714e+05
0.0188641       	2.15650231e+05
0.0188649       	2.15565520e+05
0.0188656       	2.15481613e+05
0.0188664       	2.15398531e+05
0.0188672       	2.15316307e+05
0.0188679       	2.15234962e+05
0.0188687       	2.15154527e+05
0.0188694       	2.15075024e+05
0.0188702       	2.14996483e+05
0.0188709       	2.14918930e+05
0.0188717       	2.14842390e+05
0.0188725       	2.14766890e+05
0.0188732       	2.14692459e+05
0.018874        	2.14619119e+05
0.0188747       	2.14546896e+05
0.0188755       	2.14475820e+05
0.0188763       	2.14405910e+05
0.018877        	2.14337197e+05
0.0188778       	2.14269702e+05
0.0188785       	2.14203453e+05
0.0188793       	2.14138468e+05
0.0188801       	2.14074774e+05
0.0188808       	2.14012402e+05
0.0188816       	2.13951370e+05
0.0188823       	2.13891697e+05
0.0188831       	2.13833414e+05
0.0188839       	2.13776542e+05
0.0188846       	2.13721104e+05
0.0188854       	2.13667119e+05
0.0188861       	2.13614612e+05
0.0188869       	2.13563610e+05
0.0188876       	2.13514127e+05
0.0188884       	2.13473179e+05
0.0188892       	2.13424091e+05
0.0188899       	2.13378041e+05
0.0188907       	2.13334174e+05
0.0188915       	2.13292195e+05
0.0188922       	2.13251973e+05
0.018893        	2.13213465e+05
0.0188938       	2.13176659e+05
0.0188945       	2.13141589e+05
0.0188953       	2.13108238e+05
0.0188961       	2.13076641e+05
0.0188968       	2.13046819e+05
0.0188976       	2.13018788e+05
0.0188983       	2.12992562e+05
0.0188991       	2.12976119e+05
0.0188999       	2.12950737e+05
0.0189007       	2.12928829e+05
0.0189014       	2.12909439e+05
0.0189022       	2.12892215e+05
0.018903        	2.12877017e+05
0.0189037       	2.12863796e+05
0.0189045       	2.12852517e+05
0.0189053       	2.12843210e+05
0.018906        	2.12835862e+05
0.0189068       	2.12830491e+05
0.0189076       	2.12827115e+05
0.0189084       	2.12825744e+05
0.0189091       	2.12826383e+05
0.0189099       	2.12829029e+05
0.0189107       	2.12833710e+05
0.0189114       	2.12840424e+05
0.0189122       	2.12849188e+05
0.018913        	2.12869585e+05
0.0189138       	2.12879480e+05
0.0189145       	2.12893333e+05
0.0189153       	2.12910017e+05
0.0189161       	2.12929079e+05
0.0189169       	2.12950353e+05
0.0189176       	2.12973689e+05
0.0189184       	2.12998971e+05
0.0189192       	2.13026329e+05
0.01892         	2.13055784e+05
0.0189208       	2.13087324e+05
0.0189215       	2.13120944e+05
0.0189223       	2.13156639e+05
0.0189231       	2.13194420e+05
0.0189239       	2.13234284e+05
0.0189246       	2.13276223e+05
0.0189254       	2.13320234e+05
0.0189262       	2.13366314e+05
0.018927        	2.13414458e+05
0.0189277       	2.13464665e+05
0.0189285       	2.13516921e+05
0.0189293       	2.13571223e+05
0.0189301       	2.13627562e+05
0.0189309       	2.13685929e+05
0.0189316       	2.13746356e+05
0.0189324       	2.13808821e+05
0.0189332       	2.13873297e+05
0.018934        	2.13939769e+05
0.0189347       	2.13994724e+05
0.0189355       	2.14068399e+05
0.0189363       	2.14141528e+05
0.018937        	2.14215591e+05
0.0189378       	2.14291135e+05
0.0189386       	2.14368391e+05
0.0189393       	2.14447384e+05
0.0189401       	2.14528576e+05
0.0189409       	2.14611559e+05
0.0189416       	2.14696454e+05
0.0189424       	2.14783174e+05
0.0189432       	2.14871726e+05
0.0189439       	2.14962076e+05
0.0189447       	2.15038022e+05
0.0189455       	2.15135387e+05
0.0189462       	2.15231592e+05
0.018947        	2.15328344e+05
0.0189477       	2.15426271e+05
0.0189485       	2.15525631e+05
0.0189492       	2.15626537e+05
0.01895         	2.15729005e+05
0.0189508       	2.15833037e+05
0.0189515       	2.15938615e+05
0.0189523       	2.16045708e+05
0.018953        	2.16154295e+05
0.0189538       	2.16244880e+05
0.0189545       	2.16360186e+05
0.0189553       	2.16473532e+05
0.018956        	2.16586902e+05
0.0189568       	2.16701023e+05
0.0189575       	2.16816212e+05
0.0189583       	2.16932594e+05
0.018959        	2.17050202e+05
0.0189597       	2.17169033e+05
0.0189605       	2.17289066e+05
0.0189612       	2.17410275e+05
0.018962        	2.17532629e+05
0.0189627       	2.17656099e+05
0.0189635       	2.17756127e+05
0.0189642       	2.17886201e+05
0.0189649       	2.18013174e+05
0.0189657       	2.18139472e+05
0.0189664       	2.18265988e+05
0.0189671       	2.18393126e+05
0.0189678       	2.18521047e+05
0.0189686       	2.18649803e+05
0.0189693       	2.18779398e+05
0.01897         	2.18909812e+05
0.0189708       	2.19041015e+05
0.0189715       	2.19172979e+05
0.0189722       	2.19305676e+05
0.018973        	2.19439069e+05
0.0189737       	2.19573133e+05
0.0189744       	2.19707836e+05
0.0189751       	2.19807730e+05
0.0189758       	2.19949718e+05
0.0189766       	2.20086469e+05
0.0189773       	2.20221377e+05
0.018978        	2.20355716e+05
0.0189787       	2.20490073e+05
0.0189794       	2.20624698e+05
0.0189801       	2.20759684e+05
0.0189808       	2.20895056e+05
0.0189815       	2.21030792e+05
0.0189822       	2.21166878e+05
0.0189829       	2.21303282e+05
0.0189837       	2.21439972e+05
0.0189844       	2.21576920e+05
0.0189851       	2.21714095e+05
0.0189858       	2.21851472e+05
0.0189865       	2.21989024e+05
0.0189872       	2.22126724e+05
0.0189879       	2.22264546e+05
0.0189886       	2.22402465e+05
0.0189893       	2.22540456e+05
0.0189901       	2.22678493e+05
0.0189908       	2.22816553e+05
0.0189915       	2.22954611e+05
0.0189922       	2.23092642e+05
0.0189929       	2.23230626e+05
0.0189936       	2.23368536e+05
0.0189943       	2.23506350e+05
0.018995        	2.23644039e+05
0.0189957       	2.23781562e+05
0.0189964       	2.23918900e+05
0.0189972       	2.24056030e+05
0.0189979       	2.24192936e+05
0.0189986       	2.24329597e+05
0.0189993       	2.24465991e+05
0.019           	2.24602099e+05
0.0190007       	2.24708768e+05
0.0190014       	2.24849187e+05
0.0190021       	2.24984616e+05
0.0190028       	2.25117773e+05
0.0190035       	2.25249691e+05
0.0190042       	2.25380859e+05
0.0190049       	2.25511492e+05
0.0190056       	2.25641657e+05
0.0190063       	2.25771385e+05
0.0190069       	2.25900663e+05
0.0190076       	2.26029490e+05
0.0190083       	2.26157846e+05
0.019009        	2.26285687e+05
0.0190097       	2.26413011e+05
0.0190104       	2.26539783e+05
0.0190111       	2.26665997e+05
0.0190118       	2.26791635e+05
0.0190125       	2.26916685e+05
0.0190132       	2.27041121e+05
0.0190139       	2.27164921e+05
0.0190146       	2.27288076e+05
0.0190153       	2.27410568e+05
0.019016        	2.27532380e+05
0.0190167       	2.27653498e+05
0.0190174       	2.27769061e+05
0.0190181       	2.27889618e+05
0.0190187       	2.28008690e+05
0.0190194       	2.28126687e+05
0.0190201       	2.28243966e+05
0.0190208       	2.28360376e+05
0.0190215       	2.28475927e+05
0.0190222       	2.28590624e+05
0.0190229       	2.28704466e+05
0.0190236       	2.28817475e+05
0.0190243       	2.28929608e+05
0.019025        	2.29040872e+05
0.0190257       	2.29151253e+05
0.0190264       	2.29260744e+05
0.019027        	2.29369335e+05
0.0190277       	2.29471863e+05
0.0190284       	2.29579605e+05
0.0190291       	2.29685616e+05
0.0190298       	2.29790367e+05
0.0190305       	2.29894031e+05
0.0190312       	2.29996691e+05
0.0190319       	2.30093101e+05
0.0190326       	2.30194846e+05
0.0190332       	2.30294811e+05
0.0190339       	2.30393471e+05
0.0190346       	2.30485661e+05
0.0190353       	2.30583217e+05
0.019036        	2.30678942e+05
0.0190367       	2.30773391e+05
0.0190373       	2.30861238e+05
0.019038        	2.30954464e+05
0.0190387       	2.31045752e+05
0.0190394       	2.31135623e+05
0.0190401       	2.31218772e+05
0.0190407       	2.31307445e+05
0.0190414       	2.31394202e+05
0.0190421       	2.31474004e+05
0.0190428       	2.31559329e+05
0.0190434       	2.31642705e+05
0.0190441       	2.31724683e+05
0.0190448       	2.31799838e+05
0.0190455       	2.31880736e+05
0.0190461       	2.31959732e+05
0.0190468       	2.32031667e+05
0.0190475       	2.32109344e+05
0.0190481       	2.32185079e+05
0.0190488       	2.32259426e+05
0.0190495       	2.32326841e+05
0.0190501       	2.32400217e+05
0.0190508       	2.32471692e+05
0.0190515       	2.32535988e+05
0.0190521       	2.32606240e+05
0.0190528       	2.32674551e+05
0.0190535       	2.32735617e+05
0.0190541       	2.32802717e+05
0.0190548       	2.32867876e+05
0.0190554       	2.32931670e+05
0.0190561       	2.32988374e+05
0.0190567       	2.33051354e+05
0.0190574       	2.33112448e+05
0.0190581       	2.33172211e+05
0.0190587       	2.33224831e+05
0.0190594       	2.33283867e+05
0.01906         	2.33340991e+05
0.0190607       	2.33390546e+05
0.0190613       	2.33446648e+05
0.019062        	2.33500852e+05
0.0190626       	2.33553731e+05
0.0190633       	2.33599389e+05
0.0190639       	2.33651696e+05
0.0190646       	2.33702157e+05
0.0190652       	2.33751326e+05
0.0190659       	2.33793156e+05
0.0190665       	2.33841786e+05
0.0190672       	2.33888556e+05
0.0190678       	2.33934047e+05
0.0190684       	2.33972151e+05
0.0190691       	2.34017205e+05
0.0190697       	2.34060413e+05
0.0190704       	2.34102361e+05
0.019071        	2.34143282e+05
0.0190716       	2.34176842e+05
0.0190723       	2.34217604e+05
0.0190729       	2.34256560e+05
0.0190736       	2.34294290e+05
0.0190742       	2.34324487e+05
0.0190748       	2.34361996e+05
0.0190755       	2.34397688e+05
0.0190761       	2.34432171e+05
0.0190767       	2.34465685e+05
0.0190774       	2.34491691e+05
0.019078        	2.34525278e+05
0.0190786       	2.34557092e+05
0.0190793       	2.34587734e+05
0.0190799       	2.34610626e+05
0.0190805       	2.34641247e+05
0.0190812       	2.34670100e+05
0.0190818       	2.34697810e+05
0.0190824       	2.34724619e+05
0.019083        	2.34743774e+05
0.0190837       	2.34770899e+05
0.0190843       	2.34796279e+05
0.0190849       	2.34820610e+05
0.0190855       	2.34843965e+05
0.0190862       	2.34866581e+05
0.0190868       	2.34881482e+05
0.0190874       	2.34904660e+05
0.019088        	2.34926121e+05
0.0190887       	2.34946494e+05
0.0190893       	2.34966032e+05
0.0190899       	2.34984860e+05
0.0190905       	2.35003046e+05
0.0190911       	2.35020622e+05
0.0190918       	2.35030330e+05
0.0190924       	2.35048737e+05
0.019093        	2.35065442e+05
0.0190936       	2.35081101e+05
0.0190942       	2.35095978e+05
0.0190949       	2.35110204e+05
0.0190955       	2.35123837e+05
0.0190961       	2.35136921e+05
0.0190967       	2.35149477e+05
0.0190973       	2.35161520e+05
0.0190979       	2.35173044e+05
0.0190986       	2.35184074e+05
0.0190992       	2.35194613e+05
0.0190998       	2.35204659e+05
0.0191004       	2.35214232e+05
0.019101        	2.35223337e+05
0.0191017       	2.35231988e+05
0.0191023       	2.35240200e+05
0.0191029       	2.35247911e+05
0.0191035       	2.35255151e+05
0.0191041       	2.35253893e+05
0.0191047       	2.35262517e+05
0.0191054       	2.35269414e+05
0.019106        	2.35275339e+05
0.0191066       	2.35280569e+05
0.0191072       	2.35285261e+05
0.0191078       	2.35289489e+05
0.0191084       	2.35293294e+05
0.019109        	2.35296703e+05
0.0191097       	2.35299724e+05
0.0191103       	2.35302443e+05
0.0191109       	2.35304741e+05
0.0191115       	2.35306701e+05
0.0191121       	2.35308294e+05
0.0191127       	2.35309536e+05
0.0191133       	2.35310437e+05
0.019114        	2.35311001e+05
0.0191146       	2.35311243e+05
0.0191152       	2.35311163e+05
0.0191158       	2.35310774e+05
0.0191164       	2.35310084e+05
0.019117        	2.35309034e+05
0.0191176       	2.35307719e+05
0.0191183       	2.35306138e+05
0.0191189       	2.35304294e+05
0.0191195       	2.35302167e+05
0.0191201       	2.35299776e+05
0.0191207       	2.35297132e+05
0.0191213       	2.35294242e+05
0.0191219       	2.35291105e+05
0.0191226       	2.35287713e+05
0.0191232       	2.35284063e+05
0.0191238       	2.35280203e+05
0.0191244       	2.35276100e+05
0.019125        	2.35271774e+05
0.0191256       	2.35257245e+05
0.0191262       	2.35255536e+05
0.0191268       	2.35251993e+05
0.0191275       	2.35247542e+05
0.0191281       	2.35242543e+05
0.0191287       	2.35237186e+05
0.0191293       	2.35231636e+05
0.0191299       	2.35225882e+05
0.0191305       	2.35219905e+05
0.0191311       	2.35213723e+05
0.0191317       	2.35207349e+05
0.0191323       	2.35189984e+05
0.0191329       	2.35186560e+05
0.0191335       	2.35181245e+05
0.0191341       	2.35174892e+05
0.0191347       	2.35167992e+05
0.0191354       	2.35160745e+05
0.019136        	2.35153245e+05
0.0191366       	2.35145537e+05
0.0191372       	2.35137653e+05
0.0191378       	2.35129600e+05
0.0191384       	2.35109742e+05
0.019139        	2.35105037e+05
0.0191396       	2.35098263e+05
0.0191402       	2.35090501e+05
0.0191408       	2.35082174e+05
0.0191414       	2.35073503e+05
0.019142        	2.35064593e+05
0.0191426       	2.35055499e+05
0.0191432       	2.35046245e+05
0.0191437       	2.35024306e+05
0.0191443       	2.35018748e+05
0.0191449       	2.35011006e+05
0.0191455       	2.35002248e+05
0.0191461       	2.34992930e+05
0.0191467       	2.34983285e+05
0.0191473       	2.34973429e+05
0.0191479       	2.34963476e+05
0.0191485       	2.34953371e+05
0.0191491       	2.34943139e+05
0.0191497       	2.34932789e+05
0.0191503       	2.34922326e+05
0.0191508       	2.34897696e+05
0.0191514       	2.34891525e+05
0.019152        	2.34882869e+05
0.0191526       	2.34873101e+05
0.0191532       	2.34862725e+05
0.0191538       	2.34852003e+05
0.0191544       	2.34841054e+05
0.0191549       	2.34829946e+05
0.0191555       	2.34818706e+05
0.0191561       	2.34807351e+05
0.0191567       	2.34795881e+05
0.0191573       	2.34784295e+05
0.0191579       	2.34772595e+05
0.0191585       	2.34760773e+05
0.019159        	2.34748833e+05
0.0191596       	2.34736773e+05
0.0191602       	2.34724585e+05
0.0191608       	2.34712272e+05
0.0191614       	2.34699836e+05
0.019162        	2.34687261e+05
0.0191625       	2.34674549e+05
0.0191631       	2.34661714e+05
0.0191637       	2.34648736e+05
0.0191643       	2.34635620e+05
0.0191649       	2.34622364e+05
0.0191655       	2.34608963e+05
0.0191661       	2.34595421e+05
0.0191666       	2.34581732e+05
0.0191672       	2.34567896e+05
0.0191678       	2.34553909e+05
0.0191684       	2.34539769e+05
0.019169        	2.34525471e+05
0.0191696       	2.34511011e+05
0.0191702       	2.34496389e+05
0.0191707       	2.34481612e+05
0.0191713       	2.34466663e+05
0.0191719       	2.34451537e+05
0.0191725       	2.34436256e+05
0.0191731       	2.34420788e+05
0.0191737       	2.34405139e+05
0.0191743       	2.34389316e+05
0.0191748       	2.34373300e+05
0.0191754       	2.34357095e+05
0.019176        	2.34340703e+05
0.0191766       	2.34324118e+05
0.0191772       	2.34307336e+05
0.0191778       	2.34290348e+05
0.0191783       	2.34273206e+05
0.0191789       	2.34255792e+05
0.0191795       	2.34238178e+05
0.0191801       	2.34220353e+05
0.0191807       	2.34202316e+05
0.0191813       	2.34184100e+05
0.0191819       	2.34165641e+05
0.0191824       	2.34146943e+05
0.019183        	2.34128009e+05
0.0191836       	2.34108835e+05
0.0191842       	2.34089424e+05
0.0191848       	2.34069775e+05
0.0191854       	2.34049881e+05
0.019186        	2.34029737e+05
0.0191865       	2.34009335e+05
0.0191871       	2.33988650e+05
0.0191877       	2.33967713e+05
0.0191883       	2.33946527e+05
0.0191889       	2.33925090e+05
0.0191895       	2.33903386e+05
0.0191901       	2.33881411e+05
0.0191906       	2.33859159e+05
0.0191912       	2.33836638e+05
0.0191918       	2.33813828e+05
0.0191924       	2.33790735e+05
0.019193        	2.33767341e+05
0.0191936       	2.33743664e+05
0.0191941       	2.33719669e+05
0.0191947       	2.33695432e+05
0.0191953       	2.33670882e+05
0.0191959       	2.33645988e+05
0.0191965       	2.33620785e+05
0.0191971       	2.33595239e+05
0.0191977       	2.33569385e+05
0.0191982       	2.33543229e+05
0.0191988       	2.33516754e+05
0.0191994       	2.33489957e+05
0.0192          	2.33462836e+05
0.0192006       	2.33447152e+05
0.0192012       	2.33414976e+05
0.0192018       	2.33384587e+05
0.0192024       	2.33354858e+05
0.019203        	2.33325240e+05
0.0192036       	2.33295483e+05
0.0192041       	2.33265483e+05
0.0192047       	2.33231995e+05
0.0192053       	2.33202523e+05
0.0192059       	2.33172104e+05
0.0192065       	2.33141054e+05
0.0192071       	2.33109504e+05
0.0192077       	2.33077510e+05
0.0192083       	2.33045110e+05
0.0192089       	2.33012309e+05
0.0192095       	2.32979135e+05
0.01921         	2.32945571e+05
0.0192106       	2.32911619e+05
0.0192112       	2.32874068e+05
0.0192118       	2.32840600e+05
0.0192124       	2.32806126e+05
0.019213        	2.32770996e+05
0.0192136       	2.32735340e+05
0.0192142       	2.32699216e+05
0.0192147       	2.32662670e+05
0.0192153       	2.32625706e+05
0.0192159       	2.32588336e+05
0.0192165       	2.32550558e+05
0.0192171       	2.32512371e+05
0.0192177       	2.32473771e+05
0.0192183       	2.32434771e+05
0.0192189       	2.32395359e+05
0.0192195       	2.32355528e+05
0.01922         	2.32315279e+05
0.0192206       	2.32274613e+05
0.0192212       	2.32233528e+05
0.0192218       	2.32192021e+05
0.0192224       	2.32150090e+05
0.019223        	2.32111053e+05
0.0192236       	2.32066887e+05
0.0192242       	2.32022928e+05
0.0192248       	2.31978816e+05
0.0192253       	2.31934416e+05
0.0192259       	2.31889635e+05
0.0192265       	2.31847828e+05
0.0192271       	2.31800805e+05
0.0192277       	2.31754014e+05
0.0192283       	2.31707076e+05
0.0192289       	2.31659839e+05
0.0192295       	2.31615648e+05
0.0192301       	2.31566187e+05
0.0192307       	2.31516979e+05
0.0192313       	2.31467630e+05
0.0192319       	2.31421444e+05
0.0192325       	2.31369961e+05
0.0192331       	2.31318765e+05
0.0192337       	2.31267442e+05
0.0192343       	2.31219325e+05
0.0192349       	2.31165843e+05
0.0192355       	2.31112666e+05
0.019236        	2.31059371e+05
0.0192366       	2.31009325e+05
0.0192372       	2.30953844e+05
0.0192379       	2.30898684e+05
0.0192385       	2.30843416e+05
0.0192391       	2.30791448e+05
0.0192397       	2.30733971e+05
0.0192403       	2.30676839e+05
0.0192409       	2.30619611e+05
0.0192415       	2.30562116e+05
0.0192421       	2.30507899e+05
0.0192427       	2.30448044e+05
0.0192433       	2.30388538e+05
0.0192439       	2.30328945e+05
0.0192445       	2.30272769e+05
0.0192451       	2.30210924e+05
0.0192457       	2.30149469e+05
0.0192463       	2.30087954e+05
0.0192469       	2.30029919e+05
0.0192475       	2.29966137e+05
0.0192481       	2.29902778e+05
0.0192488       	2.29839372e+05
0.0192494       	2.29775738e+05
0.01925         	2.29711790e+05
0.0192506       	2.29651282e+05
0.0192512       	2.29584849e+05
0.0192518       	2.29518848e+05
0.0192524       	2.29452818e+05
0.019253        	2.29386579e+05
0.0192536       	2.29320046e+05
0.0192543       	2.29253176e+05
0.0192549       	2.29185957e+05
0.0192555       	2.29122282e+05
0.0192561       	2.29052512e+05
0.0192567       	2.28983233e+05
0.0192573       	2.28913967e+05
0.0192579       	2.28844527e+05
0.0192586       	2.28774830e+05
0.0192592       	2.28704833e+05
0.0192598       	2.28634519e+05
0.0192604       	2.28563877e+05
0.019261        	2.28492920e+05
0.0192616       	2.28421640e+05
0.0192623       	2.28350050e+05
0.0192629       	2.28278152e+05
0.0192635       	2.28205951e+05
0.0192641       	2.28133451e+05
0.0192647       	2.28060663e+05
0.0192653       	2.27987586e+05
0.0192659       	2.27914231e+05
0.0192666       	2.27840598e+05
0.0192672       	2.27766697e+05
0.0192678       	2.27692531e+05
0.0192684       	2.27618106e+05
0.019269        	2.27543430e+05
0.0192696       	2.27468504e+05
0.0192702       	2.27393337e+05
0.0192709       	2.27317934e+05
0.0192715       	2.27242301e+05
0.0192721       	2.27166445e+05
0.0192727       	2.27090366e+05
0.0192733       	2.27014077e+05
0.0192739       	2.26937580e+05
0.0192746       	2.26860883e+05
0.0192752       	2.26783987e+05
0.0192758       	2.26706903e+05
0.0192764       	2.26629635e+05
0.019277        	2.26552191e+05
0.0192776       	2.26474576e+05
0.0192782       	2.26396799e+05
0.0192789       	2.26318865e+05
0.0192795       	2.26245368e+05
0.0192801       	2.26164880e+05
0.0192807       	2.26085272e+05
0.0192813       	2.26005965e+05
0.0192819       	2.25926741e+05
0.0192826       	2.25847492e+05
0.0192832       	2.25768172e+05
0.0192838       	2.25688762e+05
0.0192844       	2.25609252e+05
0.019285        	2.25534448e+05
0.0192857       	2.25452367e+05
0.0192863       	2.25371275e+05
0.0192869       	2.25290552e+05
0.0192875       	2.25209973e+05
0.0192882       	2.25134357e+05
0.0192888       	2.25051327e+05
0.0192894       	2.24969371e+05
0.01929         	2.24887847e+05
0.0192906       	2.24806508e+05
0.0192913       	2.24730305e+05
0.0192919       	2.24646499e+05
0.0192925       	2.24563838e+05
0.0192932       	2.24481659e+05
0.0192938       	2.24399708e+05
0.0192944       	2.24323078e+05
0.0192951       	2.24238639e+05
0.0192957       	2.24155424e+05
0.0192963       	2.24072744e+05
0.019297        	2.23990335e+05
0.0192976       	2.23913445e+05
0.0192982       	2.23828521e+05
0.0192989       	2.23744905e+05
0.0192995       	2.23661877e+05
0.0193001       	2.23579162e+05
0.0193008       	2.23496630e+05
0.0193014       	2.23419813e+05
0.0193021       	2.23334643e+05
0.0193027       	2.23250873e+05
0.0193033       	2.23167752e+05
0.019304        	2.23085000e+05
0.0193046       	2.23008258e+05
0.0193053       	2.22922927e+05
0.0193059       	2.22839105e+05
0.0193065       	2.22755994e+05
0.0193072       	2.22673291e+05
0.0193078       	2.22590855e+05
0.0193085       	2.22508625e+05
0.0193091       	2.22432657e+05
0.0193098       	2.22347641e+05
0.0193104       	2.22264238e+05
0.0193111       	2.22181622e+05
0.0193117       	2.22099482e+05
0.0193124       	2.22017666e+05
0.019313        	2.21936107e+05
0.0193137       	2.21854782e+05
0.0193143       	2.21773681e+05
0.019315        	2.21699342e+05
0.0193156       	2.21615337e+05
0.0193163       	2.21533120e+05
0.0193169       	2.21451802e+05
0.0193176       	2.21371043e+05
0.0193182       	2.21290680e+05
0.0193189       	2.21210644e+05
0.0193196       	2.21130903e+05
0.0193202       	2.21051450e+05
0.0193209       	2.20972283e+05
0.0193215       	2.20893404e+05
0.0193222       	2.20814825e+05
0.0193228       	2.20736550e+05
0.0193235       	2.20658584e+05
0.0193241       	2.20580936e+05
0.0193248       	2.20503610e+05
0.0193254       	2.20426612e+05
0.0193261       	2.20349947e+05
0.0193268       	2.20273622e+05
0.0193274       	2.20197643e+05
0.0193281       	2.20122014e+05
0.0193287       	2.20046739e+05
0.0193294       	2.19971821e+05
0.01933         	2.19897268e+05
0.0193307       	2.19823085e+05
0.0193313       	2.19749276e+05
0.019332        	2.19675844e+05
0.0193326       	2.19602795e+05
0.0193333       	2.19530135e+05
0.0193339       	2.19457866e+05
0.0193346       	2.19385989e+05
0.0193353       	2.19314515e+05
0.0193359       	2.19243442e+05
0.0193366       	2.19172776e+05
0.0193372       	2.19102520e+05
0.0193379       	2.19032676e+05
0.0193385       	2.18963250e+05
0.0193392       	2.18894244e+05
0.0193398       	2.18825661e+05
0.0193405       	2.18757504e+05
0.0193411       	2.18689776e+05
0.0193418       	2.18622485e+05
0.0193424       	2.18555624e+05
0.0193431       	2.18489203e+05
0.0193438       	2.18423223e+05
0.0193444       	2.18357687e+05
0.0193451       	2.18292598e+05
0.0193457       	2.18227961e+05
0.0193464       	2.18163773e+05
0.019347        	2.18100040e+05
0.0193477       	2.18036764e+05
0.0193483       	2.17973952e+05
0.019349        	2.17911596e+05
0.0193496       	2.17849707e+05
0.0193503       	2.17788287e+05
0.0193509       	2.17727332e+05
0.0193516       	2.17666851e+05
0.0193523       	2.17606840e+05
0.0193529       	2.17547304e+05
0.0193536       	2.17500913e+05
0.0193542       	2.17436496e+05
0.0193549       	2.17375402e+05
0.0193556       	2.17315991e+05
0.0193562       	2.17257621e+05
0.0193569       	2.17199988e+05
0.0193576       	2.17142954e+05
0.0193582       	2.17086460e+05
0.0193589       	2.17030475e+05
0.0193595       	2.16974978e+05
0.0193602       	2.16919986e+05
0.0193609       	2.16865502e+05
0.0193615       	2.16811515e+05
0.0193622       	2.16758041e+05
0.0193629       	2.16705076e+05
0.0193635       	2.16652623e+05
0.0193642       	2.16617221e+05
0.0193649       	2.16558303e+05
0.0193655       	2.16503671e+05
0.0193662       	2.16451125e+05
0.0193669       	2.16399833e+05
0.0193676       	2.16349392e+05
0.0193683       	2.16299615e+05
0.0193689       	2.16250425e+05
0.0193696       	2.16201794e+05
0.0193703       	2.16153701e+05
0.019371        	2.16106149e+05
0.0193716       	2.16059138e+05
0.0193723       	2.16012677e+05
0.019373        	2.15966773e+05
0.0193737       	2.15921432e+05
0.0193743       	2.15876642e+05
0.019375        	2.15832418e+05
0.0193757       	2.15788756e+05
0.0193764       	2.15745667e+05
0.019377        	2.15703140e+05
0.0193777       	2.15687887e+05
0.0193784       	2.15634674e+05
0.0193791       	2.15588206e+05
0.0193798       	2.15544865e+05
0.0193805       	2.15503254e+05
0.0193812       	2.15462728e+05
0.0193819       	2.15423002e+05
0.0193826       	2.15383937e+05
0.0193833       	2.15345489e+05
0.019384        	2.15307645e+05
0.0193847       	2.15270401e+05
0.0193854       	2.15233771e+05
0.0193861       	2.15197754e+05
0.0193868       	2.15162363e+05
0.0193875       	2.15127606e+05
0.0193882       	2.15093482e+05
0.0193889       	2.15059992e+05
0.0193896       	2.15027145e+05
0.0193903       	2.14994944e+05
0.019391        	2.14963393e+05
0.0193916       	2.14932574e+05
0.0193923       	2.14902278e+05
0.019393        	2.14872748e+05
0.0193937       	2.14843755e+05
0.0193944       	2.14815455e+05
0.0193951       	2.14787831e+05
0.0193958       	2.14760885e+05
0.0193965       	2.14734610e+05
0.0193972       	2.14709005e+05
0.0193979       	2.14684084e+05
0.0193986       	2.14659840e+05
0.0193993       	2.14636276e+05
0.0194          	2.14613398e+05
0.0194007       	2.14595721e+05
0.0194014       	2.14572441e+05
0.0194021       	2.14550841e+05
0.0194028       	2.14526963e+05
0.0194035       	2.14508659e+05
0.0194042       	2.14490407e+05
0.0194049       	2.14472600e+05
0.0194056       	2.14455372e+05
0.0194063       	2.14438812e+05
0.019407        	2.14423035e+05
0.0194077       	2.14407917e+05
0.0194084       	2.14393500e+05
0.0194091       	2.14379799e+05
0.0194098       	2.14366827e+05
0.0194105       	2.14354592e+05
0.0194112       	2.14343095e+05
0.0194119       	2.14332344e+05
0.0194126       	2.14322341e+05
0.0194132       	2.14309367e+05
0.0194139       	2.14302218e+05
0.0194146       	2.14295057e+05
0.0194153       	2.14288352e+05
0.019416        	2.14282283e+05
0.0194167       	2.14276979e+05
0.0194174       	2.14272475e+05
0.0194181       	2.14268776e+05
0.0194188       	2.14265900e+05
0.0194195       	2.14263850e+05
0.0194202       	2.14262623e+05
0.0194209       	2.14262224e+05
0.0194216       	2.14262661e+05
0.0194223       	2.14259878e+05
0.019423        	2.14263336e+05
0.0194237       	2.14266837e+05
0.0194243       	2.14270841e+05
0.019425        	2.14275533e+05
0.0194257       	2.14281008e+05
0.0194264       	2.14287298e+05
0.0194271       	2.14294427e+05
0.0194278       	2.14302312e+05
0.0194285       	2.14311089e+05
0.0194292       	2.14320844e+05
0.0194299       	2.14331331e+05
0.0194306       	2.14342705e+05
0.0194313       	2.14354962e+05
0.0194319       	2.14368093e+05
0.0194326       	2.14382072e+05
0.0194333       	2.14396922e+05
0.019434        	2.14412639e+05
0.0194347       	2.14429228e+05
0.0194354       	2.14446683e+05
0.0194361       	2.14465010e+05
0.0194368       	2.14484223e+05
0.0194375       	2.14504307e+05
0.0194382       	2.14525277e+05
0.0194389       	2.14547215e+05
0.0194396       	2.14570009e+05
0.0194402       	2.14593658e+05
0.0194409       	2.14618187e+05
0.0194416       	2.14643612e+05
0.0194423       	2.14669927e+05
0.019443        	2.14697147e+05
0.0194437       	2.14725269e+05
0.0194444       	2.14754304e+05
0.0194451       	2.14784239e+05
0.0194458       	2.14815092e+05
0.0194465       	2.14846860e+05
0.0194472       	2.14879539e+05
0.0194479       	2.14913143e+05
0.0194485       	2.14947660e+05
0.0194492       	2.14983013e+05
0.0194499       	2.15019336e+05
0.0194506       	2.15056686e+05
0.0194513       	2.15100157e+05
0.019452        	2.15137820e+05
0.0194527       	2.15177386e+05
0.0194534       	2.15218286e+05
0.0194541       	2.15260301e+05
0.0194548       	2.15303412e+05
0.0194555       	2.15347364e+05
0.0194562       	2.15392372e+05
0.0194569       	2.15438288e+05
0.0194576       	2.15485116e+05
0.0194583       	2.15538438e+05
0.019459        	2.15585618e+05
0.0194597       	2.15634756e+05
0.0194604       	2.15685264e+05
0.0194611       	2.15737048e+05
0.0194618       	2.15789796e+05
0.0194625       	2.15843500e+05
0.0194632       	2.15898058e+05
0.0194639       	2.15953597e+05
0.0194646       	2.16010088e+05
0.0194652       	2.16067517e+05
0.019466        	2.16131989e+05
0.0194667       	2.16189790e+05
0.0194674       	2.16249586e+05
0.0194681       	2.16310756e+05
0.0194688       	2.16373063e+05
0.0194695       	2.16436386e+05
0.0194702       	2.16500670e+05
0.0194709       	2.16565893e+05
0.0194716       	2.16632036e+05
0.0194723       	2.16699114e+05
0.019473        	2.16767107e+05
0.0194737       	2.16836009e+05
0.0194744       	2.16905821e+05
0.0194751       	2.16983198e+05
0.0194758       	2.17053267e+05
0.0194765       	2.17125395e+05
0.0194772       	2.17198896e+05
0.0194779       	2.17273504e+05
0.0194786       	2.17349097e+05
0.0194793       	2.17425611e+05
0.01948         	2.17503029e+05
0.0194807       	2.17581320e+05
0.0194814       	2.17660483e+05
0.0194821       	2.17740510e+05
0.0194828       	2.17821399e+05
0.0194835       	2.17903140e+05
0.0194843       	2.17985735e+05
0.019485        	2.18069165e+05
0.0194857       	2.18153437e+05
0.0194864       	2.18238538e+05
0.0194871       	2.18324444e+05
0.0194878       	2.18411165e+05
0.0194885       	2.18498697e+05
0.0194892       	2.18587035e+05
0.0194899       	2.18676149e+05
0.0194906       	2.18758213e+05
0.0194913       	2.18850474e+05
0.019492        	2.18942271e+05
0.0194927       	2.19034415e+05
0.0194934       	2.19127009e+05
0.0194941       	2.19220254e+05
0.0194948       	2.19314172e+05
0.0194955       	2.19408790e+05
0.0194962       	2.19504104e+05
0.0194969       	2.19600096e+05
0.0194976       	2.19688343e+05
0.0194983       	2.19787425e+05
0.019499        	2.19885763e+05
0.0194997       	2.19984172e+05
0.0195004       	2.20082949e+05
0.0195011       	2.20182228e+05
0.0195018       	2.20282071e+05
0.0195025       	2.20382490e+05
0.0195032       	2.20474555e+05
0.0195039       	2.20577901e+05
0.0195046       	2.20680365e+05
0.0195053       	2.20782745e+05
0.0195059       	2.20885394e+05
0.0195066       	2.20988433e+05
0.0195073       	2.21091930e+05
0.019508        	2.21186484e+05
0.0195087       	2.21292767e+05
0.0195094       	2.21397986e+05
0.0195101       	2.21503036e+05
0.0195108       	2.21608227e+05
0.0195114       	2.21713709e+05
0.0195121       	2.21819545e+05
0.0195128       	2.21915852e+05
0.0195135       	2.22024361e+05
0.0195142       	2.22131645e+05
0.0195149       	2.22238632e+05
0.0195155       	2.22345635e+05
0.0195162       	2.22452808e+05
0.0195169       	2.22560214e+05
0.0195176       	2.22657432e+05
0.0195183       	2.22767365e+05
0.0195189       	2.22875902e+05
0.0195196       	2.22983988e+05
0.0195203       	2.23091983e+05
0.019521        	2.23200049e+05
0.0195216       	2.23308517e+05
0.0195223       	2.23417049e+05
0.019523        	2.23525700e+05
0.0195236       	2.23623231e+05
0.0195243       	2.23734231e+05
0.019525        	2.23843563e+05
0.0195257       	2.23952241e+05
0.0195263       	2.24060645e+05
0.019527        	2.24168956e+05
0.0195277       	2.24277255e+05
0.0195283       	2.24385570e+05
0.019529        	2.24493910e+05
0.0195297       	2.24602267e+05
0.0195303       	2.24698405e+05
0.019531        	2.24809097e+05
0.0195317       	2.24917871e+05
0.0195323       	2.25025815e+05
0.019533        	2.25133345e+05
0.0195337       	2.25240656e+05
0.0195343       	2.25347834e+05
0.019535        	2.25454910e+05
0.0195356       	2.25561891e+05
0.0195363       	2.25668772e+05
0.019537        	2.25775543e+05
0.0195376       	2.25882188e+05
0.0195383       	2.25975016e+05
0.019539        	2.26083995e+05
0.0195396       	2.26190699e+05
0.0195403       	2.26296332e+05
0.0195409       	2.26401357e+05
0.0195416       	2.26505994e+05
0.0195422       	2.26610341e+05
0.0195429       	2.26714436e+05
0.0195435       	2.26818288e+05
0.0195442       	2.26921894e+05
0.0195449       	2.27025242e+05
0.0195455       	2.27128320e+05
0.0195462       	2.27231115e+05
0.0195468       	2.27333611e+05
0.0195475       	2.27435796e+05
0.0195481       	2.27537656e+05
0.0195488       	2.27639178e+05
0.0195495       	2.27740350e+05
0.0195501       	2.27841159e+05
0.0195508       	2.27941592e+05
0.0195514       	2.28041637e+05
0.0195521       	2.28141282e+05
0.0195527       	2.28240524e+05
0.0195534       	2.28339393e+05
0.019554        	2.28437863e+05
0.0195547       	2.28535920e+05
0.0195554       	2.28633550e+05
0.019556        	2.28730741e+05
0.0195567       	2.28827473e+05
0.0195573       	2.28923732e+05
0.019558        	2.29019508e+05
0.0195586       	2.29114789e+05
0.0195593       	2.29209562e+05
0.01956         	2.29303817e+05
0.0195606       	2.29397543e+05
0.0195613       	2.29490730e+05
0.0195619       	2.29583422e+05
0.0195626       	2.29675506e+05
0.0195632       	2.29766926e+05
0.0195639       	2.29857675e+05
0.0195646       	2.29947749e+05
0.0195652       	2.30037145e+05
0.0195659       	2.30125855e+05
0.0195665       	2.30213877e+05
0.0195672       	2.30301201e+05
0.0195678       	2.30387827e+05
0.0195685       	2.30473747e+05
0.0195691       	2.30558955e+05
0.0195698       	2.30643444e+05
0.0195705       	2.30727211e+05
0.0195711       	2.30810250e+05
0.0195718       	2.30892555e+05
0.0195724       	2.30974116e+05
0.0195731       	2.31054934e+05
0.0195737       	2.31134994e+05
0.0195744       	2.31214298e+05
0.0195751       	2.31292839e+05
0.0195757       	2.31370611e+05
0.0195764       	2.31447609e+05
0.019577        	2.31523825e+05
0.0195777       	2.31599259e+05
0.0195783       	2.31673906e+05
0.019579        	2.31747758e+05
0.0195797       	2.31820808e+05
0.0195803       	2.31893057e+05
0.019581        	2.31964497e+05
0.0195816       	2.32035122e+05
0.0195823       	2.32104927e+05
0.0195829       	2.32173907e+05
0.0195836       	2.32242057e+05
0.0195842       	2.32309327e+05
0.0195849       	2.32375446e+05
0.0195856       	2.32440939e+05
0.0195862       	2.32505633e+05
0.0195869       	2.32569492e+05
0.0195875       	2.32632516e+05
0.0195882       	2.32694709e+05
0.0195888       	2.32756058e+05
0.0195895       	2.32816577e+05
0.0195902       	2.32876250e+05
0.0195908       	2.32935077e+05
0.0195915       	2.32993051e+05
0.0195921       	2.33050175e+05
0.0195928       	2.33106445e+05
0.0195934       	2.33161860e+05
0.0195941       	2.33216413e+05
0.0195947       	2.33270103e+05
0.0195954       	2.33322921e+05
0.0195961       	2.33374871e+05
0.0195967       	2.33425955e+05
0.0195974       	2.33476166e+05
0.019598        	2.33525503e+05
0.0195987       	2.33573977e+05
0.0195993       	2.33621569e+05
0.0196          	2.33668289e+05
0.0196007       	2.33708661e+05
0.0196013       	2.33754994e+05
0.019602        	2.33795441e+05
0.0196026       	2.33839835e+05
0.0196033       	2.33882531e+05
0.0196039       	2.33924007e+05
0.0196046       	2.33964457e+05
0.0196052       	2.34003977e+05
0.0196059       	2.34042613e+05
0.0196065       	2.34076170e+05
0.0196072       	2.34114175e+05
0.0196078       	2.34150658e+05
0.0196085       	2.34186012e+05
0.0196091       	2.34220386e+05
0.0196098       	2.34249596e+05
0.0196104       	2.34283319e+05
0.0196111       	2.34315511e+05
0.0196117       	2.34346576e+05
0.0196123       	2.34376674e+05
0.019613        	2.34401570e+05
0.0196136       	2.34431078e+05
0.0196143       	2.34459067e+05
0.0196149       	2.34485945e+05
0.0196156       	2.34511876e+05
0.0196162       	2.34532574e+05
0.0196169       	2.34557993e+05
0.0196175       	2.34581906e+05
0.0196181       	2.34604730e+05
0.0196188       	2.34626629e+05
0.0196194       	2.34647687e+05
0.0196201       	2.34663515e+05
0.0196207       	2.34684214e+05
0.0196213       	2.34703438e+05
0.019622        	2.34721602e+05
0.0196226       	2.34738876e+05
0.0196233       	2.34755341e+05
0.0196239       	2.34766546e+05
0.0196245       	2.34782781e+05
0.0196252       	2.34797577e+05
0.0196258       	2.34811356e+05
0.0196265       	2.34824286e+05
0.0196271       	2.34836457e+05
0.0196277       	2.34847909e+05
0.0196284       	2.34858671e+05
0.019629        	2.34868756e+05
0.0196297       	2.34878171e+05
0.0196303       	2.34886927e+05
0.0196309       	2.34890398e+05
0.0196316       	2.34899202e+05
0.0196322       	2.34906614e+05
0.0196328       	2.34913072e+05
0.0196335       	2.34918755e+05
0.0196341       	2.34923747e+05
0.0196347       	2.34928101e+05
0.0196354       	2.34936588e+05
0.019636        	2.34938344e+05
0.0196367       	2.34940248e+05
0.0196373       	2.34941859e+05
0.0196379       	2.34943014e+05
0.0196386       	2.34943632e+05
0.0196392       	2.34943682e+05
0.0196398       	2.34943153e+05
0.0196405       	2.34942037e+05
0.0196411       	2.34945230e+05
0.0196418       	2.34941486e+05
0.0196424       	2.34937987e+05
0.019643        	2.34934274e+05
0.0196437       	2.34930175e+05
0.0196443       	2.34925611e+05
0.019645        	2.34925552e+05
0.0196456       	2.34918437e+05
0.0196463       	2.34911641e+05
0.0196469       	2.34904691e+05
0.0196475       	2.34897405e+05
0.0196482       	2.34889701e+05
0.0196488       	2.34886672e+05
0.0196495       	2.34876449e+05
0.0196501       	2.34866620e+05
0.0196508       	2.34856699e+05
0.0196514       	2.34846496e+05
0.0196521       	2.34835968e+05
0.0196527       	2.34830358e+05
0.0196534       	2.34817443e+05
0.019654        	2.34805036e+05
0.0196547       	2.34792627e+05
0.0196553       	2.34780024e+05
0.019656        	2.34772529e+05
0.0196566       	2.34757613e+05
0.0196573       	2.34743273e+05
0.0196579       	2.34728985e+05
0.0196586       	2.34714542e+05
0.0196592       	2.34699853e+05
0.0196599       	2.34690412e+05
0.0196605       	2.34673360e+05
0.0196612       	2.34656957e+05
0.0196618       	2.34640657e+05
0.0196625       	2.34624249e+05
0.0196631       	2.34613305e+05
0.0196638       	2.34594616e+05
0.0196645       	2.34576659e+05
0.0196651       	2.34558851e+05
0.0196658       	2.34540983e+05
0.0196664       	2.34522942e+05
0.0196671       	2.34504704e+05
0.0196678       	2.34492088e+05
0.0196684       	2.34471490e+05
0.0196691       	2.34451689e+05
0.0196697       	2.34432090e+05
0.0196704       	2.34412493e+05
0.0196711       	2.34392787e+05
0.0196717       	2.34372928e+05
0.0196724       	2.34352911e+05
0.019673        	2.34332707e+05
0.0196737       	2.34312341e+05
0.0196744       	2.34291796e+05
0.019675        	2.34277241e+05
0.0196757       	2.34254339e+05
0.0196764       	2.34232380e+05
0.019677        	2.34210742e+05
0.0196777       	2.34189176e+05
0.0196784       	2.34167579e+05
0.019679        	2.34145897e+05
0.0196797       	2.34124113e+05
0.0196804       	2.34102228e+05
0.019681        	2.34080242e+05
0.0196817       	2.34058159e+05
0.0196823       	2.34035972e+05
0.019683        	2.34013702e+05
0.0196837       	2.33991352e+05
0.0196843       	2.33968917e+05
0.019685        	2.33946414e+05
0.0196857       	2.33923980e+05
0.0196863       	2.33901381e+05
0.019687        	2.33878715e+05
0.0196877       	2.33855983e+05
0.0196883       	2.33833174e+05
0.019689        	2.33810299e+05
0.0196897       	2.33787349e+05
0.0196903       	2.33764335e+05
0.019691        	2.33741322e+05
0.0196917       	2.33718219e+05
0.0196923       	2.33695057e+05
0.019693        	2.33671828e+05
0.0196936       	2.33648551e+05
0.0196943       	2.33625231e+05
0.019695        	2.33601871e+05
0.0196956       	2.33578418e+05
0.0196963       	2.33554969e+05
0.019697        	2.33531560e+05
0.0196976       	2.33515325e+05
0.0196983       	2.33489297e+05
0.019699        	2.33464582e+05
0.0196996       	2.33440414e+05
0.0197003       	2.33416485e+05
0.019701        	2.33392655e+05
0.0197017       	2.33368869e+05
0.0197023       	2.33345095e+05
0.019703        	2.33321319e+05
0.0197037       	2.33297533e+05
0.0197043       	2.33273748e+05
0.019705        	2.33249949e+05
0.0197057       	2.33226151e+05
0.0197063       	2.33202359e+05
0.019707        	2.33178599e+05
0.0197077       	2.33154879e+05
0.0197083       	2.33131190e+05
0.019709        	2.33107529e+05
0.0197097       	2.33083918e+05
0.0197104       	2.33068380e+05
0.019711        	2.33041911e+05
0.0197117       	2.33017016e+05
0.0197124       	2.32992784e+05
0.0197131       	2.32968885e+05
0.0197137       	2.32945094e+05
0.0197144       	2.32921409e+05
0.0197151       	2.32897771e+05
0.0197157       	2.32874170e+05
0.0197164       	2.32850593e+05
0.0197171       	2.32835629e+05
0.0197178       	2.32808900e+05
0.0197185       	2.32783875e+05
0.0197191       	2.32759553e+05
0.0197198       	2.32735552e+05
0.0197205       	2.32711703e+05
0.0197212       	2.32687915e+05
0.0197219       	2.32664152e+05
0.0197225       	2.32649501e+05
0.0197232       	2.32622303e+05
0.0197239       	2.32596924e+05
0.0197246       	2.32572275e+05
0.0197253       	2.32547955e+05
0.019726        	2.32523767e+05
0.0197267       	2.32499613e+05
0.0197273       	2.32475460e+05
0.019728        	2.32451287e+05
0.0197287       	2.32436869e+05
0.0197294       	2.32408867e+05
0.0197301       	2.32382825e+05
0.0197308       	2.32357565e+05
0.0197315       	2.32332667e+05
0.0197322       	2.32307815e+05
0.0197329       	2.32282975e+05
0.0197336       	2.32258101e+05
0.0197343       	2.32233175e+05
0.0197349       	2.32208183e+05
0.0197356       	2.32183114e+05
0.0197363       	2.32168754e+05
0.019737        	2.32139318e+05
0.0197377       	2.32112037e+05
0.0197384       	2.32085581e+05
0.0197391       	2.32059436e+05
0.0197398       	2.32033354e+05
0.0197405       	2.32007235e+05
0.0197412       	2.31981031e+05
0.0197419       	2.31954712e+05
0.0197426       	2.31928271e+05
0.0197433       	2.31901700e+05
0.019744        	2.31874990e+05
0.0197447       	2.31848145e+05
0.0197454       	2.31833510e+05
0.0197462       	2.31801366e+05
0.0197469       	2.31771750e+05
0.0197476       	2.31743064e+05
0.0197483       	2.31714657e+05
0.019749        	2.31686313e+05
0.0197497       	2.31657883e+05
0.0197504       	2.31629304e+05
0.0197511       	2.31600546e+05
0.0197518       	2.31571606e+05
0.0197525       	2.31542433e+05
0.0197532       	2.31513079e+05
0.0197539       	2.31483534e+05
0.0197547       	2.31453764e+05
0.0197554       	2.31423796e+05
0.0197561       	2.31393587e+05
0.0197568       	2.31363171e+05
0.0197575       	2.31332526e+05
0.0197582       	2.31301651e+05
0.0197589       	2.31270553e+05
0.0197596       	2.31239212e+05
0.0197603       	2.31207624e+05
0.019761        	2.31175796e+05
0.0197617       	2.31143724e+05
0.0197624       	2.31111395e+05
0.0197632       	2.31078800e+05
0.0197639       	2.31045966e+05
0.0197646       	2.31012848e+05
0.0197653       	2.30979473e+05
0.019766        	2.30945819e+05
0.0197667       	2.30911896e+05
0.0197674       	2.30877710e+05
0.0197681       	2.30843230e+05
0.0197688       	2.30808468e+05
0.0197695       	2.30773421e+05
0.0197702       	2.30738083e+05
0.0197709       	2.30702460e+05
0.0197717       	2.30666540e+05
0.0197724       	2.30630329e+05
0.0197731       	2.30593818e+05
0.0197738       	2.30557012e+05
0.0197745       	2.30519932e+05
0.0197752       	2.30482533e+05
0.0197759       	2.30444828e+05
0.0197766       	2.30406807e+05
0.0197773       	2.30368473e+05
0.019778        	2.30329832e+05
0.0197787       	2.30290891e+05
0.0197795       	2.30251638e+05
0.0197802       	2.30212085e+05
0.0197809       	2.30172209e+05
0.0197816       	2.30132034e+05
0.0197823       	2.30091545e+05
0.019783        	2.30050747e+05
0.0197837       	2.30009638e+05
0.0197844       	2.29968226e+05
0.0197851       	2.29926502e+05
0.0197858       	2.29884471e+05
0.0197865       	2.29842136e+05
0.0197872       	2.29799489e+05
0.019788        	2.29756549e+05
0.0197887       	2.29713293e+05
0.0197894       	2.29669739e+05
0.0197901       	2.29625892e+05
0.0197908       	2.29581745e+05
0.0197915       	2.29537300e+05
0.0197922       	2.29492560e+05
0.0197929       	2.29447532e+05
0.0197936       	2.29402215e+05
0.0197943       	2.29356608e+05
0.019795        	2.29310720e+05
0.0197957       	2.29264558e+05
0.0197965       	2.29218113e+05
0.0197972       	2.29171396e+05
0.0197979       	2.29124413e+05
0.0197986       	2.29077164e+05
0.0197993       	2.29029645e+05
0.0198          	2.28981863e+05
0.0198007       	2.28940763e+05
0.0198014       	2.28892211e+05
0.0198021       	2.28840554e+05
0.0198029       	2.28790076e+05
0.0198036       	2.28739960e+05
0.0198043       	2.28689846e+05
0.019805        	2.28639596e+05
0.0198057       	2.28589150e+05
0.0198064       	2.28538484e+05
0.0198072       	2.28487591e+05
0.0198079       	2.28439616e+05
0.0198086       	2.28386756e+05
0.0198093       	2.28334474e+05
0.01981         	2.28282305e+05
0.0198108       	2.28230086e+05
0.0198115       	2.28177744e+05
0.0198122       	2.28125247e+05
0.0198129       	2.28072592e+05
0.0198136       	2.28019778e+05
0.0198144       	2.27966813e+05
0.0198151       	2.27913701e+05
0.0198158       	2.27860453e+05
0.0198165       	2.27810339e+05
0.0198172       	2.27755224e+05
0.019818        	2.27700822e+05
0.0198187       	2.27646645e+05
0.0198194       	2.27592515e+05
0.0198201       	2.27538358e+05
0.0198209       	2.27484142e+05
0.0198216       	2.27429862e+05
0.0198223       	2.27375519e+05
0.019823        	2.27321121e+05
0.0198237       	2.27266676e+05
0.0198245       	2.27212191e+05
0.0198252       	2.27157679e+05
0.0198259       	2.27103147e+05
0.0198266       	2.27048601e+05
0.0198274       	2.26994056e+05
0.0198281       	2.26939517e+05
0.0198288       	2.26884996e+05
0.0198295       	2.26830499e+05
0.0198302       	2.26776037e+05
0.019831        	2.26721620e+05
0.0198317       	2.26667255e+05
0.0198324       	2.26612950e+05
0.0198331       	2.26558718e+05
0.0198339       	2.26504565e+05
0.0198346       	2.26450501e+05
0.0198353       	2.26396535e+05
0.019836        	2.26342676e+05
0.0198367       	2.26288932e+05
0.0198375       	2.26235316e+05
0.0198382       	2.26181834e+05
0.0198389       	2.26128496e+05
0.0198396       	2.26075309e+05
0.0198404       	2.26025981e+05
0.0198411       	2.25971271e+05
0.0198418       	2.25917691e+05
0.0198425       	2.25864683e+05
0.0198433       	2.25812040e+05
0.019844        	2.25759673e+05
0.0198447       	2.25703743e+05
0.0198454       	2.25653756e+05
0.0198462       	2.25603026e+05
0.0198469       	2.25552148e+05
0.0198476       	2.25501351e+05
0.0198483       	2.25450741e+05
0.019849        	2.25400372e+05
0.0198498       	2.25350273e+05
0.0198505       	2.25300459e+05
0.0198512       	2.25250940e+05
0.0198519       	2.25201726e+05
0.0198527       	2.25152824e+05
0.0198534       	2.25104239e+05
0.0198541       	2.25055979e+05
0.0198548       	2.25008051e+05
0.0198555       	2.24960461e+05
0.0198563       	2.24913218e+05
0.019857        	2.24866328e+05
0.0198577       	2.24819799e+05
0.0198584       	2.24773637e+05
0.0198592       	2.24727849e+05
0.0198599       	2.24682441e+05
0.0198606       	2.24637421e+05
0.0198613       	2.24592725e+05
0.019862        	2.24548560e+05
0.0198628       	2.24504738e+05
0.0198635       	2.24461328e+05
0.0198642       	2.24413973e+05
0.0198649       	2.24373518e+05
0.0198656       	2.24332381e+05
0.0198664       	2.24291230e+05
0.0198671       	2.24250320e+05
0.0198678       	2.24209836e+05
0.0198685       	2.24169640e+05
0.0198692       	2.24129946e+05
0.01987         	2.24090707e+05
0.0198707       	2.24051929e+05
0.0198714       	2.24013618e+05
0.0198721       	2.23975706e+05
0.0198728       	2.23938392e+05
0.0198736       	2.23901494e+05
0.0198743       	2.23865072e+05
0.019875        	2.23829194e+05
0.0198757       	2.23788886e+05
0.0198764       	2.23756163e+05
0.0198771       	2.23722721e+05
0.0198778       	2.23689282e+05
0.0198786       	2.23656116e+05
0.0198793       	2.23623351e+05
0.01988         	2.23591045e+05
0.0198807       	2.23559220e+05
0.0198814       	2.23527889e+05
0.0198821       	2.23497055e+05
0.0198828       	2.23466717e+05
0.0198836       	2.23436872e+05
0.0198843       	2.23407522e+05
0.019885        	2.23378667e+05
0.0198857       	2.23345077e+05
0.0198864       	2.23319593e+05
0.0198871       	2.23293303e+05
0.0198878       	2.23266984e+05
0.0198885       	2.23240918e+05
0.0198892       	2.23215239e+05
0.01989         	2.23190011e+05
0.0198907       	2.23165253e+05
0.0198914       	2.23140980e+05
0.0198921       	2.23117189e+05
0.0198928       	2.23093882e+05
0.0198935       	2.23071058e+05
0.0198942       	2.23048708e+05
0.0198949       	2.23026825e+05
0.0198956       	2.23005422e+05
0.0198963       	2.22984481e+05
0.0198971       	2.22964004e+05
0.0198978       	2.22943983e+05
0.0198985       	2.22924423e+05
0.0198992       	2.22905314e+05
0.0198999       	2.22886650e+05
0.0199006       	2.22868428e+05
0.0199013       	2.22850647e+05
0.019902        	2.22833301e+05
0.0199027       	2.22816387e+05
0.0199034       	2.22799896e+05
0.0199042       	2.22783829e+05
0.0199049       	2.22768179e+05
0.0199056       	2.22752939e+05
0.0199063       	2.22738106e+05
0.019907        	2.22723676e+05
0.0199077       	2.22709643e+05
0.0199084       	2.22696000e+05
0.0199091       	2.22682744e+05
0.0199098       	2.22669866e+05
0.0199105       	2.22657363e+05
0.0199113       	2.22645224e+05
0.019912        	2.22633445e+05
0.0199127       	2.22622019e+05
0.0199134       	2.22610945e+05
0.0199141       	2.22600208e+05
0.0199148       	2.22589804e+05
0.0199155       	2.22579727e+05
0.0199162       	2.22569968e+05
0.0199169       	2.22560519e+05
0.0199176       	2.22551378e+05
0.0199184       	2.22542531e+05
0.0199191       	2.22533972e+05
0.0199198       	2.22525692e+05
0.0199205       	2.22517687e+05
0.0199212       	2.22509947e+05
0.0199219       	2.22502463e+05
0.0199226       	2.22495229e+05
0.0199233       	2.22496055e+05
0.019924        	2.22485960e+05
0.0199248       	2.22478009e+05
0.0199255       	2.22471047e+05
0.0199262       	2.22464633e+05
0.0199269       	2.22458556e+05
0.0199276       	2.22452721e+05
0.0199283       	2.22447078e+05
0.0199291       	2.22441606e+05
0.0199298       	2.22436287e+05
0.0199305       	2.22431125e+05
0.0199312       	2.22426095e+05
0.0199319       	2.22421194e+05
0.0199326       	2.22416415e+05
0.0199334       	2.22411747e+05
0.0199341       	2.22407187e+05
0.0199348       	2.22402723e+05
0.0199355       	2.22398343e+05
0.0199362       	2.22394042e+05
0.0199369       	2.22389806e+05
0.0199377       	2.22385628e+05
0.0199384       	2.22381500e+05
0.0199391       	2.22377409e+05
0.0199398       	2.22373390e+05
0.0199405       	2.22369370e+05
0.0199412       	2.22365353e+05
0.019942        	2.22361325e+05
0.0199427       	2.22357285e+05
0.0199434       	2.22353224e+05
0.0199441       	2.22349091e+05
0.0199448       	2.22344934e+05
0.0199455       	2.22340738e+05
0.0199463       	2.22336493e+05
0.019947        	2.22332187e+05
0.0199477       	2.22327807e+05
0.0199484       	2.22323343e+05
0.0199491       	2.22318786e+05
0.0199498       	2.22314127e+05
0.0199506       	2.22309355e+05
0.0199513       	2.22304404e+05
0.019952        	2.22299427e+05
0.0199527       	2.22294318e+05
0.0199534       	2.22288901e+05
0.0199541       	2.22283477e+05
0.0199549       	2.22277839e+05
0.0199556       	2.22272027e+05
0.0199563       	2.22266032e+05
0.019957        	2.22259845e+05
0.0199577       	2.22253460e+05
0.0199584       	2.22246866e+05
0.0199591       	2.22224957e+05
0.0199599       	2.22224135e+05
0.0199606       	2.22219535e+05
0.0199613       	2.22213263e+05
0.019962        	2.22206113e+05
0.0199627       	2.22198412e+05
0.0199634       	2.22190376e+05
0.0199641       	2.22182118e+05
0.0199648       	2.22173509e+05
0.0199655       	2.22164691e+05
0.0199662       	2.22155613e+05
0.0199669       	2.22146264e+05
0.0199676       	2.22136638e+05
0.0199683       	2.22126723e+05
0.019969        	2.22116513e+05
0.0199697       	2.22106003e+05
0.0199704       	2.22095181e+05
0.0199711       	2.22084047e+05
0.0199718       	2.22072595e+05
0.0199725       	2.22060813e+05
0.0199732       	2.22048704e+05
0.0199739       	2.22036261e+05
0.0199746       	2.22023475e+05
0.0199753       	2.22010349e+05
0.019976        	2.21970719e+05
0.0199767       	2.21967296e+05
0.0199774       	2.21957759e+05
0.0199781       	2.21945512e+05
0.0199788       	2.21931856e+05
0.0199795       	2.21917394e+05
0.0199801       	2.21902413e+05
0.0199808       	2.21887034e+05
0.0199815       	2.21871307e+05
0.0199822       	2.21855250e+05
0.0199829       	2.21838856e+05
0.0199836       	2.21822127e+05
0.0199842       	2.21805055e+05
0.0199849       	2.21787635e+05
0.0199856       	2.21769863e+05
0.0199863       	2.21751737e+05
0.019987        	2.21733249e+05
0.0199877       	2.21714403e+05
0.0199884       	2.21695192e+05
0.019989        	2.21675620e+05
0.0199897       	2.21655685e+05
0.0199904       	2.21635387e+05
0.0199911       	2.21614730e+05
0.0199918       	2.21593704e+05
0.0199925       	2.21572319e+05
0.0199932       	2.21550575e+05
0.0199938       	2.21528470e+05
0.0199945       	2.21506003e+05
0.0199952       	2.21483179e+05
0.0199959       	2.21460002e+05
0.0199966       	2.21436472e+05
0.0199973       	2.21412595e+05
0.0199979       	2.21388366e+05
0.0199986       	2.21363790e+05
0.0199993       	2.21338870e+05
0.02            	2.21313614e+05
