# Region type : patch inlet
# Faces         : 30
# Area          : 1.06980230e-08
# Scale factor  : 7.20000000e+01
# Time          	sum(phi)
1.1976e-06      	-1.07002488e-04
1.56105e-06     	-1.07002022e-04
1.96936e-06     	-1.07002118e-04
2.42882e-06     	-1.07002279e-04
2.94468e-06     	-1.07002594e-04
3.52086e-06     	-1.07003058e-04
4.14859e-06     	-1.07003516e-04
4.80143e-06     	-1.07003801e-04
5.47686e-06     	-1.07003916e-04
6.16911e-06     	-1.07004364e-04
6.87911e-06     	-1.07004514e-04
7.60787e-06     	-1.07004584e-04
8.35358e-06     	-1.07004637e-04
9.11711e-06     	-1.07004751e-04
9.90263e-06     	-1.07004746e-04
1.06817e-05     	-1.07004408e-04
1.14544e-05     	-1.07004716e-04
1.2224e-05      	-1.07004824e-04
1.29905e-05     	-1.07004586e-04
1.37538e-05     	-1.07004173e-04
1.45139e-05     	-1.07004188e-04
1.5271e-05      	-1.07004471e-04
1.60281e-05     	-1.07004640e-04
1.67821e-05     	-1.07004369e-04
1.75361e-05     	-1.07004079e-04
1.82901e-05     	-1.07003943e-04
1.90409e-05     	-1.07003836e-04
1.97918e-05     	-1.07003708e-04
2.05427e-05     	-1.07003549e-04
2.12967e-05     	-1.07003452e-04
2.20507e-05     	-1.07003372e-04
2.28047e-05     	-1.07003292e-04
2.3562e-05      	-1.07003294e-04
2.43225e-05     	-1.07003294e-04
2.50863e-05     	-1.07003267e-04
2.58535e-05     	-1.07003219e-04
2.66275e-05     	-1.07003162e-04
2.74084e-05     	-1.07003102e-04
2.81965e-05     	-1.07003044e-04
2.89919e-05     	-1.07002990e-04
2.97985e-05     	-1.07002943e-04
3.06168e-05     	-1.07002901e-04
3.14512e-05     	-1.07002865e-04
3.23025e-05     	-1.07002831e-04
3.31714e-05     	-1.07002801e-04
3.40635e-05     	-1.07002778e-04
3.49703e-05     	-1.07002756e-04
3.58623e-05     	-1.07002731e-04
3.67448e-05     	-1.07002709e-04
3.76178e-05     	-1.07002690e-04
3.84815e-05     	-1.07002674e-04
3.93407e-05     	-1.07002658e-04
4.01907e-05     	-1.07002646e-04
4.10363e-05     	-1.07002638e-04
4.18773e-05     	-1.07002631e-04
4.2714e-05      	-1.07002624e-04
4.35506e-05     	-1.07002618e-04
4.43828e-05     	-1.07002612e-04
4.5215e-05      	-1.07002606e-04
4.60427e-05     	-1.07002600e-04
4.68749e-05     	-1.07002594e-04
4.77071e-05     	-1.07002590e-04
4.85393e-05     	-1.07002585e-04
4.93715e-05     	-1.07002581e-04
5.02083e-05     	-1.07002576e-04
5.10498e-05     	-1.07002571e-04
5.18961e-05     	-1.07002565e-04
5.27473e-05     	-1.07002554e-04
5.36034e-05     	-1.07002553e-04
5.44697e-05     	-1.07002552e-04
5.53464e-05     	-1.07002551e-04
5.62338e-05     	-1.07002549e-04
5.71324e-05     	-1.07002548e-04
5.80482e-05     	-1.07002547e-04
5.89821e-05     	-1.07002545e-04
5.99349e-05     	-1.07002543e-04
6.09076e-05     	-1.07002541e-04
6.18735e-05     	-1.07002537e-04
6.28261e-05     	-1.07002533e-04
6.37656e-05     	-1.07002529e-04
6.46924e-05     	-1.07002526e-04
6.56129e-05     	-1.07002522e-04
6.65209e-05     	-1.07002519e-04
6.74228e-05     	-1.07002517e-04
6.83186e-05     	-1.07002515e-04
6.92083e-05     	-1.07002512e-04
7.0092e-05      	-1.07002510e-04
7.09698e-05     	-1.07002509e-04
7.18475e-05     	-1.07002506e-04
7.27193e-05     	-1.07002506e-04
7.35911e-05     	-1.07002505e-04
7.44629e-05     	-1.07002504e-04
7.53347e-05     	-1.07002503e-04
7.62126e-05     	-1.07002502e-04
7.70905e-05     	-1.07002501e-04
7.79748e-05     	-1.07002496e-04
7.8859e-05      	-1.07002496e-04
7.97498e-05     	-1.07002496e-04
8.06471e-05     	-1.07002496e-04
8.15513e-05     	-1.07002497e-04
8.24695e-05     	-1.07002498e-04
8.3395e-05      	-1.07002498e-04
8.43353e-05     	-1.07002498e-04
8.52834e-05     	-1.07002498e-04
8.62474e-05     	-1.07002498e-04
8.72366e-05     	-1.07002498e-04
8.82434e-05     	-1.07002497e-04
8.92687e-05     	-1.07002497e-04
9.02753e-05     	-1.07002496e-04
9.12728e-05     	-1.07002496e-04
9.22523e-05     	-1.07002495e-04
9.3223e-05      	-1.07002495e-04
9.4185e-05      	-1.07002494e-04
9.51383e-05     	-1.07002494e-04
9.6083e-05      	-1.07002493e-04
9.70192e-05     	-1.07002493e-04
9.79554e-05     	-1.07002492e-04
9.8883e-05      	-1.07002492e-04
9.98107e-05     	-1.07002492e-04
0.000100738     	-1.07002491e-04
0.000101657     	-1.07002491e-04
0.000102577     	-1.07002491e-04
0.000103496     	-1.07002491e-04
0.000104415     	-1.07002490e-04
0.000105343     	-1.07002490e-04
0.000106271     	-1.07002490e-04
0.000107208     	-1.07002490e-04
0.000108145     	-1.07002490e-04
0.000109092     	-1.07002489e-04
0.000110049     	-1.07002489e-04
0.000111016     	-1.07002489e-04
0.000111994     	-1.07002489e-04
0.000112983     	-1.07002489e-04
0.000113995     	-1.07002489e-04
0.000115019     	-1.07002489e-04
0.000116068     	-1.07002489e-04
0.00011713      	-1.07002489e-04
0.000118166     	-1.07002489e-04
0.000119189     	-1.07002489e-04
0.000120199     	-1.07002489e-04
0.000121197     	-1.07002489e-04
0.000122182     	-1.07002489e-04
0.000123155     	-1.07002489e-04
0.000124127     	-1.07002488e-04
0.000125088     	-1.07002488e-04
0.000126048     	-1.07002488e-04
0.000126996     	-1.07002488e-04
0.000127944     	-1.07002488e-04
0.000128892     	-1.07002488e-04
0.000129841     	-1.07002488e-04
0.000130789     	-1.07002488e-04
0.000131737     	-1.07002488e-04
0.000132685     	-1.07002488e-04
0.000133633     	-1.07002488e-04
0.000134581     	-1.07002488e-04
0.000135543     	-1.07002488e-04
0.000136505     	-1.07002488e-04
0.000137482     	-1.07002488e-04
0.000138459     	-1.07002488e-04
0.000139451     	-1.07002488e-04
0.000140461     	-1.07002488e-04
0.000141487     	-1.07002488e-04
0.000142532     	-1.07002488e-04
0.000143596     	-1.07002488e-04
0.000144681     	-1.07002487e-04
0.000145787     	-1.07002487e-04
0.000146872     	-1.07002487e-04
0.000147934     	-1.07002487e-04
0.000148997     	-1.07002487e-04
0.000150038     	-1.07002487e-04
0.000151078     	-1.07002487e-04
0.000152098     	-1.07002487e-04
0.000153117     	-1.07002487e-04
0.000154114     	-1.07002487e-04
0.000155112     	-1.07002487e-04
0.000156109     	-1.07002487e-04
0.000157107     	-1.07002487e-04
0.000158104     	-1.07002487e-04
0.000159102     	-1.07002487e-04
0.000160099     	-1.07002487e-04
0.000161097     	-1.07002487e-04
0.000162094     	-1.07002487e-04
0.000163092     	-1.07002487e-04
0.000164089     	-1.07002487e-04
0.000165087     	-1.07002487e-04
0.000166114     	-1.07002487e-04
0.000167141     	-1.07002487e-04
0.000168168     	-1.07002487e-04
0.000169229     	-1.07002487e-04
0.00017029      	-1.07002487e-04
0.00017139      	-1.07002487e-04
0.00017249      	-1.07002487e-04
0.000173637     	-1.07002487e-04
0.000174783     	-1.07002487e-04
0.000175879     	-1.07002487e-04
0.000176976     	-1.07002487e-04
0.000178072     	-1.07002487e-04
0.000179116     	-1.07002487e-04
0.00018016      	-1.07002487e-04
0.000181205     	-1.07002487e-04
0.000182249     	-1.07002487e-04
0.000183293     	-1.07002487e-04
0.000184276     	-1.07002487e-04
0.000185259     	-1.07002487e-04
0.000186241     	-1.07002487e-04
0.000187224     	-1.07002487e-04
0.000188207     	-1.07002487e-04
0.00018919      	-1.07002487e-04
0.000190172     	-1.07002487e-04
0.000191155     	-1.07002487e-04
0.000192138     	-1.07002486e-04
0.000193121     	-1.07002486e-04
0.000194103     	-1.07002486e-04
0.000195086     	-1.07002486e-04
0.000196069     	-1.07002486e-04
0.000197052     	-1.07002486e-04
0.000198034     	-1.07002486e-04
0.000199017     	-1.07002486e-04
0.0002          	-1.07002486e-04
0.000201093     	-1.07002486e-04
0.00020221      	-1.07002486e-04
0.000203347     	-1.07002486e-04
0.00020449      	-1.07002486e-04
0.000205614     	-1.07002486e-04
0.000206718     	-1.07002486e-04
0.00020781      	-1.07002486e-04
0.00020889      	-1.07002486e-04
0.000209958     	-1.07002486e-04
0.00021102      	-1.07002486e-04
0.000212075     	-1.07002486e-04
0.000213125     	-1.07002486e-04
0.000214169     	-1.07002486e-04
0.000215207     	-1.07002486e-04
0.000216245     	-1.07002486e-04
0.000217284     	-1.07002486e-04
0.000218322     	-1.07002486e-04
0.00021936      	-1.07002486e-04
0.000220398     	-1.07002486e-04
0.000221442     	-1.07002486e-04
0.000222493     	-1.07002486e-04
0.000223549     	-1.07002486e-04
0.000224619     	-1.07002486e-04
0.000225701     	-1.07002486e-04
0.000226797     	-1.07002486e-04
0.000227908     	-1.07002486e-04
0.000229033     	-1.07002486e-04
0.000230172     	-1.07002486e-04
0.000231336     	-1.07002486e-04
0.000232523     	-1.07002486e-04
0.000233703     	-1.07002486e-04
0.000234858     	-1.07002486e-04
0.000235996     	-1.07002486e-04
0.00023712      	-1.07002486e-04
0.000238228     	-1.07002486e-04
0.000239321     	-1.07002486e-04
0.000240407     	-1.07002486e-04
0.000241485     	-1.07002486e-04
0.000242556     	-1.07002486e-04
0.000243627     	-1.07002486e-04
0.000244691     	-1.07002486e-04
0.000245754     	-1.07002486e-04
0.000246818     	-1.07002486e-04
0.000247889     	-1.07002486e-04
0.000248961     	-1.07002486e-04
0.000250039     	-1.07002487e-04
0.000251118     	-1.07002487e-04
0.000252205     	-1.07002487e-04
0.0002533       	-1.07002487e-04
0.000254411     	-1.07002487e-04
0.00025554      	-1.07002487e-04
0.000256677     	-1.07002487e-04
0.000257843     	-1.07002487e-04
0.000259027     	-1.07002487e-04
0.000260232     	-1.07002487e-04
0.000261469     	-1.07002487e-04
0.000262695     	-1.07002487e-04
0.000263899     	-1.07002487e-04
0.000265093     	-1.07002487e-04
0.000266266     	-1.07002487e-04
0.000267429     	-1.07002487e-04
0.000268582     	-1.07002487e-04
0.000269725     	-1.07002487e-04
0.000270858     	-1.07002487e-04
0.000271981     	-1.07002487e-04
0.000273104     	-1.07002487e-04
0.000274226     	-1.07002487e-04
0.000275349     	-1.07002487e-04
0.000276472     	-1.07002487e-04
0.000277595     	-1.07002487e-04
0.000278729     	-1.07002487e-04
0.000279862     	-1.07002487e-04
0.000281006     	-1.07002487e-04
0.000282162     	-1.07002487e-04
0.00028334      	-1.07002487e-04
0.00028453      	-1.07002487e-04
0.000285746     	-1.07002487e-04
0.000286974     	-1.07002487e-04
0.00028823      	-1.07002487e-04
0.000289515     	-1.07002487e-04
0.000290785     	-1.07002487e-04
0.000292026     	-1.07002487e-04
0.000293239     	-1.07002487e-04
0.000294439     	-1.07002487e-04
0.000295625     	-1.07002487e-04
0.000296798     	-1.07002487e-04
0.000297957     	-1.07002487e-04
0.000299104     	-1.07002487e-04
0.00030025      	-1.07002487e-04
0.000301384     	-1.07002487e-04
0.000302517     	-1.07002487e-04
0.000303651     	-1.07002487e-04
0.000304784     	-1.07002487e-04
0.000305918     	-1.07002487e-04
0.000307051     	-1.07002487e-04
0.000308199     	-1.07002487e-04
0.000309346     	-1.07002487e-04
0.000310509     	-1.07002487e-04
0.000311686     	-1.07002487e-04
0.000312864     	-1.07002487e-04
0.000314057     	-1.07002487e-04
0.000315268     	-1.07002487e-04
0.000316496     	-1.07002487e-04
0.000317742     	-1.07002487e-04
0.000319008     	-1.07002487e-04
0.000320254     	-1.07002487e-04
0.000321462     	-1.07002487e-04
0.000322652     	-1.07002487e-04
0.000323824     	-1.07002487e-04
0.000324996     	-1.07002487e-04
0.00032615      	-1.07002487e-04
0.000327286     	-1.07002487e-04
0.000328422     	-1.07002487e-04
0.00032954      	-1.07002487e-04
0.000330659     	-1.07002487e-04
0.000331777     	-1.07002487e-04
0.000332896     	-1.07002487e-04
0.000334014     	-1.07002487e-04
0.000335132     	-1.07002487e-04
0.000336251     	-1.07002487e-04
0.000337369     	-1.07002487e-04
0.000338488     	-1.07002487e-04
0.000339606     	-1.07002487e-04
0.000340746     	-1.07002487e-04
0.000341885     	-1.07002487e-04
0.000343047     	-1.07002487e-04
0.00034421      	-1.07002487e-04
0.000345397     	-1.07002487e-04
0.00034661      	-1.07002487e-04
0.000347824     	-1.07002487e-04
0.000349066     	-1.07002487e-04
0.000350339     	-1.07002487e-04
0.000351581     	-1.07002487e-04
0.000352822     	-1.07002487e-04
0.000354032     	-1.07002487e-04
0.000355211     	-1.07002487e-04
0.000356389     	-1.07002487e-04
0.000357568     	-1.07002487e-04
0.000358715     	-1.07002487e-04
0.000359862     	-1.07002487e-04
0.000361008     	-1.07002487e-04
0.000362155     	-1.07002487e-04
0.000363302     	-1.07002487e-04
0.000364449     	-1.07002487e-04
0.000365596     	-1.07002487e-04
0.000366742     	-1.07002487e-04
0.000367889     	-1.07002487e-04
0.000369036     	-1.07002487e-04
0.000370183     	-1.07002487e-04
0.000371376     	-1.07002487e-04
0.000372568     	-1.07002487e-04
0.000373761     	-1.07002487e-04
0.000374954     	-1.07002487e-04
0.000376206     	-1.07002487e-04
0.000377458     	-1.07002487e-04
0.000378711     	-1.07002487e-04
0.000380041     	-1.07002487e-04
0.000381289     	-1.07002487e-04
0.000382536     	-1.07002487e-04
0.000383783     	-1.07002487e-04
0.000385031     	-1.07002487e-04
0.000386278     	-1.07002487e-04
0.000387526     	-1.07002487e-04
0.00038866      	-1.07002487e-04
0.000389794     	-1.07002487e-04
0.000390928     	-1.07002487e-04
0.000392062     	-1.07002487e-04
0.000393196     	-1.07002487e-04
0.00039433      	-1.07002487e-04
0.000395464     	-1.07002487e-04
0.000396598     	-1.07002487e-04
0.000397732     	-1.07002487e-04
0.000398866     	-1.07002487e-04
0.0004          	-1.07002487e-04
0.000401212     	-1.07002487e-04
0.000402439     	-1.07002487e-04
0.000403682     	-1.07002487e-04
0.000404948     	-1.07002487e-04
0.00040624      	-1.07002487e-04
0.000407567     	-1.07002487e-04
0.000408932     	-1.07002487e-04
0.000410277     	-1.07002487e-04
0.000411604     	-1.07002487e-04
0.000412913     	-1.07002487e-04
0.000414203     	-1.07002487e-04
0.000415484     	-1.07002487e-04
0.000416748     	-1.07002487e-04
0.000418003     	-1.07002487e-04
0.000419258     	-1.07002487e-04
0.000420505     	-1.07002487e-04
0.000421751     	-1.07002487e-04
0.000422998     	-1.07002487e-04
0.000424253     	-1.07002487e-04
0.000425517     	-1.07002487e-04
0.000426791     	-1.07002487e-04
0.000428074     	-1.07002487e-04
0.000429377     	-1.07002487e-04
0.000430689     	-1.07002487e-04
0.000432022     	-1.07002487e-04
0.000433388     	-1.07002487e-04
0.000434788     	-1.07002487e-04
0.000436212     	-1.07002487e-04
0.000437649     	-1.07002487e-04
0.000439073     	-1.07002487e-04
0.000440472     	-1.07002487e-04
0.000441848     	-1.07002487e-04
0.000443211     	-1.07002487e-04
0.000444551     	-1.07002487e-04
0.000445891     	-1.07002487e-04
0.00044722      	-1.07002487e-04
0.000448548     	-1.07002487e-04
0.000449877     	-1.07002487e-04
0.000451205     	-1.07002487e-04
0.000452546     	-1.07002487e-04
0.000453899     	-1.07002487e-04
0.000455264     	-1.07002487e-04
0.000456642     	-1.07002487e-04
0.000458048     	-1.07002487e-04
0.000459467     	-1.07002487e-04
0.000460916     	-1.07002487e-04
0.000462412     	-1.07002487e-04
0.000463941     	-1.07002487e-04
0.000465436     	-1.07002487e-04
0.000466914     	-1.07002487e-04
0.000468377     	-1.07002487e-04
0.000469823     	-1.07002487e-04
0.000471254     	-1.07002487e-04
0.000472669     	-1.07002487e-04
0.000474083     	-1.07002487e-04
0.000475482     	-1.07002487e-04
0.000476882     	-1.07002487e-04
0.000478281     	-1.07002487e-04
0.000479696     	-1.07002487e-04
0.000481128     	-1.07002487e-04
0.000482578     	-1.07002487e-04
0.000484046     	-1.07002487e-04
0.000485532     	-1.07002487e-04
0.000487038     	-1.07002487e-04
0.000488586     	-1.07002487e-04
0.000490155     	-1.07002487e-04
0.000491747     	-1.07002487e-04
0.000493316     	-1.07002487e-04
0.00049484      	-1.07002487e-04
0.000496342     	-1.07002487e-04
0.000497823     	-1.07002487e-04
0.000499304     	-1.07002487e-04
0.000500763     	-1.07002487e-04
0.000502223     	-1.07002487e-04
0.000503682     	-1.07002487e-04
0.000505141     	-1.07002487e-04
0.000506623     	-1.07002487e-04
0.000508106     	-1.07002487e-04
0.000509612     	-1.07002487e-04
0.000511144     	-1.07002487e-04
0.000512703     	-1.07002487e-04
0.00051429      	-1.07002487e-04
0.000515907     	-1.07002487e-04
0.000517556     	-1.07002487e-04
0.000519173     	-1.07002487e-04
0.000520758     	-1.07002487e-04
0.000522311     	-1.07002487e-04
0.000523835     	-1.07002487e-04
0.000525358     	-1.07002487e-04
0.000526881     	-1.07002487e-04
0.000528374     	-1.07002487e-04
0.000529866     	-1.07002487e-04
0.000531358     	-1.07002487e-04
0.00053285      	-1.07002487e-04
0.000534376     	-1.07002487e-04
0.000535902     	-1.07002487e-04
0.000537466     	-1.07002487e-04
0.000539069     	-1.07002487e-04
0.000540716     	-1.07002487e-04
0.00054241      	-1.07002487e-04
0.000544055     	-1.07002487e-04
0.000545654     	-1.07002487e-04
0.000547206     	-1.07002487e-04
0.000548759     	-1.07002487e-04
0.000550266     	-1.07002487e-04
0.000551773     	-1.07002487e-04
0.000553235     	-1.07002487e-04
0.000554696     	-1.07002487e-04
0.000556158     	-1.07002487e-04
0.000557619     	-1.07002487e-04
0.00055908      	-1.07002487e-04
0.000560542     	-1.07002487e-04
0.000562003     	-1.07002487e-04
0.000563523     	-1.07002487e-04
0.000565043     	-1.07002487e-04
0.000566632     	-1.07002487e-04
0.000568221     	-1.07002487e-04
0.000569893     	-1.07002488e-04
0.000571566     	-1.07002488e-04
0.000573146     	-1.07002488e-04
0.000574725     	-1.07002488e-04
0.000576305     	-1.07002488e-04
0.000577786     	-1.07002487e-04
0.000579267     	-1.07002488e-04
0.000580748     	-1.07002488e-04
0.000582229     	-1.07002488e-04
0.00058371      	-1.07002488e-04
0.000585191     	-1.07002488e-04
0.000586672     	-1.07002488e-04
0.000588153     	-1.07002488e-04
0.000589633     	-1.07002488e-04
0.000591114     	-1.07002488e-04
0.000592595     	-1.07002488e-04
0.000594076     	-1.07002488e-04
0.000595557     	-1.07002488e-04
0.000597038     	-1.07002488e-04
0.000598519     	-1.07002488e-04
0.0006          	-1.07002488e-04
0.000601653     	-1.07002488e-04
0.000603306     	-1.07002488e-04
0.000604931     	-1.07002488e-04
0.00060653      	-1.07002488e-04
0.000608103     	-1.07002488e-04
0.000609663     	-1.07002488e-04
0.000611223     	-1.07002488e-04
0.000612771     	-1.07002488e-04
0.000614318     	-1.07002488e-04
0.000615879     	-1.07002488e-04
0.000617439     	-1.07002488e-04
0.000619013     	-1.07002488e-04
0.0006206       	-1.07002488e-04
0.000622202     	-1.07002488e-04
0.000623833     	-1.07002488e-04
0.000625495     	-1.07002488e-04
0.000627206     	-1.07002488e-04
0.000628951     	-1.07002488e-04
0.000630645     	-1.07002488e-04
0.000632305     	-1.07002488e-04
0.000633949     	-1.07002488e-04
0.000635562     	-1.07002488e-04
0.000637158     	-1.07002488e-04
0.000638755     	-1.07002488e-04
0.000640335     	-1.07002488e-04
0.000641916     	-1.07002488e-04
0.000643497     	-1.07002488e-04
0.000645094     	-1.07002488e-04
0.000646691     	-1.07002488e-04
0.000648305     	-1.07002488e-04
0.000649936     	-1.07002488e-04
0.000651603     	-1.07002488e-04
0.000653309     	-1.07002488e-04
0.000655055     	-1.07002488e-04
0.000656823     	-1.07002488e-04
0.000658527     	-1.07002488e-04
0.000660212     	-1.07002488e-04
0.000661856     	-1.07002488e-04
0.000663481     	-1.07002488e-04
0.000665087     	-1.07002488e-04
0.000666675     	-1.07002488e-04
0.000668243     	-1.07002488e-04
0.000669812     	-1.07002488e-04
0.00067138      	-1.07002488e-04
0.000672949     	-1.07002488e-04
0.000674537     	-1.07002488e-04
0.000676125     	-1.07002488e-04
0.000677755     	-1.07002488e-04
0.000679407     	-1.07002488e-04
0.000681105     	-1.07002488e-04
0.000682829     	-1.07002488e-04
0.000684604     	-1.07002488e-04
0.000686326     	-1.07002488e-04
0.000687998     	-1.07002488e-04
0.000689645     	-1.07002488e-04
0.000691268     	-1.07002488e-04
0.000692867     	-1.07002488e-04
0.000694442     	-1.07002488e-04
0.000695995     	-1.07002488e-04
0.000697547     	-1.07002488e-04
0.000699076     	-1.07002488e-04
0.000700605     	-1.07002488e-04
0.000702158     	-1.07002488e-04
0.000703711     	-1.07002488e-04
0.000705264     	-1.07002488e-04
0.000706843     	-1.07002488e-04
0.000708449     	-1.07002488e-04
0.000710084     	-1.07002488e-04
0.000711749     	-1.07002488e-04
0.000713447     	-1.07002488e-04
0.000715178     	-1.07002488e-04
0.000716909     	-1.07002488e-04
0.000718604     	-1.07002488e-04
0.000720266     	-1.07002488e-04
0.000721893     	-1.07002488e-04
0.000723487     	-1.07002488e-04
0.000725081     	-1.07002488e-04
0.000726642     	-1.07002488e-04
0.000728202     	-1.07002488e-04
0.000729763     	-1.07002488e-04
0.000731324     	-1.07002488e-04
0.000732885     	-1.07002488e-04
0.000734446     	-1.07002488e-04
0.000736045     	-1.07002488e-04
0.000737644     	-1.07002488e-04
0.000739284     	-1.07002488e-04
0.000740925     	-1.07002488e-04
0.000742613     	-1.07002488e-04
0.000744301     	-1.07002488e-04
0.000746042     	-1.07002488e-04
0.00074784      	-1.07002488e-04
0.000749639     	-1.07002488e-04
0.000751438     	-1.07002488e-04
0.000753172     	-1.07002488e-04
0.000754906     	-1.07002488e-04
0.000756641     	-1.07002488e-04
0.000758375     	-1.07002488e-04
0.000760109     	-1.07002488e-04
0.000761844     	-1.07002488e-04
0.000763578     	-1.07002488e-04
0.000765313     	-1.07002488e-04
0.000767047     	-1.07002488e-04
0.000768781     	-1.07002488e-04
0.000770516     	-1.07002488e-04
0.000772358     	-1.07002488e-04
0.000774201     	-1.07002488e-04
0.000776044     	-1.07002488e-04
0.000777887     	-1.07002488e-04
0.000779897     	-1.07002488e-04
0.000781907     	-1.07002488e-04
0.000783918     	-1.07002488e-04
0.000785928     	-1.07002488e-04
0.000787938     	-1.07002488e-04
0.000789949     	-1.07002488e-04
0.000791959     	-1.07002488e-04
0.000793969     	-1.07002488e-04
0.000795979     	-1.07002488e-04
0.00079799      	-1.07002488e-04
0.0008          	-1.07002488e-04
0.000802        	-1.07002488e-04
0.000804        	-1.07002488e-04
0.000806        	-1.07002488e-04
0.000808        	-1.07002488e-04
0.00081         	-1.07002488e-04
0.000812        	-1.07002488e-04
0.000814        	-1.07002488e-04
0.000816        	-1.07002488e-04
0.000818        	-1.07002488e-04
0.00082         	-1.07002488e-04
0.000822        	-1.07002488e-04
0.000824        	-1.07002488e-04
0.000826        	-1.07002488e-04
0.000828        	-1.07002488e-04
0.00083         	-1.07002488e-04
0.000832        	-1.07002488e-04
0.000834        	-1.07002488e-04
0.000836        	-1.07002488e-04
0.000838        	-1.07002488e-04
0.00084         	-1.07002488e-04
0.000842        	-1.07002488e-04
0.000844        	-1.07002488e-04
0.000846        	-1.07002488e-04
0.000848        	-1.07002488e-04
0.00085         	-1.07002488e-04
0.000852        	-1.07002488e-04
0.000854        	-1.07002488e-04
0.000856        	-1.07002488e-04
0.000858        	-1.07002488e-04
0.00086         	-1.07002488e-04
0.000862        	-1.07002488e-04
0.000864        	-1.07002488e-04
0.000866        	-1.07002488e-04
0.000868        	-1.07002488e-04
0.00087         	-1.07002488e-04
0.000872        	-1.07002488e-04
0.000874        	-1.07002488e-04
0.000876        	-1.07002488e-04
0.000878        	-1.07002488e-04
0.00088         	-1.07002488e-04
0.000882        	-1.07002488e-04
0.000884        	-1.07002488e-04
0.000886        	-1.07002488e-04
0.000888        	-1.07002488e-04
0.00089         	-1.07002488e-04
0.000892        	-1.07002488e-04
0.000894        	-1.07002488e-04
0.000896        	-1.07002488e-04
0.000898        	-1.07002488e-04
0.0009          	-1.07002488e-04
0.000902        	-1.07002488e-04
0.000904        	-1.07002488e-04
0.000906        	-1.07002488e-04
0.000908        	-1.07002488e-04
0.00091         	-1.07002488e-04
0.000911957     	-1.07002488e-04
0.000913913     	-1.07002488e-04
0.00091587      	-1.07002488e-04
0.000917826     	-1.07002488e-04
0.000919783     	-1.07002488e-04
0.000921788     	-1.07002488e-04
0.000923793     	-1.07002488e-04
0.000925799     	-1.07002488e-04
0.000927804     	-1.07002488e-04
0.00092981      	-1.07002488e-04
0.000931815     	-1.07002488e-04
0.000933821     	-1.07002488e-04
0.000935826     	-1.07002488e-04
0.000937832     	-1.07002488e-04
0.000939774     	-1.07002488e-04
0.000941717     	-1.07002488e-04
0.00094366      	-1.07002488e-04
0.000945603     	-1.07002488e-04
0.000947545     	-1.07002488e-04
0.000949488     	-1.07002488e-04
0.000951431     	-1.07002488e-04
0.000953374     	-1.07002488e-04
0.000955401     	-1.07002488e-04
0.000957428     	-1.07002488e-04
0.000959455     	-1.07002488e-04
0.000961483     	-1.07002488e-04
0.00096351      	-1.07002489e-04
0.000965537     	-1.07002489e-04
0.000967564     	-1.07002489e-04
0.000969592     	-1.07002489e-04
0.000971619     	-1.07002489e-04
0.000973646     	-1.07002489e-04
0.000975673     	-1.07002489e-04
0.0009777       	-1.07002489e-04
0.000979728     	-1.07002489e-04
0.000981755     	-1.07002489e-04
0.000983782     	-1.07002489e-04
0.000985809     	-1.07002489e-04
0.000987837     	-1.07002489e-04
0.000989864     	-1.07002489e-04
0.000991891     	-1.07002489e-04
0.000993918     	-1.07002489e-04
0.000995946     	-1.07002489e-04
0.000997973     	-1.07002489e-04
0.001           	-1.07002489e-04
0.001002        	-1.07002489e-04
0.001004        	-1.07002489e-04
0.001006        	-1.07002489e-04
0.001008        	-1.07002489e-04
0.00101         	-1.07002489e-04
0.001012        	-1.07002489e-04
0.001014        	-1.07002489e-04
0.001016        	-1.07002489e-04
0.001018        	-1.07002489e-04
0.00102         	-1.07002489e-04
0.001022        	-1.07002489e-04
0.001024        	-1.07002489e-04
0.001026        	-1.07002489e-04
0.001028        	-1.07002489e-04
0.00103         	-1.07002489e-04
0.001032        	-1.07002489e-04
0.001034        	-1.07002489e-04
0.001036        	-1.07002489e-04
0.001038        	-1.07002489e-04
0.00104         	-1.07002489e-04
0.001042        	-1.07002489e-04
0.001044        	-1.07002489e-04
0.001046        	-1.07002489e-04
0.001048        	-1.07002489e-04
0.00105         	-1.07002489e-04
0.001052        	-1.07002489e-04
0.001054        	-1.07002489e-04
0.001056        	-1.07002489e-04
0.001058        	-1.07002489e-04
0.00106         	-1.07002489e-04
0.001062        	-1.07002489e-04
0.001064        	-1.07002489e-04
0.001066        	-1.07002489e-04
0.001068        	-1.07002489e-04
0.00107         	-1.07002489e-04
0.001072        	-1.07002489e-04
0.001074        	-1.07002489e-04
0.001076        	-1.07002489e-04
0.001078        	-1.07002489e-04
0.00108         	-1.07002489e-04
0.001082        	-1.07002489e-04
0.001084        	-1.07002489e-04
0.001086        	-1.07002489e-04
0.001088        	-1.07002489e-04
0.00109         	-1.07002489e-04
0.001092        	-1.07002489e-04
0.001094        	-1.07002489e-04
0.001096        	-1.07002489e-04
0.001098        	-1.07002489e-04
0.0011          	-1.07002489e-04
0.001102        	-1.07002489e-04
0.001104        	-1.07002489e-04
0.001106        	-1.07002489e-04
0.001108        	-1.07002489e-04
0.00111         	-1.07002489e-04
0.001112        	-1.07002489e-04
0.001114        	-1.07002489e-04
0.001116        	-1.07002489e-04
0.001118        	-1.07002489e-04
0.00112         	-1.07002489e-04
0.001122        	-1.07002489e-04
0.001124        	-1.07002489e-04
0.001126        	-1.07002489e-04
0.001128        	-1.07002489e-04
0.00113         	-1.07002489e-04
0.001132        	-1.07002489e-04
0.001134        	-1.07002489e-04
0.001136        	-1.07002489e-04
0.001138        	-1.07002489e-04
0.00114         	-1.07002489e-04
0.001142        	-1.07002489e-04
0.001144        	-1.07002489e-04
0.001146        	-1.07002489e-04
0.001148        	-1.07002489e-04
0.00115         	-1.07002489e-04
0.001152        	-1.07002489e-04
0.001154        	-1.07002489e-04
0.001156        	-1.07002489e-04
0.001158        	-1.07002489e-04
0.00116         	-1.07002489e-04
0.001162        	-1.07002489e-04
0.001164        	-1.07002489e-04
0.001166        	-1.07002489e-04
0.001168        	-1.07002489e-04
0.00117         	-1.07002489e-04
0.001172        	-1.07002489e-04
0.001174        	-1.07002489e-04
0.001176        	-1.07002489e-04
0.001178        	-1.07002489e-04
0.00118         	-1.07002489e-04
0.001182        	-1.07002489e-04
0.001184        	-1.07002489e-04
0.001186        	-1.07002489e-04
0.001188        	-1.07002489e-04
0.00119         	-1.07002489e-04
0.001192        	-1.07002489e-04
0.001194        	-1.07002489e-04
0.001196        	-1.07002489e-04
0.001198        	-1.07002489e-04
0.0012          	-1.07002489e-04
0.001202        	-1.07002489e-04
0.001204        	-1.07002489e-04
0.001206        	-1.07002489e-04
0.001208        	-1.07002489e-04
0.00121         	-1.07002489e-04
0.001212        	-1.07002489e-04
0.001214        	-1.07002489e-04
0.001216        	-1.07002489e-04
0.001218        	-1.07002489e-04
0.00122         	-1.07002489e-04
0.001222        	-1.07002489e-04
0.001224        	-1.07002489e-04
0.001226        	-1.07002489e-04
0.001228        	-1.07002489e-04
0.00123         	-1.07002489e-04
0.001232        	-1.07002489e-04
0.001234        	-1.07002489e-04
0.001236        	-1.07002489e-04
0.001238        	-1.07002489e-04
0.00124         	-1.07002489e-04
0.001242        	-1.07002489e-04
0.001244        	-1.07002489e-04
0.001246        	-1.07002489e-04
0.001248        	-1.07002489e-04
0.00125         	-1.07002489e-04
0.001252        	-1.07002489e-04
0.001254        	-1.07002489e-04
0.001256        	-1.07002489e-04
0.001258        	-1.07002489e-04
0.00126         	-1.07002489e-04
0.001262        	-1.07002489e-04
0.001264        	-1.07002489e-04
0.001266        	-1.07002489e-04
0.001268        	-1.07002489e-04
0.00127         	-1.07002489e-04
0.001272        	-1.07002489e-04
0.001274        	-1.07002489e-04
0.001276        	-1.07002489e-04
0.001278        	-1.07002489e-04
0.00128         	-1.07002489e-04
0.001282        	-1.07002489e-04
0.001284        	-1.07002489e-04
0.001286        	-1.07002489e-04
0.001288        	-1.07002489e-04
0.00129         	-1.07002489e-04
0.001292        	-1.07002489e-04
0.001294        	-1.07002489e-04
0.001296        	-1.07002489e-04
0.001298        	-1.07002489e-04
0.0013          	-1.07002489e-04
0.001302        	-1.07002489e-04
0.001304        	-1.07002489e-04
0.001306        	-1.07002489e-04
0.001308        	-1.07002489e-04
0.00131         	-1.07002489e-04
0.001312        	-1.07002489e-04
0.001314        	-1.07002489e-04
0.001316        	-1.07002489e-04
0.001318        	-1.07002489e-04
0.00132         	-1.07002489e-04
0.001322        	-1.07002489e-04
0.001324        	-1.07002489e-04
0.001326        	-1.07002489e-04
0.001328        	-1.07002489e-04
0.00133         	-1.07002489e-04
0.001332        	-1.07002489e-04
0.001334        	-1.07002489e-04
0.001336        	-1.07002489e-04
0.001338        	-1.07002489e-04
0.00134         	-1.07002489e-04
0.001342        	-1.07002488e-04
0.001344        	-1.07002488e-04
0.001346        	-1.07002488e-04
0.001348        	-1.07002488e-04
0.00135         	-1.07002488e-04
0.001352        	-1.07002488e-04
0.001354        	-1.07002488e-04
0.001356        	-1.07002488e-04
0.001358        	-1.07002488e-04
0.00136         	-1.07002488e-04
0.001362        	-1.07002488e-04
0.001364        	-1.07002488e-04
0.001366        	-1.07002488e-04
0.001368        	-1.07002488e-04
0.00137         	-1.07002488e-04
0.001372        	-1.07002488e-04
0.001374        	-1.07002488e-04
0.001376        	-1.07002488e-04
0.001378        	-1.07002488e-04
0.00138         	-1.07002488e-04
0.001382        	-1.07002488e-04
0.001384        	-1.07002488e-04
0.001386        	-1.07002488e-04
0.001388        	-1.07002488e-04
0.00139         	-1.07002488e-04
0.001392        	-1.07002488e-04
0.001394        	-1.07002488e-04
0.001396        	-1.07002488e-04
0.001398        	-1.07002488e-04
0.0014          	-1.07002488e-04
0.001402        	-1.07002488e-04
0.001404        	-1.07002488e-04
0.001406        	-1.07002488e-04
0.001408        	-1.07002488e-04
0.00141         	-1.07002488e-04
0.001412        	-1.07002488e-04
0.001414        	-1.07002488e-04
0.001416        	-1.07002488e-04
0.001418        	-1.07002488e-04
0.00142         	-1.07002488e-04
0.001422        	-1.07002488e-04
0.001424        	-1.07002488e-04
0.001426        	-1.07002488e-04
0.001428        	-1.07002488e-04
0.00143         	-1.07002488e-04
0.001432        	-1.07002488e-04
0.001434        	-1.07002488e-04
0.001436        	-1.07002488e-04
0.001438        	-1.07002488e-04
0.00144         	-1.07002488e-04
0.001442        	-1.07002488e-04
0.001444        	-1.07002488e-04
0.001446        	-1.07002488e-04
0.001448        	-1.07002488e-04
0.00145         	-1.07002488e-04
0.001452        	-1.07002488e-04
0.001454        	-1.07002488e-04
0.001456        	-1.07002488e-04
0.001458        	-1.07002488e-04
0.00146         	-1.07002488e-04
0.001462        	-1.07002488e-04
0.001464        	-1.07002488e-04
0.001466        	-1.07002488e-04
0.001468        	-1.07002488e-04
0.00147         	-1.07002488e-04
0.001472        	-1.07002488e-04
0.001474        	-1.07002488e-04
0.001476        	-1.07002488e-04
0.001478        	-1.07002488e-04
0.00148         	-1.07002488e-04
0.001482        	-1.07002488e-04
0.001484        	-1.07002488e-04
0.001486        	-1.07002488e-04
0.001488        	-1.07002488e-04
0.00149         	-1.07002488e-04
0.001492        	-1.07002488e-04
0.001494        	-1.07002488e-04
0.001496        	-1.07002488e-04
0.001498        	-1.07002488e-04
0.0015          	-1.07002488e-04
0.001502        	-1.07002488e-04
0.001504        	-1.07002488e-04
0.001506        	-1.07002488e-04
0.001508        	-1.07002488e-04
0.00151         	-1.07002488e-04
0.001512        	-1.07002488e-04
0.001514        	-1.07002488e-04
0.001516        	-1.07002488e-04
0.001518        	-1.07002488e-04
0.00152         	-1.07002488e-04
0.001522        	-1.07002488e-04
0.001524        	-1.07002488e-04
0.001526        	-1.07002488e-04
0.001528        	-1.07002488e-04
0.00153         	-1.07002488e-04
0.001532        	-1.07002488e-04
0.001534        	-1.07002488e-04
0.001536        	-1.07002488e-04
0.001538        	-1.07002488e-04
0.00154         	-1.07002488e-04
0.001542        	-1.07002488e-04
0.001544        	-1.07002488e-04
0.001546        	-1.07002488e-04
0.001548        	-1.07002488e-04
0.00155         	-1.07002488e-04
0.001552        	-1.07002488e-04
0.001554        	-1.07002488e-04
0.001556        	-1.07002488e-04
0.001558        	-1.07002488e-04
0.00156         	-1.07002488e-04
0.001562        	-1.07002488e-04
0.001564        	-1.07002488e-04
0.001566        	-1.07002488e-04
0.001568        	-1.07002488e-04
0.00157         	-1.07002488e-04
0.001572        	-1.07002488e-04
0.001574        	-1.07002488e-04
0.001576        	-1.07002488e-04
0.001578        	-1.07002488e-04
0.00158         	-1.07002488e-04
0.001582        	-1.07002488e-04
0.001584        	-1.07002488e-04
0.001586        	-1.07002488e-04
0.001588        	-1.07002488e-04
0.00159         	-1.07002488e-04
0.001592        	-1.07002488e-04
0.001594        	-1.07002488e-04
0.001596        	-1.07002488e-04
0.001598        	-1.07002488e-04
0.0016          	-1.07002488e-04
0.001602        	-1.07002488e-04
0.001604        	-1.07002488e-04
0.001606        	-1.07002488e-04
0.001608        	-1.07002488e-04
0.00161         	-1.07002488e-04
0.001612        	-1.07002488e-04
0.001614        	-1.07002488e-04
0.001616        	-1.07002488e-04
0.001618        	-1.07002488e-04
0.00162         	-1.07002488e-04
0.001622        	-1.07002488e-04
0.001624        	-1.07002488e-04
0.001626        	-1.07002488e-04
0.001628        	-1.07002488e-04
0.00163         	-1.07002488e-04
0.001632        	-1.07002488e-04
0.001634        	-1.07002488e-04
0.001636        	-1.07002488e-04
0.001638        	-1.07002488e-04
0.00164         	-1.07002488e-04
0.001642        	-1.07002488e-04
0.001644        	-1.07002488e-04
0.001646        	-1.07002488e-04
0.001648        	-1.07002488e-04
0.00165         	-1.07002488e-04
0.001652        	-1.07002488e-04
0.001654        	-1.07002488e-04
0.001656        	-1.07002488e-04
0.001658        	-1.07002488e-04
0.00166         	-1.07002488e-04
0.001662        	-1.07002488e-04
0.001664        	-1.07002488e-04
0.001666        	-1.07002488e-04
0.001668        	-1.07002488e-04
0.00167         	-1.07002488e-04
0.001672        	-1.07002488e-04
0.001674        	-1.07002488e-04
0.001676        	-1.07002488e-04
0.001678        	-1.07002488e-04
0.00168         	-1.07002488e-04
0.001682        	-1.07002488e-04
0.001684        	-1.07002488e-04
0.001686        	-1.07002488e-04
0.001688        	-1.07002488e-04
0.00169         	-1.07002488e-04
0.001692        	-1.07002488e-04
0.001694        	-1.07002488e-04
0.001696        	-1.07002488e-04
0.001698        	-1.07002488e-04
0.0017          	-1.07002488e-04
0.001702        	-1.07002488e-04
0.001704        	-1.07002488e-04
0.001706        	-1.07002488e-04
0.001708        	-1.07002488e-04
0.00171         	-1.07002488e-04
0.001712        	-1.07002488e-04
0.001714        	-1.07002488e-04
0.001716        	-1.07002488e-04
0.001718        	-1.07002488e-04
0.00172         	-1.07002488e-04
0.001722        	-1.07002488e-04
0.001724        	-1.07002488e-04
0.001726        	-1.07002488e-04
0.001728        	-1.07002488e-04
0.00173         	-1.07002488e-04
0.001732        	-1.07002488e-04
0.001734        	-1.07002488e-04
0.001736        	-1.07002488e-04
0.001738        	-1.07002488e-04
0.00174         	-1.07002488e-04
0.001742        	-1.07002488e-04
0.001744        	-1.07002488e-04
0.001746        	-1.07002488e-04
0.001748        	-1.07002488e-04
0.00175         	-1.07002488e-04
0.001752        	-1.07002488e-04
0.001754        	-1.07002488e-04
0.001756        	-1.07002488e-04
0.001758        	-1.07002488e-04
0.00176         	-1.07002488e-04
0.001762        	-1.07002488e-04
0.001764        	-1.07002488e-04
0.001766        	-1.07002488e-04
0.001768        	-1.07002488e-04
0.00177         	-1.07002488e-04
0.001772        	-1.07002488e-04
0.001774        	-1.07002488e-04
0.001776        	-1.07002488e-04
0.001778        	-1.07002488e-04
0.00178         	-1.07002488e-04
0.001782        	-1.07002488e-04
0.001784        	-1.07002488e-04
0.001786        	-1.07002488e-04
0.001788        	-1.07002488e-04
0.00179         	-1.07002488e-04
0.001792        	-1.07002488e-04
0.001794        	-1.07002488e-04
0.001796        	-1.07002488e-04
0.001798        	-1.07002488e-04
0.0018          	-1.07002488e-04
0.001802        	-1.07002488e-04
0.001804        	-1.07002488e-04
0.001806        	-1.07002488e-04
0.001808        	-1.07002488e-04
0.00181         	-1.07002488e-04
0.001812        	-1.07002488e-04
0.001814        	-1.07002488e-04
0.001816        	-1.07002488e-04
0.001818        	-1.07002488e-04
0.00182         	-1.07002488e-04
0.001822        	-1.07002488e-04
0.001824        	-1.07002488e-04
0.001826        	-1.07002488e-04
0.001828        	-1.07002488e-04
0.00183         	-1.07002488e-04
0.001832        	-1.07002488e-04
0.001834        	-1.07002488e-04
0.001836        	-1.07002488e-04
0.001838        	-1.07002488e-04
0.00184         	-1.07002488e-04
0.001842        	-1.07002488e-04
0.001844        	-1.07002488e-04
0.001846        	-1.07002488e-04
0.001848        	-1.07002488e-04
0.00185         	-1.07002488e-04
0.001852        	-1.07002488e-04
0.001854        	-1.07002488e-04
0.001856        	-1.07002488e-04
0.001858        	-1.07002488e-04
0.00186         	-1.07002488e-04
0.001862        	-1.07002488e-04
0.001864        	-1.07002488e-04
0.001866        	-1.07002488e-04
0.001868        	-1.07002488e-04
0.00187         	-1.07002488e-04
0.001872        	-1.07002488e-04
0.001874        	-1.07002488e-04
0.001876        	-1.07002488e-04
0.001878        	-1.07002488e-04
0.00188         	-1.07002488e-04
0.001882        	-1.07002488e-04
0.001884        	-1.07002488e-04
0.001886        	-1.07002488e-04
0.001888        	-1.07002488e-04
0.00189         	-1.07002488e-04
0.001892        	-1.07002488e-04
0.001894        	-1.07002488e-04
0.001896        	-1.07002488e-04
0.001898        	-1.07002488e-04
0.0019          	-1.07002488e-04
0.001902        	-1.07002488e-04
0.001904        	-1.07002488e-04
0.001906        	-1.07002488e-04
0.001908        	-1.07002488e-04
0.00191         	-1.07002488e-04
0.001912        	-1.07002488e-04
0.001914        	-1.07002488e-04
0.001916        	-1.07002488e-04
0.001918        	-1.07002488e-04
0.00192         	-1.07002488e-04
0.001922        	-1.07002488e-04
0.001924        	-1.07002488e-04
0.001926        	-1.07002488e-04
0.001928        	-1.07002488e-04
0.00193         	-1.07002488e-04
0.001932        	-1.07002488e-04
0.001934        	-1.07002488e-04
0.001936        	-1.07002488e-04
0.001938        	-1.07002488e-04
0.00194         	-1.07002488e-04
0.001942        	-1.07002488e-04
0.001944        	-1.07002488e-04
0.001946        	-1.07002488e-04
0.001948        	-1.07002488e-04
0.00195         	-1.07002488e-04
0.001952        	-1.07002488e-04
0.001954        	-1.07002488e-04
0.001956        	-1.07002488e-04
0.001958        	-1.07002488e-04
0.00196         	-1.07002488e-04
0.001962        	-1.07002488e-04
0.001964        	-1.07002488e-04
0.001966        	-1.07002488e-04
0.001968        	-1.07002488e-04
0.00197         	-1.07002488e-04
0.001972        	-1.07002488e-04
0.001974        	-1.07002488e-04
0.001976        	-1.07002488e-04
0.001978        	-1.07002488e-04
0.00198         	-1.07002488e-04
0.001982        	-1.07002488e-04
0.001984        	-1.07002488e-04
0.001986        	-1.07002488e-04
0.001988        	-1.07002488e-04
0.00199         	-1.07002488e-04
0.001992        	-1.07002488e-04
0.001994        	-1.07002488e-04
0.001996        	-1.07002488e-04
0.001998        	-1.07002488e-04
0.002           	-1.07002488e-04
0.002002        	-1.07002488e-04
0.002004        	-1.07002488e-04
0.002006        	-1.07002488e-04
0.002008        	-1.07002488e-04
0.00201         	-1.07002488e-04
0.002012        	-1.07002488e-04
0.002014        	-1.07002488e-04
0.002016        	-1.07002488e-04
0.002018        	-1.07002488e-04
0.00202         	-1.07002488e-04
0.002022        	-1.07002488e-04
0.002024        	-1.07002488e-04
0.002026        	-1.07002488e-04
0.002028        	-1.07002488e-04
0.00203         	-1.07002488e-04
0.002032        	-1.07002488e-04
0.002034        	-1.07002488e-04
0.002036        	-1.07002488e-04
0.002038        	-1.07002488e-04
0.00204         	-1.07002488e-04
0.002042        	-1.07002488e-04
0.002044        	-1.07002488e-04
0.002046        	-1.07002488e-04
0.002048        	-1.07002488e-04
0.00205         	-1.07002488e-04
0.002052        	-1.07002488e-04
0.002054        	-1.07002488e-04
0.002056        	-1.07002488e-04
0.002058        	-1.07002488e-04
0.00206         	-1.07002488e-04
0.002062        	-1.07002488e-04
0.002064        	-1.07002488e-04
0.002066        	-1.07002488e-04
0.002068        	-1.07002488e-04
0.00207         	-1.07002488e-04
0.002072        	-1.07002488e-04
0.002074        	-1.07002488e-04
0.002076        	-1.07002488e-04
0.002078        	-1.07002488e-04
0.00208         	-1.07002488e-04
0.002082        	-1.07002488e-04
0.002084        	-1.07002488e-04
0.002086        	-1.07002488e-04
0.002088        	-1.07002488e-04
0.00209         	-1.07002488e-04
0.002092        	-1.07002488e-04
0.002094        	-1.07002488e-04
0.002096        	-1.07002488e-04
0.002098        	-1.07002488e-04
0.0021          	-1.07002488e-04
0.002102        	-1.07002488e-04
0.002104        	-1.07002488e-04
0.002106        	-1.07002488e-04
0.002108        	-1.07002488e-04
0.00211         	-1.07002488e-04
0.002112        	-1.07002488e-04
0.002114        	-1.07002488e-04
0.002116        	-1.07002488e-04
0.002118        	-1.07002488e-04
0.00212         	-1.07002488e-04
0.002122        	-1.07002488e-04
0.002124        	-1.07002488e-04
0.002126        	-1.07002488e-04
0.002128        	-1.07002488e-04
0.00213         	-1.07002488e-04
0.002132        	-1.07002488e-04
0.002134        	-1.07002488e-04
0.002136        	-1.07002488e-04
0.002138        	-1.07002488e-04
0.00214         	-1.07002488e-04
0.002142        	-1.07002488e-04
0.002144        	-1.07002488e-04
0.002146        	-1.07002488e-04
0.002148        	-1.07002488e-04
0.00215         	-1.07002488e-04
0.002152        	-1.07002488e-04
0.002154        	-1.07002488e-04
0.002156        	-1.07002488e-04
0.002158        	-1.07002488e-04
0.00216         	-1.07002488e-04
0.002162        	-1.07002488e-04
0.002164        	-1.07002488e-04
0.002166        	-1.07002488e-04
0.002168        	-1.07002488e-04
0.00217         	-1.07002488e-04
0.002172        	-1.07002488e-04
0.002174        	-1.07002488e-04
0.002176        	-1.07002488e-04
0.002178        	-1.07002488e-04
0.00218         	-1.07002488e-04
0.002182        	-1.07002488e-04
0.002184        	-1.07002488e-04
0.002186        	-1.07002488e-04
0.002188        	-1.07002488e-04
0.00219         	-1.07002488e-04
0.002192        	-1.07002488e-04
0.002194        	-1.07002488e-04
0.002196        	-1.07002488e-04
0.002198        	-1.07002488e-04
0.0022          	-1.07002488e-04
0.002202        	-1.07002488e-04
0.002204        	-1.07002488e-04
0.002206        	-1.07002488e-04
0.002208        	-1.07002488e-04
0.00221         	-1.07002488e-04
0.002212        	-1.07002488e-04
0.002214        	-1.07002488e-04
0.002216        	-1.07002488e-04
0.002218        	-1.07002488e-04
0.00222         	-1.07002488e-04
0.002222        	-1.07002488e-04
0.002224        	-1.07002488e-04
0.002226        	-1.07002488e-04
0.002228        	-1.07002488e-04
0.00223         	-1.07002488e-04
0.002232        	-1.07002488e-04
0.002234        	-1.07002488e-04
0.002236        	-1.07002488e-04
0.002238        	-1.07002488e-04
0.00224         	-1.07002488e-04
0.002242        	-1.07002488e-04
0.002244        	-1.07002488e-04
0.002246        	-1.07002488e-04
0.002248        	-1.07002488e-04
0.00225         	-1.07002488e-04
0.002252        	-1.07002488e-04
0.002254        	-1.07002488e-04
0.002256        	-1.07002488e-04
0.002258        	-1.07002488e-04
0.00226         	-1.07002488e-04
0.002262        	-1.07002488e-04
0.002264        	-1.07002488e-04
0.002266        	-1.07002488e-04
0.002268        	-1.07002488e-04
0.00227         	-1.07002488e-04
0.002272        	-1.07002488e-04
0.002274        	-1.07002488e-04
0.002276        	-1.07002488e-04
0.002278        	-1.07002488e-04
0.00228         	-1.07002488e-04
0.002282        	-1.07002488e-04
0.002284        	-1.07002488e-04
0.002286        	-1.07002488e-04
0.002288        	-1.07002488e-04
0.00229         	-1.07002488e-04
0.002292        	-1.07002488e-04
0.002294        	-1.07002488e-04
0.002296        	-1.07002488e-04
0.002298        	-1.07002488e-04
0.0023          	-1.07002488e-04
0.002302        	-1.07002488e-04
0.002304        	-1.07002488e-04
0.002306        	-1.07002488e-04
0.002308        	-1.07002488e-04
0.00231         	-1.07002488e-04
0.002312        	-1.07002488e-04
0.002314        	-1.07002488e-04
0.002316        	-1.07002488e-04
0.002318        	-1.07002488e-04
0.00232         	-1.07002488e-04
0.002322        	-1.07002488e-04
0.002324        	-1.07002488e-04
0.002326        	-1.07002488e-04
0.002328        	-1.07002488e-04
0.00233         	-1.07002488e-04
0.002332        	-1.07002488e-04
0.002334        	-1.07002488e-04
0.002336        	-1.07002488e-04
0.002338        	-1.07002488e-04
0.00234         	-1.07002488e-04
0.002342        	-1.07002488e-04
0.002344        	-1.07002488e-04
0.002346        	-1.07002488e-04
0.002348        	-1.07002488e-04
0.00235         	-1.07002488e-04
0.002352        	-1.07002488e-04
0.002354        	-1.07002488e-04
0.002356        	-1.07002488e-04
0.002358        	-1.07002488e-04
0.00236         	-1.07002488e-04
0.002362        	-1.07002488e-04
0.002364        	-1.07002488e-04
0.002366        	-1.07002488e-04
0.002368        	-1.07002488e-04
0.00237         	-1.07002488e-04
0.002372        	-1.07002488e-04
0.002374        	-1.07002488e-04
0.002376        	-1.07002488e-04
0.00237785      	-1.07002488e-04
0.00237969      	-1.07002488e-04
0.00238154      	-1.07002488e-04
0.00238338      	-1.07002488e-04
0.00238523      	-1.07002488e-04
0.00238708      	-1.07002488e-04
0.00238892      	-1.07002488e-04
0.00239077      	-1.07002488e-04
0.00239262      	-1.07002488e-04
0.00239446      	-1.07002488e-04
0.00239631      	-1.07002488e-04
0.00239815      	-1.07002488e-04
0.0024          	-1.07002488e-04
0.00240179      	-1.07002488e-04
0.00240357      	-1.07002488e-04
0.00240534      	-1.07002488e-04
0.00240711      	-1.07002488e-04
0.00240886      	-1.07002488e-04
0.00241062      	-1.07002488e-04
0.00241236      	-1.07002488e-04
0.00241409      	-1.07002488e-04
0.00241583      	-1.07002488e-04
0.00241755      	-1.07002488e-04
0.00241927      	-1.07002488e-04
0.00242098      	-1.07002488e-04
0.00242268      	-1.07002488e-04
0.00242437      	-1.07002488e-04
0.00242606      	-1.07002488e-04
0.00242775      	-1.07002488e-04
0.00242942      	-1.07002488e-04
0.00243109      	-1.07002488e-04
0.00243277      	-1.07002488e-04
0.00243442      	-1.07002488e-04
0.00243608      	-1.07002488e-04
0.00243772      	-1.07002488e-04
0.00243936      	-1.07002488e-04
0.00244099      	-1.07002488e-04
0.00244262      	-1.07002488e-04
0.00244424      	-1.07002488e-04
0.00244586      	-1.07002488e-04
0.00244747      	-1.07002488e-04
0.00244907      	-1.07002488e-04
0.00245068      	-1.07002488e-04
0.00245227      	-1.07002488e-04
0.00245386      	-1.07002488e-04
0.00245544      	-1.07002488e-04
0.00245703      	-1.07002488e-04
0.0024586       	-1.07002488e-04
0.00246018      	-1.07002488e-04
0.00246175      	-1.07002488e-04
0.00246332      	-1.07002488e-04
0.00246487      	-1.07002488e-04
0.00246642      	-1.07002488e-04
0.00246798      	-1.07002488e-04
0.00246953      	-1.07002488e-04
0.00247108      	-1.07002488e-04
0.00247262      	-1.07002488e-04
0.00247415      	-1.07002488e-04
0.00247569      	-1.07002488e-04
0.00247722      	-1.07002488e-04
0.00247876      	-1.07002488e-04
0.00248027      	-1.07002488e-04
0.00248179      	-1.07002488e-04
0.0024833       	-1.07002488e-04
0.00248482      	-1.07002488e-04
0.00248633      	-1.07002488e-04
0.00248785      	-1.07002488e-04
0.00248937      	-1.07002488e-04
0.00249088      	-1.07002488e-04
0.0024924       	-1.07002488e-04
0.00249391      	-1.07002488e-04
0.00249543      	-1.07002488e-04
0.00249694      	-1.07002488e-04
0.00249846      	-1.07002488e-04
0.00249997      	-1.07002488e-04
0.00250149      	-1.07002488e-04
0.00250301      	-1.07002488e-04
0.00250452      	-1.07002488e-04
0.00250604      	-1.07002488e-04
0.00250755      	-1.07002488e-04
0.00250907      	-1.07002488e-04
0.00251058      	-1.07002488e-04
0.0025121       	-1.07002488e-04
0.00251361      	-1.07002488e-04
0.00251513      	-1.07002488e-04
0.00251665      	-1.07002488e-04
0.00251816      	-1.07002488e-04
0.00251968      	-1.07002488e-04
0.00252119      	-1.07002488e-04
0.00252271      	-1.07002488e-04
0.00252419      	-1.07002488e-04
0.00252568      	-1.07002488e-04
0.00252717      	-1.07002488e-04
0.00252865      	-1.07002488e-04
0.00253014      	-1.07002488e-04
0.00253163      	-1.07002488e-04
0.00253311      	-1.07002488e-04
0.0025346       	-1.07002488e-04
0.00253609      	-1.07002488e-04
0.00253757      	-1.07002488e-04
0.00253906      	-1.07002488e-04
0.00254051      	-1.07002488e-04
0.00254196      	-1.07002488e-04
0.00254341      	-1.07002488e-04
0.00254486      	-1.07002488e-04
0.00254631      	-1.07002488e-04
0.00254776      	-1.07002488e-04
0.00254922      	-1.07002488e-04
0.00255067      	-1.07002488e-04
0.00255212      	-1.07002488e-04
0.00255357      	-1.07002488e-04
0.00255498      	-1.07002488e-04
0.00255638      	-1.07002488e-04
0.00255779      	-1.07002488e-04
0.0025592       	-1.07002488e-04
0.0025606       	-1.07002488e-04
0.00256201      	-1.07002488e-04
0.00256342      	-1.07002488e-04
0.00256482      	-1.07002488e-04
0.00256623      	-1.07002488e-04
0.00256764      	-1.07002488e-04
0.00256905      	-1.07002488e-04
0.00257045      	-1.07002488e-04
0.00257186      	-1.07002488e-04
0.00257327      	-1.07002488e-04
0.00257467      	-1.07002488e-04
0.00257608      	-1.07002488e-04
0.00257749      	-1.07002488e-04
0.00257889      	-1.07002488e-04
0.0025803       	-1.07002488e-04
0.00258171      	-1.07002488e-04
0.00258312      	-1.07002488e-04
0.00258452      	-1.07002488e-04
0.00258593      	-1.07002488e-04
0.00258734      	-1.07002488e-04
0.00258874      	-1.07002488e-04
0.00259015      	-1.07002488e-04
0.00259156      	-1.07002488e-04
0.00259296      	-1.07002488e-04
0.00259437      	-1.07002488e-04
0.00259578      	-1.07002488e-04
0.00259719      	-1.07002488e-04
0.00259859      	-1.07002488e-04
0.0026          	-1.07002488e-04
0.00260132      	-1.07002488e-04
0.00260262      	-1.07002488e-04
0.00260393      	-1.07002488e-04
0.00260523      	-1.07002488e-04
0.00260653      	-1.07002488e-04
0.00260783      	-1.07002488e-04
0.00260912      	-1.07002488e-04
0.00261041      	-1.07002488e-04
0.00261169      	-1.07002488e-04
0.00261298      	-1.07002488e-04
0.00261426      	-1.07002488e-04
0.00261554      	-1.07002488e-04
0.00261681      	-1.07002488e-04
0.00261808      	-1.07002488e-04
0.00261935      	-1.07002488e-04
0.00262062      	-1.07002488e-04
0.00262188      	-1.07002488e-04
0.00262314      	-1.07002488e-04
0.0026244       	-1.07002488e-04
0.00262565      	-1.07002488e-04
0.00262691      	-1.07002488e-04
0.00262816      	-1.07002488e-04
0.00262941      	-1.07002488e-04
0.00263065      	-1.07002488e-04
0.0026319       	-1.07002488e-04
0.00263314      	-1.07002488e-04
0.00263439      	-1.07002488e-04
0.00263562      	-1.07002488e-04
0.00263686      	-1.07002488e-04
0.00263809      	-1.07002488e-04
0.00263933      	-1.07002488e-04
0.00264057      	-1.07002488e-04
0.0026418       	-1.07002488e-04
0.00264304      	-1.07002488e-04
0.00264427      	-1.07002488e-04
0.00264551      	-1.07002488e-04
0.00264674      	-1.07002488e-04
0.00264796      	-1.07002488e-04
0.00264919      	-1.07002488e-04
0.00265041      	-1.07002488e-04
0.00265164      	-1.07002488e-04
0.00265287      	-1.07002488e-04
0.00265409      	-1.07002488e-04
0.00265532      	-1.07002488e-04
0.00265656      	-1.07002488e-04
0.00265779      	-1.07002488e-04
0.00265903      	-1.07002488e-04
0.00266027      	-1.07002488e-04
0.0026615       	-1.07002488e-04
0.00266274      	-1.07002488e-04
0.00266398      	-1.07002488e-04
0.00266521      	-1.07002488e-04
0.00266645      	-1.07002488e-04
0.00266769      	-1.07002488e-04
0.00266892      	-1.07002488e-04
0.00267016      	-1.07002488e-04
0.00267139      	-1.07002488e-04
0.00267263      	-1.07002488e-04
0.00267386      	-1.07002488e-04
0.00267508      	-1.07002488e-04
0.00267631      	-1.07002488e-04
0.00267753      	-1.07002488e-04
0.00267876      	-1.07002488e-04
0.00267998      	-1.07002488e-04
0.00268119      	-1.07002488e-04
0.0026824       	-1.07002488e-04
0.00268362      	-1.07002488e-04
0.00268483      	-1.07002488e-04
0.00268603      	-1.07002488e-04
0.00268723      	-1.07002488e-04
0.00268843      	-1.07002488e-04
0.00268963      	-1.07002488e-04
0.00269081      	-1.07002488e-04
0.002692        	-1.07002488e-04
0.00269319      	-1.07002488e-04
0.00269437      	-1.07002488e-04
0.00269555      	-1.07002488e-04
0.00269672      	-1.07002488e-04
0.0026979       	-1.07002488e-04
0.00269906      	-1.07002488e-04
0.00270022      	-1.07002488e-04
0.00270138      	-1.07002488e-04
0.00270254      	-1.07002488e-04
0.00270368      	-1.07002488e-04
0.00270483      	-1.07002488e-04
0.00270598      	-1.07002488e-04
0.00270712      	-1.07002488e-04
0.00270826      	-1.07002488e-04
0.00270939      	-1.07002488e-04
0.00271052      	-1.07002488e-04
0.00271165      	-1.07002488e-04
0.00271279      	-1.07002488e-04
0.0027139       	-1.07002488e-04
0.00271502      	-1.07002488e-04
0.00271614      	-1.07002488e-04
0.00271726      	-1.07002488e-04
0.00271838      	-1.07002488e-04
0.0027195       	-1.07002488e-04
0.0027206       	-1.07002488e-04
0.0027217       	-1.07002488e-04
0.0027228       	-1.07002488e-04
0.00272391      	-1.07002488e-04
0.00272501      	-1.07002488e-04
0.00272611      	-1.07002488e-04
0.0027272       	-1.07002488e-04
0.00272829      	-1.07002488e-04
0.00272937      	-1.07002488e-04
0.00273046      	-1.07002488e-04
0.00273155      	-1.07002488e-04
0.00273263      	-1.07002488e-04
0.00273372      	-1.07002488e-04
0.00273479      	-1.07002488e-04
0.00273586      	-1.07002488e-04
0.00273693      	-1.07002488e-04
0.00273799      	-1.07002488e-04
0.00273906      	-1.07002488e-04
0.00274013      	-1.07002488e-04
0.0027412       	-1.07002488e-04
0.00274227      	-1.07002488e-04
0.00274334      	-1.07002488e-04
0.00274439      	-1.07002488e-04
0.00274544      	-1.07002488e-04
0.00274649      	-1.07002488e-04
0.00274754      	-1.07002488e-04
0.00274859      	-1.07002488e-04
0.00274964      	-1.07002488e-04
0.00275068      	-1.07002488e-04
0.00275173      	-1.07002488e-04
0.00275278      	-1.07002488e-04
0.00275383      	-1.07002488e-04
0.00275486      	-1.07002488e-04
0.00275588      	-1.07002488e-04
0.00275691      	-1.07002488e-04
0.00275794      	-1.07002488e-04
0.00275896      	-1.07002488e-04
0.00275999      	-1.07002488e-04
0.00276101      	-1.07002488e-04
0.00276204      	-1.07002488e-04
0.00276307      	-1.07002488e-04
0.00276409      	-1.07002488e-04
0.00276512      	-1.07002488e-04
0.00276614      	-1.07002488e-04
0.00276717      	-1.07002488e-04
0.0027682       	-1.07002488e-04
0.00276922      	-1.07002488e-04
0.00277025      	-1.07002488e-04
0.00277127      	-1.07002488e-04
0.0027723       	-1.07002488e-04
0.00277333      	-1.07002488e-04
0.00277435      	-1.07002488e-04
0.00277538      	-1.07002488e-04
0.0027764       	-1.07002488e-04
0.00277743      	-1.07002488e-04
0.00277846      	-1.07002488e-04
0.00277948      	-1.07002488e-04
0.00278051      	-1.07002488e-04
0.00278153      	-1.07002488e-04
0.00278256      	-1.07002488e-04
0.00278358      	-1.07002488e-04
0.00278461      	-1.07002488e-04
0.00278564      	-1.07002488e-04
0.00278666      	-1.07002488e-04
0.00278769      	-1.07002488e-04
0.00278871      	-1.07002488e-04
0.00278974      	-1.07002488e-04
0.00279077      	-1.07002488e-04
0.00279179      	-1.07002488e-04
0.00279282      	-1.07002488e-04
0.00279384      	-1.07002488e-04
0.00279487      	-1.07002488e-04
0.0027959       	-1.07002488e-04
0.00279692      	-1.07002488e-04
0.00279795      	-1.07002488e-04
0.00279897      	-1.07002488e-04
0.0028          	-1.07002488e-04
0.00280096      	-1.07002488e-04
0.00280192      	-1.07002488e-04
0.00280288      	-1.07002488e-04
0.00280384      	-1.07002488e-04
0.00280479      	-1.07002488e-04
0.00280574      	-1.07002488e-04
0.00280669      	-1.07002488e-04
0.00280763      	-1.07002488e-04
0.00280857      	-1.07002488e-04
0.00280951      	-1.07002488e-04
0.00281045      	-1.07002488e-04
0.00281139      	-1.07002488e-04
0.00281232      	-1.07002488e-04
0.00281325      	-1.07002488e-04
0.00281418      	-1.07002488e-04
0.0028151       	-1.07002488e-04
0.00281602      	-1.07002488e-04
0.00281694      	-1.07002488e-04
0.00281786      	-1.07002488e-04
0.00281878      	-1.07002488e-04
0.00281969      	-1.07002488e-04
0.0028206       	-1.07002488e-04
0.00282151      	-1.07002488e-04
0.00282242      	-1.07002488e-04
0.00282333      	-1.07002488e-04
0.00282424      	-1.07002488e-04
0.00282514      	-1.07002488e-04
0.00282604      	-1.07002488e-04
0.00282694      	-1.07002488e-04
0.00282785      	-1.07002488e-04
0.00282875      	-1.07002488e-04
0.00282964      	-1.07002488e-04
0.00283054      	-1.07002488e-04
0.00283144      	-1.07002488e-04
0.00283233      	-1.07002488e-04
0.00283323      	-1.07002488e-04
0.00283412      	-1.07002488e-04
0.00283501      	-1.07002488e-04
0.00283591      	-1.07002488e-04
0.0028368       	-1.07002488e-04
0.00283769      	-1.07002488e-04
0.00283858      	-1.07002488e-04
0.00283947      	-1.07002488e-04
0.00284036      	-1.07002488e-04
0.00284126      	-1.07002488e-04
0.00284215      	-1.07002488e-04
0.00284304      	-1.07002488e-04
0.00284393      	-1.07002488e-04
0.00284482      	-1.07002488e-04
0.00284572      	-1.07002488e-04
0.00284661      	-1.07002488e-04
0.0028475       	-1.07002488e-04
0.00284839      	-1.07002488e-04
0.00284928      	-1.07002488e-04
0.00285017      	-1.07002488e-04
0.00285107      	-1.07002488e-04
0.00285197      	-1.07002488e-04
0.00285287      	-1.07002488e-04
0.00285376      	-1.07002488e-04
0.00285466      	-1.07002488e-04
0.00285556      	-1.07002488e-04
0.00285645      	-1.07002488e-04
0.00285735      	-1.07002488e-04
0.00285825      	-1.07002488e-04
0.00285915      	-1.07002488e-04
0.00286004      	-1.07002488e-04
0.00286095      	-1.07002488e-04
0.00286185      	-1.07002488e-04
0.00286275      	-1.07002488e-04
0.00286366      	-1.07002488e-04
0.00286456      	-1.07002488e-04
0.00286546      	-1.07002488e-04
0.00286636      	-1.07002488e-04
0.00286727      	-1.07002488e-04
0.00286817      	-1.07002488e-04
0.00286907      	-1.07002488e-04
0.00286998      	-1.07002488e-04
0.00287089      	-1.07002488e-04
0.00287179      	-1.07002488e-04
0.0028727       	-1.07002488e-04
0.00287361      	-1.07002488e-04
0.00287452      	-1.07002488e-04
0.00287543      	-1.07002488e-04
0.00287634      	-1.07002488e-04
0.00287725      	-1.07002488e-04
0.00287816      	-1.07002488e-04
0.00287907      	-1.07002488e-04
0.00287998      	-1.07002488e-04
0.00288089      	-1.07002488e-04
0.00288181      	-1.07002488e-04
0.00288273      	-1.07002488e-04
0.00288364      	-1.07002488e-04
0.00288456      	-1.07002488e-04
0.00288548      	-1.07002488e-04
0.00288639      	-1.07002488e-04
0.00288731      	-1.07002488e-04
0.00288822      	-1.07002488e-04
0.00288914      	-1.07002488e-04
0.00289006      	-1.07002488e-04
0.00289099      	-1.07002488e-04
0.00289191      	-1.07002488e-04
0.00289284      	-1.07002488e-04
0.00289376      	-1.07002488e-04
0.00289468      	-1.07002488e-04
0.00289561      	-1.07002488e-04
0.00289653      	-1.07002488e-04
0.00289745      	-1.07002488e-04
0.00289838      	-1.07002488e-04
0.00289931      	-1.07002488e-04
0.00290024      	-1.07002488e-04
0.00290118      	-1.07002488e-04
0.00290211      	-1.07002488e-04
0.00290304      	-1.07002488e-04
0.00290397      	-1.07002488e-04
0.0029049       	-1.07002488e-04
0.00290584      	-1.07002488e-04
0.00290677      	-1.07002488e-04
0.00290771      	-1.07002488e-04
0.00290865      	-1.07002488e-04
0.00290959      	-1.07002488e-04
0.00291054      	-1.07002488e-04
0.00291148      	-1.07002488e-04
0.00291242      	-1.07002488e-04
0.00291336      	-1.07002488e-04
0.0029143       	-1.07002488e-04
0.00291524      	-1.07002488e-04
0.00291619      	-1.07002488e-04
0.00291713      	-1.07002488e-04
0.00291807      	-1.07002488e-04
0.00291901      	-1.07002488e-04
0.00291995      	-1.07002488e-04
0.00292089      	-1.07002488e-04
0.00292184      	-1.07002488e-04
0.00292278      	-1.07002488e-04
0.00292372      	-1.07002488e-04
0.00292466      	-1.07002488e-04
0.0029256       	-1.07002488e-04
0.00292655      	-1.07002488e-04
0.00292749      	-1.07002488e-04
0.00292843      	-1.07002488e-04
0.00292937      	-1.07002488e-04
0.00293031      	-1.07002488e-04
0.00293125      	-1.07002488e-04
0.00293218      	-1.07002488e-04
0.00293311      	-1.07002488e-04
0.00293404      	-1.07002488e-04
0.00293497      	-1.07002488e-04
0.0029359       	-1.07002488e-04
0.00293683      	-1.07002488e-04
0.00293776      	-1.07002488e-04
0.00293867      	-1.07002488e-04
0.00293959      	-1.07002488e-04
0.0029405       	-1.07002488e-04
0.00294142      	-1.07002488e-04
0.00294233      	-1.07002488e-04
0.00294325      	-1.07002488e-04
0.00294415      	-1.07002488e-04
0.00294505      	-1.07002488e-04
0.00294595      	-1.07002488e-04
0.00294685      	-1.07002488e-04
0.00294775      	-1.07002488e-04
0.00294865      	-1.07002488e-04
0.00294955      	-1.07002488e-04
0.00295044      	-1.07002488e-04
0.00295132      	-1.07002488e-04
0.00295221      	-1.07002488e-04
0.00295309      	-1.07002488e-04
0.00295398      	-1.07002488e-04
0.00295486      	-1.07002488e-04
0.00295575      	-1.07002488e-04
0.00295662      	-1.07002488e-04
0.00295748      	-1.07002488e-04
0.00295835      	-1.07002488e-04
0.00295922      	-1.07002488e-04
0.00296009      	-1.07002488e-04
0.00296096      	-1.07002488e-04
0.00296182      	-1.07002488e-04
0.00296269      	-1.07002488e-04
0.00296356      	-1.07002488e-04
0.00296443      	-1.07002488e-04
0.00296529      	-1.07002488e-04
0.00296616      	-1.07002488e-04
0.00296703      	-1.07002488e-04
0.0029679       	-1.07002488e-04
0.00296876      	-1.07002488e-04
0.00296963      	-1.07002488e-04
0.0029705       	-1.07002488e-04
0.00297137      	-1.07002488e-04
0.00297224      	-1.07002488e-04
0.0029731       	-1.07002488e-04
0.00297397      	-1.07002488e-04
0.00297484      	-1.07002488e-04
0.00297571      	-1.07002488e-04
0.00297657      	-1.07002488e-04
0.00297744      	-1.07002488e-04
0.00297831      	-1.07002488e-04
0.00297918      	-1.07002488e-04
0.00298004      	-1.07002488e-04
0.00298091      	-1.07002488e-04
0.00298178      	-1.07002488e-04
0.00298265      	-1.07002488e-04
0.00298351      	-1.07002488e-04
0.00298438      	-1.07002488e-04
0.00298525      	-1.07002488e-04
0.00298612      	-1.07002488e-04
0.00298699      	-1.07002488e-04
0.00298785      	-1.07002488e-04
0.00298872      	-1.07002488e-04
0.00298959      	-1.07002488e-04
0.00299046      	-1.07002488e-04
0.00299132      	-1.07002488e-04
0.00299219      	-1.07002488e-04
0.00299306      	-1.07002488e-04
0.00299393      	-1.07002488e-04
0.00299479      	-1.07002488e-04
0.00299566      	-1.07002488e-04
0.00299653      	-1.07002488e-04
0.0029974       	-1.07002488e-04
0.00299826      	-1.07002488e-04
0.00299913      	-1.07002488e-04
0.003           	-1.07002488e-04
0.00300091      	-1.07002488e-04
0.00300182      	-1.07002488e-04
0.00300273      	-1.07002488e-04
0.00300364      	-1.07002488e-04
0.00300456      	-1.07002488e-04
0.00300548      	-1.07002488e-04
0.0030064       	-1.07002488e-04
0.00300732      	-1.07002488e-04
0.00300825      	-1.07002488e-04
0.00300918      	-1.07002488e-04
0.00301011      	-1.07002488e-04
0.00301104      	-1.07002488e-04
0.00301197      	-1.07002488e-04
0.00301291      	-1.07002488e-04
0.00301385      	-1.07002488e-04
0.00301479      	-1.07002488e-04
0.00301573      	-1.07002488e-04
0.00301667      	-1.07002488e-04
0.00301762      	-1.07002488e-04
0.00301856      	-1.07002488e-04
0.00301951      	-1.07002488e-04
0.00302045      	-1.07002488e-04
0.0030214       	-1.07002488e-04
0.00302235      	-1.07002488e-04
0.0030233       	-1.07002488e-04
0.00302425      	-1.07002488e-04
0.0030252       	-1.07002488e-04
0.00302615      	-1.07002488e-04
0.0030271       	-1.07002488e-04
0.00302805      	-1.07002488e-04
0.003029        	-1.07002488e-04
0.00302995      	-1.07002488e-04
0.0030309       	-1.07002488e-04
0.00303184      	-1.07002488e-04
0.00303279      	-1.07002488e-04
0.00303373      	-1.07002488e-04
0.00303468      	-1.07002488e-04
0.00303562      	-1.07002488e-04
0.00303656      	-1.07002488e-04
0.0030375       	-1.07002488e-04
0.00303843      	-1.07002488e-04
0.00303936      	-1.07002488e-04
0.00304029      	-1.07002488e-04
0.00304121      	-1.07002488e-04
0.00304213      	-1.07002488e-04
0.00304305      	-1.07002488e-04
0.00304396      	-1.07002488e-04
0.00304487      	-1.07002488e-04
0.00304578      	-1.07002488e-04
0.00304668      	-1.07002488e-04
0.00304758      	-1.07002488e-04
0.00304848      	-1.07002488e-04
0.00304937      	-1.07002488e-04
0.00305027      	-1.07002488e-04
0.00305116      	-1.07002488e-04
0.00305204      	-1.07002488e-04
0.00305293      	-1.07002488e-04
0.00305381      	-1.07002488e-04
0.00305469      	-1.07002488e-04
0.00305557      	-1.07002488e-04
0.00305644      	-1.07002488e-04
0.00305731      	-1.07002488e-04
0.00305818      	-1.07002488e-04
0.00305905      	-1.07002488e-04
0.00305991      	-1.07002488e-04
0.00306077      	-1.07002488e-04
0.00306163      	-1.07002488e-04
0.00306249      	-1.07002488e-04
0.00306334      	-1.07002488e-04
0.0030642       	-1.07002488e-04
0.00306505      	-1.07002488e-04
0.0030659       	-1.07002488e-04
0.00306675      	-1.07002488e-04
0.0030676       	-1.07002488e-04
0.00306845      	-1.07002488e-04
0.00306929      	-1.07002488e-04
0.00307013      	-1.07002488e-04
0.00307098      	-1.07002488e-04
0.00307182      	-1.07002488e-04
0.00307266      	-1.07002488e-04
0.00307351      	-1.07002488e-04
0.00307434      	-1.07002488e-04
0.00307518      	-1.07002488e-04
0.00307602      	-1.07002488e-04
0.00307686      	-1.07002488e-04
0.00307769      	-1.07002488e-04
0.00307853      	-1.07002488e-04
0.00307936      	-1.07002488e-04
0.0030802       	-1.07002488e-04
0.00308103      	-1.07002488e-04
0.00308186      	-1.07002488e-04
0.00308269      	-1.07002488e-04
0.00308352      	-1.07002488e-04
0.00308436      	-1.07002488e-04
0.00308519      	-1.07002488e-04
0.00308602      	-1.07002488e-04
0.00308685      	-1.07002488e-04
0.00308768      	-1.07002488e-04
0.00308851      	-1.07002488e-04
0.00308934      	-1.07002488e-04
0.00309016      	-1.07002488e-04
0.00309099      	-1.07002488e-04
0.00309181      	-1.07002488e-04
0.00309264      	-1.07002488e-04
0.00309347      	-1.07002488e-04
0.00309429      	-1.07002488e-04
0.00309512      	-1.07002488e-04
0.00309594      	-1.07002488e-04
0.00309676      	-1.07002488e-04
0.00309757      	-1.07002488e-04
0.00309839      	-1.07002488e-04
0.00309921      	-1.07002488e-04
0.00310003      	-1.07002488e-04
0.00310084      	-1.07002488e-04
0.00310165      	-1.07002488e-04
0.00310246      	-1.07002488e-04
0.00310327      	-1.07002488e-04
0.00310408      	-1.07002488e-04
0.00310488      	-1.07002488e-04
0.00310568      	-1.07002488e-04
0.00310648      	-1.07002488e-04
0.00310728      	-1.07002488e-04
0.00310807      	-1.07002488e-04
0.00310887      	-1.07002488e-04
0.00310966      	-1.07002488e-04
0.00311044      	-1.07002488e-04
0.00311123      	-1.07002488e-04
0.00311202      	-1.07002488e-04
0.00311279      	-1.07002488e-04
0.00311357      	-1.07002488e-04
0.00311435      	-1.07002488e-04
0.00311512      	-1.07002488e-04
0.00311589      	-1.07002488e-04
0.00311667      	-1.07002488e-04
0.00311744      	-1.07002488e-04
0.0031182       	-1.07002488e-04
0.00311897      	-1.07002488e-04
0.00311973      	-1.07002488e-04
0.00312049      	-1.07002488e-04
0.00312125      	-1.07002488e-04
0.003122        	-1.07002488e-04
0.00312276      	-1.07002488e-04
0.00312351      	-1.07002488e-04
0.00312426      	-1.07002488e-04
0.00312501      	-1.07002488e-04
0.00312576      	-1.07002488e-04
0.00312651      	-1.07002488e-04
0.00312725      	-1.07002488e-04
0.00312799      	-1.07002488e-04
0.00312874      	-1.07002488e-04
0.00312948      	-1.07002488e-04
0.00313022      	-1.07002488e-04
0.00313096      	-1.07002488e-04
0.0031317       	-1.07002488e-04
0.00313243      	-1.07002488e-04
0.00313317      	-1.07002488e-04
0.0031339       	-1.07002488e-04
0.00313464      	-1.07002488e-04
0.00313537      	-1.07002488e-04
0.0031361       	-1.07002488e-04
0.00313684      	-1.07002488e-04
0.00313757      	-1.07002488e-04
0.00313831      	-1.07002488e-04
0.00313903      	-1.07002488e-04
0.00313976      	-1.07002488e-04
0.00314049      	-1.07002488e-04
0.00314121      	-1.07002488e-04
0.00314194      	-1.07002488e-04
0.00314266      	-1.07002488e-04
0.00314339      	-1.07002488e-04
0.00314411      	-1.07002488e-04
0.00314484      	-1.07002488e-04
0.00314557      	-1.07002488e-04
0.00314629      	-1.07002488e-04
0.00314702      	-1.07002488e-04
0.00314774      	-1.07002488e-04
0.00314847      	-1.07002488e-04
0.00314919      	-1.07002488e-04
0.00314992      	-1.07002488e-04
0.00315065      	-1.07002488e-04
0.00315137      	-1.07002488e-04
0.0031521       	-1.07002488e-04
0.00315282      	-1.07002488e-04
0.00315355      	-1.07002488e-04
0.00315428      	-1.07002488e-04
0.003155        	-1.07002488e-04
0.00315573      	-1.07002488e-04
0.00315645      	-1.07002488e-04
0.00315718      	-1.07002488e-04
0.0031579       	-1.07002488e-04
0.00315862      	-1.07002488e-04
0.00315933      	-1.07002488e-04
0.00316004      	-1.07002488e-04
0.00316076      	-1.07002488e-04
0.00316147      	-1.07002488e-04
0.00316219      	-1.07002488e-04
0.0031629       	-1.07002488e-04
0.00316361      	-1.07002488e-04
0.00316433      	-1.07002488e-04
0.00316504      	-1.07002488e-04
0.00316575      	-1.07002488e-04
0.00316647      	-1.07002488e-04
0.00316718      	-1.07002488e-04
0.00316789      	-1.07002488e-04
0.00316861      	-1.07002488e-04
0.00316932      	-1.07002488e-04
0.00317003      	-1.07002488e-04
0.00317073      	-1.07002488e-04
0.00317143      	-1.07002488e-04
0.00317212      	-1.07002488e-04
0.00317282      	-1.07002488e-04
0.00317352      	-1.07002488e-04
0.00317421      	-1.07002488e-04
0.00317491      	-1.07002488e-04
0.00317561      	-1.07002488e-04
0.00317631      	-1.07002488e-04
0.003177        	-1.07002488e-04
0.0031777       	-1.07002488e-04
0.0031784       	-1.07002488e-04
0.00317909      	-1.07002488e-04
0.00317979      	-1.07002488e-04
0.00318046      	-1.07002488e-04
0.00318114      	-1.07002488e-04
0.00318181      	-1.07002488e-04
0.00318248      	-1.07002488e-04
0.00318316      	-1.07002488e-04
0.00318383      	-1.07002488e-04
0.00318451      	-1.07002488e-04
0.00318518      	-1.07002488e-04
0.00318585      	-1.07002488e-04
0.00318653      	-1.07002488e-04
0.0031872       	-1.07002488e-04
0.00318787      	-1.07002488e-04
0.00318855      	-1.07002488e-04
0.00318922      	-1.07002488e-04
0.00318989      	-1.07002488e-04
0.00319057      	-1.07002488e-04
0.00319124      	-1.07002488e-04
0.00319192      	-1.07002488e-04
0.00319259      	-1.07002488e-04
0.00319326      	-1.07002488e-04
0.00319394      	-1.07002488e-04
0.00319461      	-1.07002488e-04
0.00319528      	-1.07002488e-04
0.00319596      	-1.07002488e-04
0.00319663      	-1.07002488e-04
0.00319731      	-1.07002488e-04
0.00319798      	-1.07002488e-04
0.00319865      	-1.07002488e-04
0.00319933      	-1.07002488e-04
0.0032          	-1.07002488e-04
0.00320065      	-1.07002488e-04
0.0032013       	-1.07002488e-04
0.00320195      	-1.07002488e-04
0.0032026       	-1.07002488e-04
0.00320325      	-1.07002488e-04
0.0032039       	-1.07002488e-04
0.00320454      	-1.07002488e-04
0.00320519      	-1.07002488e-04
0.00320584      	-1.07002488e-04
0.00320648      	-1.07002488e-04
0.00320713      	-1.07002488e-04
0.00320778      	-1.07002488e-04
0.00320843      	-1.07002488e-04
0.00320907      	-1.07002488e-04
0.00320972      	-1.07002488e-04
0.00321037      	-1.07002488e-04
0.00321102      	-1.07002488e-04
0.00321166      	-1.07002488e-04
0.00321231      	-1.07002488e-04
0.00321296      	-1.07002488e-04
0.0032136       	-1.07002488e-04
0.00321425      	-1.07002488e-04
0.0032149       	-1.07002488e-04
0.00321555      	-1.07002488e-04
0.00321619      	-1.07002488e-04
0.00321684      	-1.07002488e-04
0.00321749      	-1.07002488e-04
0.00321813      	-1.07002488e-04
0.00321878      	-1.07002488e-04
0.00321943      	-1.07002488e-04
0.00322008      	-1.07002488e-04
0.00322073      	-1.07002488e-04
0.00322138      	-1.07002488e-04
0.00322203      	-1.07002488e-04
0.00322268      	-1.07002488e-04
0.00322333      	-1.07002488e-04
0.00322398      	-1.07002488e-04
0.00322463      	-1.07002488e-04
0.00322528      	-1.07002488e-04
0.00322593      	-1.07002488e-04
0.00322658      	-1.07002488e-04
0.00322723      	-1.07002488e-04
0.00322788      	-1.07002488e-04
0.00322852      	-1.07002488e-04
0.00322917      	-1.07002488e-04
0.00322982      	-1.07002488e-04
0.00323047      	-1.07002488e-04
0.00323111      	-1.07002488e-04
0.00323176      	-1.07002488e-04
0.00323241      	-1.07002488e-04
0.00323305      	-1.07002488e-04
0.0032337       	-1.07002488e-04
0.00323434      	-1.07002488e-04
0.00323499      	-1.07002488e-04
0.00323563      	-1.07002488e-04
0.00323627      	-1.07002488e-04
0.00323691      	-1.07002488e-04
0.00323755      	-1.07002488e-04
0.00323819      	-1.07002488e-04
0.00323883      	-1.07002488e-04
0.00323947      	-1.07002488e-04
0.0032401       	-1.07002488e-04
0.00324074      	-1.07002488e-04
0.00324138      	-1.07002488e-04
0.00324201      	-1.07002488e-04
0.00324264      	-1.07002488e-04
0.00324327      	-1.07002488e-04
0.0032439       	-1.07002488e-04
0.00324453      	-1.07002488e-04
0.00324516      	-1.07002488e-04
0.00324579      	-1.07002488e-04
0.00324642      	-1.07002488e-04
0.00324704      	-1.07002488e-04
0.00324767      	-1.07002488e-04
0.00324829      	-1.07002488e-04
0.00324891      	-1.07002488e-04
0.00324953      	-1.07002488e-04
0.00325015      	-1.07002488e-04
0.00325076      	-1.07002488e-04
0.00325138      	-1.07002488e-04
0.00325199      	-1.07002488e-04
0.00325261      	-1.07002488e-04
0.00325322      	-1.07002488e-04
0.00325383      	-1.07002488e-04
0.00325444      	-1.07002488e-04
0.00325505      	-1.07002488e-04
0.00325566      	-1.07002488e-04
0.00325627      	-1.07002488e-04
0.00325687      	-1.07002488e-04
0.00325748      	-1.07002488e-04
0.00325808      	-1.07002488e-04
0.00325869      	-1.07002488e-04
0.00325929      	-1.07002488e-04
0.0032599       	-1.07002488e-04
0.0032605       	-1.07002488e-04
0.0032611       	-1.07002488e-04
0.0032617       	-1.07002488e-04
0.0032623       	-1.07002488e-04
0.0032629       	-1.07002488e-04
0.0032635       	-1.07002488e-04
0.0032641       	-1.07002488e-04
0.0032647       	-1.07002488e-04
0.0032653       	-1.07002488e-04
0.00326589      	-1.07002488e-04
0.00326649      	-1.07002488e-04
0.00326709      	-1.07002488e-04
0.00326768      	-1.07002488e-04
0.00326828      	-1.07002488e-04
0.00326887      	-1.07002488e-04
0.00326947      	-1.07002488e-04
0.00327007      	-1.07002488e-04
0.00327066      	-1.07002488e-04
0.00327126      	-1.07002488e-04
0.00327185      	-1.07002488e-04
0.00327245      	-1.07002488e-04
0.00327305      	-1.07002488e-04
0.00327364      	-1.07002488e-04
0.00327424      	-1.07002488e-04
0.00327483      	-1.07002488e-04
0.00327543      	-1.07002488e-04
0.00327603      	-1.07002488e-04
0.00327662      	-1.07002488e-04
0.00327722      	-1.07002488e-04
0.00327781      	-1.07002488e-04
0.00327841      	-1.07002488e-04
0.00327901      	-1.07002488e-04
0.00327961      	-1.07002488e-04
0.00328021      	-1.07002488e-04
0.00328081      	-1.07002488e-04
0.00328141      	-1.07002488e-04
0.00328201      	-1.07002488e-04
0.00328261      	-1.07002488e-04
0.0032832       	-1.07002488e-04
0.0032838       	-1.07002488e-04
0.0032844       	-1.07002488e-04
0.003285        	-1.07002488e-04
0.0032856       	-1.07002488e-04
0.00328621      	-1.07002488e-04
0.00328681      	-1.07002488e-04
0.00328741      	-1.07002488e-04
0.00328801      	-1.07002488e-04
0.00328861      	-1.07002488e-04
0.00328922      	-1.07002488e-04
0.00328982      	-1.07002488e-04
0.00329042      	-1.07002488e-04
0.00329102      	-1.07002488e-04
0.00329162      	-1.07002488e-04
0.00329223      	-1.07002488e-04
0.00329283      	-1.07002488e-04
0.00329343      	-1.07002488e-04
0.00329403      	-1.07002488e-04
0.00329464      	-1.07002488e-04
0.00329524      	-1.07002488e-04
0.00329584      	-1.07002488e-04
0.00329644      	-1.07002488e-04
0.00329704      	-1.07002488e-04
0.00329765      	-1.07002488e-04
0.00329825      	-1.07002488e-04
0.00329885      	-1.07002488e-04
0.00329945      	-1.07002488e-04
0.00330005      	-1.07002488e-04
0.00330066      	-1.07002488e-04
0.00330126      	-1.07002488e-04
0.00330186      	-1.07002488e-04
0.00330246      	-1.07002488e-04
0.00330306      	-1.07002488e-04
0.00330367      	-1.07002488e-04
0.00330426      	-1.07002488e-04
0.00330486      	-1.07002487e-04
0.00330546      	-1.07002487e-04
0.00330606      	-1.07002487e-04
0.00330666      	-1.07002487e-04
0.00330726      	-1.07002487e-04
0.00330785      	-1.07002487e-04
0.00330845      	-1.07002487e-04
0.00330905      	-1.07002487e-04
0.00330964      	-1.07002487e-04
0.00331024      	-1.07002487e-04
0.00331083      	-1.07002487e-04
0.00331143      	-1.07002487e-04
0.00331202      	-1.07002487e-04
0.00331261      	-1.07002487e-04
0.00331321      	-1.07002487e-04
0.0033138       	-1.07002487e-04
0.00331439      	-1.07002487e-04
0.00331498      	-1.07002487e-04
0.00331557      	-1.07002487e-04
0.00331616      	-1.07002487e-04
0.00331675      	-1.07002487e-04
0.00331734      	-1.07002487e-04
0.00331793      	-1.07002487e-04
0.00331852      	-1.07002487e-04
0.00331911      	-1.07002487e-04
0.0033197       	-1.07002487e-04
0.00332029      	-1.07002487e-04
0.00332087      	-1.07002487e-04
0.00332146      	-1.07002487e-04
0.00332204      	-1.07002487e-04
0.00332263      	-1.07002487e-04
0.00332322      	-1.07002487e-04
0.0033238       	-1.07002487e-04
0.00332439      	-1.07002487e-04
0.00332497      	-1.07002487e-04
0.00332556      	-1.07002487e-04
0.00332615      	-1.07002487e-04
0.00332673      	-1.07002487e-04
0.00332732      	-1.07002487e-04
0.00332791      	-1.07002487e-04
0.00332849      	-1.07002487e-04
0.00332908      	-1.07002487e-04
0.00332966      	-1.07002487e-04
0.00333025      	-1.07002487e-04
0.00333084      	-1.07002487e-04
0.00333142      	-1.07002487e-04
0.00333201      	-1.07002487e-04
0.00333259      	-1.07002487e-04
0.00333318      	-1.07002487e-04
0.00333377      	-1.07002487e-04
0.00333435      	-1.07002487e-04
0.00333494      	-1.07002487e-04
0.00333554      	-1.07002487e-04
0.00333613      	-1.07002487e-04
0.00333672      	-1.07002487e-04
0.00333731      	-1.07002487e-04
0.0033379       	-1.07002487e-04
0.00333849      	-1.07002487e-04
0.00333908      	-1.07002487e-04
0.00333968      	-1.07002487e-04
0.00334028      	-1.07002487e-04
0.00334088      	-1.07002487e-04
0.00334147      	-1.07002487e-04
0.00334207      	-1.07002487e-04
0.00334267      	-1.07002487e-04
0.00334326      	-1.07002487e-04
0.00334386      	-1.07002487e-04
0.00334446      	-1.07002487e-04
0.00334506      	-1.07002487e-04
0.00334567      	-1.07002487e-04
0.00334627      	-1.07002487e-04
0.00334687      	-1.07002487e-04
0.00334748      	-1.07002487e-04
0.00334808      	-1.07002487e-04
0.00334868      	-1.07002487e-04
0.00334929      	-1.07002487e-04
0.00334989      	-1.07002487e-04
0.0033505       	-1.07002487e-04
0.0033511       	-1.07002487e-04
0.00335171      	-1.07002487e-04
0.00335232      	-1.07002487e-04
0.00335293      	-1.07002487e-04
0.00335354      	-1.07002487e-04
0.00335416      	-1.07002487e-04
0.00335477      	-1.07002487e-04
0.00335538      	-1.07002487e-04
0.00335599      	-1.07002487e-04
0.0033566       	-1.07002487e-04
0.00335721      	-1.07002487e-04
0.00335782      	-1.07002487e-04
0.00335843      	-1.07002487e-04
0.00335905      	-1.07002487e-04
0.00335966      	-1.07002487e-04
0.00336027      	-1.07002487e-04
0.00336089      	-1.07002487e-04
0.00336151      	-1.07002487e-04
0.00336213      	-1.07002488e-04
0.00336275      	-1.07002488e-04
0.00336337      	-1.07002488e-04
0.00336399      	-1.07002488e-04
0.00336461      	-1.07002488e-04
0.00336523      	-1.07002488e-04
0.00336586      	-1.07002488e-04
0.00336648      	-1.07002488e-04
0.0033671       	-1.07002488e-04
0.00336772      	-1.07002488e-04
0.00336834      	-1.07002488e-04
0.00336896      	-1.07002488e-04
0.00336958      	-1.07002488e-04
0.0033702       	-1.07002488e-04
0.00337082      	-1.07002488e-04
0.00337144      	-1.07002488e-04
0.00337206      	-1.07002488e-04
0.00337268      	-1.07002488e-04
0.00337331      	-1.07002488e-04
0.00337393      	-1.07002488e-04
0.00337455      	-1.07002488e-04
0.00337517      	-1.07002488e-04
0.00337579      	-1.07002488e-04
0.00337641      	-1.07002488e-04
0.00337703      	-1.07002488e-04
0.00337765      	-1.07002488e-04
0.00337827      	-1.07002488e-04
0.00337889      	-1.07002488e-04
0.00337951      	-1.07002488e-04
0.00338013      	-1.07002488e-04
0.00338076      	-1.07002488e-04
0.00338138      	-1.07002488e-04
0.003382        	-1.07002488e-04
0.00338262      	-1.07002488e-04
0.00338324      	-1.07002488e-04
0.00338386      	-1.07002488e-04
0.00338448      	-1.07002488e-04
0.0033851       	-1.07002488e-04
0.00338572      	-1.07002488e-04
0.00338634      	-1.07002488e-04
0.00338696      	-1.07002488e-04
0.00338758      	-1.07002488e-04
0.0033882       	-1.07002488e-04
0.00338883      	-1.07002488e-04
0.00338945      	-1.07002488e-04
0.00339007      	-1.07002488e-04
0.00339069      	-1.07002488e-04
0.00339131      	-1.07002488e-04
0.00339193      	-1.07002488e-04
0.00339255      	-1.07002488e-04
0.00339317      	-1.07002488e-04
0.00339379      	-1.07002488e-04
0.00339441      	-1.07002488e-04
0.00339503      	-1.07002488e-04
0.00339565      	-1.07002488e-04
0.00339628      	-1.07002488e-04
0.0033969       	-1.07002488e-04
0.00339752      	-1.07002488e-04
0.00339814      	-1.07002488e-04
0.00339876      	-1.07002488e-04
0.00339938      	-1.07002488e-04
0.0034          	-1.07002488e-04
0.00340064      	-1.07002488e-04
0.00340128      	-1.07002488e-04
0.00340192      	-1.07002488e-04
0.00340256      	-1.07002488e-04
0.0034032       	-1.07002488e-04
0.00340384      	-1.07002488e-04
0.00340449      	-1.07002488e-04
0.00340513      	-1.07002488e-04
0.00340578      	-1.07002488e-04
0.00340642      	-1.07002488e-04
0.00340707      	-1.07002488e-04
0.00340771      	-1.07002488e-04
0.00340836      	-1.07002488e-04
0.00340901      	-1.07002488e-04
0.00340965      	-1.07002488e-04
0.0034103       	-1.07002488e-04
0.00341095      	-1.07002488e-04
0.00341161      	-1.07002488e-04
0.00341226      	-1.07002488e-04
0.00341291      	-1.07002488e-04
0.00341356      	-1.07002488e-04
0.00341422      	-1.07002488e-04
0.00341487      	-1.07002488e-04
0.00341553      	-1.07002488e-04
0.00341618      	-1.07002488e-04
0.00341684      	-1.07002488e-04
0.0034175       	-1.07002488e-04
0.00341816      	-1.07002488e-04
0.00341882      	-1.07002488e-04
0.00341948      	-1.07002488e-04
0.00342015      	-1.07002488e-04
0.00342081      	-1.07002488e-04
0.00342147      	-1.07002488e-04
0.00342214      	-1.07002488e-04
0.00342281      	-1.07002488e-04
0.00342348      	-1.07002488e-04
0.00342414      	-1.07002488e-04
0.00342481      	-1.07002488e-04
0.00342548      	-1.07002488e-04
0.00342615      	-1.07002488e-04
0.00342683      	-1.07002488e-04
0.0034275       	-1.07002488e-04
0.00342818      	-1.07002488e-04
0.00342886      	-1.07002488e-04
0.00342953      	-1.07002488e-04
0.00343021      	-1.07002488e-04
0.00343089      	-1.07002488e-04
0.00343157      	-1.07002488e-04
0.00343225      	-1.07002488e-04
0.00343294      	-1.07002488e-04
0.00343362      	-1.07002488e-04
0.00343431      	-1.07002488e-04
0.003435        	-1.07002488e-04
0.00343569      	-1.07002488e-04
0.00343638      	-1.07002488e-04
0.00343707      	-1.07002488e-04
0.00343776      	-1.07002488e-04
0.00343845      	-1.07002488e-04
0.00343915      	-1.07002488e-04
0.00343985      	-1.07002488e-04
0.00344054      	-1.07002488e-04
0.00344124      	-1.07002488e-04
0.00344194      	-1.07002488e-04
0.00344264      	-1.07002488e-04
0.00344334      	-1.07002488e-04
0.00344405      	-1.07002488e-04
0.00344475      	-1.07002488e-04
0.00344545      	-1.07002488e-04
0.00344616      	-1.07002488e-04
0.00344687      	-1.07002488e-04
0.00344757      	-1.07002488e-04
0.00344828      	-1.07002488e-04
0.00344899      	-1.07002488e-04
0.0034497       	-1.07002488e-04
0.00345042      	-1.07002488e-04
0.00345113      	-1.07002488e-04
0.00345184      	-1.07002488e-04
0.00345255      	-1.07002488e-04
0.00345327      	-1.07002488e-04
0.00345398      	-1.07002488e-04
0.0034547       	-1.07002488e-04
0.00345542      	-1.07002488e-04
0.00345613      	-1.07002488e-04
0.00345685      	-1.07002488e-04
0.00345757      	-1.07002488e-04
0.00345829      	-1.07002488e-04
0.00345901      	-1.07002488e-04
0.00345973      	-1.07002488e-04
0.00346044      	-1.07002488e-04
0.00346116      	-1.07002488e-04
0.00346188      	-1.07002488e-04
0.00346261      	-1.07002488e-04
0.00346333      	-1.07002488e-04
0.00346405      	-1.07002488e-04
0.00346478      	-1.07002488e-04
0.0034655       	-1.07002488e-04
0.00346622      	-1.07002488e-04
0.00346695      	-1.07002488e-04
0.00346767      	-1.07002488e-04
0.00346839      	-1.07002488e-04
0.00346911      	-1.07002488e-04
0.00346984      	-1.07002488e-04
0.00347057      	-1.07002488e-04
0.0034713       	-1.07002488e-04
0.00347202      	-1.07002488e-04
0.00347275      	-1.07002488e-04
0.00347348      	-1.07002488e-04
0.0034742       	-1.07002488e-04
0.00347493      	-1.07002488e-04
0.00347566      	-1.07002488e-04
0.00347639      	-1.07002488e-04
0.00347712      	-1.07002488e-04
0.00347785      	-1.07002488e-04
0.00347858      	-1.07002488e-04
0.00347931      	-1.07002488e-04
0.00348004      	-1.07002488e-04
0.00348077      	-1.07002488e-04
0.00348151      	-1.07002488e-04
0.00348224      	-1.07002488e-04
0.00348298      	-1.07002488e-04
0.00348371      	-1.07002488e-04
0.00348445      	-1.07002488e-04
0.00348519      	-1.07002488e-04
0.00348593      	-1.07002488e-04
0.00348667      	-1.07002488e-04
0.00348741      	-1.07002488e-04
0.00348815      	-1.07002488e-04
0.00348889      	-1.07002488e-04
0.00348964      	-1.07002488e-04
0.00349039      	-1.07002488e-04
0.00349113      	-1.07002488e-04
0.00349188      	-1.07002488e-04
0.00349263      	-1.07002488e-04
0.00349338      	-1.07002488e-04
0.00349414      	-1.07002488e-04
0.00349489      	-1.07002488e-04
0.00349565      	-1.07002488e-04
0.0034964       	-1.07002488e-04
0.00349717      	-1.07002488e-04
0.00349793      	-1.07002488e-04
0.00349869      	-1.07002488e-04
0.00349945      	-1.07002488e-04
0.00350022      	-1.07002488e-04
0.00350099      	-1.07002488e-04
0.00350175      	-1.07002488e-04
0.00350252      	-1.07002488e-04
0.00350329      	-1.07002488e-04
0.00350407      	-1.07002488e-04
0.00350484      	-1.07002488e-04
0.00350562      	-1.07002488e-04
0.0035064       	-1.07002488e-04
0.00350718      	-1.07002488e-04
0.00350796      	-1.07002488e-04
0.00350874      	-1.07002488e-04
0.00350952      	-1.07002488e-04
0.00351031      	-1.07002488e-04
0.0035111       	-1.07002488e-04
0.00351188      	-1.07002488e-04
0.00351267      	-1.07002488e-04
0.00351346      	-1.07002488e-04
0.00351426      	-1.07002488e-04
0.00351505      	-1.07002488e-04
0.00351584      	-1.07002488e-04
0.00351664      	-1.07002488e-04
0.00351743      	-1.07002488e-04
0.00351823      	-1.07002488e-04
0.00351904      	-1.07002488e-04
0.00351984      	-1.07002488e-04
0.00352064      	-1.07002488e-04
0.00352144      	-1.07002488e-04
0.00352224      	-1.07002488e-04
0.00352304      	-1.07002488e-04
0.00352385      	-1.07002488e-04
0.00352465      	-1.07002488e-04
0.00352545      	-1.07002488e-04
0.00352625      	-1.07002488e-04
0.00352705      	-1.07002488e-04
0.00352785      	-1.07002488e-04
0.00352866      	-1.07002488e-04
0.00352948      	-1.07002488e-04
0.00353029      	-1.07002488e-04
0.0035311       	-1.07002488e-04
0.00353191      	-1.07002488e-04
0.00353272      	-1.07002488e-04
0.00353353      	-1.07002488e-04
0.00353434      	-1.07002488e-04
0.00353515      	-1.07002488e-04
0.00353596      	-1.07002488e-04
0.00353677      	-1.07002488e-04
0.00353758      	-1.07002488e-04
0.00353839      	-1.07002488e-04
0.00353919      	-1.07002488e-04
0.00353999      	-1.07002488e-04
0.00354079      	-1.07002488e-04
0.00354159      	-1.07002488e-04
0.00354239      	-1.07002488e-04
0.00354319      	-1.07002488e-04
0.00354399      	-1.07002488e-04
0.00354479      	-1.07002488e-04
0.00354559      	-1.07002488e-04
0.00354639      	-1.07002488e-04
0.00354719      	-1.07002488e-04
0.00354799      	-1.07002488e-04
0.00354879      	-1.07002488e-04
0.00354959      	-1.07002488e-04
0.00355039      	-1.07002488e-04
0.00355119      	-1.07002488e-04
0.00355199      	-1.07002488e-04
0.00355279      	-1.07002488e-04
0.00355359      	-1.07002488e-04
0.00355439      	-1.07002488e-04
0.00355519      	-1.07002488e-04
0.00355599      	-1.07002488e-04
0.00355679      	-1.07002488e-04
0.00355759      	-1.07002488e-04
0.00355839      	-1.07002488e-04
0.00355919      	-1.07002488e-04
0.00355999      	-1.07002488e-04
0.00356079      	-1.07002488e-04
0.0035616       	-1.07002488e-04
0.0035624       	-1.07002488e-04
0.0035632       	-1.07002488e-04
0.003564        	-1.07002488e-04
0.0035648       	-1.07002488e-04
0.0035656       	-1.07002488e-04
0.0035664       	-1.07002488e-04
0.0035672       	-1.07002488e-04
0.003568        	-1.07002488e-04
0.0035688       	-1.07002488e-04
0.0035696       	-1.07002488e-04
0.0035704       	-1.07002488e-04
0.0035712       	-1.07002488e-04
0.003572        	-1.07002488e-04
0.0035728       	-1.07002488e-04
0.0035736       	-1.07002488e-04
0.0035744       	-1.07002488e-04
0.0035752       	-1.07002488e-04
0.003576        	-1.07002488e-04
0.0035768       	-1.07002488e-04
0.0035776       	-1.07002488e-04
0.0035784       	-1.07002488e-04
0.0035792       	-1.07002488e-04
0.00358         	-1.07002488e-04
0.0035808       	-1.07002488e-04
0.0035816       	-1.07002488e-04
0.0035824       	-1.07002488e-04
0.0035832       	-1.07002488e-04
0.003584        	-1.07002488e-04
0.0035848       	-1.07002488e-04
0.0035856       	-1.07002488e-04
0.0035864       	-1.07002488e-04
0.0035872       	-1.07002488e-04
0.003588        	-1.07002488e-04
0.0035888       	-1.07002488e-04
0.0035896       	-1.07002488e-04
0.0035904       	-1.07002488e-04
0.0035912       	-1.07002488e-04
0.003592        	-1.07002488e-04
0.0035928       	-1.07002488e-04
0.0035936       	-1.07002488e-04
0.0035944       	-1.07002488e-04
0.0035952       	-1.07002488e-04
0.003596        	-1.07002488e-04
0.0035968       	-1.07002488e-04
0.0035976       	-1.07002488e-04
0.0035984       	-1.07002488e-04
0.0035992       	-1.07002488e-04
0.0036          	-1.07002488e-04
0.00360079      	-1.07002488e-04
0.00360157      	-1.07002488e-04
0.00360236      	-1.07002488e-04
0.00360315      	-1.07002488e-04
0.00360393      	-1.07002488e-04
0.00360472      	-1.07002488e-04
0.0036055       	-1.07002488e-04
0.00360628      	-1.07002488e-04
0.00360706      	-1.07002488e-04
0.00360785      	-1.07002488e-04
0.00360862      	-1.07002488e-04
0.0036094       	-1.07002488e-04
0.00361018      	-1.07002488e-04
0.00361095      	-1.07002488e-04
0.00361173      	-1.07002488e-04
0.0036125       	-1.07002488e-04
0.00361328      	-1.07002488e-04
0.00361405      	-1.07002488e-04
0.00361482      	-1.07002488e-04
0.00361559      	-1.07002488e-04
0.00361636      	-1.07002488e-04
0.00361713      	-1.07002488e-04
0.0036179       	-1.07002488e-04
0.00361866      	-1.07002488e-04
0.00361943      	-1.07002488e-04
0.0036202       	-1.07002488e-04
0.00362096      	-1.07002488e-04
0.00362173      	-1.07002488e-04
0.00362249      	-1.07002488e-04
0.00362326      	-1.07002488e-04
0.00362402      	-1.07002488e-04
0.00362479      	-1.07002488e-04
0.00362555      	-1.07002488e-04
0.00362632      	-1.07002488e-04
0.00362708      	-1.07002488e-04
0.00362784      	-1.07002488e-04
0.0036286       	-1.07002488e-04
0.00362937      	-1.07002488e-04
0.00363013      	-1.07002488e-04
0.00363089      	-1.07002488e-04
0.00363166      	-1.07002488e-04
0.00363242      	-1.07002488e-04
0.00363319      	-1.07002488e-04
0.00363395      	-1.07002488e-04
0.00363472      	-1.07002488e-04
0.00363548      	-1.07002488e-04
0.00363625      	-1.07002488e-04
0.00363701      	-1.07002488e-04
0.00363778      	-1.07002488e-04
0.00363855      	-1.07002488e-04
0.00363932      	-1.07002488e-04
0.00364009      	-1.07002488e-04
0.00364086      	-1.07002488e-04
0.00364163      	-1.07002488e-04
0.0036424       	-1.07002488e-04
0.00364316      	-1.07002488e-04
0.00364394      	-1.07002488e-04
0.00364471      	-1.07002488e-04
0.00364548      	-1.07002488e-04
0.00364625      	-1.07002488e-04
0.00364703      	-1.07002488e-04
0.00364781      	-1.07002488e-04
0.00364858      	-1.07002488e-04
0.00364936      	-1.07002488e-04
0.00365014      	-1.07002488e-04
0.00365092      	-1.07002488e-04
0.0036517       	-1.07002488e-04
0.00365248      	-1.07002488e-04
0.00365326      	-1.07002488e-04
0.00365404      	-1.07002488e-04
0.00365483      	-1.07002488e-04
0.00365561      	-1.07002488e-04
0.0036564       	-1.07002488e-04
0.00365718      	-1.07002488e-04
0.00365797      	-1.07002488e-04
0.00365876      	-1.07002488e-04
0.00365955      	-1.07002488e-04
0.00366034      	-1.07002488e-04
0.00366113      	-1.07002488e-04
0.00366192      	-1.07002488e-04
0.00366272      	-1.07002488e-04
0.00366351      	-1.07002488e-04
0.0036643       	-1.07002488e-04
0.0036651       	-1.07002488e-04
0.00366589      	-1.07002488e-04
0.00366668      	-1.07002488e-04
0.00366748      	-1.07002488e-04
0.00366828      	-1.07002488e-04
0.00366908      	-1.07002488e-04
0.00366988      	-1.07002488e-04
0.00367067      	-1.07002488e-04
0.00367147      	-1.07002488e-04
0.00367227      	-1.07002488e-04
0.00367307      	-1.07002488e-04
0.00367387      	-1.07002488e-04
0.00367467      	-1.07002488e-04
0.00367546      	-1.07002488e-04
0.00367626      	-1.07002488e-04
0.00367706      	-1.07002488e-04
0.00367786      	-1.07002488e-04
0.00367866      	-1.07002488e-04
0.00367946      	-1.07002488e-04
0.00368025      	-1.07002488e-04
0.00368105      	-1.07002488e-04
0.00368185      	-1.07002488e-04
0.00368265      	-1.07002488e-04
0.00368345      	-1.07002488e-04
0.00368425      	-1.07002488e-04
0.00368504      	-1.07002488e-04
0.00368584      	-1.07002488e-04
0.00368663      	-1.07002488e-04
0.00368743      	-1.07002488e-04
0.00368822      	-1.07002488e-04
0.00368901      	-1.07002488e-04
0.00368981      	-1.07002488e-04
0.0036906       	-1.07002488e-04
0.00369139      	-1.07002488e-04
0.00369217      	-1.07002488e-04
0.00369296      	-1.07002488e-04
0.00369375      	-1.07002488e-04
0.00369453      	-1.07002488e-04
0.00369531      	-1.07002488e-04
0.00369609      	-1.07002488e-04
0.00369687      	-1.07002488e-04
0.00369765      	-1.07002488e-04
0.00369842      	-1.07002488e-04
0.0036992       	-1.07002488e-04
0.00369997      	-1.07002488e-04
0.00370074      	-1.07002488e-04
0.0037015       	-1.07002488e-04
0.00370226      	-1.07002488e-04
0.00370302      	-1.07002488e-04
0.00370378      	-1.07002488e-04
0.00370454      	-1.07002488e-04
0.00370529      	-1.07002488e-04
0.00370604      	-1.07002488e-04
0.00370679      	-1.07002488e-04
0.00370753      	-1.07002488e-04
0.00370827      	-1.07002488e-04
0.00370901      	-1.07002488e-04
0.00370975      	-1.07002488e-04
0.00371049      	-1.07002488e-04
0.00371122      	-1.07002488e-04
0.00371195      	-1.07002488e-04
0.00371267      	-1.07002488e-04
0.0037134       	-1.07002488e-04
0.00371412      	-1.07002488e-04
0.00371485      	-1.07002488e-04
0.00371556      	-1.07002488e-04
0.00371628      	-1.07002488e-04
0.00371699      	-1.07002488e-04
0.0037177       	-1.07002488e-04
0.00371841      	-1.07002488e-04
0.00371912      	-1.07002488e-04
0.00371982      	-1.07002488e-04
0.00372053      	-1.07002488e-04
0.00372123      	-1.07002488e-04
0.00372193      	-1.07002488e-04
0.00372263      	-1.07002488e-04
0.00372333      	-1.07002488e-04
0.00372402      	-1.07002488e-04
0.00372472      	-1.07002488e-04
0.00372541      	-1.07002488e-04
0.0037261       	-1.07002488e-04
0.00372679      	-1.07002488e-04
0.00372747      	-1.07002488e-04
0.00372816      	-1.07002488e-04
0.00372884      	-1.07002488e-04
0.00372952      	-1.07002488e-04
0.00373021      	-1.07002488e-04
0.00373089      	-1.07002488e-04
0.00373156      	-1.07002488e-04
0.00373224      	-1.07002488e-04
0.00373292      	-1.07002488e-04
0.0037336       	-1.07002488e-04
0.00373427      	-1.07002488e-04
0.00373494      	-1.07002488e-04
0.00373561      	-1.07002488e-04
0.00373628      	-1.07002488e-04
0.00373695      	-1.07002488e-04
0.00373762      	-1.07002488e-04
0.00373829      	-1.07002488e-04
0.00373896      	-1.07002488e-04
0.00373963      	-1.07002488e-04
0.0037403       	-1.07002488e-04
0.00374096      	-1.07002488e-04
0.00374162      	-1.07002488e-04
0.00374229      	-1.07002488e-04
0.00374295      	-1.07002488e-04
0.00374361      	-1.07002488e-04
0.00374428      	-1.07002488e-04
0.00374494      	-1.07002488e-04
0.0037456       	-1.07002488e-04
0.00374627      	-1.07002488e-04
0.00374693      	-1.07002488e-04
0.00374759      	-1.07002488e-04
0.00374826      	-1.07002488e-04
0.00374892      	-1.07002488e-04
0.00374958      	-1.07002488e-04
0.00375024      	-1.07002488e-04
0.00375089      	-1.07002488e-04
0.00375155      	-1.07002488e-04
0.0037522       	-1.07002488e-04
0.00375286      	-1.07002488e-04
0.00375351      	-1.07002488e-04
0.00375417      	-1.07002488e-04
0.00375482      	-1.07002488e-04
0.00375548      	-1.07002488e-04
0.00375613      	-1.07002488e-04
0.00375679      	-1.07002488e-04
0.00375744      	-1.07002488e-04
0.0037581       	-1.07002488e-04
0.00375875      	-1.07002488e-04
0.00375941      	-1.07002488e-04
0.00376006      	-1.07002488e-04
0.00376071      	-1.07002488e-04
0.00376137      	-1.07002488e-04
0.00376202      	-1.07002488e-04
0.00376268      	-1.07002488e-04
0.00376333      	-1.07002488e-04
0.00376399      	-1.07002488e-04
0.00376464      	-1.07002488e-04
0.0037653       	-1.07002488e-04
0.00376594      	-1.07002488e-04
0.00376658      	-1.07002488e-04
0.00376723      	-1.07002488e-04
0.00376787      	-1.07002488e-04
0.00376851      	-1.07002488e-04
0.00376915      	-1.07002488e-04
0.0037698       	-1.07002488e-04
0.00377044      	-1.07002488e-04
0.00377108      	-1.07002488e-04
0.00377172      	-1.07002488e-04
0.00377237      	-1.07002488e-04
0.00377301      	-1.07002488e-04
0.00377365      	-1.07002488e-04
0.00377429      	-1.07002488e-04
0.00377494      	-1.07002488e-04
0.00377558      	-1.07002488e-04
0.00377622      	-1.07002488e-04
0.00377687      	-1.07002488e-04
0.00377751      	-1.07002488e-04
0.00377815      	-1.07002488e-04
0.00377879      	-1.07002488e-04
0.00377944      	-1.07002488e-04
0.00378008      	-1.07002488e-04
0.00378072      	-1.07002488e-04
0.00378136      	-1.07002488e-04
0.00378201      	-1.07002488e-04
0.00378265      	-1.07002488e-04
0.00378329      	-1.07002488e-04
0.00378393      	-1.07002488e-04
0.00378458      	-1.07002488e-04
0.00378522      	-1.07002488e-04
0.00378586      	-1.07002488e-04
0.0037865       	-1.07002488e-04
0.00378715      	-1.07002488e-04
0.00378779      	-1.07002488e-04
0.00378843      	-1.07002488e-04
0.00378908      	-1.07002488e-04
0.00378972      	-1.07002488e-04
0.00379036      	-1.07002488e-04
0.003791        	-1.07002488e-04
0.00379165      	-1.07002488e-04
0.00379229      	-1.07002488e-04
0.00379293      	-1.07002488e-04
0.00379357      	-1.07002488e-04
0.00379422      	-1.07002488e-04
0.00379486      	-1.07002488e-04
0.0037955       	-1.07002488e-04
0.00379614      	-1.07002488e-04
0.00379679      	-1.07002488e-04
0.00379743      	-1.07002488e-04
0.00379807      	-1.07002488e-04
0.00379871      	-1.07002488e-04
0.00379936      	-1.07002488e-04
0.0038          	-1.07002488e-04
0.00380063      	-1.07002488e-04
0.00380126      	-1.07002488e-04
0.00380189      	-1.07002488e-04
0.00380252      	-1.07002488e-04
0.00380314      	-1.07002488e-04
0.00380377      	-1.07002488e-04
0.0038044       	-1.07002488e-04
0.00380503      	-1.07002488e-04
0.00380565      	-1.07002488e-04
0.00380628      	-1.07002488e-04
0.00380691      	-1.07002488e-04
0.00380753      	-1.07002488e-04
0.00380816      	-1.07002488e-04
0.00380879      	-1.07002488e-04
0.00380941      	-1.07002488e-04
0.00381004      	-1.07002488e-04
0.00381066      	-1.07002488e-04
0.00381129      	-1.07002488e-04
0.00381191      	-1.07002488e-04
0.00381253      	-1.07002488e-04
0.00381316      	-1.07002488e-04
0.00381378      	-1.07002488e-04
0.0038144       	-1.07002488e-04
0.00381503      	-1.07002488e-04
0.00381565      	-1.07002488e-04
0.00381627      	-1.07002488e-04
0.00381689      	-1.07002488e-04
0.00381751      	-1.07002488e-04
0.00381813      	-1.07002488e-04
0.00381875      	-1.07002488e-04
0.00381936      	-1.07002488e-04
0.00381998      	-1.07002488e-04
0.0038206       	-1.07002488e-04
0.00382121      	-1.07002488e-04
0.00382183      	-1.07002488e-04
0.00382244      	-1.07002488e-04
0.00382305      	-1.07002488e-04
0.00382366      	-1.07002488e-04
0.00382428      	-1.07002488e-04
0.00382489      	-1.07002488e-04
0.0038255       	-1.07002488e-04
0.0038261       	-1.07002488e-04
0.00382671      	-1.07002488e-04
0.00382732      	-1.07002488e-04
0.00382792      	-1.07002488e-04
0.00382853      	-1.07002488e-04
0.00382913      	-1.07002488e-04
0.00382973      	-1.07002488e-04
0.00383034      	-1.07002488e-04
0.00383094      	-1.07002488e-04
0.00383154      	-1.07002488e-04
0.00383214      	-1.07002488e-04
0.00383273      	-1.07002488e-04
0.00383333      	-1.07002488e-04
0.00383393      	-1.07002488e-04
0.00383452      	-1.07002488e-04
0.00383512      	-1.07002488e-04
0.00383571      	-1.07002488e-04
0.0038363       	-1.07002488e-04
0.00383689      	-1.07002488e-04
0.00383749      	-1.07002488e-04
0.00383808      	-1.07002488e-04
0.00383867      	-1.07002488e-04
0.00383925      	-1.07002488e-04
0.00383984      	-1.07002488e-04
0.00384043      	-1.07002488e-04
0.00384101      	-1.07002488e-04
0.0038416       	-1.07002488e-04
0.00384218      	-1.07002488e-04
0.00384277      	-1.07002488e-04
0.00384335      	-1.07002488e-04
0.00384393      	-1.07002488e-04
0.00384451      	-1.07002488e-04
0.00384509      	-1.07002488e-04
0.00384567      	-1.07002488e-04
0.00384626      	-1.07002488e-04
0.00384684      	-1.07002488e-04
0.00384741      	-1.07002488e-04
0.00384799      	-1.07002488e-04
0.00384857      	-1.07002488e-04
0.00384915      	-1.07002488e-04
0.00384973      	-1.07002488e-04
0.0038503       	-1.07002488e-04
0.00385088      	-1.07002488e-04
0.00385145      	-1.07002488e-04
0.00385203      	-1.07002488e-04
0.00385261      	-1.07002488e-04
0.00385318      	-1.07002488e-04
0.00385376      	-1.07002488e-04
0.00385433      	-1.07002488e-04
0.00385491      	-1.07002488e-04
0.00385549      	-1.07002488e-04
0.00385606      	-1.07002488e-04
0.00385664      	-1.07002488e-04
0.00385721      	-1.07002488e-04
0.00385779      	-1.07002488e-04
0.00385836      	-1.07002488e-04
0.00385894      	-1.07002488e-04
0.00385952      	-1.07002488e-04
0.00386009      	-1.07002488e-04
0.00386067      	-1.07002488e-04
0.00386124      	-1.07002488e-04
0.00386182      	-1.07002488e-04
0.00386239      	-1.07002488e-04
0.00386297      	-1.07002488e-04
0.00386355      	-1.07002488e-04
0.00386413      	-1.07002488e-04
0.0038647       	-1.07002488e-04
0.00386528      	-1.07002488e-04
0.00386586      	-1.07002488e-04
0.00386644      	-1.07002488e-04
0.00386702      	-1.07002488e-04
0.0038676       	-1.07002488e-04
0.00386817      	-1.07002488e-04
0.00386875      	-1.07002488e-04
0.00386933      	-1.07002488e-04
0.00386991      	-1.07002488e-04
0.00387049      	-1.07002488e-04
0.00387106      	-1.07002488e-04
0.00387164      	-1.07002488e-04
0.00387222      	-1.07002488e-04
0.0038728       	-1.07002488e-04
0.00387338      	-1.07002488e-04
0.00387396      	-1.07002488e-04
0.00387453      	-1.07002488e-04
0.00387511      	-1.07002488e-04
0.00387569      	-1.07002488e-04
0.00387627      	-1.07002488e-04
0.00387685      	-1.07002488e-04
0.00387742      	-1.07002488e-04
0.00387801      	-1.07002488e-04
0.00387859      	-1.07002488e-04
0.00387917      	-1.07002488e-04
0.00387975      	-1.07002488e-04
0.00388033      	-1.07002488e-04
0.00388091      	-1.07002488e-04
0.00388149      	-1.07002488e-04
0.00388207      	-1.07002488e-04
0.00388265      	-1.07002488e-04
0.00388323      	-1.07002488e-04
0.00388381      	-1.07002488e-04
0.0038844       	-1.07002488e-04
0.00388498      	-1.07002488e-04
0.00388556      	-1.07002488e-04
0.00388614      	-1.07002488e-04
0.00388672      	-1.07002488e-04
0.0038873       	-1.07002488e-04
0.00388788      	-1.07002488e-04
0.00388846      	-1.07002488e-04
0.00388904      	-1.07002488e-04
0.00388962      	-1.07002488e-04
0.0038902       	-1.07002488e-04
0.00389077      	-1.07002488e-04
0.00389135      	-1.07002488e-04
0.00389193      	-1.07002488e-04
0.00389251      	-1.07002488e-04
0.00389309      	-1.07002488e-04
0.00389366      	-1.07002488e-04
0.00389424      	-1.07002488e-04
0.00389482      	-1.07002488e-04
0.0038954       	-1.07002488e-04
0.00389598      	-1.07002488e-04
0.00389655      	-1.07002488e-04
0.00389713      	-1.07002488e-04
0.0038977       	-1.07002488e-04
0.00389828      	-1.07002488e-04
0.00389885      	-1.07002488e-04
0.00389943      	-1.07002488e-04
0.0039          	-1.07002488e-04
0.00390058      	-1.07002488e-04
0.00390115      	-1.07002488e-04
0.00390173      	-1.07002488e-04
0.0039023       	-1.07002488e-04
0.00390287      	-1.07002488e-04
0.00390345      	-1.07002488e-04
0.00390402      	-1.07002488e-04
0.00390459      	-1.07002488e-04
0.00390516      	-1.07002488e-04
0.00390573      	-1.07002488e-04
0.0039063       	-1.07002488e-04
0.00390687      	-1.07002488e-04
0.00390745      	-1.07002488e-04
0.00390802      	-1.07002488e-04
0.00390859      	-1.07002488e-04
0.00390916      	-1.07002488e-04
0.00390973      	-1.07002488e-04
0.00391029      	-1.07002488e-04
0.00391086      	-1.07002488e-04
0.00391143      	-1.07002488e-04
0.003912        	-1.07002488e-04
0.00391257      	-1.07002488e-04
0.00391313      	-1.07002488e-04
0.0039137       	-1.07002488e-04
0.00391427      	-1.07002488e-04
0.00391484      	-1.07002488e-04
0.0039154       	-1.07002488e-04
0.00391597      	-1.07002488e-04
0.00391654      	-1.07002488e-04
0.00391711      	-1.07002488e-04
0.00391767      	-1.07002488e-04
0.00391824      	-1.07002488e-04
0.0039188       	-1.07002488e-04
0.00391936      	-1.07002488e-04
0.00391993      	-1.07002488e-04
0.00392049      	-1.07002488e-04
0.00392106      	-1.07002488e-04
0.00392162      	-1.07002488e-04
0.00392218      	-1.07002488e-04
0.00392275      	-1.07002488e-04
0.00392331      	-1.07002488e-04
0.00392387      	-1.07002488e-04
0.00392444      	-1.07002488e-04
0.003925        	-1.07002488e-04
0.00392557      	-1.07002488e-04
0.00392613      	-1.07002488e-04
0.00392669      	-1.07002488e-04
0.00392726      	-1.07002488e-04
0.00392782      	-1.07002488e-04
0.00392839      	-1.07002488e-04
0.00392895      	-1.07002488e-04
0.00392951      	-1.07002488e-04
0.00393008      	-1.07002488e-04
0.00393064      	-1.07002488e-04
0.00393121      	-1.07002488e-04
0.00393177      	-1.07002488e-04
0.00393233      	-1.07002488e-04
0.0039329       	-1.07002488e-04
0.00393347      	-1.07002488e-04
0.00393404      	-1.07002488e-04
0.00393461      	-1.07002488e-04
0.00393518      	-1.07002488e-04
0.00393574      	-1.07002488e-04
0.00393631      	-1.07002488e-04
0.00393688      	-1.07002488e-04
0.00393745      	-1.07002488e-04
0.00393802      	-1.07002488e-04
0.00393859      	-1.07002488e-04
0.00393916      	-1.07002488e-04
0.00393974      	-1.07002488e-04
0.00394031      	-1.07002488e-04
0.00394088      	-1.07002488e-04
0.00394146      	-1.07002488e-04
0.00394203      	-1.07002488e-04
0.00394261      	-1.07002488e-04
0.00394318      	-1.07002488e-04
0.00394375      	-1.07002488e-04
0.00394433      	-1.07002488e-04
0.0039449       	-1.07002488e-04
0.00394548      	-1.07002488e-04
0.00394606      	-1.07002488e-04
0.00394664      	-1.07002488e-04
0.00394722      	-1.07002488e-04
0.0039478       	-1.07002488e-04
0.00394838      	-1.07002488e-04
0.00394896      	-1.07002488e-04
0.00394954      	-1.07002488e-04
0.00395012      	-1.07002488e-04
0.0039507       	-1.07002488e-04
0.00395128      	-1.07002488e-04
0.00395187      	-1.07002488e-04
0.00395246      	-1.07002488e-04
0.00395304      	-1.07002488e-04
0.00395363      	-1.07002488e-04
0.00395422      	-1.07002488e-04
0.0039548       	-1.07002488e-04
0.00395539      	-1.07002488e-04
0.00395598      	-1.07002488e-04
0.00395656      	-1.07002488e-04
0.00395715      	-1.07002488e-04
0.00395774      	-1.07002488e-04
0.00395832      	-1.07002488e-04
0.00395892      	-1.07002488e-04
0.00395952      	-1.07002488e-04
0.00396011      	-1.07002488e-04
0.00396071      	-1.07002488e-04
0.0039613       	-1.07002488e-04
0.0039619       	-1.07002488e-04
0.00396249      	-1.07002488e-04
0.00396309      	-1.07002488e-04
0.00396368      	-1.07002488e-04
0.00396428      	-1.07002488e-04
0.00396487      	-1.07002488e-04
0.00396547      	-1.07002488e-04
0.00396606      	-1.07002488e-04
0.00396666      	-1.07002488e-04
0.00396726      	-1.07002488e-04
0.00396785      	-1.07002488e-04
0.00396845      	-1.07002488e-04
0.00396904      	-1.07002488e-04
0.00396964      	-1.07002488e-04
0.00397023      	-1.07002488e-04
0.00397083      	-1.07002488e-04
0.00397142      	-1.07002488e-04
0.00397202      	-1.07002488e-04
0.00397261      	-1.07002488e-04
0.00397321      	-1.07002488e-04
0.0039738       	-1.07002488e-04
0.0039744       	-1.07002488e-04
0.00397499      	-1.07002488e-04
0.00397559      	-1.07002488e-04
0.00397619      	-1.07002488e-04
0.00397678      	-1.07002488e-04
0.00397738      	-1.07002488e-04
0.00397797      	-1.07002488e-04
0.00397857      	-1.07002488e-04
0.00397916      	-1.07002488e-04
0.00397976      	-1.07002488e-04
0.00398035      	-1.07002488e-04
0.00398095      	-1.07002488e-04
0.00398154      	-1.07002488e-04
0.00398214      	-1.07002488e-04
0.00398273      	-1.07002488e-04
0.00398333      	-1.07002488e-04
0.00398393      	-1.07002488e-04
0.00398452      	-1.07002488e-04
0.00398512      	-1.07002488e-04
0.00398571      	-1.07002488e-04
0.00398631      	-1.07002488e-04
0.0039869       	-1.07002488e-04
0.0039875       	-1.07002488e-04
0.00398809      	-1.07002488e-04
0.00398869      	-1.07002488e-04
0.00398928      	-1.07002488e-04
0.00398988      	-1.07002488e-04
0.00399047      	-1.07002488e-04
0.00399107      	-1.07002488e-04
0.00399166      	-1.07002488e-04
0.00399226      	-1.07002488e-04
0.00399286      	-1.07002488e-04
0.00399345      	-1.07002488e-04
0.00399405      	-1.07002488e-04
0.00399464      	-1.07002488e-04
0.00399524      	-1.07002488e-04
0.00399583      	-1.07002488e-04
0.00399643      	-1.07002488e-04
0.00399702      	-1.07002488e-04
0.00399762      	-1.07002488e-04
0.00399821      	-1.07002488e-04
0.00399881      	-1.07002488e-04
0.0039994       	-1.07002488e-04
0.004           	-1.07002488e-04
0.00400062      	-1.07002488e-04
0.00400124      	-1.07002488e-04
0.00400186      	-1.07002488e-04
0.00400248      	-1.07002488e-04
0.0040031       	-1.07002488e-04
0.00400372      	-1.07002488e-04
0.00400434      	-1.07002488e-04
0.00400497      	-1.07002488e-04
0.00400559      	-1.07002488e-04
0.00400622      	-1.07002488e-04
0.00400684      	-1.07002488e-04
0.00400747      	-1.07002488e-04
0.00400809      	-1.07002488e-04
0.00400872      	-1.07002488e-04
0.00400935      	-1.07002488e-04
0.00400998      	-1.07002488e-04
0.00401061      	-1.07002488e-04
0.00401125      	-1.07002488e-04
0.00401188      	-1.07002488e-04
0.00401251      	-1.07002488e-04
0.00401314      	-1.07002488e-04
0.00401378      	-1.07002488e-04
0.00401441      	-1.07002488e-04
0.00401505      	-1.07002488e-04
0.00401569      	-1.07002488e-04
0.00401633      	-1.07002488e-04
0.00401696      	-1.07002488e-04
0.0040176       	-1.07002488e-04
0.00401824      	-1.07002488e-04
0.00401888      	-1.07002488e-04
0.00401953      	-1.07002488e-04
0.00402017      	-1.07002488e-04
0.00402081      	-1.07002488e-04
0.00402146      	-1.07002488e-04
0.0040221       	-1.07002488e-04
0.00402275      	-1.07002488e-04
0.0040234       	-1.07002488e-04
0.00402404      	-1.07002488e-04
0.00402469      	-1.07002488e-04
0.00402534      	-1.07002488e-04
0.00402599      	-1.07002488e-04
0.00402664      	-1.07002488e-04
0.00402729      	-1.07002488e-04
0.00402795      	-1.07002488e-04
0.0040286       	-1.07002488e-04
0.00402925      	-1.07002488e-04
0.00402991      	-1.07002488e-04
0.00403056      	-1.07002488e-04
0.00403122      	-1.07002488e-04
0.00403187      	-1.07002488e-04
0.00403253      	-1.07002488e-04
0.00403319      	-1.07002488e-04
0.00403385      	-1.07002488e-04
0.00403451      	-1.07002488e-04
0.00403516      	-1.07002488e-04
0.00403582      	-1.07002488e-04
0.00403648      	-1.07002488e-04
0.00403715      	-1.07002488e-04
0.00403781      	-1.07002488e-04
0.00403847      	-1.07002488e-04
0.00403913      	-1.07002488e-04
0.00403979      	-1.07002488e-04
0.00404046      	-1.07002488e-04
0.00404112      	-1.07002488e-04
0.00404179      	-1.07002488e-04
0.00404245      	-1.07002488e-04
0.00404312      	-1.07002488e-04
0.00404378      	-1.07002488e-04
0.00404445      	-1.07002488e-04
0.00404512      	-1.07002488e-04
0.00404579      	-1.07002488e-04
0.00404645      	-1.07002488e-04
0.00404712      	-1.07002488e-04
0.00404779      	-1.07002488e-04
0.00404846      	-1.07002488e-04
0.00404913      	-1.07002488e-04
0.0040498       	-1.07002488e-04
0.00405048      	-1.07002488e-04
0.00405115      	-1.07002488e-04
0.00405182      	-1.07002488e-04
0.00405249      	-1.07002488e-04
0.00405317      	-1.07002488e-04
0.00405384      	-1.07002488e-04
0.00405451      	-1.07002488e-04
0.00405519      	-1.07002488e-04
0.00405586      	-1.07002488e-04
0.00405654      	-1.07002488e-04
0.00405722      	-1.07002488e-04
0.00405789      	-1.07002488e-04
0.00405857      	-1.07002488e-04
0.00405925      	-1.07002488e-04
0.00405993      	-1.07002488e-04
0.00406061      	-1.07002488e-04
0.00406129      	-1.07002488e-04
0.00406197      	-1.07002488e-04
0.00406265      	-1.07002488e-04
0.00406334      	-1.07002488e-04
0.00406402      	-1.07002488e-04
0.0040647       	-1.07002488e-04
0.00406539      	-1.07002488e-04
0.00406608      	-1.07002488e-04
0.00406676      	-1.07002488e-04
0.00406745      	-1.07002488e-04
0.00406814      	-1.07002488e-04
0.00406883      	-1.07002488e-04
0.00406952      	-1.07002488e-04
0.00407021      	-1.07002488e-04
0.0040709       	-1.07002488e-04
0.0040716       	-1.07002488e-04
0.00407229      	-1.07002488e-04
0.00407298      	-1.07002488e-04
0.00407368      	-1.07002488e-04
0.00407438      	-1.07002488e-04
0.00407508      	-1.07002488e-04
0.00407578      	-1.07002488e-04
0.00407648      	-1.07002488e-04
0.00407718      	-1.07002488e-04
0.00407789      	-1.07002488e-04
0.00407859      	-1.07002488e-04
0.0040793       	-1.07002488e-04
0.00408         	-1.07002488e-04
0.00408071      	-1.07002488e-04
0.00408142      	-1.07002488e-04
0.00408213      	-1.07002488e-04
0.00408284      	-1.07002488e-04
0.00408356      	-1.07002488e-04
0.00408427      	-1.07002488e-04
0.00408499      	-1.07002488e-04
0.00408571      	-1.07002488e-04
0.00408642      	-1.07002488e-04
0.00408714      	-1.07002488e-04
0.00408787      	-1.07002488e-04
0.00408859      	-1.07002488e-04
0.00408931      	-1.07002488e-04
0.00409004      	-1.07002488e-04
0.00409077      	-1.07002488e-04
0.00409149      	-1.07002488e-04
0.00409222      	-1.07002488e-04
0.00409295      	-1.07002488e-04
0.00409369      	-1.07002488e-04
0.00409442      	-1.07002488e-04
0.00409516      	-1.07002488e-04
0.0040959       	-1.07002488e-04
0.00409664      	-1.07002488e-04
0.00409737      	-1.07002488e-04
0.00409812      	-1.07002488e-04
0.00409886      	-1.07002488e-04
0.00409961      	-1.07002488e-04
0.00410035      	-1.07002488e-04
0.0041011       	-1.07002488e-04
0.00410185      	-1.07002488e-04
0.0041026       	-1.07002488e-04
0.00410335      	-1.07002488e-04
0.0041041       	-1.07002488e-04
0.00410486      	-1.07002488e-04
0.00410561      	-1.07002488e-04
0.00410637      	-1.07002488e-04
0.00410712      	-1.07002488e-04
0.00410788      	-1.07002488e-04
0.00410864      	-1.07002488e-04
0.00410941      	-1.07002488e-04
0.00411017      	-1.07002488e-04
0.00411093      	-1.07002488e-04
0.0041117       	-1.07002488e-04
0.00411246      	-1.07002488e-04
0.00411323      	-1.07002488e-04
0.004114        	-1.07002488e-04
0.00411477      	-1.07002488e-04
0.00411554      	-1.07002488e-04
0.00411631      	-1.07002488e-04
0.00411709      	-1.07002488e-04
0.00411786      	-1.07002488e-04
0.00411863      	-1.07002488e-04
0.00411941      	-1.07002488e-04
0.00412018      	-1.07002488e-04
0.00412096      	-1.07002488e-04
0.00412173      	-1.07002488e-04
0.00412252      	-1.07002488e-04
0.0041233       	-1.07002488e-04
0.00412408      	-1.07002488e-04
0.00412487      	-1.07002488e-04
0.00412565      	-1.07002488e-04
0.00412643      	-1.07002488e-04
0.00412721      	-1.07002488e-04
0.004128        	-1.07002488e-04
0.00412878      	-1.07002488e-04
0.00412956      	-1.07002488e-04
0.00413034      	-1.07002488e-04
0.00413113      	-1.07002488e-04
0.00413191      	-1.07002488e-04
0.00413269      	-1.07002488e-04
0.00413348      	-1.07002488e-04
0.00413428      	-1.07002488e-04
0.00413507      	-1.07002488e-04
0.00413586      	-1.07002488e-04
0.00413665      	-1.07002488e-04
0.00413744      	-1.07002488e-04
0.00413823      	-1.07002488e-04
0.00413903      	-1.07002488e-04
0.00413982      	-1.07002488e-04
0.00414061      	-1.07002488e-04
0.0041414       	-1.07002488e-04
0.00414219      	-1.07002488e-04
0.00414299      	-1.07002488e-04
0.00414378      	-1.07002488e-04
0.00414457      	-1.07002488e-04
0.00414536      	-1.07002488e-04
0.00414615      	-1.07002488e-04
0.00414695      	-1.07002488e-04
0.00414774      	-1.07002488e-04
0.00414853      	-1.07002488e-04
0.00414932      	-1.07002488e-04
0.00415011      	-1.07002488e-04
0.0041509       	-1.07002488e-04
0.0041517       	-1.07002488e-04
0.00415249      	-1.07002488e-04
0.00415328      	-1.07002488e-04
0.00415407      	-1.07002488e-04
0.00415486      	-1.07002488e-04
0.00415566      	-1.07002488e-04
0.00415645      	-1.07002488e-04
0.00415724      	-1.07002488e-04
0.00415803      	-1.07002488e-04
0.00415882      	-1.07002488e-04
0.00415963      	-1.07002488e-04
0.00416044      	-1.07002488e-04
0.00416125      	-1.07002488e-04
0.00416205      	-1.07002488e-04
0.00416286      	-1.07002488e-04
0.00416367      	-1.07002488e-04
0.00416447      	-1.07002488e-04
0.00416528      	-1.07002488e-04
0.00416609      	-1.07002488e-04
0.0041669       	-1.07002488e-04
0.0041677       	-1.07002488e-04
0.00416851      	-1.07002488e-04
0.00416932      	-1.07002488e-04
0.00417013      	-1.07002488e-04
0.00417093      	-1.07002488e-04
0.00417174      	-1.07002488e-04
0.00417255      	-1.07002488e-04
0.00417336      	-1.07002488e-04
0.00417416      	-1.07002488e-04
0.00417497      	-1.07002488e-04
0.00417578      	-1.07002488e-04
0.00417659      	-1.07002488e-04
0.00417739      	-1.07002488e-04
0.0041782       	-1.07002488e-04
0.00417901      	-1.07002488e-04
0.00417982      	-1.07002488e-04
0.00418062      	-1.07002488e-04
0.00418143      	-1.07002488e-04
0.00418224      	-1.07002488e-04
0.00418304      	-1.07002488e-04
0.00418385      	-1.07002488e-04
0.00418466      	-1.07002488e-04
0.00418547      	-1.07002488e-04
0.00418627      	-1.07002488e-04
0.00418708      	-1.07002488e-04
0.00418789      	-1.07002488e-04
0.0041887       	-1.07002488e-04
0.0041895       	-1.07002488e-04
0.00419031      	-1.07002488e-04
0.00419112      	-1.07002488e-04
0.00419193      	-1.07002488e-04
0.00419273      	-1.07002488e-04
0.00419354      	-1.07002488e-04
0.00419435      	-1.07002488e-04
0.00419516      	-1.07002488e-04
0.00419596      	-1.07002488e-04
0.00419677      	-1.07002488e-04
0.00419758      	-1.07002488e-04
0.00419839      	-1.07002488e-04
0.00419919      	-1.07002488e-04
0.0042          	-1.07002488e-04
0.00420085      	-1.07002488e-04
0.00420169      	-1.07002488e-04
0.00420255      	-1.07002488e-04
0.0042034       	-1.07002488e-04
0.00420425      	-1.07002488e-04
0.0042051       	-1.07002488e-04
0.00420595      	-1.07002488e-04
0.0042068       	-1.07002488e-04
0.00420765      	-1.07002488e-04
0.0042085       	-1.07002488e-04
0.00420935      	-1.07002488e-04
0.00421021      	-1.07002488e-04
0.00421106      	-1.07002488e-04
0.00421192      	-1.07002488e-04
0.00421277      	-1.07002488e-04
0.00421363      	-1.07002488e-04
0.00421448      	-1.07002488e-04
0.00421534      	-1.07002488e-04
0.00421619      	-1.07002488e-04
0.00421705      	-1.07002488e-04
0.0042179       	-1.07002488e-04
0.00421876      	-1.07002488e-04
0.00421961      	-1.07002488e-04
0.00422046      	-1.07002488e-04
0.00422132      	-1.07002488e-04
0.00422217      	-1.07002488e-04
0.00422302      	-1.07002488e-04
0.00422387      	-1.07002488e-04
0.00422472      	-1.07002488e-04
0.00422557      	-1.07002488e-04
0.00422642      	-1.07002488e-04
0.00422726      	-1.07002488e-04
0.00422811      	-1.07002488e-04
0.00422896      	-1.07002488e-04
0.0042298       	-1.07002488e-04
0.00423065      	-1.07002488e-04
0.00423149      	-1.07002488e-04
0.00423233      	-1.07002488e-04
0.00423317      	-1.07002488e-04
0.00423401      	-1.07002488e-04
0.00423485      	-1.07002488e-04
0.00423569      	-1.07002488e-04
0.00423653      	-1.07002488e-04
0.00423736      	-1.07002488e-04
0.0042382       	-1.07002488e-04
0.00423903      	-1.07002488e-04
0.00423986      	-1.07002488e-04
0.00424069      	-1.07002488e-04
0.00424152      	-1.07002488e-04
0.00424235      	-1.07002488e-04
0.00424318      	-1.07002488e-04
0.00424401      	-1.07002488e-04
0.00424483      	-1.07002488e-04
0.00424566      	-1.07002488e-04
0.00424648      	-1.07002488e-04
0.0042473       	-1.07002488e-04
0.00424813      	-1.07002488e-04
0.00424895      	-1.07002488e-04
0.00424977      	-1.07002488e-04
0.00425058      	-1.07002488e-04
0.0042514       	-1.07002488e-04
0.00425222      	-1.07002488e-04
0.00425303      	-1.07002488e-04
0.00425385      	-1.07002488e-04
0.00425466      	-1.07002488e-04
0.00425547      	-1.07002488e-04
0.00425629      	-1.07002488e-04
0.0042571       	-1.07002488e-04
0.00425791      	-1.07002488e-04
0.00425872      	-1.07002488e-04
0.00425952      	-1.07002488e-04
0.00426033      	-1.07002488e-04
0.00426114      	-1.07002488e-04
0.00426195      	-1.07002488e-04
0.00426275      	-1.07002488e-04
0.00426356      	-1.07002488e-04
0.00426436      	-1.07002488e-04
0.00426516      	-1.07002488e-04
0.00426596      	-1.07002488e-04
0.00426677      	-1.07002488e-04
0.00426757      	-1.07002488e-04
0.00426837      	-1.07002488e-04
0.00426916      	-1.07002488e-04
0.00426996      	-1.07002488e-04
0.00427076      	-1.07002488e-04
0.00427156      	-1.07002488e-04
0.00427236      	-1.07002488e-04
0.00427315      	-1.07002488e-04
0.00427394      	-1.07002488e-04
0.00427473      	-1.07002488e-04
0.00427553      	-1.07002488e-04
0.00427631      	-1.07002488e-04
0.0042771       	-1.07002488e-04
0.00427789      	-1.07002488e-04
0.00427868      	-1.07002488e-04
0.00427947      	-1.07002488e-04
0.00428025      	-1.07002488e-04
0.00428103      	-1.07002488e-04
0.00428181      	-1.07002488e-04
0.0042826       	-1.07002488e-04
0.00428337      	-1.07002488e-04
0.00428415      	-1.07002488e-04
0.00428493      	-1.07002488e-04
0.00428571      	-1.07002488e-04
0.00428648      	-1.07002488e-04
0.00428725      	-1.07002488e-04
0.00428802      	-1.07002488e-04
0.0042888       	-1.07002488e-04
0.00428957      	-1.07002488e-04
0.00429034      	-1.07002488e-04
0.0042911       	-1.07002488e-04
0.00429187      	-1.07002488e-04
0.00429264      	-1.07002488e-04
0.0042934       	-1.07002488e-04
0.00429416      	-1.07002488e-04
0.00429492      	-1.07002488e-04
0.00429568      	-1.07002488e-04
0.00429644      	-1.07002488e-04
0.0042972       	-1.07002488e-04
0.00429795      	-1.07002488e-04
0.00429871      	-1.07002488e-04
0.00429947      	-1.07002488e-04
0.00430022      	-1.07002488e-04
0.00430098      	-1.07002488e-04
0.00430173      	-1.07002488e-04
0.00430248      	-1.07002488e-04
0.00430323      	-1.07002488e-04
0.00430398      	-1.07002488e-04
0.00430473      	-1.07002488e-04
0.00430548      	-1.07002488e-04
0.00430622      	-1.07002488e-04
0.00430697      	-1.07002488e-04
0.00430771      	-1.07002488e-04
0.00430846      	-1.07002488e-04
0.0043092       	-1.07002488e-04
0.00430994      	-1.07002488e-04
0.00431069      	-1.07002488e-04
0.00431143      	-1.07002488e-04
0.00431217      	-1.07002488e-04
0.00431291      	-1.07002488e-04
0.00431365      	-1.07002488e-04
0.00431439      	-1.07002488e-04
0.00431512      	-1.07002488e-04
0.00431586      	-1.07002488e-04
0.0043166       	-1.07002488e-04
0.00431734      	-1.07002488e-04
0.00431808      	-1.07002488e-04
0.00431881      	-1.07002488e-04
0.00431955      	-1.07002488e-04
0.00432029      	-1.07002488e-04
0.00432103      	-1.07002488e-04
0.00432176      	-1.07002488e-04
0.00432249      	-1.07002488e-04
0.00432322      	-1.07002488e-04
0.00432395      	-1.07002488e-04
0.00432468      	-1.07002488e-04
0.00432542      	-1.07002488e-04
0.00432615      	-1.07002488e-04
0.00432688      	-1.07002488e-04
0.00432761      	-1.07002488e-04
0.00432834      	-1.07002488e-04
0.00432907      	-1.07002488e-04
0.0043298       	-1.07002488e-04
0.00433053      	-1.07002488e-04
0.00433127      	-1.07002488e-04
0.004332        	-1.07002488e-04
0.00433273      	-1.07002488e-04
0.00433346      	-1.07002488e-04
0.00433418      	-1.07002488e-04
0.00433491      	-1.07002488e-04
0.00433563      	-1.07002488e-04
0.00433635      	-1.07002488e-04
0.00433708      	-1.07002488e-04
0.0043378       	-1.07002488e-04
0.00433852      	-1.07002488e-04
0.00433925      	-1.07002488e-04
0.00433997      	-1.07002488e-04
0.00434069      	-1.07002488e-04
0.00434141      	-1.07002488e-04
0.00434214      	-1.07002488e-04
0.00434285      	-1.07002488e-04
0.00434357      	-1.07002488e-04
0.00434428      	-1.07002488e-04
0.004345        	-1.07002488e-04
0.00434571      	-1.07002488e-04
0.00434642      	-1.07002488e-04
0.00434714      	-1.07002488e-04
0.00434785      	-1.07002488e-04
0.00434857      	-1.07002488e-04
0.00434928      	-1.07002488e-04
0.00434999      	-1.07002488e-04
0.00435069      	-1.07002488e-04
0.00435139      	-1.07002488e-04
0.0043521       	-1.07002488e-04
0.0043528       	-1.07002488e-04
0.00435351      	-1.07002488e-04
0.00435421      	-1.07002488e-04
0.00435492      	-1.07002488e-04
0.00435562      	-1.07002488e-04
0.00435631      	-1.07002488e-04
0.00435701      	-1.07002488e-04
0.0043577       	-1.07002488e-04
0.0043584       	-1.07002488e-04
0.00435909      	-1.07002488e-04
0.00435978      	-1.07002488e-04
0.00436048      	-1.07002488e-04
0.00436117      	-1.07002488e-04
0.00436185      	-1.07002488e-04
0.00436253      	-1.07002488e-04
0.00436321      	-1.07002488e-04
0.00436389      	-1.07002488e-04
0.00436457      	-1.07002488e-04
0.00436526      	-1.07002488e-04
0.00436594      	-1.07002488e-04
0.00436662      	-1.07002488e-04
0.0043673       	-1.07002488e-04
0.00436797      	-1.07002488e-04
0.00436863      	-1.07002488e-04
0.0043693       	-1.07002488e-04
0.00436997      	-1.07002488e-04
0.00437064      	-1.07002488e-04
0.0043713       	-1.07002488e-04
0.00437197      	-1.07002488e-04
0.00437264      	-1.07002488e-04
0.00437331      	-1.07002488e-04
0.00437397      	-1.07002488e-04
0.00437464      	-1.07002488e-04
0.00437529      	-1.07002488e-04
0.00437594      	-1.07002488e-04
0.00437659      	-1.07002488e-04
0.00437724      	-1.07002488e-04
0.00437789      	-1.07002488e-04
0.00437854      	-1.07002488e-04
0.00437919      	-1.07002488e-04
0.00437984      	-1.07002488e-04
0.00438049      	-1.07002488e-04
0.00438114      	-1.07002488e-04
0.00438179      	-1.07002488e-04
0.00438244      	-1.07002488e-04
0.00438309      	-1.07002488e-04
0.00438374      	-1.07002488e-04
0.00438439      	-1.07002488e-04
0.00438504      	-1.07002488e-04
0.00438569      	-1.07002488e-04
0.00438635      	-1.07002488e-04
0.004387        	-1.07002488e-04
0.00438765      	-1.07002488e-04
0.0043883       	-1.07002488e-04
0.00438895      	-1.07002488e-04
0.0043896       	-1.07002488e-04
0.00439025      	-1.07002488e-04
0.0043909       	-1.07002488e-04
0.00439155      	-1.07002488e-04
0.0043922       	-1.07002488e-04
0.00439285      	-1.07002488e-04
0.0043935       	-1.07002488e-04
0.00439415      	-1.07002488e-04
0.0043948       	-1.07002488e-04
0.00439545      	-1.07002488e-04
0.0043961       	-1.07002488e-04
0.00439675      	-1.07002488e-04
0.0043974       	-1.07002488e-04
0.00439805      	-1.07002488e-04
0.0043987       	-1.07002488e-04
0.00439935      	-1.07002488e-04
0.0044          	-1.07002488e-04
0.00440062      	-1.07002488e-04
0.00440123      	-1.07002488e-04
0.00440185      	-1.07002488e-04
0.00440246      	-1.07002488e-04
0.00440308      	-1.07002488e-04
0.00440369      	-1.07002488e-04
0.0044043       	-1.07002488e-04
0.00440492      	-1.07002488e-04
0.00440553      	-1.07002488e-04
0.00440614      	-1.07002488e-04
0.00440675      	-1.07002488e-04
0.00440736      	-1.07002488e-04
0.00440797      	-1.07002488e-04
0.00440858      	-1.07002488e-04
0.00440918      	-1.07002488e-04
0.00440979      	-1.07002488e-04
0.0044104       	-1.07002488e-04
0.00441101      	-1.07002488e-04
0.00441162      	-1.07002488e-04
0.00441222      	-1.07002488e-04
0.00441283      	-1.07002488e-04
0.00441343      	-1.07002488e-04
0.00441404      	-1.07002488e-04
0.00441464      	-1.07002488e-04
0.00441525      	-1.07002488e-04
0.00441585      	-1.07002488e-04
0.00441646      	-1.07002488e-04
0.00441706      	-1.07002488e-04
0.00441766      	-1.07002488e-04
0.00441826      	-1.07002488e-04
0.00441887      	-1.07002488e-04
0.00441947      	-1.07002488e-04
0.00442007      	-1.07002488e-04
0.00442067      	-1.07002488e-04
0.00442127      	-1.07002488e-04
0.00442187      	-1.07002488e-04
0.00442247      	-1.07002488e-04
0.00442307      	-1.07002488e-04
0.00442367      	-1.07002488e-04
0.00442427      	-1.07002487e-04
0.00442487      	-1.07002487e-04
0.00442546      	-1.07002487e-04
0.00442606      	-1.07002487e-04
0.00442666      	-1.07002487e-04
0.00442725      	-1.07002487e-04
0.00442785      	-1.07002487e-04
0.00442845      	-1.07002487e-04
0.00442904      	-1.07002487e-04
0.00442964      	-1.07002487e-04
0.00443023      	-1.07002487e-04
0.00443082      	-1.07002487e-04
0.00443142      	-1.07002487e-04
0.00443201      	-1.07002487e-04
0.00443261      	-1.07002487e-04
0.0044332       	-1.07002487e-04
0.00443379      	-1.07002487e-04
0.00443438      	-1.07002487e-04
0.00443497      	-1.07002487e-04
0.00443557      	-1.07002487e-04
0.00443616      	-1.07002487e-04
0.00443675      	-1.07002487e-04
0.00443734      	-1.07002487e-04
0.00443793      	-1.07002487e-04
0.00443852      	-1.07002487e-04
0.00443911      	-1.07002487e-04
0.00443969      	-1.07002487e-04
0.00444028      	-1.07002487e-04
0.00444087      	-1.07002487e-04
0.00444146      	-1.07002487e-04
0.00444205      	-1.07002487e-04
0.00444263      	-1.07002487e-04
0.00444322      	-1.07002487e-04
0.00444381      	-1.07002487e-04
0.00444439      	-1.07002487e-04
0.00444498      	-1.07002487e-04
0.00444556      	-1.07002487e-04
0.00444615      	-1.07002487e-04
0.00444673      	-1.07002487e-04
0.00444731      	-1.07002487e-04
0.00444789      	-1.07002487e-04
0.00444848      	-1.07002487e-04
0.00444906      	-1.07002487e-04
0.00444964      	-1.07002487e-04
0.00445022      	-1.07002487e-04
0.0044508       	-1.07002487e-04
0.00445138      	-1.07002487e-04
0.00445196      	-1.07002487e-04
0.00445254      	-1.07002487e-04
0.00445312      	-1.07002487e-04
0.00445369      	-1.07002487e-04
0.00445427      	-1.07002487e-04
0.00445485      	-1.07002487e-04
0.00445542      	-1.07002487e-04
0.004456        	-1.07002487e-04
0.00445658      	-1.07002487e-04
0.00445715      	-1.07002487e-04
0.00445772      	-1.07002487e-04
0.0044583       	-1.07002487e-04
0.00445887      	-1.07002487e-04
0.00445945      	-1.07002487e-04
0.00446002      	-1.07002487e-04
0.00446059      	-1.07002487e-04
0.00446116      	-1.07002487e-04
0.00446173      	-1.07002487e-04
0.0044623       	-1.07002487e-04
0.00446287      	-1.07002487e-04
0.00446344      	-1.07002487e-04
0.00446401      	-1.07002487e-04
0.00446458      	-1.07002487e-04
0.00446515      	-1.07002487e-04
0.00446571      	-1.07002487e-04
0.00446628      	-1.07002487e-04
0.00446685      	-1.07002487e-04
0.00446741      	-1.07002487e-04
0.00446798      	-1.07002487e-04
0.00446855      	-1.07002487e-04
0.00446911      	-1.07002487e-04
0.00446968      	-1.07002487e-04
0.00447024      	-1.07002487e-04
0.0044708       	-1.07002487e-04
0.00447137      	-1.07002487e-04
0.00447193      	-1.07002487e-04
0.0044725       	-1.07002487e-04
0.00447306      	-1.07002487e-04
0.00447362      	-1.07002487e-04
0.00447418      	-1.07002487e-04
0.00447474      	-1.07002487e-04
0.0044753       	-1.07002487e-04
0.00447587      	-1.07002487e-04
0.00447643      	-1.07002487e-04
0.00447699      	-1.07002487e-04
0.00447755      	-1.07002487e-04
0.00447811      	-1.07002487e-04
0.00447867      	-1.07002487e-04
0.00447924      	-1.07002487e-04
0.0044798       	-1.07002487e-04
0.00448036      	-1.07002487e-04
0.00448092      	-1.07002487e-04
0.00448148      	-1.07002487e-04
0.00448204      	-1.07002487e-04
0.00448261      	-1.07002487e-04
0.00448317      	-1.07002487e-04
0.00448373      	-1.07002487e-04
0.00448429      	-1.07002487e-04
0.00448485      	-1.07002487e-04
0.00448541      	-1.07002487e-04
0.00448598      	-1.07002487e-04
0.00448654      	-1.07002487e-04
0.0044871       	-1.07002487e-04
0.00448766      	-1.07002487e-04
0.00448822      	-1.07002487e-04
0.00448878      	-1.07002487e-04
0.00448935      	-1.07002487e-04
0.00448991      	-1.07002487e-04
0.00449047      	-1.07002487e-04
0.00449103      	-1.07002487e-04
0.00449159      	-1.07002487e-04
0.00449216      	-1.07002487e-04
0.00449272      	-1.07002487e-04
0.00449328      	-1.07002487e-04
0.00449384      	-1.07002487e-04
0.0044944       	-1.07002487e-04
0.00449496      	-1.07002487e-04
0.00449553      	-1.07002487e-04
0.00449609      	-1.07002487e-04
0.00449665      	-1.07002487e-04
0.00449721      	-1.07002487e-04
0.00449777      	-1.07002487e-04
0.00449833      	-1.07002487e-04
0.0044989       	-1.07002487e-04
0.00449946      	-1.07002487e-04
0.00450002      	-1.07002487e-04
0.00450058      	-1.07002487e-04
0.00450114      	-1.07002487e-04
0.0045017       	-1.07002487e-04
0.00450227      	-1.07002487e-04
0.00450283      	-1.07002487e-04
0.00450339      	-1.07002487e-04
0.00450395      	-1.07002487e-04
0.00450451      	-1.07002487e-04
0.00450507      	-1.07002487e-04
0.00450564      	-1.07002487e-04
0.0045062       	-1.07002487e-04
0.00450676      	-1.07002487e-04
0.00450732      	-1.07002487e-04
0.00450788      	-1.07002487e-04
0.00450844      	-1.07002487e-04
0.00450901      	-1.07002487e-04
0.00450957      	-1.07002487e-04
0.00451013      	-1.07002487e-04
0.00451069      	-1.07002487e-04
0.00451125      	-1.07002487e-04
0.00451181      	-1.07002487e-04
0.00451238      	-1.07002487e-04
0.00451294      	-1.07002487e-04
0.0045135       	-1.07002487e-04
0.00451406      	-1.07002487e-04
0.00451462      	-1.07002487e-04
0.00451517      	-1.07002487e-04
0.00451573      	-1.07002487e-04
0.00451629      	-1.07002487e-04
0.00451685      	-1.07002487e-04
0.00451741      	-1.07002487e-04
0.00451796      	-1.07002487e-04
0.00451852      	-1.07002487e-04
0.00451908      	-1.07002487e-04
0.00451964      	-1.07002487e-04
0.0045202       	-1.07002487e-04
0.00452075      	-1.07002487e-04
0.00452131      	-1.07002487e-04
0.00452187      	-1.07002487e-04
0.00452243      	-1.07002487e-04
0.00452299      	-1.07002487e-04
0.00452354      	-1.07002487e-04
0.0045241       	-1.07002487e-04
0.00452466      	-1.07002487e-04
0.00452521      	-1.07002487e-04
0.00452576      	-1.07002487e-04
0.00452632      	-1.07002487e-04
0.00452687      	-1.07002487e-04
0.00452743      	-1.07002487e-04
0.00452798      	-1.07002487e-04
0.00452853      	-1.07002487e-04
0.00452909      	-1.07002487e-04
0.00452964      	-1.07002487e-04
0.0045302       	-1.07002487e-04
0.00453075      	-1.07002487e-04
0.0045313       	-1.07002487e-04
0.00453186      	-1.07002487e-04
0.00453241      	-1.07002487e-04
0.00453297      	-1.07002487e-04
0.00453352      	-1.07002487e-04
0.00453407      	-1.07002487e-04
0.00453463      	-1.07002487e-04
0.00453518      	-1.07002487e-04
0.00453574      	-1.07002487e-04
0.00453629      	-1.07002487e-04
0.00453684      	-1.07002487e-04
0.0045374       	-1.07002487e-04
0.00453795      	-1.07002487e-04
0.00453851      	-1.07002487e-04
0.00453907      	-1.07002487e-04
0.00453963      	-1.07002487e-04
0.00454019      	-1.07002487e-04
0.00454075      	-1.07002488e-04
0.00454131      	-1.07002488e-04
0.00454187      	-1.07002488e-04
0.00454242      	-1.07002488e-04
0.00454298      	-1.07002488e-04
0.00454354      	-1.07002488e-04
0.0045441       	-1.07002488e-04
0.00454466      	-1.07002488e-04
0.00454522      	-1.07002488e-04
0.00454578      	-1.07002488e-04
0.00454634      	-1.07002488e-04
0.0045469       	-1.07002488e-04
0.00454746      	-1.07002488e-04
0.00454801      	-1.07002488e-04
0.00454857      	-1.07002488e-04
0.00454913      	-1.07002488e-04
0.00454969      	-1.07002488e-04
0.00455026      	-1.07002488e-04
0.00455082      	-1.07002488e-04
0.00455139      	-1.07002488e-04
0.00455195      	-1.07002488e-04
0.00455252      	-1.07002488e-04
0.00455308      	-1.07002488e-04
0.00455365      	-1.07002488e-04
0.00455421      	-1.07002488e-04
0.00455478      	-1.07002488e-04
0.00455534      	-1.07002488e-04
0.00455591      	-1.07002488e-04
0.00455647      	-1.07002488e-04
0.00455704      	-1.07002488e-04
0.00455761      	-1.07002488e-04
0.00455817      	-1.07002488e-04
0.00455874      	-1.07002488e-04
0.0045593       	-1.07002488e-04
0.00455987      	-1.07002488e-04
0.00456043      	-1.07002488e-04
0.004561        	-1.07002488e-04
0.00456156      	-1.07002488e-04
0.00456213      	-1.07002488e-04
0.00456269      	-1.07002488e-04
0.00456326      	-1.07002488e-04
0.00456382      	-1.07002488e-04
0.00456439      	-1.07002488e-04
0.00456495      	-1.07002488e-04
0.00456552      	-1.07002488e-04
0.00456608      	-1.07002488e-04
0.00456665      	-1.07002488e-04
0.00456721      	-1.07002488e-04
0.00456778      	-1.07002488e-04
0.00456835      	-1.07002488e-04
0.00456891      	-1.07002488e-04
0.00456948      	-1.07002488e-04
0.00457004      	-1.07002488e-04
0.00457061      	-1.07002488e-04
0.00457117      	-1.07002488e-04
0.00457174      	-1.07002488e-04
0.0045723       	-1.07002488e-04
0.00457287      	-1.07002488e-04
0.00457343      	-1.07002488e-04
0.004574        	-1.07002488e-04
0.00457456      	-1.07002488e-04
0.00457513      	-1.07002488e-04
0.00457569      	-1.07002488e-04
0.00457626      	-1.07002488e-04
0.00457682      	-1.07002488e-04
0.00457739      	-1.07002488e-04
0.00457795      	-1.07002488e-04
0.00457852      	-1.07002488e-04
0.00457909      	-1.07002488e-04
0.00457965      	-1.07002488e-04
0.00458022      	-1.07002488e-04
0.00458078      	-1.07002488e-04
0.00458135      	-1.07002488e-04
0.00458191      	-1.07002488e-04
0.00458248      	-1.07002488e-04
0.00458304      	-1.07002488e-04
0.00458361      	-1.07002488e-04
0.00458417      	-1.07002488e-04
0.00458474      	-1.07002488e-04
0.0045853       	-1.07002488e-04
0.00458587      	-1.07002488e-04
0.00458643      	-1.07002488e-04
0.004587        	-1.07002488e-04
0.00458756      	-1.07002488e-04
0.00458813      	-1.07002488e-04
0.00458869      	-1.07002488e-04
0.00458926      	-1.07002488e-04
0.00458983      	-1.07002488e-04
0.00459039      	-1.07002488e-04
0.00459096      	-1.07002488e-04
0.00459152      	-1.07002488e-04
0.00459209      	-1.07002488e-04
0.00459265      	-1.07002488e-04
0.00459322      	-1.07002488e-04
0.00459378      	-1.07002488e-04
0.00459435      	-1.07002488e-04
0.00459491      	-1.07002488e-04
0.00459548      	-1.07002488e-04
0.00459604      	-1.07002488e-04
0.00459661      	-1.07002488e-04
0.00459717      	-1.07002488e-04
0.00459774      	-1.07002488e-04
0.0045983       	-1.07002488e-04
0.00459887      	-1.07002488e-04
0.00459943      	-1.07002488e-04
0.0046          	-1.07002488e-04
0.00460058      	-1.07002488e-04
0.00460115      	-1.07002488e-04
0.00460173      	-1.07002488e-04
0.00460231      	-1.07002488e-04
0.00460289      	-1.07002488e-04
0.00460347      	-1.07002488e-04
0.00460405      	-1.07002488e-04
0.00460463      	-1.07002488e-04
0.00460521      	-1.07002488e-04
0.00460579      	-1.07002488e-04
0.00460638      	-1.07002488e-04
0.00460696      	-1.07002488e-04
0.00460754      	-1.07002488e-04
0.00460813      	-1.07002488e-04
0.00460871      	-1.07002488e-04
0.0046093       	-1.07002488e-04
0.00460988      	-1.07002488e-04
0.00461047      	-1.07002488e-04
0.00461106      	-1.07002488e-04
0.00461164      	-1.07002488e-04
0.00461223      	-1.07002488e-04
0.00461282      	-1.07002488e-04
0.00461341      	-1.07002488e-04
0.004614        	-1.07002488e-04
0.00461459      	-1.07002488e-04
0.00461518      	-1.07002488e-04
0.00461577      	-1.07002488e-04
0.00461636      	-1.07002488e-04
0.00461695      	-1.07002488e-04
0.00461755      	-1.07002488e-04
0.00461814      	-1.07002488e-04
0.00461873      	-1.07002488e-04
0.00461933      	-1.07002488e-04
0.00461992      	-1.07002488e-04
0.00462052      	-1.07002488e-04
0.00462111      	-1.07002488e-04
0.00462171      	-1.07002488e-04
0.0046223       	-1.07002488e-04
0.0046229       	-1.07002488e-04
0.00462349      	-1.07002488e-04
0.00462409      	-1.07002488e-04
0.00462469      	-1.07002488e-04
0.00462528      	-1.07002488e-04
0.00462588      	-1.07002488e-04
0.00462648      	-1.07002488e-04
0.00462708      	-1.07002488e-04
0.00462768      	-1.07002488e-04
0.00462827      	-1.07002488e-04
0.00462887      	-1.07002488e-04
0.00462947      	-1.07002488e-04
0.00463007      	-1.07002488e-04
0.00463067      	-1.07002488e-04
0.00463127      	-1.07002488e-04
0.00463187      	-1.07002488e-04
0.00463247      	-1.07002488e-04
0.00463307      	-1.07002488e-04
0.00463367      	-1.07002488e-04
0.00463428      	-1.07002488e-04
0.00463488      	-1.07002488e-04
0.00463548      	-1.07002488e-04
0.00463608      	-1.07002488e-04
0.00463668      	-1.07002488e-04
0.00463728      	-1.07002488e-04
0.00463789      	-1.07002488e-04
0.00463849      	-1.07002488e-04
0.00463909      	-1.07002488e-04
0.00463969      	-1.07002488e-04
0.0046403       	-1.07002488e-04
0.0046409       	-1.07002488e-04
0.0046415       	-1.07002488e-04
0.00464211      	-1.07002488e-04
0.00464271      	-1.07002488e-04
0.00464332      	-1.07002488e-04
0.00464392      	-1.07002488e-04
0.00464453      	-1.07002488e-04
0.00464513      	-1.07002488e-04
0.00464574      	-1.07002488e-04
0.00464634      	-1.07002488e-04
0.00464694      	-1.07002488e-04
0.00464755      	-1.07002488e-04
0.00464816      	-1.07002488e-04
0.00464877      	-1.07002488e-04
0.00464937      	-1.07002488e-04
0.00464998      	-1.07002488e-04
0.00465059      	-1.07002488e-04
0.0046512       	-1.07002488e-04
0.00465181      	-1.07002488e-04
0.00465242      	-1.07002488e-04
0.00465303      	-1.07002488e-04
0.00465364      	-1.07002488e-04
0.00465425      	-1.07002488e-04
0.00465486      	-1.07002488e-04
0.00465547      	-1.07002488e-04
0.00465609      	-1.07002488e-04
0.0046567       	-1.07002488e-04
0.00465732      	-1.07002488e-04
0.00465793      	-1.07002488e-04
0.00465855      	-1.07002488e-04
0.00465916      	-1.07002488e-04
0.00465978      	-1.07002488e-04
0.0046604       	-1.07002488e-04
0.00466102      	-1.07002488e-04
0.00466164      	-1.07002488e-04
0.00466226      	-1.07002488e-04
0.00466288      	-1.07002488e-04
0.00466351      	-1.07002488e-04
0.00466413      	-1.07002488e-04
0.00466475      	-1.07002488e-04
0.00466538      	-1.07002488e-04
0.00466601      	-1.07002488e-04
0.00466663      	-1.07002488e-04
0.00466726      	-1.07002488e-04
0.00466789      	-1.07002488e-04
0.00466852      	-1.07002488e-04
0.00466915      	-1.07002488e-04
0.00466978      	-1.07002488e-04
0.00467042      	-1.07002488e-04
0.00467105      	-1.07002488e-04
0.00467168      	-1.07002488e-04
0.00467232      	-1.07002488e-04
0.00467295      	-1.07002488e-04
0.00467359      	-1.07002488e-04
0.00467423      	-1.07002488e-04
0.00467487      	-1.07002488e-04
0.00467551      	-1.07002488e-04
0.00467615      	-1.07002488e-04
0.00467679      	-1.07002488e-04
0.00467744      	-1.07002488e-04
0.00467808      	-1.07002488e-04
0.00467873      	-1.07002488e-04
0.00467937      	-1.07002488e-04
0.00468002      	-1.07002488e-04
0.00468066      	-1.07002488e-04
0.00468131      	-1.07002488e-04
0.00468196      	-1.07002488e-04
0.00468261      	-1.07002488e-04
0.00468327      	-1.07002488e-04
0.00468392      	-1.07002488e-04
0.00468457      	-1.07002488e-04
0.00468522      	-1.07002488e-04
0.00468588      	-1.07002488e-04
0.00468653      	-1.07002488e-04
0.00468719      	-1.07002488e-04
0.00468785      	-1.07002488e-04
0.00468851      	-1.07002488e-04
0.00468916      	-1.07002488e-04
0.00468982      	-1.07002488e-04
0.00469048      	-1.07002488e-04
0.00469114      	-1.07002488e-04
0.00469181      	-1.07002488e-04
0.00469247      	-1.07002488e-04
0.00469314      	-1.07002488e-04
0.0046938       	-1.07002488e-04
0.00469446      	-1.07002488e-04
0.00469513      	-1.07002488e-04
0.00469579      	-1.07002488e-04
0.00469646      	-1.07002488e-04
0.00469713      	-1.07002488e-04
0.0046978       	-1.07002488e-04
0.00469847      	-1.07002488e-04
0.00469913      	-1.07002488e-04
0.0046998       	-1.07002488e-04
0.00470047      	-1.07002488e-04
0.00470115      	-1.07002488e-04
0.00470182      	-1.07002488e-04
0.00470249      	-1.07002488e-04
0.00470316      	-1.07002488e-04
0.00470384      	-1.07002488e-04
0.00470451      	-1.07002488e-04
0.00470518      	-1.07002488e-04
0.00470585      	-1.07002488e-04
0.00470653      	-1.07002488e-04
0.0047072       	-1.07002488e-04
0.00470788      	-1.07002488e-04
0.00470855      	-1.07002488e-04
0.00470923      	-1.07002488e-04
0.00470991      	-1.07002488e-04
0.00471059      	-1.07002488e-04
0.00471126      	-1.07002488e-04
0.00471194      	-1.07002488e-04
0.00471262      	-1.07002488e-04
0.0047133       	-1.07002488e-04
0.00471397      	-1.07002488e-04
0.00471465      	-1.07002488e-04
0.00471533      	-1.07002488e-04
0.00471601      	-1.07002488e-04
0.00471669      	-1.07002488e-04
0.00471737      	-1.07002488e-04
0.00471805      	-1.07002488e-04
0.00471874      	-1.07002488e-04
0.00471942      	-1.07002488e-04
0.0047201       	-1.07002488e-04
0.00472079      	-1.07002488e-04
0.00472147      	-1.07002488e-04
0.00472215      	-1.07002488e-04
0.00472283      	-1.07002488e-04
0.00472352      	-1.07002488e-04
0.0047242       	-1.07002488e-04
0.00472488      	-1.07002488e-04
0.00472557      	-1.07002488e-04
0.00472626      	-1.07002488e-04
0.00472695      	-1.07002488e-04
0.00472764      	-1.07002488e-04
0.00472833      	-1.07002488e-04
0.00472902      	-1.07002488e-04
0.00472971      	-1.07002488e-04
0.0047304       	-1.07002488e-04
0.00473109      	-1.07002488e-04
0.00473177      	-1.07002488e-04
0.00473246      	-1.07002488e-04
0.00473315      	-1.07002488e-04
0.00473385      	-1.07002488e-04
0.00473455      	-1.07002488e-04
0.00473524      	-1.07002488e-04
0.00473594      	-1.07002488e-04
0.00473663      	-1.07002488e-04
0.00473733      	-1.07002488e-04
0.00473803      	-1.07002488e-04
0.00473872      	-1.07002488e-04
0.00473942      	-1.07002488e-04
0.00474012      	-1.07002488e-04
0.00474081      	-1.07002488e-04
0.00474151      	-1.07002488e-04
0.00474221      	-1.07002488e-04
0.00474292      	-1.07002488e-04
0.00474362      	-1.07002488e-04
0.00474433      	-1.07002488e-04
0.00474503      	-1.07002488e-04
0.00474574      	-1.07002488e-04
0.00474644      	-1.07002488e-04
0.00474715      	-1.07002488e-04
0.00474785      	-1.07002488e-04
0.00474856      	-1.07002488e-04
0.00474926      	-1.07002488e-04
0.00474998      	-1.07002488e-04
0.00475069      	-1.07002488e-04
0.0047514       	-1.07002488e-04
0.00475212      	-1.07002488e-04
0.00475283      	-1.07002488e-04
0.00475355      	-1.07002488e-04
0.00475426      	-1.07002488e-04
0.00475498      	-1.07002488e-04
0.00475569      	-1.07002488e-04
0.00475641      	-1.07002488e-04
0.00475712      	-1.07002488e-04
0.00475784      	-1.07002488e-04
0.00475856      	-1.07002488e-04
0.00475929      	-1.07002488e-04
0.00476002      	-1.07002488e-04
0.00476074      	-1.07002488e-04
0.00476147      	-1.07002488e-04
0.0047622       	-1.07002488e-04
0.00476292      	-1.07002488e-04
0.00476365      	-1.07002488e-04
0.00476438      	-1.07002488e-04
0.00476511      	-1.07002488e-04
0.00476583      	-1.07002488e-04
0.00476656      	-1.07002488e-04
0.00476729      	-1.07002488e-04
0.00476801      	-1.07002488e-04
0.00476874      	-1.07002488e-04
0.00476948      	-1.07002488e-04
0.00477023      	-1.07002488e-04
0.00477097      	-1.07002488e-04
0.00477172      	-1.07002488e-04
0.00477246      	-1.07002488e-04
0.00477321      	-1.07002488e-04
0.00477395      	-1.07002488e-04
0.00477469      	-1.07002488e-04
0.00477544      	-1.07002488e-04
0.00477618      	-1.07002488e-04
0.00477693      	-1.07002488e-04
0.00477767      	-1.07002488e-04
0.00477842      	-1.07002488e-04
0.00477916      	-1.07002488e-04
0.0047799       	-1.07002488e-04
0.00478065      	-1.07002488e-04
0.00478139      	-1.07002488e-04
0.00478214      	-1.07002488e-04
0.00478288      	-1.07002488e-04
0.00478363      	-1.07002488e-04
0.00478437      	-1.07002488e-04
0.00478511      	-1.07002488e-04
0.00478586      	-1.07002488e-04
0.0047866       	-1.07002488e-04
0.00478735      	-1.07002488e-04
0.00478809      	-1.07002488e-04
0.00478884      	-1.07002488e-04
0.00478958      	-1.07002488e-04
0.00479032      	-1.07002488e-04
0.00479107      	-1.07002488e-04
0.00479181      	-1.07002488e-04
0.00479256      	-1.07002488e-04
0.0047933       	-1.07002488e-04
0.00479405      	-1.07002488e-04
0.00479479      	-1.07002488e-04
0.00479553      	-1.07002488e-04
0.00479628      	-1.07002488e-04
0.00479702      	-1.07002488e-04
0.00479777      	-1.07002488e-04
0.00479851      	-1.07002488e-04
0.00479926      	-1.07002488e-04
0.0048          	-1.07002488e-04
0.00480078      	-1.07002488e-04
0.00480156      	-1.07002488e-04
0.00480233      	-1.07002488e-04
0.00480311      	-1.07002488e-04
0.00480389      	-1.07002488e-04
0.00480467      	-1.07002488e-04
0.00480545      	-1.07002488e-04
0.00480623      	-1.07002488e-04
0.00480701      	-1.07002488e-04
0.00480779      	-1.07002488e-04
0.00480857      	-1.07002488e-04
0.00480935      	-1.07002488e-04
0.00481014      	-1.07002488e-04
0.00481092      	-1.07002488e-04
0.0048117       	-1.07002488e-04
0.00481248      	-1.07002488e-04
0.00481326      	-1.07002488e-04
0.00481404      	-1.07002488e-04
0.00481482      	-1.07002488e-04
0.0048156       	-1.07002488e-04
0.00481639      	-1.07002488e-04
0.00481717      	-1.07002488e-04
0.00481795      	-1.07002488e-04
0.00481873      	-1.07002488e-04
0.00481951      	-1.07002488e-04
0.00482029      	-1.07002488e-04
0.00482107      	-1.07002488e-04
0.00482186      	-1.07002488e-04
0.00482264      	-1.07002488e-04
0.00482342      	-1.07002488e-04
0.0048242       	-1.07002488e-04
0.00482498      	-1.07002488e-04
0.00482576      	-1.07002488e-04
0.00482654      	-1.07002488e-04
0.00482732      	-1.07002488e-04
0.0048281       	-1.07002488e-04
0.00482888      	-1.07002488e-04
0.00482966      	-1.07002488e-04
0.00483044      	-1.07002488e-04
0.00483121      	-1.07002488e-04
0.00483199      	-1.07002488e-04
0.00483277      	-1.07002488e-04
0.00483355      	-1.07002488e-04
0.00483433      	-1.07002488e-04
0.0048351       	-1.07002488e-04
0.00483588      	-1.07002488e-04
0.00483666      	-1.07002488e-04
0.00483743      	-1.07002488e-04
0.00483821      	-1.07002488e-04
0.00483898      	-1.07002488e-04
0.00483976      	-1.07002488e-04
0.00484053      	-1.07002488e-04
0.0048413       	-1.07002488e-04
0.00484208      	-1.07002488e-04
0.00484285      	-1.07002488e-04
0.00484363      	-1.07002488e-04
0.0048444       	-1.07002488e-04
0.00484517      	-1.07002488e-04
0.00484595      	-1.07002488e-04
0.00484672      	-1.07002488e-04
0.0048475       	-1.07002488e-04
0.00484827      	-1.07002488e-04
0.00484904      	-1.07002488e-04
0.00484982      	-1.07002488e-04
0.00485059      	-1.07002488e-04
0.00485137      	-1.07002488e-04
0.00485214      	-1.07002488e-04
0.00485292      	-1.07002488e-04
0.00485369      	-1.07002488e-04
0.00485446      	-1.07002488e-04
0.00485524      	-1.07002488e-04
0.00485601      	-1.07002488e-04
0.00485679      	-1.07002488e-04
0.00485756      	-1.07002488e-04
0.00485833      	-1.07002488e-04
0.00485911      	-1.07002488e-04
0.00485988      	-1.07002488e-04
0.00486066      	-1.07002488e-04
0.00486143      	-1.07002488e-04
0.0048622       	-1.07002488e-04
0.00486298      	-1.07002488e-04
0.00486375      	-1.07002488e-04
0.00486453      	-1.07002488e-04
0.00486531      	-1.07002488e-04
0.00486609      	-1.07002488e-04
0.00486687      	-1.07002488e-04
0.00486765      	-1.07002488e-04
0.00486842      	-1.07002488e-04
0.0048692       	-1.07002488e-04
0.00486998      	-1.07002488e-04
0.00487076      	-1.07002488e-04
0.00487154      	-1.07002488e-04
0.00487232      	-1.07002488e-04
0.0048731       	-1.07002488e-04
0.00487387      	-1.07002488e-04
0.00487466      	-1.07002488e-04
0.00487544      	-1.07002488e-04
0.00487622      	-1.07002488e-04
0.00487701      	-1.07002488e-04
0.00487779      	-1.07002488e-04
0.00487857      	-1.07002488e-04
0.00487936      	-1.07002488e-04
0.00488014      	-1.07002488e-04
0.00488092      	-1.07002488e-04
0.00488171      	-1.07002488e-04
0.00488249      	-1.07002488e-04
0.00488328      	-1.07002488e-04
0.00488406      	-1.07002488e-04
0.00488484      	-1.07002488e-04
0.00488563      	-1.07002488e-04
0.00488641      	-1.07002488e-04
0.00488719      	-1.07002488e-04
0.00488798      	-1.07002488e-04
0.00488876      	-1.07002488e-04
0.00488954      	-1.07002488e-04
0.00489033      	-1.07002488e-04
0.00489111      	-1.07002488e-04
0.00489189      	-1.07002488e-04
0.00489268      	-1.07002488e-04
0.00489346      	-1.07002488e-04
0.00489424      	-1.07002488e-04
0.00489503      	-1.07002488e-04
0.00489581      	-1.07002488e-04
0.00489659      	-1.07002488e-04
0.00489738      	-1.07002488e-04
0.00489816      	-1.07002488e-04
0.00489894      	-1.07002488e-04
0.00489973      	-1.07002488e-04
0.00490051      	-1.07002488e-04
0.00490129      	-1.07002488e-04
0.00490208      	-1.07002488e-04
0.00490286      	-1.07002488e-04
0.00490364      	-1.07002488e-04
0.00490443      	-1.07002488e-04
0.00490521      	-1.07002488e-04
0.00490599      	-1.07002488e-04
0.00490678      	-1.07002488e-04
0.00490756      	-1.07002488e-04
0.00490834      	-1.07002488e-04
0.00490913      	-1.07002488e-04
0.0049099       	-1.07002488e-04
0.00491068      	-1.07002488e-04
0.00491146      	-1.07002488e-04
0.00491223      	-1.07002488e-04
0.00491301      	-1.07002488e-04
0.00491379      	-1.07002488e-04
0.00491456      	-1.07002488e-04
0.00491534      	-1.07002488e-04
0.00491611      	-1.07002488e-04
0.00491688      	-1.07002488e-04
0.00491765      	-1.07002488e-04
0.00491842      	-1.07002488e-04
0.00491919      	-1.07002488e-04
0.00491996      	-1.07002488e-04
0.00492073      	-1.07002488e-04
0.00492149      	-1.07002488e-04
0.00492225      	-1.07002488e-04
0.00492301      	-1.07002488e-04
0.00492378      	-1.07002488e-04
0.00492454      	-1.07002488e-04
0.0049253       	-1.07002488e-04
0.00492606      	-1.07002488e-04
0.00492683      	-1.07002488e-04
0.00492759      	-1.07002488e-04
0.00492834      	-1.07002488e-04
0.0049291       	-1.07002488e-04
0.00492985      	-1.07002488e-04
0.00493061      	-1.07002488e-04
0.00493136      	-1.07002488e-04
0.00493211      	-1.07002488e-04
0.00493287      	-1.07002488e-04
0.00493362      	-1.07002488e-04
0.00493437      	-1.07002488e-04
0.00493511      	-1.07002488e-04
0.00493586      	-1.07002488e-04
0.00493661      	-1.07002488e-04
0.00493735      	-1.07002488e-04
0.0049381       	-1.07002488e-04
0.00493884      	-1.07002488e-04
0.00493959      	-1.07002488e-04
0.00494033      	-1.07002488e-04
0.00494107      	-1.07002488e-04
0.00494181      	-1.07002488e-04
0.00494254      	-1.07002488e-04
0.00494328      	-1.07002488e-04
0.00494402      	-1.07002488e-04
0.00494475      	-1.07002488e-04
0.00494549      	-1.07002488e-04
0.00494623      	-1.07002488e-04
0.00494696      	-1.07002488e-04
0.0049477       	-1.07002488e-04
0.00494844      	-1.07002488e-04
0.00494916      	-1.07002488e-04
0.00494989      	-1.07002488e-04
0.00495062      	-1.07002488e-04
0.00495134      	-1.07002488e-04
0.00495207      	-1.07002488e-04
0.00495279      	-1.07002488e-04
0.00495352      	-1.07002488e-04
0.00495425      	-1.07002488e-04
0.00495497      	-1.07002488e-04
0.0049557       	-1.07002488e-04
0.00495643      	-1.07002488e-04
0.00495714      	-1.07002488e-04
0.00495785      	-1.07002488e-04
0.00495857      	-1.07002488e-04
0.00495928      	-1.07002488e-04
0.00496         	-1.07002488e-04
0.00496071      	-1.07002488e-04
0.00496143      	-1.07002488e-04
0.00496214      	-1.07002488e-04
0.00496285      	-1.07002488e-04
0.00496357      	-1.07002488e-04
0.00496428      	-1.07002488e-04
0.004965        	-1.07002488e-04
0.0049657       	-1.07002488e-04
0.0049664       	-1.07002488e-04
0.0049671       	-1.07002488e-04
0.0049678       	-1.07002488e-04
0.0049685       	-1.07002488e-04
0.0049692       	-1.07002488e-04
0.0049699       	-1.07002488e-04
0.0049706       	-1.07002488e-04
0.0049713       	-1.07002488e-04
0.004972        	-1.07002488e-04
0.0049727       	-1.07002488e-04
0.0049734       	-1.07002488e-04
0.0049741       	-1.07002488e-04
0.0049748       	-1.07002488e-04
0.0049755       	-1.07002488e-04
0.0049762       	-1.07002488e-04
0.0049769       	-1.07002488e-04
0.0049776       	-1.07002488e-04
0.0049783       	-1.07002488e-04
0.004979        	-1.07002488e-04
0.0049797       	-1.07002488e-04
0.0049804       	-1.07002488e-04
0.0049811       	-1.07002488e-04
0.0049818       	-1.07002488e-04
0.0049825       	-1.07002488e-04
0.0049832       	-1.07002488e-04
0.0049839       	-1.07002488e-04
0.0049846       	-1.07002488e-04
0.0049853       	-1.07002488e-04
0.004986        	-1.07002488e-04
0.0049867       	-1.07002488e-04
0.0049874       	-1.07002488e-04
0.0049881       	-1.07002488e-04
0.0049888       	-1.07002488e-04
0.0049895       	-1.07002488e-04
0.0049902       	-1.07002488e-04
0.0049909       	-1.07002488e-04
0.0049916       	-1.07002488e-04
0.0049923       	-1.07002488e-04
0.004993        	-1.07002488e-04
0.0049937       	-1.07002488e-04
0.0049944       	-1.07002488e-04
0.0049951       	-1.07002488e-04
0.0049958       	-1.07002488e-04
0.0049965       	-1.07002488e-04
0.0049972       	-1.07002488e-04
0.0049979       	-1.07002488e-04
0.0049986       	-1.07002488e-04
0.0049993       	-1.07002488e-04
0.005           	-1.07002488e-04
0.00500069      	-1.07002488e-04
0.00500137      	-1.07002488e-04
0.00500206      	-1.07002488e-04
0.00500275      	-1.07002488e-04
0.00500344      	-1.07002488e-04
0.00500412      	-1.07002488e-04
0.00500481      	-1.07002488e-04
0.0050055       	-1.07002488e-04
0.00500618      	-1.07002488e-04
0.00500687      	-1.07002488e-04
0.00500755      	-1.07002488e-04
0.00500824      	-1.07002488e-04
0.00500892      	-1.07002488e-04
0.00500961      	-1.07002488e-04
0.00501029      	-1.07002488e-04
0.00501097      	-1.07002488e-04
0.00501165      	-1.07002488e-04
0.00501233      	-1.07002488e-04
0.00501302      	-1.07002488e-04
0.0050137       	-1.07002488e-04
0.00501438      	-1.07002488e-04
0.00501506      	-1.07002488e-04
0.00501574      	-1.07002488e-04
0.00501642      	-1.07002488e-04
0.0050171       	-1.07002488e-04
0.00501778      	-1.07002488e-04
0.00501846      	-1.07002488e-04
0.00501914      	-1.07002488e-04
0.00501982      	-1.07002488e-04
0.00502049      	-1.07002488e-04
0.00502117      	-1.07002488e-04
0.00502185      	-1.07002488e-04
0.00502252      	-1.07002488e-04
0.0050232       	-1.07002488e-04
0.00502387      	-1.07002488e-04
0.00502455      	-1.07002488e-04
0.00502522      	-1.07002488e-04
0.0050259       	-1.07002488e-04
0.00502657      	-1.07002488e-04
0.00502724      	-1.07002488e-04
0.00502791      	-1.07002488e-04
0.00502859      	-1.07002488e-04
0.00502926      	-1.07002488e-04
0.00502993      	-1.07002488e-04
0.0050306       	-1.07002488e-04
0.00503127      	-1.07002488e-04
0.00503194      	-1.07002488e-04
0.00503261      	-1.07002488e-04
0.00503327      	-1.07002488e-04
0.00503394      	-1.07002488e-04
0.00503461      	-1.07002488e-04
0.00503527      	-1.07002488e-04
0.00503594      	-1.07002488e-04
0.00503661      	-1.07002488e-04
0.00503727      	-1.07002488e-04
0.00503794      	-1.07002488e-04
0.0050386       	-1.07002488e-04
0.00503927      	-1.07002488e-04
0.00503993      	-1.07002488e-04
0.0050406       	-1.07002488e-04
0.00504126      	-1.07002488e-04
0.00504192      	-1.07002488e-04
0.00504258      	-1.07002488e-04
0.00504324      	-1.07002488e-04
0.0050439       	-1.07002488e-04
0.00504456      	-1.07002488e-04
0.00504522      	-1.07002488e-04
0.00504588      	-1.07002488e-04
0.00504654      	-1.07002488e-04
0.0050472       	-1.07002488e-04
0.00504785      	-1.07002488e-04
0.00504851      	-1.07002488e-04
0.00504916      	-1.07002488e-04
0.00504982      	-1.07002488e-04
0.00505047      	-1.07002488e-04
0.00505113      	-1.07002488e-04
0.00505178      	-1.07002488e-04
0.00505243      	-1.07002488e-04
0.00505308      	-1.07002488e-04
0.00505373      	-1.07002488e-04
0.00505438      	-1.07002488e-04
0.00505503      	-1.07002488e-04
0.00505568      	-1.07002488e-04
0.00505633      	-1.07002488e-04
0.00505697      	-1.07002488e-04
0.00505762      	-1.07002488e-04
0.00505826      	-1.07002488e-04
0.00505891      	-1.07002488e-04
0.00505955      	-1.07002488e-04
0.0050602       	-1.07002488e-04
0.00506084      	-1.07002488e-04
0.00506148      	-1.07002488e-04
0.00506212      	-1.07002488e-04
0.00506276      	-1.07002488e-04
0.0050634       	-1.07002488e-04
0.00506404      	-1.07002488e-04
0.00506468      	-1.07002488e-04
0.00506532      	-1.07002488e-04
0.00506595      	-1.07002488e-04
0.00506659      	-1.07002488e-04
0.00506722      	-1.07002488e-04
0.00506786      	-1.07002488e-04
0.00506849      	-1.07002488e-04
0.00506913      	-1.07002488e-04
0.00506976      	-1.07002488e-04
0.00507039      	-1.07002488e-04
0.00507102      	-1.07002488e-04
0.00507166      	-1.07002488e-04
0.00507229      	-1.07002488e-04
0.00507292      	-1.07002488e-04
0.00507355      	-1.07002488e-04
0.00507418      	-1.07002488e-04
0.00507481      	-1.07002488e-04
0.00507544      	-1.07002488e-04
0.00507607      	-1.07002488e-04
0.0050767       	-1.07002488e-04
0.00507733      	-1.07002488e-04
0.00507796      	-1.07002488e-04
0.00507859      	-1.07002488e-04
0.00507921      	-1.07002488e-04
0.00507984      	-1.07002488e-04
0.00508047      	-1.07002488e-04
0.0050811       	-1.07002488e-04
0.00508173      	-1.07002488e-04
0.00508236      	-1.07002488e-04
0.00508299      	-1.07002488e-04
0.00508362      	-1.07002488e-04
0.00508425      	-1.07002488e-04
0.00508489      	-1.07002488e-04
0.00508552      	-1.07002488e-04
0.00508615      	-1.07002488e-04
0.00508678      	-1.07002488e-04
0.00508742      	-1.07002488e-04
0.00508805      	-1.07002488e-04
0.00508868      	-1.07002488e-04
0.00508931      	-1.07002488e-04
0.00508995      	-1.07002488e-04
0.00509058      	-1.07002488e-04
0.00509121      	-1.07002488e-04
0.00509184      	-1.07002488e-04
0.00509248      	-1.07002488e-04
0.00509311      	-1.07002488e-04
0.00509374      	-1.07002488e-04
0.00509437      	-1.07002488e-04
0.00509501      	-1.07002488e-04
0.00509565      	-1.07002488e-04
0.00509628      	-1.07002488e-04
0.00509692      	-1.07002488e-04
0.00509756      	-1.07002488e-04
0.00509819      	-1.07002488e-04
0.00509883      	-1.07002488e-04
0.00509946      	-1.07002488e-04
0.0051001       	-1.07002488e-04
0.00510074      	-1.07002488e-04
0.00510137      	-1.07002488e-04
0.00510201      	-1.07002488e-04
0.00510265      	-1.07002488e-04
0.00510328      	-1.07002488e-04
0.00510392      	-1.07002488e-04
0.00510455      	-1.07002488e-04
0.00510519      	-1.07002488e-04
0.00510583      	-1.07002488e-04
0.00510646      	-1.07002488e-04
0.0051071       	-1.07002488e-04
0.00510774      	-1.07002488e-04
0.00510837      	-1.07002488e-04
0.00510901      	-1.07002488e-04
0.00510965      	-1.07002488e-04
0.00511028      	-1.07002488e-04
0.00511092      	-1.07002488e-04
0.00511155      	-1.07002488e-04
0.00511219      	-1.07002488e-04
0.00511283      	-1.07002488e-04
0.00511346      	-1.07002488e-04
0.00511409      	-1.07002488e-04
0.00511472      	-1.07002488e-04
0.00511535      	-1.07002488e-04
0.00511599      	-1.07002488e-04
0.00511662      	-1.07002488e-04
0.00511725      	-1.07002488e-04
0.00511788      	-1.07002488e-04
0.00511851      	-1.07002488e-04
0.00511914      	-1.07002488e-04
0.00511977      	-1.07002488e-04
0.00512039      	-1.07002488e-04
0.00512102      	-1.07002488e-04
0.00512165      	-1.07002488e-04
0.00512227      	-1.07002488e-04
0.0051229       	-1.07002488e-04
0.00512353      	-1.07002488e-04
0.00512415      	-1.07002488e-04
0.00512477      	-1.07002488e-04
0.00512539      	-1.07002488e-04
0.00512601      	-1.07002488e-04
0.00512664      	-1.07002488e-04
0.00512726      	-1.07002488e-04
0.00512788      	-1.07002488e-04
0.0051285       	-1.07002488e-04
0.00512912      	-1.07002488e-04
0.00512973      	-1.07002488e-04
0.00513035      	-1.07002488e-04
0.00513097      	-1.07002488e-04
0.00513158      	-1.07002488e-04
0.0051322       	-1.07002488e-04
0.00513282      	-1.07002488e-04
0.00513343      	-1.07002488e-04
0.00513404      	-1.07002488e-04
0.00513465      	-1.07002488e-04
0.00513526      	-1.07002488e-04
0.00513587      	-1.07002488e-04
0.00513649      	-1.07002488e-04
0.0051371       	-1.07002488e-04
0.00513771      	-1.07002488e-04
0.00513832      	-1.07002488e-04
0.00513893      	-1.07002488e-04
0.00513954      	-1.07002488e-04
0.00514015      	-1.07002488e-04
0.00514076      	-1.07002488e-04
0.00514136      	-1.07002488e-04
0.00514197      	-1.07002488e-04
0.00514257      	-1.07002488e-04
0.00514318      	-1.07002488e-04
0.00514378      	-1.07002488e-04
0.00514439      	-1.07002488e-04
0.00514499      	-1.07002488e-04
0.0051456       	-1.07002488e-04
0.0051462       	-1.07002488e-04
0.00514681      	-1.07002488e-04
0.00514741      	-1.07002488e-04
0.00514801      	-1.07002488e-04
0.00514862      	-1.07002488e-04
0.00514922      	-1.07002488e-04
0.00514983      	-1.07002488e-04
0.00515043      	-1.07002488e-04
0.00515104      	-1.07002488e-04
0.00515164      	-1.07002488e-04
0.00515225      	-1.07002488e-04
0.00515285      	-1.07002488e-04
0.00515345      	-1.07002488e-04
0.00515406      	-1.07002488e-04
0.00515466      	-1.07002488e-04
0.00515527      	-1.07002488e-04
0.00515587      	-1.07002488e-04
0.00515648      	-1.07002488e-04
0.00515708      	-1.07002488e-04
0.00515769      	-1.07002488e-04
0.00515829      	-1.07002488e-04
0.00515889      	-1.07002488e-04
0.0051595       	-1.07002488e-04
0.0051601       	-1.07002488e-04
0.00516071      	-1.07002488e-04
0.00516131      	-1.07002488e-04
0.00516192      	-1.07002488e-04
0.00516252      	-1.07002488e-04
0.00516313      	-1.07002488e-04
0.00516374      	-1.07002488e-04
0.00516436      	-1.07002488e-04
0.00516497      	-1.07002488e-04
0.00516558      	-1.07002488e-04
0.0051662       	-1.07002488e-04
0.00516681      	-1.07002488e-04
0.00516743      	-1.07002488e-04
0.00516804      	-1.07002488e-04
0.00516866      	-1.07002488e-04
0.00516927      	-1.07002488e-04
0.00516989      	-1.07002488e-04
0.0051705       	-1.07002488e-04
0.00517112      	-1.07002488e-04
0.00517173      	-1.07002488e-04
0.00517234      	-1.07002488e-04
0.00517296      	-1.07002488e-04
0.00517357      	-1.07002488e-04
0.00517419      	-1.07002488e-04
0.0051748       	-1.07002488e-04
0.00517542      	-1.07002488e-04
0.00517603      	-1.07002488e-04
0.00517665      	-1.07002488e-04
0.00517726      	-1.07002488e-04
0.00517788      	-1.07002488e-04
0.00517849      	-1.07002488e-04
0.0051791       	-1.07002488e-04
0.00517972      	-1.07002488e-04
0.00518033      	-1.07002488e-04
0.00518095      	-1.07002488e-04
0.00518156      	-1.07002488e-04
0.00518218      	-1.07002488e-04
0.00518279      	-1.07002488e-04
0.00518341      	-1.07002488e-04
0.00518402      	-1.07002488e-04
0.00518464      	-1.07002488e-04
0.00518525      	-1.07002488e-04
0.00518587      	-1.07002488e-04
0.00518648      	-1.07002488e-04
0.00518709      	-1.07002488e-04
0.00518771      	-1.07002488e-04
0.00518832      	-1.07002488e-04
0.00518894      	-1.07002488e-04
0.00518955      	-1.07002488e-04
0.00519017      	-1.07002488e-04
0.00519078      	-1.07002488e-04
0.0051914       	-1.07002488e-04
0.00519201      	-1.07002488e-04
0.00519263      	-1.07002488e-04
0.00519324      	-1.07002488e-04
0.00519385      	-1.07002488e-04
0.00519447      	-1.07002488e-04
0.00519508      	-1.07002488e-04
0.0051957       	-1.07002488e-04
0.00519631      	-1.07002488e-04
0.00519693      	-1.07002488e-04
0.00519754      	-1.07002488e-04
0.00519816      	-1.07002488e-04
0.00519877      	-1.07002488e-04
0.00519939      	-1.07002488e-04
0.0052          	-1.07002488e-04
0.00520061      	-1.07002488e-04
0.00520122      	-1.07002488e-04
0.00520183      	-1.07002488e-04
0.00520244      	-1.07002488e-04
0.00520305      	-1.07002488e-04
0.00520366      	-1.07002488e-04
0.00520427      	-1.07002488e-04
0.00520488      	-1.07002488e-04
0.00520548      	-1.07002488e-04
0.00520609      	-1.07002488e-04
0.0052067       	-1.07002488e-04
0.00520731      	-1.07002488e-04
0.00520792      	-1.07002488e-04
0.00520852      	-1.07002488e-04
0.00520913      	-1.07002488e-04
0.00520974      	-1.07002488e-04
0.00521035      	-1.07002488e-04
0.00521095      	-1.07002488e-04
0.00521156      	-1.07002488e-04
0.00521217      	-1.07002488e-04
0.00521278      	-1.07002488e-04
0.00521339      	-1.07002488e-04
0.00521399      	-1.07002488e-04
0.0052146       	-1.07002488e-04
0.00521521      	-1.07002488e-04
0.00521582      	-1.07002488e-04
0.00521643      	-1.07002488e-04
0.00521703      	-1.07002488e-04
0.00521764      	-1.07002488e-04
0.00521825      	-1.07002488e-04
0.00521886      	-1.07002488e-04
0.00521947      	-1.07002488e-04
0.00522008      	-1.07002488e-04
0.00522069      	-1.07002488e-04
0.0052213       	-1.07002488e-04
0.00522191      	-1.07002488e-04
0.00522253      	-1.07002488e-04
0.00522314      	-1.07002488e-04
0.00522375      	-1.07002488e-04
0.00522437      	-1.07002488e-04
0.00522498      	-1.07002488e-04
0.0052256       	-1.07002488e-04
0.00522621      	-1.07002488e-04
0.00522683      	-1.07002488e-04
0.00522744      	-1.07002488e-04
0.00522806      	-1.07002488e-04
0.00522868      	-1.07002488e-04
0.00522929      	-1.07002488e-04
0.00522991      	-1.07002488e-04
0.00523053      	-1.07002488e-04
0.00523115      	-1.07002488e-04
0.00523177      	-1.07002488e-04
0.00523239      	-1.07002488e-04
0.00523301      	-1.07002488e-04
0.00523363      	-1.07002488e-04
0.00523425      	-1.07002488e-04
0.00523488      	-1.07002488e-04
0.0052355       	-1.07002488e-04
0.00523612      	-1.07002488e-04
0.00523675      	-1.07002488e-04
0.00523737      	-1.07002488e-04
0.00523799      	-1.07002488e-04
0.00523862      	-1.07002488e-04
0.00523924      	-1.07002488e-04
0.00523987      	-1.07002488e-04
0.00524049      	-1.07002488e-04
0.00524112      	-1.07002488e-04
0.00524175      	-1.07002488e-04
0.00524237      	-1.07002488e-04
0.005243        	-1.07002488e-04
0.00524363      	-1.07002488e-04
0.00524426      	-1.07002488e-04
0.00524488      	-1.07002488e-04
0.00524551      	-1.07002488e-04
0.00524614      	-1.07002488e-04
0.00524677      	-1.07002488e-04
0.0052474       	-1.07002488e-04
0.00524802      	-1.07002488e-04
0.00524865      	-1.07002488e-04
0.00524928      	-1.07002488e-04
0.00524991      	-1.07002488e-04
0.00525054      	-1.07002488e-04
0.00525116      	-1.07002488e-04
0.00525179      	-1.07002488e-04
0.00525242      	-1.07002488e-04
0.00525305      	-1.07002488e-04
0.00525368      	-1.07002488e-04
0.0052543       	-1.07002488e-04
0.00525493      	-1.07002488e-04
0.00525556      	-1.07002488e-04
0.00525619      	-1.07002488e-04
0.00525682      	-1.07002488e-04
0.00525744      	-1.07002488e-04
0.00525807      	-1.07002488e-04
0.0052587       	-1.07002488e-04
0.00525933      	-1.07002488e-04
0.00525996      	-1.07002488e-04
0.00526058      	-1.07002488e-04
0.00526121      	-1.07002488e-04
0.00526184      	-1.07002488e-04
0.00526246      	-1.07002488e-04
0.00526309      	-1.07002488e-04
0.00526371      	-1.07002488e-04
0.00526434      	-1.07002488e-04
0.00526496      	-1.07002488e-04
0.00526559      	-1.07002488e-04
0.00526621      	-1.07002488e-04
0.00526684      	-1.07002488e-04
0.00526746      	-1.07002488e-04
0.00526809      	-1.07002488e-04
0.00526871      	-1.07002488e-04
0.00526933      	-1.07002488e-04
0.00526996      	-1.07002488e-04
0.00527058      	-1.07002488e-04
0.0052712       	-1.07002488e-04
0.00527182      	-1.07002488e-04
0.00527244      	-1.07002488e-04
0.00527307      	-1.07002488e-04
0.00527369      	-1.07002488e-04
0.00527431      	-1.07002488e-04
0.00527493      	-1.07002488e-04
0.00527556      	-1.07002488e-04
0.00527618      	-1.07002488e-04
0.0052768       	-1.07002488e-04
0.00527742      	-1.07002488e-04
0.00527804      	-1.07002488e-04
0.00527867      	-1.07002488e-04
0.00527929      	-1.07002488e-04
0.00527991      	-1.07002488e-04
0.00528053      	-1.07002488e-04
0.00528116      	-1.07002488e-04
0.00528178      	-1.07002488e-04
0.0052824       	-1.07002488e-04
0.00528302      	-1.07002488e-04
0.00528364      	-1.07002488e-04
0.00528427      	-1.07002488e-04
0.00528489      	-1.07002488e-04
0.00528551      	-1.07002488e-04
0.00528613      	-1.07002488e-04
0.00528676      	-1.07002488e-04
0.00528738      	-1.07002488e-04
0.005288        	-1.07002488e-04
0.00528862      	-1.07002488e-04
0.00528924      	-1.07002488e-04
0.00528987      	-1.07002488e-04
0.00529049      	-1.07002488e-04
0.00529111      	-1.07002488e-04
0.00529174      	-1.07002488e-04
0.00529236      	-1.07002488e-04
0.00529299      	-1.07002488e-04
0.00529361      	-1.07002488e-04
0.00529424      	-1.07002488e-04
0.00529487      	-1.07002488e-04
0.0052955       	-1.07002488e-04
0.00529612      	-1.07002488e-04
0.00529675      	-1.07002488e-04
0.00529738      	-1.07002488e-04
0.00529801      	-1.07002488e-04
0.00529864      	-1.07002488e-04
0.00529927      	-1.07002488e-04
0.00529991      	-1.07002488e-04
0.00530054      	-1.07002488e-04
0.00530117      	-1.07002488e-04
0.00530181      	-1.07002488e-04
0.00530244      	-1.07002488e-04
0.00530307      	-1.07002488e-04
0.00530371      	-1.07002488e-04
0.00530435      	-1.07002488e-04
0.00530499      	-1.07002488e-04
0.00530562      	-1.07002488e-04
0.00530626      	-1.07002488e-04
0.0053069       	-1.07002488e-04
0.00530754      	-1.07002488e-04
0.00530818      	-1.07002488e-04
0.00530882      	-1.07002488e-04
0.00530946      	-1.07002488e-04
0.00531011      	-1.07002488e-04
0.00531075      	-1.07002488e-04
0.00531139      	-1.07002488e-04
0.00531203      	-1.07002488e-04
0.00531267      	-1.07002488e-04
0.00531332      	-1.07002488e-04
0.00531397      	-1.07002488e-04
0.00531461      	-1.07002488e-04
0.00531526      	-1.07002488e-04
0.00531591      	-1.07002488e-04
0.00531656      	-1.07002488e-04
0.0053172       	-1.07002488e-04
0.00531785      	-1.07002488e-04
0.00531851      	-1.07002488e-04
0.00531916      	-1.07002488e-04
0.00531981      	-1.07002488e-04
0.00532046      	-1.07002488e-04
0.00532111      	-1.07002488e-04
0.00532177      	-1.07002488e-04
0.00532242      	-1.07002488e-04
0.00532307      	-1.07002488e-04
0.00532372      	-1.07002488e-04
0.00532437      	-1.07002488e-04
0.00532503      	-1.07002488e-04
0.00532568      	-1.07002488e-04
0.00532634      	-1.07002488e-04
0.00532699      	-1.07002488e-04
0.00532765      	-1.07002488e-04
0.00532831      	-1.07002488e-04
0.00532897      	-1.07002488e-04
0.00532962      	-1.07002488e-04
0.00533028      	-1.07002488e-04
0.00533094      	-1.07002488e-04
0.0053316       	-1.07002488e-04
0.00533225      	-1.07002488e-04
0.00533291      	-1.07002488e-04
0.00533357      	-1.07002488e-04
0.00533423      	-1.07002488e-04
0.00533489      	-1.07002488e-04
0.00533554      	-1.07002488e-04
0.0053362       	-1.07002488e-04
0.00533686      	-1.07002488e-04
0.00533752      	-1.07002488e-04
0.00533817      	-1.07002488e-04
0.00533883      	-1.07002488e-04
0.00533949      	-1.07002488e-04
0.00534015      	-1.07002488e-04
0.0053408       	-1.07002488e-04
0.00534146      	-1.07002488e-04
0.00534212      	-1.07002488e-04
0.00534278      	-1.07002488e-04
0.00534344      	-1.07002488e-04
0.00534409      	-1.07002488e-04
0.00534475      	-1.07002488e-04
0.00534541      	-1.07002488e-04
0.00534607      	-1.07002488e-04
0.00534672      	-1.07002488e-04
0.00534738      	-1.07002488e-04
0.00534804      	-1.07002488e-04
0.0053487       	-1.07002488e-04
0.00534936      	-1.07002488e-04
0.00535001      	-1.07002488e-04
0.00535067      	-1.07002488e-04
0.00535133      	-1.07002488e-04
0.00535199      	-1.07002488e-04
0.00535264      	-1.07002488e-04
0.0053533       	-1.07002488e-04
0.00535396      	-1.07002488e-04
0.00535462      	-1.07002488e-04
0.00535527      	-1.07002488e-04
0.00535593      	-1.07002488e-04
0.00535659      	-1.07002488e-04
0.00535725      	-1.07002488e-04
0.00535791      	-1.07002488e-04
0.00535856      	-1.07002488e-04
0.00535922      	-1.07002488e-04
0.00535988      	-1.07002488e-04
0.00536054      	-1.07002488e-04
0.00536119      	-1.07002488e-04
0.00536185      	-1.07002488e-04
0.00536251      	-1.07002488e-04
0.00536317      	-1.07002488e-04
0.00536383      	-1.07002488e-04
0.00536448      	-1.07002488e-04
0.00536514      	-1.07002488e-04
0.0053658       	-1.07002488e-04
0.00536646      	-1.07002488e-04
0.00536711      	-1.07002488e-04
0.00536777      	-1.07002488e-04
0.00536843      	-1.07002488e-04
0.00536909      	-1.07002488e-04
0.00536974      	-1.07002488e-04
0.0053704       	-1.07002488e-04
0.00537106      	-1.07002488e-04
0.00537172      	-1.07002488e-04
0.00537238      	-1.07002488e-04
0.00537303      	-1.07002488e-04
0.00537369      	-1.07002488e-04
0.00537435      	-1.07002488e-04
0.00537501      	-1.07002488e-04
0.00537566      	-1.07002488e-04
0.00537632      	-1.07002488e-04
0.00537698      	-1.07002488e-04
0.00537766      	-1.07002488e-04
0.00537833      	-1.07002488e-04
0.00537901      	-1.07002488e-04
0.00537969      	-1.07002488e-04
0.00538037      	-1.07002488e-04
0.00538104      	-1.07002488e-04
0.00538172      	-1.07002488e-04
0.0053824       	-1.07002488e-04
0.00538307      	-1.07002488e-04
0.00538375      	-1.07002488e-04
0.00538443      	-1.07002488e-04
0.0053851       	-1.07002488e-04
0.00538578      	-1.07002488e-04
0.00538646      	-1.07002488e-04
0.00538714      	-1.07002488e-04
0.00538781      	-1.07002488e-04
0.00538849      	-1.07002488e-04
0.00538917      	-1.07002488e-04
0.00538984      	-1.07002488e-04
0.00539052      	-1.07002488e-04
0.0053912       	-1.07002488e-04
0.00539188      	-1.07002488e-04
0.00539255      	-1.07002488e-04
0.00539323      	-1.07002488e-04
0.00539391      	-1.07002488e-04
0.00539458      	-1.07002488e-04
0.00539526      	-1.07002488e-04
0.00539594      	-1.07002488e-04
0.00539661      	-1.07002488e-04
0.00539729      	-1.07002488e-04
0.00539797      	-1.07002488e-04
0.00539865      	-1.07002488e-04
0.00539932      	-1.07002488e-04
0.0054          	-1.07002488e-04
0.0054007       	-1.07002488e-04
0.00540139      	-1.07002488e-04
0.00540209      	-1.07002488e-04
0.00540279      	-1.07002488e-04
0.00540349      	-1.07002488e-04
0.0054042       	-1.07002488e-04
0.0054049       	-1.07002488e-04
0.0054056       	-1.07002488e-04
0.00540631      	-1.07002488e-04
0.00540701      	-1.07002488e-04
0.00540772      	-1.07002488e-04
0.00540842      	-1.07002488e-04
0.00540913      	-1.07002488e-04
0.00540984      	-1.07002488e-04
0.00541055      	-1.07002488e-04
0.00541126      	-1.07002488e-04
0.00541197      	-1.07002488e-04
0.00541268      	-1.07002488e-04
0.00541339      	-1.07002488e-04
0.00541411      	-1.07002488e-04
0.00541482      	-1.07002488e-04
0.00541553      	-1.07002488e-04
0.00541625      	-1.07002488e-04
0.00541696      	-1.07002488e-04
0.00541768      	-1.07002488e-04
0.0054184       	-1.07002488e-04
0.00541911      	-1.07002488e-04
0.00541983      	-1.07002488e-04
0.00542055      	-1.07002488e-04
0.00542127      	-1.07002488e-04
0.00542199      	-1.07002488e-04
0.00542271      	-1.07002488e-04
0.00542343      	-1.07002488e-04
0.00542415      	-1.07002488e-04
0.00542487      	-1.07002488e-04
0.00542559      	-1.07002488e-04
0.00542631      	-1.07002488e-04
0.00542704      	-1.07002488e-04
0.00542776      	-1.07002488e-04
0.00542848      	-1.07002488e-04
0.00542921      	-1.07002488e-04
0.00542993      	-1.07002488e-04
0.00543065      	-1.07002488e-04
0.00543138      	-1.07002488e-04
0.0054321       	-1.07002488e-04
0.00543283      	-1.07002488e-04
0.00543356      	-1.07002488e-04
0.00543428      	-1.07002488e-04
0.00543501      	-1.07002488e-04
0.00543574      	-1.07002488e-04
0.00543646      	-1.07002488e-04
0.00543719      	-1.07002488e-04
0.00543792      	-1.07002488e-04
0.00543864      	-1.07002488e-04
0.00543937      	-1.07002488e-04
0.0054401       	-1.07002488e-04
0.00544082      	-1.07002488e-04
0.00544155      	-1.07002488e-04
0.00544228      	-1.07002488e-04
0.00544301      	-1.07002488e-04
0.00544374      	-1.07002488e-04
0.00544447      	-1.07002488e-04
0.0054452       	-1.07002488e-04
0.00544593      	-1.07002488e-04
0.00544666      	-1.07002488e-04
0.00544739      	-1.07002488e-04
0.00544812      	-1.07002488e-04
0.00544885      	-1.07002488e-04
0.00544958      	-1.07002488e-04
0.00545031      	-1.07002488e-04
0.00545104      	-1.07002488e-04
0.00545177      	-1.07002488e-04
0.0054525       	-1.07002488e-04
0.00545323      	-1.07002488e-04
0.00545396      	-1.07002488e-04
0.00545469      	-1.07002488e-04
0.00545542      	-1.07002488e-04
0.00545616      	-1.07002488e-04
0.00545689      	-1.07002488e-04
0.00545762      	-1.07002488e-04
0.00545836      	-1.07002488e-04
0.00545909      	-1.07002488e-04
0.00545982      	-1.07002488e-04
0.00546056      	-1.07002488e-04
0.00546129      	-1.07002488e-04
0.00546203      	-1.07002488e-04
0.00546276      	-1.07002488e-04
0.0054635       	-1.07002488e-04
0.00546424      	-1.07002488e-04
0.00546497      	-1.07002488e-04
0.00546571      	-1.07002488e-04
0.00546645      	-1.07002488e-04
0.00546719      	-1.07002488e-04
0.00546793      	-1.07002488e-04
0.00546866      	-1.07002488e-04
0.00546941      	-1.07002488e-04
0.00547015      	-1.07002488e-04
0.00547089      	-1.07002488e-04
0.00547163      	-1.07002488e-04
0.00547237      	-1.07002488e-04
0.00547312      	-1.07002488e-04
0.00547386      	-1.07002488e-04
0.0054746       	-1.07002488e-04
0.00547535      	-1.07002488e-04
0.0054761       	-1.07002488e-04
0.00547684      	-1.07002488e-04
0.00547759      	-1.07002488e-04
0.00547834      	-1.07002488e-04
0.00547909      	-1.07002488e-04
0.00547984      	-1.07002488e-04
0.00548059      	-1.07002488e-04
0.00548134      	-1.07002488e-04
0.0054821       	-1.07002488e-04
0.00548286      	-1.07002488e-04
0.00548361      	-1.07002488e-04
0.00548437      	-1.07002488e-04
0.00548513      	-1.07002488e-04
0.00548589      	-1.07002488e-04
0.00548665      	-1.07002488e-04
0.00548741      	-1.07002488e-04
0.00548817      	-1.07002488e-04
0.00548894      	-1.07002488e-04
0.0054897       	-1.07002488e-04
0.00549047      	-1.07002488e-04
0.00549123      	-1.07002488e-04
0.005492        	-1.07002488e-04
0.00549277      	-1.07002488e-04
0.00549354      	-1.07002488e-04
0.00549431      	-1.07002488e-04
0.00549509      	-1.07002488e-04
0.00549586      	-1.07002488e-04
0.00549663      	-1.07002488e-04
0.00549741      	-1.07002488e-04
0.00549818      	-1.07002488e-04
0.00549896      	-1.07002488e-04
0.00549974      	-1.07002488e-04
0.00550052      	-1.07002488e-04
0.00550129      	-1.07002488e-04
0.00550207      	-1.07002488e-04
0.00550285      	-1.07002488e-04
0.00550364      	-1.07002488e-04
0.00550442      	-1.07002488e-04
0.0055052       	-1.07002488e-04
0.00550599      	-1.07002488e-04
0.00550677      	-1.07002488e-04
0.00550755      	-1.07002488e-04
0.00550834      	-1.07002488e-04
0.00550913      	-1.07002488e-04
0.00550992      	-1.07002488e-04
0.00551071      	-1.07002488e-04
0.0055115       	-1.07002488e-04
0.00551229      	-1.07002488e-04
0.00551308      	-1.07002488e-04
0.00551387      	-1.07002488e-04
0.00551467      	-1.07002488e-04
0.00551547      	-1.07002488e-04
0.00551627      	-1.07002488e-04
0.00551706      	-1.07002488e-04
0.00551786      	-1.07002488e-04
0.00551866      	-1.07002488e-04
0.00551946      	-1.07002488e-04
0.00552025      	-1.07002488e-04
0.00552105      	-1.07002488e-04
0.00552185      	-1.07002488e-04
0.00552265      	-1.07002488e-04
0.00552344      	-1.07002488e-04
0.00552424      	-1.07002488e-04
0.00552505      	-1.07002488e-04
0.00552585      	-1.07002488e-04
0.00552666      	-1.07002488e-04
0.00552747      	-1.07002488e-04
0.00552827      	-1.07002488e-04
0.00552908      	-1.07002488e-04
0.00552988      	-1.07002488e-04
0.00553069      	-1.07002488e-04
0.0055315       	-1.07002488e-04
0.0055323       	-1.07002488e-04
0.00553311      	-1.07002488e-04
0.00553391      	-1.07002488e-04
0.00553472      	-1.07002488e-04
0.00553553      	-1.07002488e-04
0.00553633      	-1.07002488e-04
0.00553714      	-1.07002488e-04
0.00553794      	-1.07002488e-04
0.00553875      	-1.07002488e-04
0.00553955      	-1.07002488e-04
0.00554036      	-1.07002488e-04
0.00554117      	-1.07002488e-04
0.00554197      	-1.07002488e-04
0.00554278      	-1.07002488e-04
0.00554358      	-1.07002488e-04
0.00554439      	-1.07002488e-04
0.0055452       	-1.07002488e-04
0.005546        	-1.07002488e-04
0.00554681      	-1.07002488e-04
0.00554761      	-1.07002488e-04
0.00554842      	-1.07002488e-04
0.00554923      	-1.07002488e-04
0.00555002      	-1.07002488e-04
0.00555081      	-1.07002488e-04
0.00555161      	-1.07002488e-04
0.0055524       	-1.07002488e-04
0.00555319      	-1.07002488e-04
0.00555399      	-1.07002488e-04
0.00555478      	-1.07002488e-04
0.00555557      	-1.07002488e-04
0.00555637      	-1.07002488e-04
0.00555716      	-1.07002488e-04
0.00555795      	-1.07002488e-04
0.00555875      	-1.07002488e-04
0.00555954      	-1.07002488e-04
0.00556033      	-1.07002488e-04
0.00556113      	-1.07002488e-04
0.00556192      	-1.07002488e-04
0.00556271      	-1.07002488e-04
0.00556351      	-1.07002488e-04
0.0055643       	-1.07002488e-04
0.00556509      	-1.07002488e-04
0.00556589      	-1.07002488e-04
0.00556666      	-1.07002488e-04
0.00556744      	-1.07002488e-04
0.00556821      	-1.07002488e-04
0.00556899      	-1.07002488e-04
0.00556976      	-1.07002488e-04
0.00557054      	-1.07002488e-04
0.00557131      	-1.07002488e-04
0.00557209      	-1.07002488e-04
0.00557286      	-1.07002488e-04
0.00557364      	-1.07002488e-04
0.00557441      	-1.07002488e-04
0.00557519      	-1.07002488e-04
0.00557597      	-1.07002488e-04
0.00557674      	-1.07002488e-04
0.00557752      	-1.07002488e-04
0.00557829      	-1.07002488e-04
0.00557907      	-1.07002488e-04
0.00557984      	-1.07002488e-04
0.00558062      	-1.07002488e-04
0.00558139      	-1.07002488e-04
0.00558217      	-1.07002488e-04
0.00558294      	-1.07002488e-04
0.00558372      	-1.07002488e-04
0.00558449      	-1.07002488e-04
0.00558527      	-1.07002488e-04
0.00558604      	-1.07002488e-04
0.00558682      	-1.07002488e-04
0.00558759      	-1.07002488e-04
0.00558837      	-1.07002488e-04
0.00558915      	-1.07002488e-04
0.00558992      	-1.07002488e-04
0.0055907       	-1.07002488e-04
0.00559147      	-1.07002488e-04
0.00559225      	-1.07002488e-04
0.00559302      	-1.07002488e-04
0.0055938       	-1.07002488e-04
0.00559457      	-1.07002488e-04
0.00559535      	-1.07002488e-04
0.00559612      	-1.07002488e-04
0.0055969       	-1.07002488e-04
0.00559767      	-1.07002488e-04
0.00559845      	-1.07002488e-04
0.00559922      	-1.07002488e-04
0.0056          	-1.07002488e-04
0.00560076      	-1.07002488e-04
0.00560152      	-1.07002488e-04
0.00560227      	-1.07002488e-04
0.00560303      	-1.07002488e-04
0.00560379      	-1.07002488e-04
0.00560455      	-1.07002488e-04
0.0056053       	-1.07002488e-04
0.00560606      	-1.07002488e-04
0.00560681      	-1.07002488e-04
0.00560757      	-1.07002488e-04
0.00560832      	-1.07002488e-04
0.00560908      	-1.07002488e-04
0.00560983      	-1.07002488e-04
0.00561059      	-1.07002488e-04
0.00561134      	-1.07002488e-04
0.00561209      	-1.07002488e-04
0.00561285      	-1.07002488e-04
0.0056136       	-1.07002488e-04
0.00561436      	-1.07002488e-04
0.00561511      	-1.07002488e-04
0.00561587      	-1.07002488e-04
0.00561662      	-1.07002488e-04
0.00561737      	-1.07002488e-04
0.00561813      	-1.07002488e-04
0.00561888      	-1.07002488e-04
0.00561963      	-1.07002488e-04
0.00562038      	-1.07002488e-04
0.00562113      	-1.07002488e-04
0.00562188      	-1.07002488e-04
0.00562263      	-1.07002488e-04
0.00562339      	-1.07002488e-04
0.00562414      	-1.07002488e-04
0.00562489      	-1.07002488e-04
0.00562564      	-1.07002488e-04
0.00562639      	-1.07002488e-04
0.00562714      	-1.07002488e-04
0.00562789      	-1.07002488e-04
0.00562864      	-1.07002488e-04
0.00562939      	-1.07002488e-04
0.00563013      	-1.07002488e-04
0.00563088      	-1.07002488e-04
0.00563163      	-1.07002488e-04
0.00563238      	-1.07002488e-04
0.00563313      	-1.07002488e-04
0.00563387      	-1.07002488e-04
0.00563462      	-1.07002488e-04
0.00563536      	-1.07002488e-04
0.00563611      	-1.07002488e-04
0.00563685      	-1.07002488e-04
0.0056376       	-1.07002488e-04
0.00563834      	-1.07002488e-04
0.00563908      	-1.07002488e-04
0.00563983      	-1.07002488e-04
0.00564057      	-1.07002488e-04
0.00564131      	-1.07002488e-04
0.00564205      	-1.07002488e-04
0.00564279      	-1.07002488e-04
0.00564353      	-1.07002488e-04
0.00564427      	-1.07002488e-04
0.00564501      	-1.07002488e-04
0.00564574      	-1.07002488e-04
0.00564648      	-1.07002488e-04
0.00564721      	-1.07002488e-04
0.00564795      	-1.07002488e-04
0.00564868      	-1.07002488e-04
0.00564942      	-1.07002488e-04
0.00565015      	-1.07002488e-04
0.00565088      	-1.07002488e-04
0.00565161      	-1.07002488e-04
0.00565234      	-1.07002488e-04
0.00565307      	-1.07002488e-04
0.0056538       	-1.07002488e-04
0.00565452      	-1.07002488e-04
0.00565525      	-1.07002488e-04
0.00565597      	-1.07002488e-04
0.0056567       	-1.07002488e-04
0.00565742      	-1.07002488e-04
0.00565815      	-1.07002488e-04
0.00565887      	-1.07002488e-04
0.00565959      	-1.07002488e-04
0.00566031      	-1.07002488e-04
0.00566103      	-1.07002488e-04
0.00566175      	-1.07002488e-04
0.00566246      	-1.07002488e-04
0.00566318      	-1.07002488e-04
0.00566389      	-1.07002488e-04
0.00566461      	-1.07002488e-04
0.00566532      	-1.07002488e-04
0.00566604      	-1.07002488e-04
0.00566675      	-1.07002488e-04
0.00566746      	-1.07002488e-04
0.00566817      	-1.07002488e-04
0.00566888      	-1.07002488e-04
0.00566959      	-1.07002488e-04
0.0056703       	-1.07002488e-04
0.00567101      	-1.07002488e-04
0.00567171      	-1.07002488e-04
0.00567242      	-1.07002488e-04
0.00567312      	-1.07002488e-04
0.00567383      	-1.07002488e-04
0.00567453      	-1.07002488e-04
0.00567523      	-1.07002488e-04
0.00567593      	-1.07002488e-04
0.00567664      	-1.07002488e-04
0.00567734      	-1.07002488e-04
0.00567803      	-1.07002488e-04
0.00567873      	-1.07002488e-04
0.00567943      	-1.07002488e-04
0.00568012      	-1.07002488e-04
0.00568082      	-1.07002488e-04
0.00568151      	-1.07002488e-04
0.00568221      	-1.07002488e-04
0.0056829       	-1.07002488e-04
0.00568359      	-1.07002488e-04
0.00568428      	-1.07002488e-04
0.00568497      	-1.07002488e-04
0.00568566      	-1.07002488e-04
0.00568635      	-1.07002488e-04
0.00568704      	-1.07002488e-04
0.00568772      	-1.07002488e-04
0.00568841      	-1.07002488e-04
0.00568909      	-1.07002488e-04
0.00568978      	-1.07002488e-04
0.00569046      	-1.07002488e-04
0.00569114      	-1.07002488e-04
0.00569182      	-1.07002488e-04
0.0056925       	-1.07002488e-04
0.00569318      	-1.07002488e-04
0.00569386      	-1.07002488e-04
0.00569453      	-1.07002488e-04
0.00569521      	-1.07002488e-04
0.00569589      	-1.07002488e-04
0.00569656      	-1.07002488e-04
0.00569724      	-1.07002488e-04
0.00569791      	-1.07002488e-04
0.00569859      	-1.07002488e-04
0.00569926      	-1.07002488e-04
0.00569993      	-1.07002488e-04
0.0057006       	-1.07002488e-04
0.00570127      	-1.07002488e-04
0.00570194      	-1.07002488e-04
0.00570262      	-1.07002488e-04
0.00570329      	-1.07002488e-04
0.00570395      	-1.07002488e-04
0.00570462      	-1.07002488e-04
0.00570529      	-1.07002488e-04
0.00570596      	-1.07002488e-04
0.00570662      	-1.07002488e-04
0.00570729      	-1.07002488e-04
0.00570796      	-1.07002488e-04
0.00570862      	-1.07002488e-04
0.00570929      	-1.07002488e-04
0.00570996      	-1.07002488e-04
0.00571062      	-1.07002488e-04
0.00571129      	-1.07002488e-04
0.00571196      	-1.07002488e-04
0.00571263      	-1.07002488e-04
0.00571329      	-1.07002488e-04
0.00571396      	-1.07002488e-04
0.00571463      	-1.07002488e-04
0.00571529      	-1.07002488e-04
0.00571596      	-1.07002488e-04
0.00571663      	-1.07002488e-04
0.00571729      	-1.07002488e-04
0.00571796      	-1.07002488e-04
0.00571863      	-1.07002488e-04
0.00571929      	-1.07002488e-04
0.00571996      	-1.07002488e-04
0.00572063      	-1.07002488e-04
0.0057213       	-1.07002488e-04
0.00572196      	-1.07002488e-04
0.00572263      	-1.07002488e-04
0.0057233       	-1.07002488e-04
0.00572396      	-1.07002488e-04
0.00572463      	-1.07002488e-04
0.0057253       	-1.07002488e-04
0.00572596      	-1.07002488e-04
0.00572663      	-1.07002488e-04
0.0057273       	-1.07002488e-04
0.00572797      	-1.07002488e-04
0.00572863      	-1.07002488e-04
0.0057293       	-1.07002488e-04
0.00572997      	-1.07002488e-04
0.00573063      	-1.07002488e-04
0.0057313       	-1.07002488e-04
0.00573197      	-1.07002488e-04
0.00573263      	-1.07002488e-04
0.0057333       	-1.07002488e-04
0.00573397      	-1.07002488e-04
0.00573464      	-1.07002488e-04
0.0057353       	-1.07002488e-04
0.00573597      	-1.07002488e-04
0.00573664      	-1.07002488e-04
0.0057373       	-1.07002488e-04
0.00573797      	-1.07002488e-04
0.00573864      	-1.07002488e-04
0.0057393       	-1.07002488e-04
0.00573997      	-1.07002488e-04
0.00574064      	-1.07002488e-04
0.00574131      	-1.07002488e-04
0.00574197      	-1.07002488e-04
0.00574264      	-1.07002488e-04
0.00574331      	-1.07002488e-04
0.00574397      	-1.07002488e-04
0.00574464      	-1.07002488e-04
0.00574531      	-1.07002488e-04
0.00574597      	-1.07002488e-04
0.00574664      	-1.07002488e-04
0.00574731      	-1.07002488e-04
0.00574798      	-1.07002488e-04
0.00574864      	-1.07002488e-04
0.00574931      	-1.07002488e-04
0.00574998      	-1.07002488e-04
0.00575064      	-1.07002488e-04
0.00575131      	-1.07002488e-04
0.00575198      	-1.07002488e-04
0.00575264      	-1.07002488e-04
0.00575331      	-1.07002488e-04
0.00575398      	-1.07002488e-04
0.00575465      	-1.07002488e-04
0.00575531      	-1.07002488e-04
0.00575598      	-1.07002488e-04
0.00575665      	-1.07002488e-04
0.00575731      	-1.07002488e-04
0.00575798      	-1.07002488e-04
0.00575865      	-1.07002488e-04
0.00575931      	-1.07002488e-04
0.00575998      	-1.07002488e-04
0.00576065      	-1.07002488e-04
0.00576131      	-1.07002488e-04
0.00576198      	-1.07002488e-04
0.00576265      	-1.07002488e-04
0.00576332      	-1.07002488e-04
0.00576398      	-1.07002488e-04
0.00576465      	-1.07002488e-04
0.00576532      	-1.07002488e-04
0.00576598      	-1.07002488e-04
0.00576665      	-1.07002488e-04
0.0057673       	-1.07002488e-04
0.00576796      	-1.07002488e-04
0.00576861      	-1.07002488e-04
0.00576927      	-1.07002488e-04
0.00576992      	-1.07002488e-04
0.00577057      	-1.07002488e-04
0.00577123      	-1.07002488e-04
0.00577188      	-1.07002488e-04
0.00577254      	-1.07002488e-04
0.00577319      	-1.07002488e-04
0.00577384      	-1.07002488e-04
0.0057745       	-1.07002488e-04
0.00577515      	-1.07002488e-04
0.00577581      	-1.07002488e-04
0.00577646      	-1.07002488e-04
0.00577711      	-1.07002488e-04
0.00577777      	-1.07002488e-04
0.00577842      	-1.07002488e-04
0.00577908      	-1.07002488e-04
0.00577973      	-1.07002488e-04
0.00578038      	-1.07002488e-04
0.00578104      	-1.07002488e-04
0.00578169      	-1.07002488e-04
0.00578234      	-1.07002488e-04
0.005783        	-1.07002488e-04
0.00578365      	-1.07002488e-04
0.00578431      	-1.07002488e-04
0.00578496      	-1.07002488e-04
0.00578561      	-1.07002488e-04
0.00578627      	-1.07002488e-04
0.00578692      	-1.07002488e-04
0.00578758      	-1.07002488e-04
0.00578823      	-1.07002488e-04
0.00578888      	-1.07002488e-04
0.00578954      	-1.07002488e-04
0.00579019      	-1.07002488e-04
0.00579085      	-1.07002488e-04
0.0057915       	-1.07002488e-04
0.00579215      	-1.07002488e-04
0.00579281      	-1.07002488e-04
0.00579346      	-1.07002488e-04
0.00579411      	-1.07002488e-04
0.00579477      	-1.07002488e-04
0.00579542      	-1.07002488e-04
0.00579608      	-1.07002488e-04
0.00579673      	-1.07002488e-04
0.00579738      	-1.07002488e-04
0.00579804      	-1.07002488e-04
0.00579869      	-1.07002488e-04
0.00579935      	-1.07002488e-04
0.0058          	-1.07002488e-04
0.00580064      	-1.07002488e-04
0.00580129      	-1.07002488e-04
0.00580193      	-1.07002488e-04
0.00580257      	-1.07002488e-04
0.00580322      	-1.07002488e-04
0.00580386      	-1.07002488e-04
0.0058045       	-1.07002488e-04
0.00580514      	-1.07002488e-04
0.00580579      	-1.07002488e-04
0.00580644      	-1.07002488e-04
0.00580708      	-1.07002488e-04
0.00580773      	-1.07002488e-04
0.00580837      	-1.07002488e-04
0.00580902      	-1.07002488e-04
0.00580966      	-1.07002488e-04
0.00581031      	-1.07002488e-04
0.00581096      	-1.07002488e-04
0.00581161      	-1.07002488e-04
0.00581225      	-1.07002488e-04
0.0058129       	-1.07002488e-04
0.00581355      	-1.07002488e-04
0.0058142       	-1.07002488e-04
0.00581485      	-1.07002488e-04
0.0058155       	-1.07002488e-04
0.00581615      	-1.07002488e-04
0.0058168       	-1.07002488e-04
0.00581745      	-1.07002488e-04
0.00581811      	-1.07002488e-04
0.00581876      	-1.07002488e-04
0.00581941      	-1.07002488e-04
0.00582007      	-1.07002488e-04
0.00582072      	-1.07002488e-04
0.00582138      	-1.07002488e-04
0.00582203      	-1.07002488e-04
0.00582269      	-1.07002488e-04
0.00582334      	-1.07002488e-04
0.005824        	-1.07002488e-04
0.00582466      	-1.07002488e-04
0.00582531      	-1.07002488e-04
0.00582597      	-1.07002488e-04
0.00582663      	-1.07002488e-04
0.00582729      	-1.07002488e-04
0.00582795      	-1.07002488e-04
0.00582861      	-1.07002488e-04
0.00582927      	-1.07002488e-04
0.00582993      	-1.07002488e-04
0.00583059      	-1.07002488e-04
0.00583125      	-1.07002488e-04
0.00583191      	-1.07002488e-04
0.00583257      	-1.07002488e-04
0.00583323      	-1.07002488e-04
0.00583389      	-1.07002488e-04
0.00583456      	-1.07002488e-04
0.00583521      	-1.07002488e-04
0.00583587      	-1.07002488e-04
0.00583653      	-1.07002488e-04
0.00583719      	-1.07002488e-04
0.00583785      	-1.07002488e-04
0.00583851      	-1.07002488e-04
0.00583917      	-1.07002488e-04
0.00583983      	-1.07002488e-04
0.00584049      	-1.07002488e-04
0.00584115      	-1.07002488e-04
0.00584181      	-1.07002488e-04
0.00584246      	-1.07002488e-04
0.00584312      	-1.07002488e-04
0.00584378      	-1.07002488e-04
0.00584443      	-1.07002488e-04
0.00584509      	-1.07002488e-04
0.00584574      	-1.07002488e-04
0.0058464       	-1.07002488e-04
0.00584705      	-1.07002488e-04
0.00584771      	-1.07002488e-04
0.00584836      	-1.07002488e-04
0.00584902      	-1.07002488e-04
0.00584967      	-1.07002488e-04
0.00585032      	-1.07002488e-04
0.00585097      	-1.07002488e-04
0.00585162      	-1.07002488e-04
0.00585227      	-1.07002488e-04
0.00585292      	-1.07002488e-04
0.00585357      	-1.07002488e-04
0.00585421      	-1.07002488e-04
0.00585486      	-1.07002488e-04
0.00585551      	-1.07002488e-04
0.00585615      	-1.07002488e-04
0.0058568       	-1.07002488e-04
0.00585744      	-1.07002488e-04
0.00585809      	-1.07002488e-04
0.00585873      	-1.07002488e-04
0.00585937      	-1.07002488e-04
0.00586002      	-1.07002488e-04
0.00586066      	-1.07002488e-04
0.0058613       	-1.07002488e-04
0.00586194      	-1.07002488e-04
0.00586258      	-1.07002488e-04
0.00586322      	-1.07002488e-04
0.00586386      	-1.07002488e-04
0.0058645       	-1.07002488e-04
0.00586513      	-1.07002488e-04
0.00586577      	-1.07002488e-04
0.00586641      	-1.07002488e-04
0.00586705      	-1.07002488e-04
0.00586768      	-1.07002488e-04
0.00586832      	-1.07002488e-04
0.00586895      	-1.07002488e-04
0.00586959      	-1.07002488e-04
0.00587023      	-1.07002488e-04
0.00587086      	-1.07002488e-04
0.0058715       	-1.07002488e-04
0.00587214      	-1.07002488e-04
0.00587277      	-1.07002488e-04
0.00587341      	-1.07002488e-04
0.00587404      	-1.07002488e-04
0.00587468      	-1.07002488e-04
0.00587532      	-1.07002488e-04
0.00587595      	-1.07002488e-04
0.00587659      	-1.07002488e-04
0.00587722      	-1.07002488e-04
0.00587786      	-1.07002488e-04
0.0058785       	-1.07002488e-04
0.00587914      	-1.07002488e-04
0.00587978      	-1.07002488e-04
0.00588042      	-1.07002488e-04
0.00588106      	-1.07002488e-04
0.0058817       	-1.07002488e-04
0.00588234      	-1.07002488e-04
0.00588298      	-1.07002488e-04
0.00588362      	-1.07002488e-04
0.00588426      	-1.07002488e-04
0.0058849       	-1.07002488e-04
0.00588554      	-1.07002488e-04
0.00588618      	-1.07002488e-04
0.00588682      	-1.07002488e-04
0.00588746      	-1.07002488e-04
0.0058881       	-1.07002488e-04
0.00588874      	-1.07002488e-04
0.00588939      	-1.07002488e-04
0.00589003      	-1.07002488e-04
0.00589067      	-1.07002488e-04
0.00589131      	-1.07002488e-04
0.00589196      	-1.07002488e-04
0.0058926       	-1.07002488e-04
0.00589324      	-1.07002488e-04
0.00589389      	-1.07002488e-04
0.00589453      	-1.07002488e-04
0.00589517      	-1.07002488e-04
0.00589582      	-1.07002488e-04
0.00589646      	-1.07002488e-04
0.0058971       	-1.07002488e-04
0.00589775      	-1.07002488e-04
0.00589839      	-1.07002488e-04
0.00589903      	-1.07002488e-04
0.00589967      	-1.07002488e-04
0.00590032      	-1.07002488e-04
0.00590096      	-1.07002488e-04
0.0059016       	-1.07002488e-04
0.00590225      	-1.07002488e-04
0.00590289      	-1.07002488e-04
0.00590353      	-1.07002488e-04
0.00590418      	-1.07002488e-04
0.00590482      	-1.07002488e-04
0.00590546      	-1.07002488e-04
0.0059061       	-1.07002488e-04
0.00590674      	-1.07002488e-04
0.00590738      	-1.07002488e-04
0.00590802      	-1.07002488e-04
0.00590866      	-1.07002488e-04
0.0059093       	-1.07002488e-04
0.00590993      	-1.07002488e-04
0.00591057      	-1.07002488e-04
0.00591121      	-1.07002488e-04
0.00591184      	-1.07002488e-04
0.00591248      	-1.07002488e-04
0.00591311      	-1.07002488e-04
0.00591374      	-1.07002488e-04
0.00591438      	-1.07002488e-04
0.00591501      	-1.07002488e-04
0.00591564      	-1.07002488e-04
0.00591627      	-1.07002488e-04
0.0059169       	-1.07002488e-04
0.00591753      	-1.07002488e-04
0.00591816      	-1.07002488e-04
0.00591879      	-1.07002488e-04
0.00591941      	-1.07002488e-04
0.00592004      	-1.07002488e-04
0.00592066      	-1.07002488e-04
0.00592129      	-1.07002488e-04
0.00592191      	-1.07002488e-04
0.00592254      	-1.07002488e-04
0.00592316      	-1.07002488e-04
0.00592378      	-1.07002488e-04
0.0059244       	-1.07002488e-04
0.00592502      	-1.07002488e-04
0.00592564      	-1.07002488e-04
0.00592626      	-1.07002488e-04
0.00592688      	-1.07002488e-04
0.00592749      	-1.07002488e-04
0.0059281       	-1.07002488e-04
0.00592872      	-1.07002488e-04
0.00592933      	-1.07002488e-04
0.00592995      	-1.07002488e-04
0.00593056      	-1.07002488e-04
0.00593118      	-1.07002488e-04
0.00593179      	-1.07002488e-04
0.0059324       	-1.07002488e-04
0.005933        	-1.07002488e-04
0.00593361      	-1.07002488e-04
0.00593422      	-1.07002488e-04
0.00593483      	-1.07002488e-04
0.00593544      	-1.07002488e-04
0.00593605      	-1.07002488e-04
0.00593666      	-1.07002488e-04
0.00593727      	-1.07002488e-04
0.00593788      	-1.07002488e-04
0.00593849      	-1.07002488e-04
0.00593909      	-1.07002488e-04
0.0059397       	-1.07002488e-04
0.00594031      	-1.07002488e-04
0.00594091      	-1.07002488e-04
0.00594151      	-1.07002488e-04
0.00594212      	-1.07002488e-04
0.00594272      	-1.07002488e-04
0.00594332      	-1.07002488e-04
0.00594392      	-1.07002488e-04
0.00594453      	-1.07002488e-04
0.00594513      	-1.07002488e-04
0.00594573      	-1.07002488e-04
0.00594634      	-1.07002488e-04
0.00594694      	-1.07002488e-04
0.00594754      	-1.07002488e-04
0.00594815      	-1.07002488e-04
0.00594875      	-1.07002488e-04
0.00594935      	-1.07002488e-04
0.00594995      	-1.07002488e-04
0.00595056      	-1.07002488e-04
0.00595116      	-1.07002488e-04
0.00595176      	-1.07002488e-04
0.00595237      	-1.07002488e-04
0.00595297      	-1.07002488e-04
0.00595357      	-1.07002488e-04
0.00595418      	-1.07002488e-04
0.00595478      	-1.07002488e-04
0.00595538      	-1.07002488e-04
0.00595598      	-1.07002488e-04
0.00595659      	-1.07002488e-04
0.00595719      	-1.07002488e-04
0.00595779      	-1.07002488e-04
0.0059584       	-1.07002488e-04
0.00595902      	-1.07002488e-04
0.00595963      	-1.07002488e-04
0.00596024      	-1.07002488e-04
0.00596085      	-1.07002488e-04
0.00596146      	-1.07002488e-04
0.00596207      	-1.07002488e-04
0.00596269      	-1.07002488e-04
0.0059633       	-1.07002488e-04
0.00596391      	-1.07002488e-04
0.00596452      	-1.07002488e-04
0.00596513      	-1.07002488e-04
0.00596574      	-1.07002488e-04
0.00596636      	-1.07002488e-04
0.00596697      	-1.07002488e-04
0.00596758      	-1.07002488e-04
0.00596819      	-1.07002488e-04
0.0059688       	-1.07002488e-04
0.00596942      	-1.07002488e-04
0.00597003      	-1.07002488e-04
0.00597064      	-1.07002488e-04
0.00597125      	-1.07002488e-04
0.00597186      	-1.07002488e-04
0.00597247      	-1.07002488e-04
0.00597309      	-1.07002488e-04
0.0059737       	-1.07002488e-04
0.00597431      	-1.07002488e-04
0.00597492      	-1.07002488e-04
0.00597553      	-1.07002488e-04
0.00597614      	-1.07002488e-04
0.00597676      	-1.07002488e-04
0.00597737      	-1.07002488e-04
0.00597798      	-1.07002488e-04
0.00597859      	-1.07002488e-04
0.0059792       	-1.07002488e-04
0.00597981      	-1.07002488e-04
0.00598043      	-1.07002488e-04
0.00598104      	-1.07002488e-04
0.00598165      	-1.07002488e-04
0.00598226      	-1.07002488e-04
0.00598287      	-1.07002488e-04
0.00598348      	-1.07002488e-04
0.0059841       	-1.07002488e-04
0.00598471      	-1.07002488e-04
0.00598532      	-1.07002488e-04
0.00598593      	-1.07002488e-04
0.00598654      	-1.07002488e-04
0.00598715      	-1.07002488e-04
0.00598777      	-1.07002488e-04
0.00598838      	-1.07002488e-04
0.00598899      	-1.07002488e-04
0.0059896       	-1.07002488e-04
0.00599021      	-1.07002488e-04
0.00599082      	-1.07002488e-04
0.00599144      	-1.07002488e-04
0.00599205      	-1.07002488e-04
0.00599266      	-1.07002488e-04
0.00599327      	-1.07002488e-04
0.00599388      	-1.07002488e-04
0.00599449      	-1.07002488e-04
0.00599511      	-1.07002488e-04
0.00599572      	-1.07002488e-04
0.00599633      	-1.07002488e-04
0.00599694      	-1.07002488e-04
0.00599755      	-1.07002488e-04
0.00599816      	-1.07002488e-04
0.00599878      	-1.07002488e-04
0.00599939      	-1.07002488e-04
0.006           	-1.07002488e-04
0.0060006       	-1.07002488e-04
0.00600119      	-1.07002488e-04
0.00600179      	-1.07002488e-04
0.00600238      	-1.07002488e-04
0.00600297      	-1.07002488e-04
0.00600357      	-1.07002488e-04
0.00600416      	-1.07002488e-04
0.00600475      	-1.07002488e-04
0.00600535      	-1.07002488e-04
0.00600594      	-1.07002488e-04
0.00600654      	-1.07002488e-04
0.00600713      	-1.07002488e-04
0.00600772      	-1.07002488e-04
0.00600832      	-1.07002488e-04
0.00600891      	-1.07002488e-04
0.00600951      	-1.07002488e-04
0.0060101       	-1.07002488e-04
0.0060107       	-1.07002488e-04
0.00601129      	-1.07002488e-04
0.00601189      	-1.07002488e-04
0.00601248      	-1.07002488e-04
0.00601308      	-1.07002488e-04
0.00601368      	-1.07002488e-04
0.00601427      	-1.07002488e-04
0.00601487      	-1.07002488e-04
0.00601547      	-1.07002488e-04
0.00601607      	-1.07002488e-04
0.00601666      	-1.07002488e-04
0.00601726      	-1.07002488e-04
0.00601786      	-1.07002488e-04
0.00601846      	-1.07002488e-04
0.00601906      	-1.07002488e-04
0.00601966      	-1.07002488e-04
0.00602026      	-1.07002488e-04
0.00602086      	-1.07002488e-04
0.00602146      	-1.07002488e-04
0.00602206      	-1.07002488e-04
0.00602266      	-1.07002488e-04
0.00602326      	-1.07002488e-04
0.00602386      	-1.07002488e-04
0.00602447      	-1.07002488e-04
0.00602507      	-1.07002488e-04
0.00602567      	-1.07002488e-04
0.00602628      	-1.07002488e-04
0.00602688      	-1.07002488e-04
0.00602749      	-1.07002488e-04
0.00602809      	-1.07002488e-04
0.0060287       	-1.07002488e-04
0.0060293       	-1.07002488e-04
0.00602991      	-1.07002488e-04
0.00603051      	-1.07002488e-04
0.00603112      	-1.07002488e-04
0.00603173      	-1.07002488e-04
0.00603233      	-1.07002488e-04
0.00603294      	-1.07002488e-04
0.00603355      	-1.07002488e-04
0.00603416      	-1.07002488e-04
0.00603476      	-1.07002488e-04
0.00603537      	-1.07002488e-04
0.00603598      	-1.07002488e-04
0.00603659      	-1.07002488e-04
0.00603719      	-1.07002488e-04
0.0060378       	-1.07002488e-04
0.00603841      	-1.07002488e-04
0.00603902      	-1.07002488e-04
0.00603962      	-1.07002488e-04
0.00604023      	-1.07002488e-04
0.00604084      	-1.07002488e-04
0.00604145      	-1.07002488e-04
0.00604205      	-1.07002488e-04
0.00604266      	-1.07002488e-04
0.00604327      	-1.07002488e-04
0.00604388      	-1.07002488e-04
0.00604448      	-1.07002488e-04
0.00604509      	-1.07002488e-04
0.0060457       	-1.07002488e-04
0.00604631      	-1.07002488e-04
0.00604691      	-1.07002488e-04
0.00604752      	-1.07002488e-04
0.00604813      	-1.07002488e-04
0.00604873      	-1.07002488e-04
0.00604934      	-1.07002488e-04
0.00604994      	-1.07002488e-04
0.00605055      	-1.07002488e-04
0.00605115      	-1.07002488e-04
0.00605176      	-1.07002488e-04
0.00605236      	-1.07002488e-04
0.00605296      	-1.07002488e-04
0.00605357      	-1.07002488e-04
0.00605417      	-1.07002488e-04
0.00605477      	-1.07002488e-04
0.00605537      	-1.07002488e-04
0.00605598      	-1.07002488e-04
0.00605658      	-1.07002488e-04
0.00605718      	-1.07002488e-04
0.00605778      	-1.07002488e-04
0.00605838      	-1.07002488e-04
0.00605898      	-1.07002488e-04
0.00605958      	-1.07002488e-04
0.00606018      	-1.07002488e-04
0.00606078      	-1.07002488e-04
0.00606138      	-1.07002488e-04
0.00606198      	-1.07002488e-04
0.00606258      	-1.07002488e-04
0.00606318      	-1.07002488e-04
0.00606378      	-1.07002488e-04
0.00606437      	-1.07002488e-04
0.00606497      	-1.07002488e-04
0.00606557      	-1.07002488e-04
0.00606617      	-1.07002488e-04
0.00606676      	-1.07002488e-04
0.00606736      	-1.07002488e-04
0.00606796      	-1.07002488e-04
0.00606856      	-1.07002488e-04
0.00606915      	-1.07002488e-04
0.00606975      	-1.07002488e-04
0.00607035      	-1.07002488e-04
0.00607095      	-1.07002488e-04
0.00607154      	-1.07002488e-04
0.00607214      	-1.07002488e-04
0.00607274      	-1.07002488e-04
0.00607334      	-1.07002488e-04
0.00607393      	-1.07002488e-04
0.00607453      	-1.07002488e-04
0.00607513      	-1.07002488e-04
0.00607573      	-1.07002488e-04
0.00607632      	-1.07002488e-04
0.00607692      	-1.07002488e-04
0.00607752      	-1.07002488e-04
0.00607812      	-1.07002488e-04
0.00607871      	-1.07002488e-04
0.00607931      	-1.07002488e-04
0.00607991      	-1.07002488e-04
0.00608051      	-1.07002488e-04
0.00608111      	-1.07002488e-04
0.00608171      	-1.07002488e-04
0.00608231      	-1.07002488e-04
0.00608291      	-1.07002488e-04
0.00608351      	-1.07002488e-04
0.00608411      	-1.07002488e-04
0.00608472      	-1.07002488e-04
0.00608532      	-1.07002488e-04
0.00608592      	-1.07002488e-04
0.00608653      	-1.07002488e-04
0.00608713      	-1.07002488e-04
0.00608773      	-1.07002488e-04
0.00608834      	-1.07002488e-04
0.00608895      	-1.07002488e-04
0.00608955      	-1.07002488e-04
0.00609016      	-1.07002488e-04
0.00609077      	-1.07002488e-04
0.00609137      	-1.07002488e-04
0.00609198      	-1.07002488e-04
0.00609259      	-1.07002488e-04
0.0060932       	-1.07002488e-04
0.00609381      	-1.07002488e-04
0.00609442      	-1.07002488e-04
0.00609503      	-1.07002488e-04
0.00609564      	-1.07002488e-04
0.00609625      	-1.07002488e-04
0.00609687      	-1.07002488e-04
0.00609748      	-1.07002488e-04
0.00609809      	-1.07002488e-04
0.00609871      	-1.07002488e-04
0.00609932      	-1.07002488e-04
0.00609994      	-1.07002488e-04
0.00610055      	-1.07002488e-04
0.00610116      	-1.07002488e-04
0.00610178      	-1.07002488e-04
0.00610239      	-1.07002488e-04
0.00610301      	-1.07002488e-04
0.00610362      	-1.07002488e-04
0.00610424      	-1.07002488e-04
0.00610486      	-1.07002488e-04
0.00610548      	-1.07002488e-04
0.0061061       	-1.07002488e-04
0.00610671      	-1.07002488e-04
0.00610733      	-1.07002488e-04
0.00610795      	-1.07002488e-04
0.00610857      	-1.07002488e-04
0.00610918      	-1.07002488e-04
0.0061098       	-1.07002488e-04
0.00611042      	-1.07002488e-04
0.00611104      	-1.07002488e-04
0.00611166      	-1.07002488e-04
0.00611227      	-1.07002488e-04
0.00611289      	-1.07002488e-04
0.00611351      	-1.07002488e-04
0.00611413      	-1.07002488e-04
0.00611474      	-1.07002488e-04
0.00611536      	-1.07002488e-04
0.00611598      	-1.07002488e-04
0.0061166       	-1.07002488e-04
0.00611722      	-1.07002488e-04
0.00611783      	-1.07002488e-04
0.00611845      	-1.07002488e-04
0.00611907      	-1.07002488e-04
0.00611969      	-1.07002488e-04
0.0061203       	-1.07002488e-04
0.00612092      	-1.07002488e-04
0.00612154      	-1.07002488e-04
0.00612216      	-1.07002488e-04
0.00612278      	-1.07002488e-04
0.00612339      	-1.07002488e-04
0.00612401      	-1.07002488e-04
0.00612463      	-1.07002488e-04
0.00612525      	-1.07002488e-04
0.00612586      	-1.07002488e-04
0.00612648      	-1.07002488e-04
0.0061271       	-1.07002488e-04
0.00612772      	-1.07002488e-04
0.00612834      	-1.07002488e-04
0.00612895      	-1.07002488e-04
0.00612957      	-1.07002488e-04
0.00613019      	-1.07002488e-04
0.00613081      	-1.07002488e-04
0.00613142      	-1.07002488e-04
0.00613204      	-1.07002488e-04
0.00613267      	-1.07002488e-04
0.00613329      	-1.07002488e-04
0.00613391      	-1.07002488e-04
0.00613454      	-1.07002488e-04
0.00613516      	-1.07002488e-04
0.00613578      	-1.07002488e-04
0.00613641      	-1.07002488e-04
0.00613703      	-1.07002488e-04
0.00613765      	-1.07002488e-04
0.00613828      	-1.07002488e-04
0.00613891      	-1.07002488e-04
0.00613954      	-1.07002488e-04
0.00614017      	-1.07002488e-04
0.0061408       	-1.07002488e-04
0.00614143      	-1.07002488e-04
0.00614206      	-1.07002488e-04
0.00614269      	-1.07002488e-04
0.00614332      	-1.07002488e-04
0.00614395      	-1.07002488e-04
0.00614458      	-1.07002488e-04
0.00614522      	-1.07002488e-04
0.00614586      	-1.07002488e-04
0.00614649      	-1.07002488e-04
0.00614713      	-1.07002488e-04
0.00614777      	-1.07002488e-04
0.0061484       	-1.07002488e-04
0.00614904      	-1.07002488e-04
0.00614968      	-1.07002488e-04
0.00615032      	-1.07002488e-04
0.00615097      	-1.07002488e-04
0.00615161      	-1.07002488e-04
0.00615226      	-1.07002488e-04
0.0061529       	-1.07002488e-04
0.00615355      	-1.07002488e-04
0.00615419      	-1.07002488e-04
0.00615484      	-1.07002488e-04
0.00615548      	-1.07002488e-04
0.00615613      	-1.07002488e-04
0.00615678      	-1.07002488e-04
0.00615743      	-1.07002488e-04
0.00615808      	-1.07002488e-04
0.00615874      	-1.07002488e-04
0.00615939      	-1.07002488e-04
0.00616005      	-1.07002488e-04
0.0061607       	-1.07002488e-04
0.00616136      	-1.07002488e-04
0.00616201      	-1.07002488e-04
0.00616267      	-1.07002488e-04
0.00616332      	-1.07002488e-04
0.00616398      	-1.07002488e-04
0.00616463      	-1.07002488e-04
0.00616529      	-1.07002488e-04
0.00616594      	-1.07002488e-04
0.0061666       	-1.07002488e-04
0.00616727      	-1.07002488e-04
0.00616793      	-1.07002488e-04
0.0061686       	-1.07002488e-04
0.00616927      	-1.07002488e-04
0.00616994      	-1.07002488e-04
0.00617061      	-1.07002488e-04
0.00617128      	-1.07002488e-04
0.00617194      	-1.07002488e-04
0.00617261      	-1.07002488e-04
0.00617328      	-1.07002488e-04
0.00617395      	-1.07002488e-04
0.00617462      	-1.07002488e-04
0.00617528      	-1.07002488e-04
0.00617595      	-1.07002488e-04
0.00617662      	-1.07002488e-04
0.00617729      	-1.07002488e-04
0.00617796      	-1.07002488e-04
0.00617862      	-1.07002488e-04
0.00617929      	-1.07002488e-04
0.00617996      	-1.07002488e-04
0.00618063      	-1.07002488e-04
0.0061813       	-1.07002488e-04
0.00618196      	-1.07002488e-04
0.00618263      	-1.07002488e-04
0.0061833       	-1.07002488e-04
0.00618397      	-1.07002488e-04
0.00618464      	-1.07002488e-04
0.0061853       	-1.07002488e-04
0.00618597      	-1.07002488e-04
0.00618664      	-1.07002488e-04
0.00618731      	-1.07002488e-04
0.00618798      	-1.07002488e-04
0.00618864      	-1.07002488e-04
0.00618931      	-1.07002488e-04
0.00618998      	-1.07002488e-04
0.00619065      	-1.07002488e-04
0.00619132      	-1.07002488e-04
0.00619198      	-1.07002488e-04
0.00619265      	-1.07002488e-04
0.00619332      	-1.07002488e-04
0.00619399      	-1.07002488e-04
0.00619466      	-1.07002488e-04
0.00619532      	-1.07002488e-04
0.00619599      	-1.07002488e-04
0.00619666      	-1.07002488e-04
0.00619733      	-1.07002488e-04
0.006198        	-1.07002488e-04
0.00619866      	-1.07002488e-04
0.00619933      	-1.07002488e-04
0.0062          	-1.07002488e-04
0.00620068      	-1.07002488e-04
0.00620137      	-1.07002488e-04
0.00620205      	-1.07002488e-04
0.00620273      	-1.07002488e-04
0.00620342      	-1.07002488e-04
0.0062041       	-1.07002488e-04
0.00620479      	-1.07002488e-04
0.00620547      	-1.07002488e-04
0.00620616      	-1.07002488e-04
0.00620685      	-1.07002488e-04
0.00620754      	-1.07002488e-04
0.00620823      	-1.07002488e-04
0.00620892      	-1.07002488e-04
0.00620961      	-1.07002488e-04
0.0062103       	-1.07002488e-04
0.00621099      	-1.07002488e-04
0.00621168      	-1.07002488e-04
0.00621237      	-1.07002488e-04
0.00621307      	-1.07002488e-04
0.00621376      	-1.07002488e-04
0.00621446      	-1.07002488e-04
0.00621516      	-1.07002488e-04
0.00621585      	-1.07002488e-04
0.00621655      	-1.07002488e-04
0.00621725      	-1.07002488e-04
0.00621795      	-1.07002488e-04
0.00621865      	-1.07002488e-04
0.00621935      	-1.07002488e-04
0.00622006      	-1.07002488e-04
0.00622076      	-1.07002488e-04
0.00622147      	-1.07002488e-04
0.00622218      	-1.07002488e-04
0.00622289      	-1.07002488e-04
0.0062236       	-1.07002488e-04
0.00622431      	-1.07002488e-04
0.00622502      	-1.07002488e-04
0.00622574      	-1.07002488e-04
0.00622645      	-1.07002488e-04
0.00622717      	-1.07002488e-04
0.00622788      	-1.07002488e-04
0.0062286       	-1.07002488e-04
0.00622933      	-1.07002488e-04
0.00623005      	-1.07002488e-04
0.00623077      	-1.07002488e-04
0.0062315       	-1.07002488e-04
0.00623222      	-1.07002488e-04
0.00623295      	-1.07002488e-04
0.00623368      	-1.07002488e-04
0.00623442      	-1.07002488e-04
0.00623515      	-1.07002488e-04
0.00623588      	-1.07002488e-04
0.00623662      	-1.07002488e-04
0.00623736      	-1.07002488e-04
0.0062381       	-1.07002488e-04
0.00623884      	-1.07002488e-04
0.00623958      	-1.07002488e-04
0.00624033      	-1.07002488e-04
0.00624107      	-1.07002488e-04
0.00624182      	-1.07002488e-04
0.00624257      	-1.07002488e-04
0.00624332      	-1.07002488e-04
0.00624407      	-1.07002488e-04
0.00624483      	-1.07002488e-04
0.00624558      	-1.07002488e-04
0.00624634      	-1.07002488e-04
0.0062471       	-1.07002488e-04
0.00624786      	-1.07002488e-04
0.00624862      	-1.07002488e-04
0.00624939      	-1.07002488e-04
0.00625015      	-1.07002488e-04
0.00625092      	-1.07002488e-04
0.00625169      	-1.07002488e-04
0.00625246      	-1.07002488e-04
0.00625323      	-1.07002488e-04
0.006254        	-1.07002488e-04
0.00625478      	-1.07002488e-04
0.00625555      	-1.07002488e-04
0.00625633      	-1.07002488e-04
0.00625711      	-1.07002488e-04
0.00625789      	-1.07002488e-04
0.00625867      	-1.07002488e-04
0.00625946      	-1.07002488e-04
0.00626024      	-1.07002488e-04
0.00626103      	-1.07002488e-04
0.00626182      	-1.07002488e-04
0.00626261      	-1.07002488e-04
0.0062634       	-1.07002488e-04
0.00626419      	-1.07002488e-04
0.00626499      	-1.07002488e-04
0.00626578      	-1.07002488e-04
0.00626657      	-1.07002488e-04
0.00626737      	-1.07002488e-04
0.00626817      	-1.07002488e-04
0.00626897      	-1.07002488e-04
0.00626977      	-1.07002488e-04
0.00627057      	-1.07002488e-04
0.00627138      	-1.07002488e-04
0.00627218      	-1.07002488e-04
0.00627299      	-1.07002488e-04
0.00627379      	-1.07002488e-04
0.0062746       	-1.07002488e-04
0.00627541      	-1.07002488e-04
0.00627622      	-1.07002488e-04
0.00627703      	-1.07002488e-04
0.00627784      	-1.07002488e-04
0.00627865      	-1.07002488e-04
0.00627947      	-1.07002488e-04
0.00628028      	-1.07002488e-04
0.0062811       	-1.07002488e-04
0.00628192      	-1.07002488e-04
0.00628274      	-1.07002488e-04
0.00628356      	-1.07002488e-04
0.00628438      	-1.07002488e-04
0.0062852       	-1.07002488e-04
0.00628602      	-1.07002488e-04
0.00628684      	-1.07002488e-04
0.00628767      	-1.07002488e-04
0.0062885       	-1.07002488e-04
0.00628932      	-1.07002488e-04
0.00629015      	-1.07002488e-04
0.00629097      	-1.07002488e-04
0.00629181      	-1.07002488e-04
0.00629264      	-1.07002488e-04
0.00629347      	-1.07002488e-04
0.0062943       	-1.07002488e-04
0.00629513      	-1.07002488e-04
0.00629597      	-1.07002488e-04
0.0062968       	-1.07002488e-04
0.00629764      	-1.07002488e-04
0.00629848      	-1.07002488e-04
0.00629932      	-1.07002488e-04
0.00630016      	-1.07002488e-04
0.00630099      	-1.07002488e-04
0.00630183      	-1.07002488e-04
0.00630267      	-1.07002488e-04
0.00630351      	-1.07002488e-04
0.00630436      	-1.07002488e-04
0.0063052       	-1.07002488e-04
0.00630605      	-1.07002488e-04
0.0063069       	-1.07002488e-04
0.00630774      	-1.07002488e-04
0.00630859      	-1.07002488e-04
0.00630944      	-1.07002488e-04
0.00631028      	-1.07002488e-04
0.00631113      	-1.07002488e-04
0.00631198      	-1.07002488e-04
0.00631284      	-1.07002488e-04
0.00631369      	-1.07002488e-04
0.00631455      	-1.07002488e-04
0.0063154       	-1.07002488e-04
0.00631626      	-1.07002488e-04
0.00631711      	-1.07002488e-04
0.00631797      	-1.07002488e-04
0.00631882      	-1.07002488e-04
0.00631968      	-1.07002488e-04
0.00632055      	-1.07002488e-04
0.00632141      	-1.07002488e-04
0.00632227      	-1.07002488e-04
0.00632314      	-1.07002488e-04
0.006324        	-1.07002488e-04
0.00632486      	-1.07002488e-04
0.00632573      	-1.07002488e-04
0.00632659      	-1.07002488e-04
0.00632747      	-1.07002488e-04
0.00632834      	-1.07002488e-04
0.00632921      	-1.07002488e-04
0.00633009      	-1.07002488e-04
0.00633096      	-1.07002488e-04
0.00633184      	-1.07002488e-04
0.00633271      	-1.07002488e-04
0.00633359      	-1.07002488e-04
0.00633448      	-1.07002488e-04
0.00633537      	-1.07002488e-04
0.00633625      	-1.07002488e-04
0.00633714      	-1.07002488e-04
0.00633802      	-1.07002488e-04
0.00633891      	-1.07002488e-04
0.00633979      	-1.07002488e-04
0.00634069      	-1.07002488e-04
0.00634159      	-1.07002488e-04
0.00634249      	-1.07002488e-04
0.00634339      	-1.07002488e-04
0.00634429      	-1.07002488e-04
0.00634518      	-1.07002488e-04
0.00634608      	-1.07002488e-04
0.00634698      	-1.07002488e-04
0.00634788      	-1.07002488e-04
0.00634878      	-1.07002488e-04
0.00634969      	-1.07002488e-04
0.00635061      	-1.07002488e-04
0.00635152      	-1.07002488e-04
0.00635244      	-1.07002488e-04
0.00635335      	-1.07002488e-04
0.00635427      	-1.07002488e-04
0.00635518      	-1.07002488e-04
0.0063561       	-1.07002488e-04
0.00635701      	-1.07002488e-04
0.00635793      	-1.07002488e-04
0.00635884      	-1.07002488e-04
0.00635975      	-1.07002488e-04
0.00636067      	-1.07002488e-04
0.00636158      	-1.07002488e-04
0.0063625       	-1.07002488e-04
0.00636341      	-1.07002488e-04
0.00636433      	-1.07002488e-04
0.00636527      	-1.07002488e-04
0.00636621      	-1.07002488e-04
0.00636714      	-1.07002488e-04
0.00636808      	-1.07002488e-04
0.00636902      	-1.07002488e-04
0.00636996      	-1.07002488e-04
0.0063709       	-1.07002488e-04
0.00637184      	-1.07002488e-04
0.00637278      	-1.07002488e-04
0.00637372      	-1.07002488e-04
0.00637465      	-1.07002488e-04
0.00637559      	-1.07002488e-04
0.00637653      	-1.07002488e-04
0.00637747      	-1.07002488e-04
0.00637841      	-1.07002488e-04
0.00637935      	-1.07002488e-04
0.00638029      	-1.07002488e-04
0.00638123      	-1.07002488e-04
0.00638216      	-1.07002488e-04
0.0063831       	-1.07002488e-04
0.00638404      	-1.07002488e-04
0.00638498      	-1.07002488e-04
0.00638592      	-1.07002488e-04
0.00638686      	-1.07002488e-04
0.0063878       	-1.07002488e-04
0.00638874      	-1.07002488e-04
0.00638967      	-1.07002488e-04
0.00639061      	-1.07002488e-04
0.00639155      	-1.07002488e-04
0.00639249      	-1.07002488e-04
0.00639343      	-1.07002488e-04
0.00639437      	-1.07002488e-04
0.00639531      	-1.07002488e-04
0.00639625      	-1.07002488e-04
0.00639718      	-1.07002488e-04
0.00639812      	-1.07002488e-04
0.00639906      	-1.07002488e-04
0.0064          	-1.07002488e-04
0.00640091      	-1.07002488e-04
0.00640183      	-1.07002488e-04
0.00640274      	-1.07002488e-04
0.00640365      	-1.07002488e-04
0.00640456      	-1.07002488e-04
0.00640547      	-1.07002488e-04
0.00640638      	-1.07002488e-04
0.00640728      	-1.07002488e-04
0.00640819      	-1.07002488e-04
0.00640909      	-1.07002488e-04
0.00640999      	-1.07002488e-04
0.00641089      	-1.07002488e-04
0.00641179      	-1.07002488e-04
0.00641268      	-1.07002488e-04
0.00641358      	-1.07002488e-04
0.00641447      	-1.07002488e-04
0.00641536      	-1.07002488e-04
0.00641625      	-1.07002488e-04
0.00641714      	-1.07002488e-04
0.00641803      	-1.07002488e-04
0.00641891      	-1.07002488e-04
0.00641979      	-1.07002488e-04
0.00642067      	-1.07002488e-04
0.00642155      	-1.07002488e-04
0.00642243      	-1.07002488e-04
0.00642331      	-1.07002488e-04
0.00642418      	-1.07002488e-04
0.00642505      	-1.07002488e-04
0.00642593      	-1.07002488e-04
0.0064268       	-1.07002488e-04
0.00642767      	-1.07002488e-04
0.00642853      	-1.07002488e-04
0.0064294       	-1.07002488e-04
0.00643026      	-1.07002488e-04
0.00643112      	-1.07002488e-04
0.00643198      	-1.07002488e-04
0.00643284      	-1.07002488e-04
0.0064337       	-1.07002488e-04
0.00643455      	-1.07002488e-04
0.00643541      	-1.07002488e-04
0.00643626      	-1.07002488e-04
0.00643711      	-1.07002488e-04
0.00643796      	-1.07002488e-04
0.00643881      	-1.07002488e-04
0.00643965      	-1.07002488e-04
0.00644049      	-1.07002488e-04
0.00644134      	-1.07002488e-04
0.00644218      	-1.07002488e-04
0.00644302      	-1.07002488e-04
0.00644386      	-1.07002488e-04
0.00644469      	-1.07002488e-04
0.00644553      	-1.07002488e-04
0.00644636      	-1.07002488e-04
0.0064472       	-1.07002488e-04
0.00644803      	-1.07002488e-04
0.00644886      	-1.07002488e-04
0.00644969      	-1.07002488e-04
0.00645051      	-1.07002488e-04
0.00645134      	-1.07002488e-04
0.00645216      	-1.07002488e-04
0.00645299      	-1.07002488e-04
0.00645381      	-1.07002488e-04
0.00645463      	-1.07002488e-04
0.00645545      	-1.07002488e-04
0.00645628      	-1.07002488e-04
0.00645709      	-1.07002488e-04
0.00645791      	-1.07002488e-04
0.00645873      	-1.07002488e-04
0.00645954      	-1.07002488e-04
0.00646035      	-1.07002488e-04
0.00646116      	-1.07002488e-04
0.00646197      	-1.07002488e-04
0.00646278      	-1.07002488e-04
0.00646359      	-1.07002488e-04
0.00646439      	-1.07002488e-04
0.0064652       	-1.07002488e-04
0.006466        	-1.07002488e-04
0.00646681      	-1.07002488e-04
0.00646761      	-1.07002488e-04
0.00646841      	-1.07002488e-04
0.00646921      	-1.07002488e-04
0.00647001      	-1.07002488e-04
0.0064708       	-1.07002488e-04
0.0064716       	-1.07002488e-04
0.0064724       	-1.07002488e-04
0.00647319      	-1.07002488e-04
0.00647398      	-1.07002488e-04
0.00647478      	-1.07002488e-04
0.00647557      	-1.07002488e-04
0.00647636      	-1.07002488e-04
0.00647715      	-1.07002488e-04
0.00647794      	-1.07002488e-04
0.00647873      	-1.07002488e-04
0.00647952      	-1.07002488e-04
0.0064803       	-1.07002488e-04
0.00648109      	-1.07002488e-04
0.00648187      	-1.07002488e-04
0.00648266      	-1.07002488e-04
0.00648344      	-1.07002488e-04
0.00648422      	-1.07002488e-04
0.006485        	-1.07002488e-04
0.00648579      	-1.07002488e-04
0.00648656      	-1.07002488e-04
0.00648734      	-1.07002488e-04
0.00648812      	-1.07002488e-04
0.00648889      	-1.07002488e-04
0.00648967      	-1.07002488e-04
0.00649044      	-1.07002488e-04
0.00649121      	-1.07002488e-04
0.00649198      	-1.07002488e-04
0.00649276      	-1.07002488e-04
0.00649353      	-1.07002488e-04
0.0064943       	-1.07002488e-04
0.00649507      	-1.07002488e-04
0.00649583      	-1.07002488e-04
0.0064966       	-1.07002488e-04
0.00649736      	-1.07002488e-04
0.00649813      	-1.07002488e-04
0.0064989       	-1.07002488e-04
0.00649966      	-1.07002488e-04
0.00650042      	-1.07002488e-04
0.00650118      	-1.07002488e-04
0.00650194      	-1.07002488e-04
0.0065027       	-1.07002488e-04
0.00650346      	-1.07002488e-04
0.00650421      	-1.07002488e-04
0.00650496      	-1.07002488e-04
0.00650572      	-1.07002488e-04
0.00650647      	-1.07002488e-04
0.00650723      	-1.07002488e-04
0.00650798      	-1.07002488e-04
0.00650874      	-1.07002488e-04
0.00650948      	-1.07002488e-04
0.00651023      	-1.07002488e-04
0.00651098      	-1.07002488e-04
0.00651173      	-1.07002488e-04
0.00651248      	-1.07002488e-04
0.00651322      	-1.07002488e-04
0.00651396      	-1.07002488e-04
0.0065147       	-1.07002488e-04
0.00651544      	-1.07002488e-04
0.00651618      	-1.07002488e-04
0.00651693      	-1.07002488e-04
0.00651767      	-1.07002488e-04
0.0065184       	-1.07002488e-04
0.00651914      	-1.07002488e-04
0.00651987      	-1.07002488e-04
0.00652061      	-1.07002488e-04
0.00652134      	-1.07002488e-04
0.00652208      	-1.07002488e-04
0.00652281      	-1.07002488e-04
0.00652354      	-1.07002488e-04
0.00652426      	-1.07002488e-04
0.00652499      	-1.07002488e-04
0.00652572      	-1.07002488e-04
0.00652645      	-1.07002488e-04
0.00652717      	-1.07002488e-04
0.00652789      	-1.07002488e-04
0.00652861      	-1.07002488e-04
0.00652933      	-1.07002488e-04
0.00653005      	-1.07002488e-04
0.00653078      	-1.07002488e-04
0.0065315       	-1.07002488e-04
0.00653221      	-1.07002488e-04
0.00653292      	-1.07002488e-04
0.00653364      	-1.07002488e-04
0.00653435      	-1.07002488e-04
0.00653506      	-1.07002488e-04
0.00653578      	-1.07002488e-04
0.00653649      	-1.07002488e-04
0.0065372       	-1.07002488e-04
0.0065379       	-1.07002488e-04
0.00653861      	-1.07002488e-04
0.00653931      	-1.07002488e-04
0.00654002      	-1.07002488e-04
0.00654073      	-1.07002488e-04
0.00654143      	-1.07002488e-04
0.00654214      	-1.07002488e-04
0.00654284      	-1.07002488e-04
0.00654354      	-1.07002488e-04
0.00654424      	-1.07002488e-04
0.00654493      	-1.07002488e-04
0.00654563      	-1.07002488e-04
0.00654633      	-1.07002488e-04
0.00654702      	-1.07002488e-04
0.00654772      	-1.07002488e-04
0.00654842      	-1.07002488e-04
0.00654912      	-1.07002488e-04
0.0065498       	-1.07002488e-04
0.00655049      	-1.07002488e-04
0.00655118      	-1.07002488e-04
0.00655187      	-1.07002488e-04
0.00655255      	-1.07002488e-04
0.00655324      	-1.07002488e-04
0.00655393      	-1.07002488e-04
0.00655462      	-1.07002488e-04
0.0065553       	-1.07002488e-04
0.00655599      	-1.07002488e-04
0.00655667      	-1.07002488e-04
0.00655735      	-1.07002488e-04
0.00655802      	-1.07002488e-04
0.0065587       	-1.07002488e-04
0.00655938      	-1.07002488e-04
0.00656005      	-1.07002488e-04
0.00656073      	-1.07002488e-04
0.00656141      	-1.07002488e-04
0.00656209      	-1.07002488e-04
0.00656276      	-1.07002488e-04
0.00656344      	-1.07002488e-04
0.00656412      	-1.07002488e-04
0.00656479      	-1.07002488e-04
0.00656546      	-1.07002488e-04
0.00656612      	-1.07002488e-04
0.00656679      	-1.07002488e-04
0.00656745      	-1.07002488e-04
0.00656811      	-1.07002488e-04
0.00656878      	-1.07002488e-04
0.00656944      	-1.07002488e-04
0.00657011      	-1.07002488e-04
0.00657077      	-1.07002488e-04
0.00657144      	-1.07002488e-04
0.0065721       	-1.07002488e-04
0.00657276      	-1.07002488e-04
0.00657343      	-1.07002488e-04
0.00657409      	-1.07002488e-04
0.00657476      	-1.07002488e-04
0.00657542      	-1.07002488e-04
0.00657609      	-1.07002488e-04
0.00657675      	-1.07002488e-04
0.00657741      	-1.07002488e-04
0.00657808      	-1.07002488e-04
0.00657874      	-1.07002488e-04
0.00657941      	-1.07002488e-04
0.00658007      	-1.07002488e-04
0.00658074      	-1.07002488e-04
0.0065814       	-1.07002488e-04
0.00658206      	-1.07002488e-04
0.00658273      	-1.07002488e-04
0.00658339      	-1.07002488e-04
0.00658406      	-1.07002488e-04
0.00658472      	-1.07002488e-04
0.00658539      	-1.07002488e-04
0.00658605      	-1.07002488e-04
0.00658671      	-1.07002488e-04
0.00658738      	-1.07002488e-04
0.00658804      	-1.07002488e-04
0.00658871      	-1.07002488e-04
0.00658937      	-1.07002488e-04
0.00659004      	-1.07002488e-04
0.0065907       	-1.07002488e-04
0.00659136      	-1.07002488e-04
0.00659203      	-1.07002488e-04
0.00659269      	-1.07002488e-04
0.00659336      	-1.07002488e-04
0.00659402      	-1.07002488e-04
0.00659469      	-1.07002488e-04
0.00659535      	-1.07002488e-04
0.00659601      	-1.07002488e-04
0.00659668      	-1.07002488e-04
0.00659734      	-1.07002488e-04
0.00659801      	-1.07002488e-04
0.00659867      	-1.07002488e-04
0.00659934      	-1.07002488e-04
0.0066          	-1.07002488e-04
0.00660065      	-1.07002488e-04
0.00660129      	-1.07002488e-04
0.00660193      	-1.07002488e-04
0.00660258      	-1.07002488e-04
0.00660322      	-1.07002488e-04
0.00660386      	-1.07002488e-04
0.0066045       	-1.07002488e-04
0.00660514      	-1.07002488e-04
0.00660579      	-1.07002488e-04
0.00660643      	-1.07002488e-04
0.00660707      	-1.07002488e-04
0.0066077       	-1.07002488e-04
0.00660834      	-1.07002488e-04
0.00660898      	-1.07002488e-04
0.00660962      	-1.07002488e-04
0.00661025      	-1.07002488e-04
0.00661089      	-1.07002488e-04
0.00661152      	-1.07002488e-04
0.00661216      	-1.07002488e-04
0.00661279      	-1.07002488e-04
0.00661342      	-1.07002488e-04
0.00661405      	-1.07002488e-04
0.00661468      	-1.07002488e-04
0.00661532      	-1.07002488e-04
0.00661595      	-1.07002488e-04
0.00661657      	-1.07002488e-04
0.0066172       	-1.07002488e-04
0.00661783      	-1.07002488e-04
0.00661846      	-1.07002488e-04
0.00661908      	-1.07002488e-04
0.00661971      	-1.07002488e-04
0.00662033      	-1.07002488e-04
0.00662095      	-1.07002488e-04
0.00662158      	-1.07002488e-04
0.0066222       	-1.07002488e-04
0.00662282      	-1.07002488e-04
0.00662344      	-1.07002488e-04
0.00662406      	-1.07002488e-04
0.00662468      	-1.07002488e-04
0.00662529      	-1.07002488e-04
0.00662591      	-1.07002488e-04
0.00662653      	-1.07002488e-04
0.00662714      	-1.07002488e-04
0.00662776      	-1.07002488e-04
0.00662837      	-1.07002488e-04
0.00662899      	-1.07002488e-04
0.0066296       	-1.07002488e-04
0.00663021      	-1.07002488e-04
0.00663082      	-1.07002488e-04
0.00663143      	-1.07002488e-04
0.00663205      	-1.07002488e-04
0.00663266      	-1.07002488e-04
0.00663326      	-1.07002488e-04
0.00663387      	-1.07002488e-04
0.00663448      	-1.07002488e-04
0.00663509      	-1.07002488e-04
0.0066357       	-1.07002488e-04
0.00663631      	-1.07002488e-04
0.00663691      	-1.07002488e-04
0.00663752      	-1.07002488e-04
0.00663812      	-1.07002488e-04
0.00663873      	-1.07002488e-04
0.00663933      	-1.07002488e-04
0.00663994      	-1.07002488e-04
0.00664054      	-1.07002488e-04
0.00664115      	-1.07002488e-04
0.00664175      	-1.07002488e-04
0.00664235      	-1.07002488e-04
0.00664296      	-1.07002488e-04
0.00664356      	-1.07002488e-04
0.00664416      	-1.07002488e-04
0.00664477      	-1.07002488e-04
0.00664537      	-1.07002488e-04
0.00664597      	-1.07002488e-04
0.00664657      	-1.07002488e-04
0.00664717      	-1.07002488e-04
0.00664777      	-1.07002488e-04
0.00664838      	-1.07002488e-04
0.00664898      	-1.07002488e-04
0.00664958      	-1.07002488e-04
0.00665018      	-1.07002488e-04
0.00665078      	-1.07002488e-04
0.00665138      	-1.07002488e-04
0.00665199      	-1.07002488e-04
0.00665259      	-1.07002488e-04
0.00665318      	-1.07002488e-04
0.00665378      	-1.07002488e-04
0.00665438      	-1.07002488e-04
0.00665498      	-1.07002488e-04
0.00665558      	-1.07002488e-04
0.00665618      	-1.07002488e-04
0.00665678      	-1.07002488e-04
0.00665738      	-1.07002488e-04
0.00665798      	-1.07002488e-04
0.00665858      	-1.07002488e-04
0.00665918      	-1.07002488e-04
0.00665978      	-1.07002488e-04
0.00666037      	-1.07002488e-04
0.00666097      	-1.07002488e-04
0.00666157      	-1.07002488e-04
0.00666216      	-1.07002488e-04
0.00666276      	-1.07002488e-04
0.00666336      	-1.07002488e-04
0.00666395      	-1.07002488e-04
0.00666455      	-1.07002488e-04
0.00666515      	-1.07002488e-04
0.00666574      	-1.07002488e-04
0.00666634      	-1.07002488e-04
0.00666693      	-1.07002488e-04
0.00666753      	-1.07002488e-04
0.00666812      	-1.07002488e-04
0.00666871      	-1.07002488e-04
0.00666931      	-1.07002488e-04
0.0066699       	-1.07002488e-04
0.00667049      	-1.07002488e-04
0.00667108      	-1.07002488e-04
0.00667168      	-1.07002488e-04
0.00667227      	-1.07002488e-04
0.00667286      	-1.07002488e-04
0.00667345      	-1.07002488e-04
0.00667404      	-1.07002488e-04
0.00667463      	-1.07002488e-04
0.00667522      	-1.07002488e-04
0.0066758       	-1.07002488e-04
0.00667639      	-1.07002488e-04
0.00667698      	-1.07002488e-04
0.00667757      	-1.07002488e-04
0.00667815      	-1.07002488e-04
0.00667874      	-1.07002488e-04
0.00667932      	-1.07002488e-04
0.00667991      	-1.07002488e-04
0.00668049      	-1.07002488e-04
0.00668108      	-1.07002488e-04
0.00668166      	-1.07002488e-04
0.00668224      	-1.07002488e-04
0.00668283      	-1.07002488e-04
0.00668341      	-1.07002488e-04
0.00668399      	-1.07002488e-04
0.00668457      	-1.07002488e-04
0.00668515      	-1.07002488e-04
0.00668573      	-1.07002488e-04
0.0066863       	-1.07002488e-04
0.00668688      	-1.07002488e-04
0.00668746      	-1.07002488e-04
0.00668803      	-1.07002488e-04
0.00668861      	-1.07002488e-04
0.00668919      	-1.07002488e-04
0.00668976      	-1.07002488e-04
0.00669033      	-1.07002488e-04
0.00669091      	-1.07002488e-04
0.00669148      	-1.07002488e-04
0.00669205      	-1.07002488e-04
0.00669262      	-1.07002488e-04
0.0066932       	-1.07002488e-04
0.00669377      	-1.07002488e-04
0.00669434      	-1.07002488e-04
0.00669491      	-1.07002488e-04
0.00669548      	-1.07002488e-04
0.00669605      	-1.07002488e-04
0.00669662      	-1.07002488e-04
0.00669718      	-1.07002488e-04
0.00669775      	-1.07002488e-04
0.00669832      	-1.07002488e-04
0.00669889      	-1.07002488e-04
0.00669946      	-1.07002488e-04
0.00670002      	-1.07002488e-04
0.00670059      	-1.07002488e-04
0.00670116      	-1.07002488e-04
0.00670173      	-1.07002488e-04
0.0067023       	-1.07002488e-04
0.00670286      	-1.07002488e-04
0.00670343      	-1.07002488e-04
0.00670399      	-1.07002488e-04
0.00670456      	-1.07002488e-04
0.00670512      	-1.07002488e-04
0.00670569      	-1.07002488e-04
0.00670625      	-1.07002488e-04
0.00670681      	-1.07002488e-04
0.00670738      	-1.07002488e-04
0.00670794      	-1.07002488e-04
0.00670851      	-1.07002488e-04
0.00670907      	-1.07002488e-04
0.00670964      	-1.07002488e-04
0.0067102       	-1.07002488e-04
0.00671077      	-1.07002488e-04
0.00671133      	-1.07002488e-04
0.0067119       	-1.07002488e-04
0.00671246      	-1.07002488e-04
0.00671303      	-1.07002488e-04
0.00671359      	-1.07002488e-04
0.00671416      	-1.07002488e-04
0.00671472      	-1.07002488e-04
0.00671529      	-1.07002488e-04
0.00671585      	-1.07002488e-04
0.00671642      	-1.07002488e-04
0.00671698      	-1.07002488e-04
0.00671755      	-1.07002488e-04
0.00671811      	-1.07002488e-04
0.00671867      	-1.07002488e-04
0.00671924      	-1.07002488e-04
0.0067198       	-1.07002488e-04
0.00672037      	-1.07002488e-04
0.00672093      	-1.07002488e-04
0.0067215       	-1.07002488e-04
0.00672206      	-1.07002488e-04
0.00672262      	-1.07002488e-04
0.00672318      	-1.07002488e-04
0.00672375      	-1.07002488e-04
0.00672431      	-1.07002488e-04
0.00672487      	-1.07002488e-04
0.00672543      	-1.07002488e-04
0.00672599      	-1.07002488e-04
0.00672655      	-1.07002488e-04
0.00672711      	-1.07002488e-04
0.00672767      	-1.07002488e-04
0.00672823      	-1.07002488e-04
0.00672879      	-1.07002488e-04
0.00672935      	-1.07002488e-04
0.00672991      	-1.07002488e-04
0.00673047      	-1.07002488e-04
0.00673103      	-1.07002488e-04
0.00673158      	-1.07002488e-04
0.00673214      	-1.07002488e-04
0.00673269      	-1.07002488e-04
0.00673325      	-1.07002488e-04
0.00673381      	-1.07002488e-04
0.00673436      	-1.07002488e-04
0.00673492      	-1.07002488e-04
0.00673548      	-1.07002488e-04
0.00673603      	-1.07002488e-04
0.00673658      	-1.07002488e-04
0.00673713      	-1.07002488e-04
0.00673768      	-1.07002488e-04
0.00673823      	-1.07002488e-04
0.00673878      	-1.07002488e-04
0.00673934      	-1.07002488e-04
0.00673989      	-1.07002488e-04
0.00674044      	-1.07002488e-04
0.00674099      	-1.07002488e-04
0.00674154      	-1.07002488e-04
0.00674209      	-1.07002488e-04
0.00674263      	-1.07002488e-04
0.00674318      	-1.07002488e-04
0.00674373      	-1.07002488e-04
0.00674427      	-1.07002488e-04
0.00674482      	-1.07002488e-04
0.00674537      	-1.07002488e-04
0.00674591      	-1.07002488e-04
0.00674646      	-1.07002488e-04
0.00674701      	-1.07002488e-04
0.00674755      	-1.07002488e-04
0.0067481       	-1.07002488e-04
0.00674864      	-1.07002488e-04
0.00674919      	-1.07002488e-04
0.00674973      	-1.07002488e-04
0.00675027      	-1.07002488e-04
0.00675081      	-1.07002488e-04
0.00675135      	-1.07002488e-04
0.00675189      	-1.07002488e-04
0.00675243      	-1.07002488e-04
0.00675297      	-1.07002488e-04
0.00675351      	-1.07002488e-04
0.00675406      	-1.07002488e-04
0.0067546       	-1.07002488e-04
0.00675514      	-1.07002488e-04
0.00675568      	-1.07002488e-04
0.00675622      	-1.07002488e-04
0.00675676      	-1.07002488e-04
0.0067573       	-1.07002488e-04
0.00675784      	-1.07002488e-04
0.00675838      	-1.07002488e-04
0.00675892      	-1.07002488e-04
0.00675946      	-1.07002488e-04
0.00676         	-1.07002488e-04
0.00676054      	-1.07002488e-04
0.00676108      	-1.07002488e-04
0.00676162      	-1.07002488e-04
0.00676216      	-1.07002488e-04
0.0067627       	-1.07002488e-04
0.00676324      	-1.07002488e-04
0.00676378      	-1.07002488e-04
0.00676433      	-1.07002488e-04
0.00676487      	-1.07002488e-04
0.00676541      	-1.07002488e-04
0.00676595      	-1.07002488e-04
0.00676649      	-1.07002488e-04
0.00676703      	-1.07002488e-04
0.00676757      	-1.07002488e-04
0.00676811      	-1.07002488e-04
0.00676865      	-1.07002488e-04
0.00676919      	-1.07002488e-04
0.00676973      	-1.07002488e-04
0.00677027      	-1.07002488e-04
0.00677081      	-1.07002488e-04
0.00677135      	-1.07002488e-04
0.00677189      	-1.07002488e-04
0.00677243      	-1.07002488e-04
0.00677297      	-1.07002488e-04
0.00677351      	-1.07002488e-04
0.00677405      	-1.07002488e-04
0.0067746       	-1.07002488e-04
0.00677514      	-1.07002488e-04
0.00677568      	-1.07002488e-04
0.00677622      	-1.07002488e-04
0.00677676      	-1.07002488e-04
0.0067773       	-1.07002488e-04
0.00677784      	-1.07002488e-04
0.00677838      	-1.07002488e-04
0.00677892      	-1.07002488e-04
0.00677946      	-1.07002488e-04
0.00678         	-1.07002488e-04
0.00678054      	-1.07002488e-04
0.00678108      	-1.07002488e-04
0.00678162      	-1.07002488e-04
0.00678216      	-1.07002488e-04
0.0067827       	-1.07002488e-04
0.00678324      	-1.07002488e-04
0.00678378      	-1.07002488e-04
0.00678432      	-1.07002488e-04
0.00678487      	-1.07002488e-04
0.00678541      	-1.07002488e-04
0.00678595      	-1.07002488e-04
0.00678649      	-1.07002488e-04
0.00678703      	-1.07002488e-04
0.00678757      	-1.07002488e-04
0.00678811      	-1.07002488e-04
0.00678865      	-1.07002488e-04
0.00678919      	-1.07002488e-04
0.00678973      	-1.07002488e-04
0.00679027      	-1.07002488e-04
0.00679081      	-1.07002488e-04
0.00679135      	-1.07002488e-04
0.00679189      	-1.07002488e-04
0.00679243      	-1.07002488e-04
0.00679297      	-1.07002488e-04
0.00679351      	-1.07002488e-04
0.00679405      	-1.07002488e-04
0.00679459      	-1.07002488e-04
0.00679514      	-1.07002488e-04
0.00679568      	-1.07002488e-04
0.00679622      	-1.07002488e-04
0.00679676      	-1.07002488e-04
0.0067973       	-1.07002488e-04
0.00679784      	-1.07002488e-04
0.00679838      	-1.07002488e-04
0.00679892      	-1.07002488e-04
0.00679946      	-1.07002488e-04
0.0068          	-1.07002488e-04
0.00680054      	-1.07002488e-04
0.00680108      	-1.07002488e-04
0.00680161      	-1.07002488e-04
0.00680215      	-1.07002488e-04
0.00680269      	-1.07002488e-04
0.00680323      	-1.07002488e-04
0.00680377      	-1.07002488e-04
0.00680431      	-1.07002488e-04
0.00680484      	-1.07002488e-04
0.00680538      	-1.07002488e-04
0.00680592      	-1.07002488e-04
0.00680646      	-1.07002488e-04
0.006807        	-1.07002488e-04
0.00680754      	-1.07002488e-04
0.00680808      	-1.07002488e-04
0.00680862      	-1.07002488e-04
0.00680916      	-1.07002488e-04
0.00680971      	-1.07002488e-04
0.00681025      	-1.07002488e-04
0.00681079      	-1.07002488e-04
0.00681133      	-1.07002488e-04
0.00681187      	-1.07002488e-04
0.00681241      	-1.07002488e-04
0.00681296      	-1.07002488e-04
0.0068135       	-1.07002488e-04
0.00681404      	-1.07002488e-04
0.00681458      	-1.07002488e-04
0.00681513      	-1.07002488e-04
0.00681567      	-1.07002488e-04
0.00681622      	-1.07002488e-04
0.00681676      	-1.07002488e-04
0.0068173       	-1.07002488e-04
0.00681785      	-1.07002488e-04
0.00681839      	-1.07002488e-04
0.00681894      	-1.07002488e-04
0.00681949      	-1.07002488e-04
0.00682003      	-1.07002488e-04
0.00682058      	-1.07002488e-04
0.00682112      	-1.07002488e-04
0.00682167      	-1.07002488e-04
0.00682221      	-1.07002488e-04
0.00682276      	-1.07002488e-04
0.0068233       	-1.07002488e-04
0.00682385      	-1.07002488e-04
0.0068244       	-1.07002488e-04
0.00682495      	-1.07002488e-04
0.00682549      	-1.07002488e-04
0.00682604      	-1.07002488e-04
0.00682659      	-1.07002488e-04
0.00682713      	-1.07002488e-04
0.00682768      	-1.07002488e-04
0.00682823      	-1.07002488e-04
0.00682877      	-1.07002488e-04
0.00682932      	-1.07002488e-04
0.00682987      	-1.07002488e-04
0.00683042      	-1.07002488e-04
0.00683096      	-1.07002488e-04
0.00683151      	-1.07002488e-04
0.00683206      	-1.07002488e-04
0.0068326       	-1.07002488e-04
0.00683315      	-1.07002488e-04
0.0068337       	-1.07002488e-04
0.00683425      	-1.07002488e-04
0.00683479      	-1.07002488e-04
0.00683534      	-1.07002488e-04
0.00683589      	-1.07002488e-04
0.00683643      	-1.07002488e-04
0.00683698      	-1.07002488e-04
0.00683753      	-1.07002488e-04
0.00683807      	-1.07002488e-04
0.00683862      	-1.07002488e-04
0.00683917      	-1.07002488e-04
0.00683972      	-1.07002488e-04
0.00684026      	-1.07002488e-04
0.00684081      	-1.07002488e-04
0.00684136      	-1.07002488e-04
0.00684191      	-1.07002488e-04
0.00684246      	-1.07002488e-04
0.00684301      	-1.07002488e-04
0.00684355      	-1.07002488e-04
0.0068441       	-1.07002488e-04
0.00684465      	-1.07002488e-04
0.0068452       	-1.07002488e-04
0.00684575      	-1.07002488e-04
0.0068463       	-1.07002488e-04
0.00684685      	-1.07002488e-04
0.0068474       	-1.07002488e-04
0.00684796      	-1.07002488e-04
0.00684851      	-1.07002488e-04
0.00684906      	-1.07002488e-04
0.00684961      	-1.07002488e-04
0.00685017      	-1.07002488e-04
0.00685072      	-1.07002488e-04
0.00685128      	-1.07002488e-04
0.00685183      	-1.07002488e-04
0.00685238      	-1.07002488e-04
0.00685294      	-1.07002488e-04
0.00685349      	-1.07002488e-04
0.00685405      	-1.07002488e-04
0.00685461      	-1.07002488e-04
0.00685517      	-1.07002488e-04
0.00685572      	-1.07002488e-04
0.00685628      	-1.07002488e-04
0.00685684      	-1.07002488e-04
0.0068574       	-1.07002488e-04
0.00685796      	-1.07002488e-04
0.00685852      	-1.07002488e-04
0.00685908      	-1.07002488e-04
0.00685964      	-1.07002488e-04
0.0068602       	-1.07002488e-04
0.00686076      	-1.07002488e-04
0.00686132      	-1.07002488e-04
0.00686189      	-1.07002488e-04
0.00686245      	-1.07002488e-04
0.00686301      	-1.07002488e-04
0.00686358      	-1.07002488e-04
0.00686414      	-1.07002488e-04
0.0068647       	-1.07002488e-04
0.00686527      	-1.07002488e-04
0.00686584      	-1.07002488e-04
0.0068664       	-1.07002488e-04
0.00686697      	-1.07002488e-04
0.00686753      	-1.07002488e-04
0.0068681       	-1.07002488e-04
0.00686867      	-1.07002488e-04
0.00686924      	-1.07002488e-04
0.00686981      	-1.07002488e-04
0.00687038      	-1.07002488e-04
0.00687095      	-1.07002488e-04
0.00687152      	-1.07002488e-04
0.00687209      	-1.07002488e-04
0.00687266      	-1.07002488e-04
0.00687323      	-1.07002488e-04
0.0068738       	-1.07002488e-04
0.00687437      	-1.07002488e-04
0.00687494      	-1.07002488e-04
0.00687551      	-1.07002488e-04
0.00687609      	-1.07002488e-04
0.00687666      	-1.07002488e-04
0.00687723      	-1.07002488e-04
0.00687781      	-1.07002488e-04
0.00687838      	-1.07002488e-04
0.00687895      	-1.07002488e-04
0.00687953      	-1.07002488e-04
0.0068801       	-1.07002488e-04
0.00688067      	-1.07002488e-04
0.00688125      	-1.07002488e-04
0.00688182      	-1.07002488e-04
0.0068824       	-1.07002488e-04
0.00688297      	-1.07002488e-04
0.00688355      	-1.07002488e-04
0.00688412      	-1.07002488e-04
0.0068847       	-1.07002488e-04
0.00688528      	-1.07002488e-04
0.00688585      	-1.07002488e-04
0.00688643      	-1.07002488e-04
0.006887        	-1.07002488e-04
0.00688758      	-1.07002488e-04
0.00688816      	-1.07002488e-04
0.00688873      	-1.07002488e-04
0.00688931      	-1.07002488e-04
0.00688989      	-1.07002488e-04
0.00689046      	-1.07002488e-04
0.00689104      	-1.07002488e-04
0.00689162      	-1.07002488e-04
0.0068922       	-1.07002488e-04
0.00689278      	-1.07002488e-04
0.00689336      	-1.07002488e-04
0.00689394      	-1.07002488e-04
0.00689452      	-1.07002488e-04
0.0068951       	-1.07002488e-04
0.00689568      	-1.07002488e-04
0.00689626      	-1.07002488e-04
0.00689685      	-1.07002488e-04
0.00689743      	-1.07002488e-04
0.00689801      	-1.07002488e-04
0.00689859      	-1.07002488e-04
0.00689918      	-1.07002488e-04
0.00689976      	-1.07002488e-04
0.00690034      	-1.07002488e-04
0.00690093      	-1.07002488e-04
0.00690151      	-1.07002488e-04
0.0069021       	-1.07002488e-04
0.00690269      	-1.07002488e-04
0.00690327      	-1.07002488e-04
0.00690386      	-1.07002488e-04
0.00690445      	-1.07002488e-04
0.00690504      	-1.07002488e-04
0.00690563      	-1.07002488e-04
0.00690622      	-1.07002488e-04
0.00690681      	-1.07002488e-04
0.0069074       	-1.07002488e-04
0.006908        	-1.07002488e-04
0.00690859      	-1.07002488e-04
0.00690918      	-1.07002488e-04
0.00690978      	-1.07002488e-04
0.00691037      	-1.07002488e-04
0.00691097      	-1.07002488e-04
0.00691157      	-1.07002488e-04
0.00691216      	-1.07002488e-04
0.00691276      	-1.07002488e-04
0.00691336      	-1.07002488e-04
0.00691396      	-1.07002488e-04
0.00691456      	-1.07002488e-04
0.00691516      	-1.07002488e-04
0.00691576      	-1.07002488e-04
0.00691636      	-1.07002488e-04
0.00691696      	-1.07002488e-04
0.00691757      	-1.07002488e-04
0.00691818      	-1.07002488e-04
0.00691878      	-1.07002488e-04
0.00691939      	-1.07002488e-04
0.00691999      	-1.07002488e-04
0.0069206       	-1.07002488e-04
0.00692121      	-1.07002488e-04
0.00692182      	-1.07002488e-04
0.00692243      	-1.07002488e-04
0.00692304      	-1.07002488e-04
0.00692365      	-1.07002488e-04
0.00692427      	-1.07002488e-04
0.00692488      	-1.07002488e-04
0.0069255       	-1.07002488e-04
0.00692611      	-1.07002488e-04
0.00692673      	-1.07002488e-04
0.00692734      	-1.07002488e-04
0.00692796      	-1.07002488e-04
0.00692858      	-1.07002488e-04
0.0069292       	-1.07002488e-04
0.00692982      	-1.07002488e-04
0.00693044      	-1.07002488e-04
0.00693106      	-1.07002488e-04
0.00693169      	-1.07002488e-04
0.00693231      	-1.07002488e-04
0.00693293      	-1.07002488e-04
0.00693355      	-1.07002488e-04
0.00693418      	-1.07002488e-04
0.00693481      	-1.07002488e-04
0.00693544      	-1.07002488e-04
0.00693606      	-1.07002488e-04
0.00693669      	-1.07002488e-04
0.00693732      	-1.07002488e-04
0.00693794      	-1.07002488e-04
0.00693858      	-1.07002488e-04
0.00693921      	-1.07002488e-04
0.00693984      	-1.07002488e-04
0.00694048      	-1.07002488e-04
0.00694111      	-1.07002488e-04
0.00694174      	-1.07002488e-04
0.00694238      	-1.07002488e-04
0.00694301      	-1.07002488e-04
0.00694364      	-1.07002488e-04
0.00694427      	-1.07002488e-04
0.00694492      	-1.07002488e-04
0.00694556      	-1.07002488e-04
0.0069462       	-1.07002488e-04
0.00694684      	-1.07002488e-04
0.00694748      	-1.07002488e-04
0.00694812      	-1.07002488e-04
0.00694876      	-1.07002488e-04
0.0069494       	-1.07002488e-04
0.00695004      	-1.07002488e-04
0.00695068      	-1.07002488e-04
0.00695132      	-1.07002488e-04
0.00695196      	-1.07002488e-04
0.00695261      	-1.07002488e-04
0.00695326      	-1.07002488e-04
0.00695391      	-1.07002488e-04
0.00695456      	-1.07002488e-04
0.00695521      	-1.07002488e-04
0.00695586      	-1.07002488e-04
0.00695651      	-1.07002488e-04
0.00695715      	-1.07002488e-04
0.0069578       	-1.07002488e-04
0.00695845      	-1.07002488e-04
0.0069591       	-1.07002488e-04
0.00695975      	-1.07002488e-04
0.0069604       	-1.07002488e-04
0.00696105      	-1.07002488e-04
0.00696171      	-1.07002488e-04
0.00696237      	-1.07002488e-04
0.00696303      	-1.07002488e-04
0.00696369      	-1.07002488e-04
0.00696435      	-1.07002488e-04
0.00696501      	-1.07002488e-04
0.00696567      	-1.07002488e-04
0.00696633      	-1.07002488e-04
0.00696699      	-1.07002488e-04
0.00696765      	-1.07002488e-04
0.00696831      	-1.07002488e-04
0.00696897      	-1.07002488e-04
0.00696963      	-1.07002488e-04
0.00697029      	-1.07002488e-04
0.00697095      	-1.07002488e-04
0.00697161      	-1.07002488e-04
0.00697229      	-1.07002488e-04
0.00697296      	-1.07002488e-04
0.00697364      	-1.07002488e-04
0.00697432      	-1.07002488e-04
0.00697499      	-1.07002488e-04
0.00697567      	-1.07002488e-04
0.00697634      	-1.07002488e-04
0.00697702      	-1.07002488e-04
0.0069777       	-1.07002488e-04
0.00697837      	-1.07002488e-04
0.00697905      	-1.07002488e-04
0.00697972      	-1.07002488e-04
0.0069804       	-1.07002488e-04
0.00698107      	-1.07002488e-04
0.00698175      	-1.07002488e-04
0.00698243      	-1.07002488e-04
0.0069831       	-1.07002488e-04
0.00698378      	-1.07002488e-04
0.00698445      	-1.07002488e-04
0.00698513      	-1.07002488e-04
0.00698584      	-1.07002488e-04
0.00698655      	-1.07002488e-04
0.00698725      	-1.07002488e-04
0.00698796      	-1.07002488e-04
0.00698867      	-1.07002488e-04
0.00698938      	-1.07002488e-04
0.00699009      	-1.07002488e-04
0.00699079      	-1.07002488e-04
0.0069915       	-1.07002488e-04
0.00699221      	-1.07002488e-04
0.00699292      	-1.07002488e-04
0.00699363      	-1.07002488e-04
0.00699434      	-1.07002488e-04
0.00699504      	-1.07002488e-04
0.00699575      	-1.07002488e-04
0.00699646      	-1.07002488e-04
0.00699717      	-1.07002488e-04
0.00699788      	-1.07002488e-04
0.00699858      	-1.07002488e-04
0.00699929      	-1.07002488e-04
0.007           	-1.07002488e-04
0.00700072      	-1.07002488e-04
0.00700145      	-1.07002488e-04
0.00700218      	-1.07002488e-04
0.00700291      	-1.07002488e-04
0.00700364      	-1.07002488e-04
0.00700438      	-1.07002488e-04
0.00700512      	-1.07002488e-04
0.00700585      	-1.07002488e-04
0.00700659      	-1.07002488e-04
0.00700734      	-1.07002488e-04
0.00700808      	-1.07002488e-04
0.00700882      	-1.07002488e-04
0.00700957      	-1.07002488e-04
0.00701032      	-1.07002488e-04
0.00701107      	-1.07002488e-04
0.00701182      	-1.07002488e-04
0.00701258      	-1.07002488e-04
0.00701333      	-1.07002488e-04
0.00701409      	-1.07002488e-04
0.00701485      	-1.07002488e-04
0.00701561      	-1.07002488e-04
0.00701638      	-1.07002488e-04
0.00701714      	-1.07002488e-04
0.00701791      	-1.07002488e-04
0.00701868      	-1.07002488e-04
0.00701945      	-1.07002488e-04
0.00702022      	-1.07002488e-04
0.007021        	-1.07002488e-04
0.00702177      	-1.07002488e-04
0.00702255      	-1.07002488e-04
0.00702333      	-1.07002488e-04
0.00702411      	-1.07002488e-04
0.00702489      	-1.07002488e-04
0.00702568      	-1.07002488e-04
0.00702646      	-1.07002488e-04
0.00702725      	-1.07002488e-04
0.00702804      	-1.07002488e-04
0.00702883      	-1.07002488e-04
0.00702963      	-1.07002488e-04
0.00703042      	-1.07002488e-04
0.00703122      	-1.07002488e-04
0.00703201      	-1.07002488e-04
0.00703281      	-1.07002488e-04
0.00703361      	-1.07002488e-04
0.00703442      	-1.07002488e-04
0.00703522      	-1.07002488e-04
0.00703603      	-1.07002488e-04
0.00703683      	-1.07002488e-04
0.00703764      	-1.07002488e-04
0.00703845      	-1.07002488e-04
0.00703926      	-1.07002488e-04
0.00704007      	-1.07002488e-04
0.00704088      	-1.07002488e-04
0.0070417       	-1.07002488e-04
0.00704251      	-1.07002488e-04
0.00704333      	-1.07002488e-04
0.00704414      	-1.07002488e-04
0.00704496      	-1.07002488e-04
0.00704578      	-1.07002488e-04
0.00704661      	-1.07002488e-04
0.00704743      	-1.07002488e-04
0.00704825      	-1.07002488e-04
0.00704907      	-1.07002488e-04
0.0070499       	-1.07002488e-04
0.00705072      	-1.07002488e-04
0.00705155      	-1.07002488e-04
0.00705238      	-1.07002488e-04
0.00705321      	-1.07002488e-04
0.00705404      	-1.07002488e-04
0.00705488      	-1.07002488e-04
0.00705571      	-1.07002488e-04
0.00705654      	-1.07002488e-04
0.00705738      	-1.07002488e-04
0.00705821      	-1.07002488e-04
0.00705905      	-1.07002488e-04
0.00705989      	-1.07002488e-04
0.00706073      	-1.07002488e-04
0.00706157      	-1.07002488e-04
0.00706241      	-1.07002488e-04
0.00706325      	-1.07002488e-04
0.00706409      	-1.07002488e-04
0.00706494      	-1.07002488e-04
0.00706578      	-1.07002488e-04
0.00706663      	-1.07002488e-04
0.00706748      	-1.07002488e-04
0.00706833      	-1.07002488e-04
0.00706918      	-1.07002488e-04
0.00707003      	-1.07002488e-04
0.00707087      	-1.07002488e-04
0.00707173      	-1.07002488e-04
0.00707259      	-1.07002488e-04
0.00707344      	-1.07002488e-04
0.0070743       	-1.07002488e-04
0.00707515      	-1.07002488e-04
0.00707601      	-1.07002488e-04
0.00707687      	-1.07002488e-04
0.00707773      	-1.07002488e-04
0.00707859      	-1.07002488e-04
0.00707945      	-1.07002488e-04
0.00708031      	-1.07002488e-04
0.00708117      	-1.07002488e-04
0.00708203      	-1.07002488e-04
0.00708289      	-1.07002488e-04
0.00708376      	-1.07002488e-04
0.00708462      	-1.07002488e-04
0.00708549      	-1.07002488e-04
0.00708636      	-1.07002488e-04
0.00708723      	-1.07002488e-04
0.00708809      	-1.07002488e-04
0.00708896      	-1.07002488e-04
0.00708983      	-1.07002488e-04
0.0070907       	-1.07002488e-04
0.00709156      	-1.07002488e-04
0.00709243      	-1.07002488e-04
0.0070933       	-1.07002488e-04
0.00709417      	-1.07002488e-04
0.00709505      	-1.07002488e-04
0.00709592      	-1.07002488e-04
0.0070968       	-1.07002488e-04
0.00709767      	-1.07002488e-04
0.00709855      	-1.07002488e-04
0.00709942      	-1.07002488e-04
0.00710029      	-1.07002488e-04
0.00710117      	-1.07002488e-04
0.00710204      	-1.07002488e-04
0.00710293      	-1.07002488e-04
0.00710381      	-1.07002488e-04
0.00710469      	-1.07002488e-04
0.00710557      	-1.07002488e-04
0.00710646      	-1.07002488e-04
0.00710734      	-1.07002488e-04
0.00710822      	-1.07002488e-04
0.0071091       	-1.07002488e-04
0.00710999      	-1.07002488e-04
0.00711087      	-1.07002488e-04
0.00711175      	-1.07002488e-04
0.00711263      	-1.07002488e-04
0.00711352      	-1.07002488e-04
0.0071144       	-1.07002488e-04
0.00711528      	-1.07002488e-04
0.00711616      	-1.07002488e-04
0.00711705      	-1.07002488e-04
0.00711793      	-1.07002488e-04
0.00711881      	-1.07002488e-04
0.00711969      	-1.07002488e-04
0.00712058      	-1.07002488e-04
0.00712146      	-1.07002488e-04
0.00712234      	-1.07002488e-04
0.00712322      	-1.07002488e-04
0.00712411      	-1.07002488e-04
0.00712499      	-1.07002488e-04
0.00712587      	-1.07002488e-04
0.00712675      	-1.07002488e-04
0.00712764      	-1.07002488e-04
0.00712852      	-1.07002488e-04
0.0071294       	-1.07002488e-04
0.00713028      	-1.07002488e-04
0.00713117      	-1.07002488e-04
0.00713205      	-1.07002488e-04
0.00713293      	-1.07002488e-04
0.00713381      	-1.07002488e-04
0.0071347       	-1.07002488e-04
0.00713558      	-1.07002488e-04
0.00713646      	-1.07002488e-04
0.00713734      	-1.07002488e-04
0.00713823      	-1.07002488e-04
0.00713911      	-1.07002488e-04
0.00713999      	-1.07002488e-04
0.00714087      	-1.07002488e-04
0.00714176      	-1.07002488e-04
0.00714264      	-1.07002488e-04
0.00714352      	-1.07002488e-04
0.0071444       	-1.07002488e-04
0.00714529      	-1.07002488e-04
0.00714617      	-1.07002488e-04
0.00714705      	-1.07002488e-04
0.00714793      	-1.07002488e-04
0.00714882      	-1.07002488e-04
0.0071497       	-1.07002488e-04
0.00715058      	-1.07002488e-04
0.00715146      	-1.07002488e-04
0.00715235      	-1.07002488e-04
0.00715323      	-1.07002488e-04
0.00715411      	-1.07002488e-04
0.00715498      	-1.07002488e-04
0.00715584      	-1.07002488e-04
0.00715671      	-1.07002488e-04
0.00715757      	-1.07002488e-04
0.00715844      	-1.07002488e-04
0.00715931      	-1.07002488e-04
0.00716017      	-1.07002488e-04
0.00716104      	-1.07002488e-04
0.0071619       	-1.07002488e-04
0.00716277      	-1.07002488e-04
0.00716363      	-1.07002488e-04
0.0071645       	-1.07002488e-04
0.00716537      	-1.07002488e-04
0.00716623      	-1.07002488e-04
0.0071671       	-1.07002488e-04
0.00716796      	-1.07002488e-04
0.00716883      	-1.07002488e-04
0.0071697       	-1.07002488e-04
0.00717056      	-1.07002488e-04
0.00717143      	-1.07002488e-04
0.00717229      	-1.07002488e-04
0.00717316      	-1.07002488e-04
0.007174        	-1.07002488e-04
0.00717484      	-1.07002488e-04
0.00717568      	-1.07002488e-04
0.00717651      	-1.07002488e-04
0.00717735      	-1.07002488e-04
0.00717819      	-1.07002488e-04
0.00717903      	-1.07002488e-04
0.00717987      	-1.07002488e-04
0.00718071      	-1.07002488e-04
0.00718155      	-1.07002488e-04
0.00718239      	-1.07002488e-04
0.00718322      	-1.07002488e-04
0.00718406      	-1.07002488e-04
0.0071849       	-1.07002488e-04
0.00718574      	-1.07002488e-04
0.00718658      	-1.07002488e-04
0.00718742      	-1.07002488e-04
0.00718826      	-1.07002488e-04
0.0071891       	-1.07002488e-04
0.00718993      	-1.07002488e-04
0.00719077      	-1.07002488e-04
0.00719161      	-1.07002488e-04
0.00719245      	-1.07002488e-04
0.00719329      	-1.07002488e-04
0.00719413      	-1.07002488e-04
0.00719497      	-1.07002488e-04
0.00719581      	-1.07002488e-04
0.00719664      	-1.07002488e-04
0.00719748      	-1.07002488e-04
0.00719832      	-1.07002488e-04
0.00719916      	-1.07002488e-04
0.0072          	-1.07002488e-04
0.00720081      	-1.07002488e-04
0.00720162      	-1.07002488e-04
0.00720242      	-1.07002488e-04
0.00720323      	-1.07002488e-04
0.00720403      	-1.07002488e-04
0.00720483      	-1.07002488e-04
0.00720563      	-1.07002488e-04
0.00720643      	-1.07002488e-04
0.00720723      	-1.07002488e-04
0.00720802      	-1.07002488e-04
0.00720882      	-1.07002488e-04
0.00720961      	-1.07002488e-04
0.0072104       	-1.07002488e-04
0.00721119      	-1.07002488e-04
0.00721198      	-1.07002488e-04
0.00721277      	-1.07002488e-04
0.00721355      	-1.07002488e-04
0.00721434      	-1.07002488e-04
0.00721512      	-1.07002488e-04
0.0072159       	-1.07002488e-04
0.00721668      	-1.07002488e-04
0.00721746      	-1.07002488e-04
0.00721824      	-1.07002488e-04
0.00721902      	-1.07002488e-04
0.0072198       	-1.07002488e-04
0.00722057      	-1.07002488e-04
0.00722135      	-1.07002488e-04
0.00722212      	-1.07002488e-04
0.00722289      	-1.07002488e-04
0.00722366      	-1.07002488e-04
0.00722443      	-1.07002488e-04
0.0072252       	-1.07002488e-04
0.00722597      	-1.07002488e-04
0.00722674      	-1.07002488e-04
0.0072275       	-1.07002488e-04
0.00722827      	-1.07002488e-04
0.00722903      	-1.07002488e-04
0.00722979      	-1.07002488e-04
0.00723055      	-1.07002488e-04
0.00723131      	-1.07002488e-04
0.00723207      	-1.07002488e-04
0.00723283      	-1.07002488e-04
0.00723358      	-1.07002488e-04
0.00723434      	-1.07002488e-04
0.00723509      	-1.07002488e-04
0.00723585      	-1.07002488e-04
0.0072366       	-1.07002488e-04
0.00723735      	-1.07002488e-04
0.0072381       	-1.07002488e-04
0.00723885      	-1.07002488e-04
0.0072396       	-1.07002488e-04
0.00724035      	-1.07002488e-04
0.0072411       	-1.07002488e-04
0.00724185      	-1.07002488e-04
0.00724259      	-1.07002488e-04
0.00724334      	-1.07002488e-04
0.00724408      	-1.07002488e-04
0.00724483      	-1.07002488e-04
0.00724558      	-1.07002488e-04
0.00724632      	-1.07002488e-04
0.00724706      	-1.07002488e-04
0.0072478       	-1.07002488e-04
0.00724855      	-1.07002488e-04
0.00724929      	-1.07002488e-04
0.00725003      	-1.07002488e-04
0.00725077      	-1.07002488e-04
0.00725151      	-1.07002488e-04
0.00725224      	-1.07002488e-04
0.00725298      	-1.07002488e-04
0.00725372      	-1.07002488e-04
0.00725445      	-1.07002488e-04
0.00725519      	-1.07002488e-04
0.00725592      	-1.07002488e-04
0.00725665      	-1.07002488e-04
0.00725739      	-1.07002488e-04
0.00725812      	-1.07002488e-04
0.00725885      	-1.07002488e-04
0.00725958      	-1.07002488e-04
0.00726031      	-1.07002488e-04
0.00726104      	-1.07002488e-04
0.00726176      	-1.07002488e-04
0.00726249      	-1.07002488e-04
0.00726321      	-1.07002488e-04
0.00726394      	-1.07002488e-04
0.00726466      	-1.07002488e-04
0.00726539      	-1.07002488e-04
0.00726611      	-1.07002488e-04
0.00726682      	-1.07002488e-04
0.00726754      	-1.07002488e-04
0.00726826      	-1.07002488e-04
0.00726898      	-1.07002488e-04
0.0072697       	-1.07002488e-04
0.00727042      	-1.07002488e-04
0.00727113      	-1.07002488e-04
0.00727185      	-1.07002488e-04
0.00727256      	-1.07002488e-04
0.00727328      	-1.07002488e-04
0.00727399      	-1.07002488e-04
0.0072747       	-1.07002488e-04
0.00727541      	-1.07002488e-04
0.00727612      	-1.07002488e-04
0.00727683      	-1.07002488e-04
0.00727754      	-1.07002488e-04
0.00727825      	-1.07002488e-04
0.00727896      	-1.07002488e-04
0.00727966      	-1.07002488e-04
0.00728037      	-1.07002488e-04
0.00728107      	-1.07002488e-04
0.00728177      	-1.07002488e-04
0.00728248      	-1.07002488e-04
0.00728318      	-1.07002488e-04
0.00728389      	-1.07002488e-04
0.00728459      	-1.07002488e-04
0.00728528      	-1.07002488e-04
0.00728598      	-1.07002488e-04
0.00728668      	-1.07002488e-04
0.00728738      	-1.07002488e-04
0.00728808      	-1.07002488e-04
0.00728877      	-1.07002488e-04
0.00728947      	-1.07002488e-04
0.00729016      	-1.07002488e-04
0.00729086      	-1.07002488e-04
0.00729155      	-1.07002488e-04
0.00729225      	-1.07002488e-04
0.00729294      	-1.07002488e-04
0.00729363      	-1.07002488e-04
0.00729432      	-1.07002488e-04
0.00729501      	-1.07002488e-04
0.0072957       	-1.07002488e-04
0.00729639      	-1.07002488e-04
0.00729708      	-1.07002488e-04
0.00729777      	-1.07002488e-04
0.00729845      	-1.07002488e-04
0.00729914      	-1.07002488e-04
0.00729982      	-1.07002488e-04
0.00730051      	-1.07002488e-04
0.00730119      	-1.07002488e-04
0.00730187      	-1.07002488e-04
0.00730255      	-1.07002488e-04
0.00730324      	-1.07002488e-04
0.00730392      	-1.07002488e-04
0.0073046       	-1.07002488e-04
0.00730528      	-1.07002488e-04
0.00730595      	-1.07002488e-04
0.00730663      	-1.07002488e-04
0.00730731      	-1.07002488e-04
0.00730798      	-1.07002488e-04
0.00730866      	-1.07002488e-04
0.00730933      	-1.07002488e-04
0.00731         	-1.07002488e-04
0.00731067      	-1.07002488e-04
0.00731134      	-1.07002488e-04
0.00731202      	-1.07002488e-04
0.00731269      	-1.07002488e-04
0.00731335      	-1.07002488e-04
0.00731402      	-1.07002488e-04
0.00731469      	-1.07002488e-04
0.00731535      	-1.07002488e-04
0.00731602      	-1.07002488e-04
0.00731668      	-1.07002488e-04
0.00731734      	-1.07002488e-04
0.007318        	-1.07002488e-04
0.00731867      	-1.07002488e-04
0.00731933      	-1.07002488e-04
0.00731998      	-1.07002488e-04
0.00732064      	-1.07002488e-04
0.00732129      	-1.07002488e-04
0.00732195      	-1.07002488e-04
0.00732261      	-1.07002488e-04
0.00732326      	-1.07002488e-04
0.00732391      	-1.07002488e-04
0.00732456      	-1.07002488e-04
0.00732521      	-1.07002488e-04
0.00732586      	-1.07002488e-04
0.00732651      	-1.07002488e-04
0.00732716      	-1.07002488e-04
0.0073278       	-1.07002488e-04
0.00732845      	-1.07002488e-04
0.00732909      	-1.07002488e-04
0.00732974      	-1.07002488e-04
0.00733038      	-1.07002488e-04
0.00733102      	-1.07002488e-04
0.00733166      	-1.07002488e-04
0.0073323       	-1.07002488e-04
0.00733294      	-1.07002488e-04
0.00733358      	-1.07002488e-04
0.00733421      	-1.07002488e-04
0.00733485      	-1.07002488e-04
0.00733548      	-1.07002488e-04
0.00733611      	-1.07002488e-04
0.00733674      	-1.07002488e-04
0.00733738      	-1.07002488e-04
0.00733801      	-1.07002488e-04
0.00733864      	-1.07002488e-04
0.00733926      	-1.07002488e-04
0.00733989      	-1.07002488e-04
0.00734051      	-1.07002488e-04
0.00734114      	-1.07002488e-04
0.00734177      	-1.07002488e-04
0.00734239      	-1.07002488e-04
0.00734302      	-1.07002488e-04
0.00734364      	-1.07002488e-04
0.00734427      	-1.07002488e-04
0.00734489      	-1.07002488e-04
0.00734551      	-1.07002488e-04
0.00734613      	-1.07002488e-04
0.00734675      	-1.07002488e-04
0.00734737      	-1.07002488e-04
0.00734799      	-1.07002488e-04
0.00734861      	-1.07002488e-04
0.00734922      	-1.07002488e-04
0.00734984      	-1.07002488e-04
0.00735046      	-1.07002488e-04
0.00735108      	-1.07002488e-04
0.0073517       	-1.07002488e-04
0.00735232      	-1.07002488e-04
0.00735294      	-1.07002488e-04
0.00735355      	-1.07002488e-04
0.00735416      	-1.07002488e-04
0.00735477      	-1.07002488e-04
0.00735538      	-1.07002488e-04
0.007356        	-1.07002488e-04
0.00735661      	-1.07002488e-04
0.00735722      	-1.07002488e-04
0.00735783      	-1.07002488e-04
0.00735844      	-1.07002488e-04
0.00735905      	-1.07002488e-04
0.00735966      	-1.07002488e-04
0.00736027      	-1.07002488e-04
0.00736089      	-1.07002488e-04
0.0073615       	-1.07002488e-04
0.00736211      	-1.07002488e-04
0.00736272      	-1.07002488e-04
0.00736333      	-1.07002488e-04
0.00736394      	-1.07002488e-04
0.00736455      	-1.07002488e-04
0.00736516      	-1.07002488e-04
0.00736577      	-1.07002488e-04
0.00736639      	-1.07002488e-04
0.007367        	-1.07002488e-04
0.00736761      	-1.07002488e-04
0.00736822      	-1.07002488e-04
0.00736883      	-1.07002488e-04
0.00736944      	-1.07002488e-04
0.00737005      	-1.07002488e-04
0.00737065      	-1.07002488e-04
0.00737125      	-1.07002488e-04
0.00737185      	-1.07002488e-04
0.00737245      	-1.07002488e-04
0.00737305      	-1.07002488e-04
0.00737365      	-1.07002488e-04
0.00737425      	-1.07002488e-04
0.00737484      	-1.07002488e-04
0.00737544      	-1.07002488e-04
0.00737604      	-1.07002488e-04
0.00737664      	-1.07002488e-04
0.00737724      	-1.07002488e-04
0.00737784      	-1.07002488e-04
0.00737844      	-1.07002488e-04
0.00737904      	-1.07002488e-04
0.00737964      	-1.07002488e-04
0.00738023      	-1.07002488e-04
0.00738083      	-1.07002488e-04
0.00738143      	-1.07002488e-04
0.00738203      	-1.07002488e-04
0.00738263      	-1.07002488e-04
0.00738323      	-1.07002488e-04
0.00738383      	-1.07002488e-04
0.00738443      	-1.07002488e-04
0.00738503      	-1.07002488e-04
0.00738563      	-1.07002488e-04
0.00738622      	-1.07002488e-04
0.00738682      	-1.07002488e-04
0.00738742      	-1.07002488e-04
0.00738802      	-1.07002488e-04
0.00738862      	-1.07002488e-04
0.00738922      	-1.07002488e-04
0.00738982      	-1.07002488e-04
0.00739042      	-1.07002488e-04
0.00739102      	-1.07002488e-04
0.00739161      	-1.07002488e-04
0.00739221      	-1.07002488e-04
0.00739281      	-1.07002488e-04
0.00739341      	-1.07002488e-04
0.00739401      	-1.07002488e-04
0.00739461      	-1.07002488e-04
0.00739521      	-1.07002488e-04
0.00739581      	-1.07002488e-04
0.00739641      	-1.07002488e-04
0.00739701      	-1.07002488e-04
0.0073976       	-1.07002488e-04
0.0073982       	-1.07002488e-04
0.0073988       	-1.07002488e-04
0.0073994       	-1.07002488e-04
0.0074          	-1.07002488e-04
0.00740057      	-1.07002488e-04
0.00740115      	-1.07002488e-04
0.00740172      	-1.07002488e-04
0.00740229      	-1.07002488e-04
0.00740286      	-1.07002488e-04
0.00740344      	-1.07002488e-04
0.00740401      	-1.07002488e-04
0.00740458      	-1.07002488e-04
0.00740515      	-1.07002488e-04
0.00740572      	-1.07002488e-04
0.00740629      	-1.07002488e-04
0.00740686      	-1.07002488e-04
0.00740743      	-1.07002488e-04
0.007408        	-1.07002488e-04
0.00740857      	-1.07002488e-04
0.00740914      	-1.07002488e-04
0.00740971      	-1.07002488e-04
0.00741027      	-1.07002488e-04
0.00741084      	-1.07002488e-04
0.00741141      	-1.07002488e-04
0.00741198      	-1.07002488e-04
0.00741255      	-1.07002488e-04
0.00741311      	-1.07002488e-04
0.00741368      	-1.07002488e-04
0.00741424      	-1.07002488e-04
0.00741481      	-1.07002488e-04
0.00741538      	-1.07002488e-04
0.00741594      	-1.07002488e-04
0.00741651      	-1.07002488e-04
0.00741707      	-1.07002488e-04
0.00741764      	-1.07002488e-04
0.0074182       	-1.07002488e-04
0.00741877      	-1.07002488e-04
0.00741933      	-1.07002488e-04
0.0074199       	-1.07002488e-04
0.00742046      	-1.07002488e-04
0.00742102      	-1.07002488e-04
0.00742159      	-1.07002488e-04
0.00742215      	-1.07002488e-04
0.00742271      	-1.07002488e-04
0.00742328      	-1.07002488e-04
0.00742384      	-1.07002488e-04
0.0074244       	-1.07002488e-04
0.00742496      	-1.07002488e-04
0.00742553      	-1.07002488e-04
0.00742609      	-1.07002488e-04
0.00742665      	-1.07002488e-04
0.00742721      	-1.07002488e-04
0.00742777      	-1.07002488e-04
0.00742833      	-1.07002488e-04
0.00742889      	-1.07002488e-04
0.00742945      	-1.07002488e-04
0.00743001      	-1.07002488e-04
0.00743057      	-1.07002488e-04
0.00743113      	-1.07002488e-04
0.00743169      	-1.07002488e-04
0.00743225      	-1.07002488e-04
0.00743281      	-1.07002488e-04
0.00743336      	-1.07002488e-04
0.00743392      	-1.07002488e-04
0.00743448      	-1.07002488e-04
0.00743504      	-1.07002488e-04
0.00743559      	-1.07002488e-04
0.00743615      	-1.07002488e-04
0.0074367       	-1.07002488e-04
0.00743726      	-1.07002488e-04
0.00743781      	-1.07002488e-04
0.00743837      	-1.07002488e-04
0.00743892      	-1.07002488e-04
0.00743947      	-1.07002488e-04
0.00744003      	-1.07002488e-04
0.00744058      	-1.07002488e-04
0.00744113      	-1.07002488e-04
0.00744168      	-1.07002488e-04
0.00744223      	-1.07002488e-04
0.00744278      	-1.07002488e-04
0.00744333      	-1.07002488e-04
0.00744388      	-1.07002488e-04
0.00744443      	-1.07002488e-04
0.00744498      	-1.07002488e-04
0.00744553      	-1.07002488e-04
0.00744608      	-1.07002488e-04
0.00744662      	-1.07002488e-04
0.00744717      	-1.07002488e-04
0.00744772      	-1.07002488e-04
0.00744827      	-1.07002488e-04
0.00744881      	-1.07002488e-04
0.00744936      	-1.07002488e-04
0.00744991      	-1.07002488e-04
0.00745045      	-1.07002488e-04
0.007451        	-1.07002488e-04
0.00745154      	-1.07002488e-04
0.00745209      	-1.07002488e-04
0.00745263      	-1.07002488e-04
0.00745318      	-1.07002488e-04
0.00745373      	-1.07002488e-04
0.00745427      	-1.07002488e-04
0.00745482      	-1.07002488e-04
0.00745536      	-1.07002488e-04
0.00745591      	-1.07002488e-04
0.00745645      	-1.07002488e-04
0.007457        	-1.07002488e-04
0.00745755      	-1.07002488e-04
0.00745809      	-1.07002488e-04
0.00745864      	-1.07002488e-04
0.00745918      	-1.07002488e-04
0.00745973      	-1.07002488e-04
0.00746028      	-1.07002488e-04
0.00746082      	-1.07002488e-04
0.00746137      	-1.07002488e-04
0.00746191      	-1.07002488e-04
0.00746246      	-1.07002488e-04
0.007463        	-1.07002488e-04
0.00746355      	-1.07002488e-04
0.0074641       	-1.07002488e-04
0.00746464      	-1.07002488e-04
0.00746519      	-1.07002488e-04
0.00746573      	-1.07002488e-04
0.00746628      	-1.07002488e-04
0.00746683      	-1.07002488e-04
0.00746737      	-1.07002488e-04
0.00746792      	-1.07002488e-04
0.00746846      	-1.07002488e-04
0.00746901      	-1.07002488e-04
0.00746955      	-1.07002488e-04
0.0074701       	-1.07002488e-04
0.00747065      	-1.07002488e-04
0.00747119      	-1.07002488e-04
0.00747174      	-1.07002488e-04
0.00747228      	-1.07002488e-04
0.00747283      	-1.07002488e-04
0.00747337      	-1.07002488e-04
0.00747392      	-1.07002488e-04
0.00747447      	-1.07002488e-04
0.00747501      	-1.07002488e-04
0.00747556      	-1.07002488e-04
0.0074761       	-1.07002488e-04
0.00747665      	-1.07002488e-04
0.0074772       	-1.07002488e-04
0.00747774      	-1.07002488e-04
0.00747829      	-1.07002488e-04
0.00747883      	-1.07002488e-04
0.00747938      	-1.07002488e-04
0.00747992      	-1.07002488e-04
0.00748047      	-1.07002488e-04
0.00748102      	-1.07002488e-04
0.00748156      	-1.07002488e-04
0.0074821       	-1.07002488e-04
0.00748265      	-1.07002488e-04
0.00748319      	-1.07002488e-04
0.00748373      	-1.07002488e-04
0.00748428      	-1.07002488e-04
0.00748482      	-1.07002488e-04
0.00748536      	-1.07002488e-04
0.00748591      	-1.07002488e-04
0.00748645      	-1.07002488e-04
0.00748699      	-1.07002488e-04
0.00748754      	-1.07002488e-04
0.00748808      	-1.07002488e-04
0.00748862      	-1.07002488e-04
0.00748916      	-1.07002488e-04
0.0074897       	-1.07002488e-04
0.00749024      	-1.07002488e-04
0.00749078      	-1.07002488e-04
0.00749132      	-1.07002488e-04
0.00749186      	-1.07002488e-04
0.0074924       	-1.07002488e-04
0.00749294      	-1.07002488e-04
0.00749348      	-1.07002488e-04
0.00749402      	-1.07002488e-04
0.00749456      	-1.07002488e-04
0.0074951       	-1.07002488e-04
0.00749563      	-1.07002488e-04
0.00749617      	-1.07002488e-04
0.00749671      	-1.07002488e-04
0.00749725      	-1.07002488e-04
0.00749779      	-1.07002488e-04
0.00749832      	-1.07002488e-04
0.00749886      	-1.07002488e-04
0.0074994       	-1.07002488e-04
0.00749994      	-1.07002488e-04
0.00750048      	-1.07002488e-04
0.00750101      	-1.07002488e-04
0.00750155      	-1.07002488e-04
0.00750209      	-1.07002488e-04
0.00750263      	-1.07002488e-04
0.00750317      	-1.07002488e-04
0.0075037       	-1.07002488e-04
0.00750424      	-1.07002488e-04
0.00750478      	-1.07002488e-04
0.00750532      	-1.07002488e-04
0.00750586      	-1.07002488e-04
0.00750639      	-1.07002488e-04
0.00750693      	-1.07002488e-04
0.00750747      	-1.07002488e-04
0.00750801      	-1.07002488e-04
0.00750856      	-1.07002488e-04
0.0075091       	-1.07002488e-04
0.00750964      	-1.07002488e-04
0.00751018      	-1.07002488e-04
0.00751072      	-1.07002488e-04
0.00751126      	-1.07002488e-04
0.0075118       	-1.07002488e-04
0.00751234      	-1.07002488e-04
0.00751288      	-1.07002488e-04
0.00751343      	-1.07002488e-04
0.00751397      	-1.07002488e-04
0.00751451      	-1.07002488e-04
0.00751505      	-1.07002488e-04
0.00751559      	-1.07002488e-04
0.00751613      	-1.07002488e-04
0.00751668      	-1.07002488e-04
0.00751722      	-1.07002488e-04
0.00751777      	-1.07002488e-04
0.00751831      	-1.07002488e-04
0.00751886      	-1.07002488e-04
0.0075194       	-1.07002488e-04
0.00751995      	-1.07002488e-04
0.00752049      	-1.07002488e-04
0.00752104      	-1.07002488e-04
0.00752158      	-1.07002488e-04
0.00752212      	-1.07002488e-04
0.00752267      	-1.07002488e-04
0.00752321      	-1.07002488e-04
0.00752376      	-1.07002488e-04
0.0075243       	-1.07002488e-04
0.00752485      	-1.07002488e-04
0.00752539      	-1.07002488e-04
0.00752594      	-1.07002488e-04
0.00752648      	-1.07002488e-04
0.00752703      	-1.07002488e-04
0.00752757      	-1.07002488e-04
0.00752811      	-1.07002488e-04
0.00752866      	-1.07002488e-04
0.0075292       	-1.07002488e-04
0.00752975      	-1.07002488e-04
0.00753029      	-1.07002488e-04
0.00753084      	-1.07002488e-04
0.00753138      	-1.07002488e-04
0.00753193      	-1.07002488e-04
0.00753247      	-1.07002488e-04
0.00753302      	-1.07002488e-04
0.00753356      	-1.07002488e-04
0.00753411      	-1.07002488e-04
0.00753465      	-1.07002488e-04
0.00753519      	-1.07002488e-04
0.00753574      	-1.07002488e-04
0.00753628      	-1.07002488e-04
0.00753683      	-1.07002488e-04
0.00753737      	-1.07002488e-04
0.00753792      	-1.07002488e-04
0.00753846      	-1.07002488e-04
0.00753901      	-1.07002488e-04
0.00753955      	-1.07002488e-04
0.0075401       	-1.07002488e-04
0.00754064      	-1.07002488e-04
0.00754118      	-1.07002488e-04
0.00754173      	-1.07002488e-04
0.00754227      	-1.07002488e-04
0.00754282      	-1.07002488e-04
0.00754336      	-1.07002488e-04
0.00754391      	-1.07002488e-04
0.00754445      	-1.07002488e-04
0.007545        	-1.07002488e-04
0.00754554      	-1.07002488e-04
0.00754609      	-1.07002488e-04
0.00754664      	-1.07002488e-04
0.00754719      	-1.07002488e-04
0.00754774      	-1.07002488e-04
0.00754829      	-1.07002488e-04
0.00754884      	-1.07002488e-04
0.00754939      	-1.07002488e-04
0.00754994      	-1.07002488e-04
0.00755049      	-1.07002488e-04
0.00755104      	-1.07002488e-04
0.00755159      	-1.07002488e-04
0.00755214      	-1.07002488e-04
0.00755269      	-1.07002488e-04
0.00755324      	-1.07002488e-04
0.00755379      	-1.07002488e-04
0.00755434      	-1.07002488e-04
0.00755489      	-1.07002488e-04
0.00755544      	-1.07002488e-04
0.007556        	-1.07002488e-04
0.00755655      	-1.07002488e-04
0.00755711      	-1.07002488e-04
0.00755767      	-1.07002488e-04
0.00755822      	-1.07002488e-04
0.00755878      	-1.07002488e-04
0.00755934      	-1.07002488e-04
0.00755989      	-1.07002488e-04
0.00756045      	-1.07002488e-04
0.00756101      	-1.07002488e-04
0.00756157      	-1.07002488e-04
0.00756212      	-1.07002488e-04
0.00756268      	-1.07002488e-04
0.00756324      	-1.07002488e-04
0.00756379      	-1.07002488e-04
0.00756435      	-1.07002488e-04
0.00756491      	-1.07002488e-04
0.00756546      	-1.07002488e-04
0.00756603      	-1.07002488e-04
0.0075666       	-1.07002488e-04
0.00756716      	-1.07002488e-04
0.00756773      	-1.07002488e-04
0.0075683       	-1.07002488e-04
0.00756886      	-1.07002488e-04
0.00756943      	-1.07002488e-04
0.00756999      	-1.07002488e-04
0.00757056      	-1.07002488e-04
0.00757113      	-1.07002488e-04
0.00757169      	-1.07002488e-04
0.00757226      	-1.07002488e-04
0.00757282      	-1.07002488e-04
0.00757339      	-1.07002488e-04
0.00757396      	-1.07002488e-04
0.00757452      	-1.07002488e-04
0.00757509      	-1.07002488e-04
0.00757566      	-1.07002488e-04
0.00757622      	-1.07002488e-04
0.00757679      	-1.07002488e-04
0.00757735      	-1.07002488e-04
0.00757792      	-1.07002488e-04
0.00757849      	-1.07002488e-04
0.00757905      	-1.07002488e-04
0.00757962      	-1.07002488e-04
0.00758018      	-1.07002488e-04
0.00758075      	-1.07002488e-04
0.00758132      	-1.07002488e-04
0.00758188      	-1.07002488e-04
0.00758245      	-1.07002488e-04
0.00758302      	-1.07002488e-04
0.00758358      	-1.07002488e-04
0.00758415      	-1.07002488e-04
0.00758471      	-1.07002488e-04
0.00758528      	-1.07002488e-04
0.00758585      	-1.07002488e-04
0.00758641      	-1.07002488e-04
0.00758698      	-1.07002488e-04
0.00758754      	-1.07002488e-04
0.00758811      	-1.07002488e-04
0.00758868      	-1.07002488e-04
0.00758924      	-1.07002488e-04
0.00758981      	-1.07002488e-04
0.00759038      	-1.07002488e-04
0.00759094      	-1.07002488e-04
0.00759151      	-1.07002488e-04
0.00759207      	-1.07002488e-04
0.00759264      	-1.07002488e-04
0.00759321      	-1.07002488e-04
0.00759377      	-1.07002488e-04
0.00759434      	-1.07002488e-04
0.0075949       	-1.07002488e-04
0.00759547      	-1.07002488e-04
0.00759604      	-1.07002488e-04
0.0075966       	-1.07002488e-04
0.00759717      	-1.07002488e-04
0.00759774      	-1.07002488e-04
0.0075983       	-1.07002488e-04
0.00759887      	-1.07002488e-04
0.00759943      	-1.07002488e-04
0.0076          	-1.07002488e-04
0.00760058      	-1.07002488e-04
0.00760116      	-1.07002488e-04
0.00760174      	-1.07002488e-04
0.00760232      	-1.07002488e-04
0.0076029       	-1.07002488e-04
0.00760348      	-1.07002488e-04
0.00760406      	-1.07002488e-04
0.00760464      	-1.07002488e-04
0.00760522      	-1.07002488e-04
0.00760581      	-1.07002488e-04
0.00760639      	-1.07002488e-04
0.00760698      	-1.07002488e-04
0.00760756      	-1.07002488e-04
0.00760815      	-1.07002488e-04
0.00760873      	-1.07002488e-04
0.00760932      	-1.07002488e-04
0.00760991      	-1.07002488e-04
0.00761049      	-1.07002488e-04
0.00761108      	-1.07002488e-04
0.00761167      	-1.07002488e-04
0.00761226      	-1.07002488e-04
0.00761285      	-1.07002488e-04
0.00761345      	-1.07002488e-04
0.00761404      	-1.07002488e-04
0.00761463      	-1.07002488e-04
0.00761522      	-1.07002488e-04
0.00761582      	-1.07002488e-04
0.00761641      	-1.07002488e-04
0.00761701      	-1.07002488e-04
0.0076176       	-1.07002488e-04
0.0076182       	-1.07002488e-04
0.0076188       	-1.07002488e-04
0.0076194       	-1.07002488e-04
0.00762         	-1.07002488e-04
0.0076206       	-1.07002488e-04
0.0076212       	-1.07002488e-04
0.0076218       	-1.07002488e-04
0.0076224       	-1.07002488e-04
0.00762301      	-1.07002488e-04
0.00762361      	-1.07002488e-04
0.00762421      	-1.07002488e-04
0.00762482      	-1.07002488e-04
0.00762542      	-1.07002488e-04
0.00762603      	-1.07002488e-04
0.00762664      	-1.07002488e-04
0.00762724      	-1.07002488e-04
0.00762785      	-1.07002488e-04
0.00762846      	-1.07002488e-04
0.00762907      	-1.07002488e-04
0.00762968      	-1.07002488e-04
0.0076303       	-1.07002488e-04
0.00763091      	-1.07002488e-04
0.00763152      	-1.07002488e-04
0.00763213      	-1.07002488e-04
0.00763275      	-1.07002488e-04
0.00763336      	-1.07002488e-04
0.00763398      	-1.07002488e-04
0.0076346       	-1.07002488e-04
0.00763521      	-1.07002488e-04
0.00763583      	-1.07002488e-04
0.00763645      	-1.07002488e-04
0.00763707      	-1.07002488e-04
0.00763769      	-1.07002488e-04
0.00763831      	-1.07002488e-04
0.00763893      	-1.07002488e-04
0.00763955      	-1.07002488e-04
0.00764017      	-1.07002488e-04
0.00764079      	-1.07002488e-04
0.00764141      	-1.07002488e-04
0.00764204      	-1.07002488e-04
0.00764266      	-1.07002488e-04
0.00764329      	-1.07002488e-04
0.00764391      	-1.07002488e-04
0.00764454      	-1.07002488e-04
0.00764516      	-1.07002488e-04
0.00764579      	-1.07002488e-04
0.00764642      	-1.07002488e-04
0.00764705      	-1.07002488e-04
0.00764767      	-1.07002488e-04
0.0076483       	-1.07002488e-04
0.00764893      	-1.07002488e-04
0.00764956      	-1.07002488e-04
0.00765019      	-1.07002488e-04
0.00765082      	-1.07002488e-04
0.00765146      	-1.07002488e-04
0.00765209      	-1.07002488e-04
0.00765272      	-1.07002488e-04
0.00765335      	-1.07002488e-04
0.00765399      	-1.07002488e-04
0.00765462      	-1.07002488e-04
0.00765526      	-1.07002488e-04
0.00765589      	-1.07002488e-04
0.00765653      	-1.07002488e-04
0.00765716      	-1.07002488e-04
0.0076578       	-1.07002488e-04
0.00765844      	-1.07002488e-04
0.00765907      	-1.07002488e-04
0.00765971      	-1.07002488e-04
0.00766035      	-1.07002488e-04
0.00766099      	-1.07002488e-04
0.00766163      	-1.07002488e-04
0.00766227      	-1.07002488e-04
0.00766291      	-1.07002488e-04
0.00766355      	-1.07002488e-04
0.00766419      	-1.07002488e-04
0.00766483      	-1.07002488e-04
0.00766548      	-1.07002488e-04
0.00766612      	-1.07002488e-04
0.00766677      	-1.07002488e-04
0.00766741      	-1.07002488e-04
0.00766806      	-1.07002488e-04
0.0076687       	-1.07002488e-04
0.00766935      	-1.07002488e-04
0.00767         	-1.07002488e-04
0.00767064      	-1.07002488e-04
0.00767129      	-1.07002488e-04
0.00767194      	-1.07002488e-04
0.00767259      	-1.07002488e-04
0.00767324      	-1.07002488e-04
0.00767389      	-1.07002488e-04
0.00767455      	-1.07002488e-04
0.0076752       	-1.07002488e-04
0.00767585      	-1.07002488e-04
0.00767651      	-1.07002488e-04
0.00767716      	-1.07002488e-04
0.00767782      	-1.07002488e-04
0.00767848      	-1.07002488e-04
0.00767913      	-1.07002488e-04
0.00767979      	-1.07002488e-04
0.00768046      	-1.07002488e-04
0.00768112      	-1.07002488e-04
0.00768178      	-1.07002488e-04
0.00768244      	-1.07002488e-04
0.0076831       	-1.07002488e-04
0.00768377      	-1.07002488e-04
0.00768443      	-1.07002488e-04
0.0076851       	-1.07002488e-04
0.00768577      	-1.07002488e-04
0.00768644      	-1.07002488e-04
0.00768711      	-1.07002488e-04
0.00768778      	-1.07002488e-04
0.00768845      	-1.07002488e-04
0.00768913      	-1.07002488e-04
0.00768981      	-1.07002488e-04
0.00769048      	-1.07002488e-04
0.00769116      	-1.07002488e-04
0.00769184      	-1.07002488e-04
0.00769252      	-1.07002488e-04
0.0076932       	-1.07002488e-04
0.00769388      	-1.07002488e-04
0.00769457      	-1.07002488e-04
0.00769525      	-1.07002488e-04
0.00769594      	-1.07002488e-04
0.00769663      	-1.07002488e-04
0.00769731      	-1.07002488e-04
0.007698        	-1.07002488e-04
0.0076987       	-1.07002488e-04
0.00769939      	-1.07002488e-04
0.00770009      	-1.07002488e-04
0.00770078      	-1.07002488e-04
0.00770148      	-1.07002488e-04
0.00770218      	-1.07002488e-04
0.00770288      	-1.07002488e-04
0.00770358      	-1.07002488e-04
0.00770428      	-1.07002488e-04
0.00770499      	-1.07002488e-04
0.00770569      	-1.07002488e-04
0.0077064       	-1.07002488e-04
0.00770711      	-1.07002488e-04
0.00770782      	-1.07002488e-04
0.00770853      	-1.07002488e-04
0.00770924      	-1.07002488e-04
0.00770996      	-1.07002488e-04
0.00771067      	-1.07002488e-04
0.00771139      	-1.07002488e-04
0.00771211      	-1.07002488e-04
0.00771283      	-1.07002488e-04
0.00771355      	-1.07002488e-04
0.00771427      	-1.07002488e-04
0.00771499      	-1.07002488e-04
0.00771572      	-1.07002488e-04
0.00771645      	-1.07002488e-04
0.00771717      	-1.07002488e-04
0.00771791      	-1.07002488e-04
0.00771864      	-1.07002488e-04
0.00771937      	-1.07002488e-04
0.00772011      	-1.07002488e-04
0.00772085      	-1.07002488e-04
0.00772159      	-1.07002488e-04
0.00772232      	-1.07002488e-04
0.00772306      	-1.07002488e-04
0.0077238       	-1.07002488e-04
0.00772455      	-1.07002488e-04
0.0077253       	-1.07002488e-04
0.00772605      	-1.07002488e-04
0.00772679      	-1.07002488e-04
0.00772754      	-1.07002488e-04
0.00772829      	-1.07002488e-04
0.00772905      	-1.07002488e-04
0.0077298       	-1.07002488e-04
0.00773056      	-1.07002488e-04
0.00773131      	-1.07002488e-04
0.00773207      	-1.07002488e-04
0.00773283      	-1.07002488e-04
0.00773359      	-1.07002488e-04
0.00773436      	-1.07002488e-04
0.00773512      	-1.07002488e-04
0.00773588      	-1.07002488e-04
0.00773665      	-1.07002488e-04
0.00773741      	-1.07002488e-04
0.00773818      	-1.07002488e-04
0.00773896      	-1.07002488e-04
0.00773973      	-1.07002488e-04
0.0077405       	-1.07002488e-04
0.00774127      	-1.07002488e-04
0.00774205      	-1.07002488e-04
0.00774282      	-1.07002488e-04
0.00774359      	-1.07002488e-04
0.00774438      	-1.07002488e-04
0.00774516      	-1.07002488e-04
0.00774594      	-1.07002488e-04
0.00774673      	-1.07002488e-04
0.00774751      	-1.07002488e-04
0.00774829      	-1.07002488e-04
0.00774908      	-1.07002488e-04
0.00774986      	-1.07002488e-04
0.00775066      	-1.07002488e-04
0.00775145      	-1.07002488e-04
0.00775225      	-1.07002488e-04
0.00775304      	-1.07002488e-04
0.00775384      	-1.07002488e-04
0.00775464      	-1.07002488e-04
0.00775543      	-1.07002488e-04
0.00775623      	-1.07002488e-04
0.00775702      	-1.07002488e-04
0.00775782      	-1.07002488e-04
0.00775863      	-1.07002488e-04
0.00775944      	-1.07002488e-04
0.00776025      	-1.07002488e-04
0.00776106      	-1.07002488e-04
0.00776187      	-1.07002488e-04
0.00776269      	-1.07002488e-04
0.0077635       	-1.07002488e-04
0.00776431      	-1.07002488e-04
0.00776512      	-1.07002488e-04
0.00776593      	-1.07002488e-04
0.00776674      	-1.07002488e-04
0.00776757      	-1.07002488e-04
0.0077684       	-1.07002488e-04
0.00776924      	-1.07002488e-04
0.00777007      	-1.07002488e-04
0.0077709       	-1.07002488e-04
0.00777173      	-1.07002488e-04
0.00777256      	-1.07002488e-04
0.00777339      	-1.07002488e-04
0.00777422      	-1.07002488e-04
0.00777506      	-1.07002488e-04
0.00777589      	-1.07002488e-04
0.00777672      	-1.07002488e-04
0.00777755      	-1.07002488e-04
0.00777838      	-1.07002488e-04
0.00777921      	-1.07002488e-04
0.00778005      	-1.07002488e-04
0.00778091      	-1.07002488e-04
0.00778178      	-1.07002488e-04
0.00778265      	-1.07002488e-04
0.00778352      	-1.07002488e-04
0.00778438      	-1.07002488e-04
0.00778525      	-1.07002488e-04
0.00778612      	-1.07002488e-04
0.00778699      	-1.07002488e-04
0.00778785      	-1.07002488e-04
0.00778872      	-1.07002488e-04
0.00778959      	-1.07002488e-04
0.00779046      	-1.07002488e-04
0.00779132      	-1.07002488e-04
0.00779219      	-1.07002488e-04
0.00779306      	-1.07002488e-04
0.00779393      	-1.07002488e-04
0.00779479      	-1.07002488e-04
0.00779566      	-1.07002488e-04
0.00779653      	-1.07002488e-04
0.0077974       	-1.07002488e-04
0.00779826      	-1.07002488e-04
0.00779913      	-1.07002488e-04
0.0078          	-1.07002488e-04
0.00780089      	-1.07002488e-04
0.00780178      	-1.07002488e-04
0.00780267      	-1.07002488e-04
0.00780356      	-1.07002488e-04
0.00780446      	-1.07002488e-04
0.00780535      	-1.07002488e-04
0.00780625      	-1.07002488e-04
0.00780714      	-1.07002488e-04
0.00780804      	-1.07002488e-04
0.00780894      	-1.07002488e-04
0.00780984      	-1.07002488e-04
0.00781074      	-1.07002488e-04
0.00781164      	-1.07002488e-04
0.00781254      	-1.07002488e-04
0.00781344      	-1.07002488e-04
0.00781434      	-1.07002488e-04
0.00781525      	-1.07002488e-04
0.00781616      	-1.07002488e-04
0.00781706      	-1.07002488e-04
0.00781797      	-1.07002488e-04
0.00781887      	-1.07002488e-04
0.00781978      	-1.07002488e-04
0.00782068      	-1.07002488e-04
0.00782159      	-1.07002488e-04
0.0078225       	-1.07002488e-04
0.0078234       	-1.07002488e-04
0.00782431      	-1.07002488e-04
0.00782521      	-1.07002488e-04
0.00782612      	-1.07002488e-04
0.00782702      	-1.07002488e-04
0.00782793      	-1.07002488e-04
0.00782883      	-1.07002488e-04
0.00782974      	-1.07002488e-04
0.00783065      	-1.07002488e-04
0.00783155      	-1.07002488e-04
0.00783246      	-1.07002488e-04
0.00783336      	-1.07002488e-04
0.00783427      	-1.07002488e-04
0.00783517      	-1.07002488e-04
0.00783608      	-1.07002488e-04
0.00783699      	-1.07002488e-04
0.00783789      	-1.07002488e-04
0.00783879      	-1.07002488e-04
0.00783969      	-1.07002488e-04
0.00784059      	-1.07002488e-04
0.00784149      	-1.07002488e-04
0.00784239      	-1.07002488e-04
0.00784329      	-1.07002488e-04
0.0078442       	-1.07002488e-04
0.00784509      	-1.07002488e-04
0.00784599      	-1.07002488e-04
0.00784688      	-1.07002488e-04
0.00784778      	-1.07002488e-04
0.00784867      	-1.07002488e-04
0.00784957      	-1.07002488e-04
0.00785046      	-1.07002488e-04
0.00785135      	-1.07002488e-04
0.00785224      	-1.07002488e-04
0.00785313      	-1.07002488e-04
0.00785402      	-1.07002488e-04
0.00785491      	-1.07002488e-04
0.00785579      	-1.07002488e-04
0.00785668      	-1.07002488e-04
0.00785756      	-1.07002488e-04
0.00785845      	-1.07002488e-04
0.00785933      	-1.07002488e-04
0.00786021      	-1.07002488e-04
0.00786109      	-1.07002488e-04
0.00786197      	-1.07002488e-04
0.00786285      	-1.07002488e-04
0.00786372      	-1.07002488e-04
0.0078646       	-1.07002488e-04
0.00786547      	-1.07002488e-04
0.00786634      	-1.07002488e-04
0.00786722      	-1.07002488e-04
0.00786808      	-1.07002488e-04
0.00786895      	-1.07002488e-04
0.00786982      	-1.07002488e-04
0.00787069      	-1.07002488e-04
0.00787156      	-1.07002488e-04
0.00787242      	-1.07002488e-04
0.00787328      	-1.07002488e-04
0.00787414      	-1.07002488e-04
0.007875        	-1.07002488e-04
0.00787587      	-1.07002488e-04
0.00787672      	-1.07002488e-04
0.00787758      	-1.07002488e-04
0.00787843      	-1.07002488e-04
0.00787929      	-1.07002488e-04
0.00788015      	-1.07002488e-04
0.007881        	-1.07002488e-04
0.00788185      	-1.07002488e-04
0.0078827       	-1.07002488e-04
0.00788355      	-1.07002488e-04
0.0078844       	-1.07002488e-04
0.00788525      	-1.07002488e-04
0.0078861       	-1.07002488e-04
0.00788695      	-1.07002488e-04
0.00788779      	-1.07002488e-04
0.00788863      	-1.07002488e-04
0.00788948      	-1.07002488e-04
0.00789032      	-1.07002488e-04
0.00789116      	-1.07002488e-04
0.007892        	-1.07002488e-04
0.00789283      	-1.07002488e-04
0.00789367      	-1.07002488e-04
0.00789451      	-1.07002488e-04
0.00789534      	-1.07002488e-04
0.00789617      	-1.07002488e-04
0.007897        	-1.07002488e-04
0.00789783      	-1.07002488e-04
0.00789866      	-1.07002488e-04
0.00789949      	-1.07002488e-04
0.00790032      	-1.07002488e-04
0.00790114      	-1.07002488e-04
0.00790196      	-1.07002488e-04
0.00790279      	-1.07002488e-04
0.00790361      	-1.07002488e-04
0.00790443      	-1.07002488e-04
0.00790525      	-1.07002488e-04
0.00790607      	-1.07002488e-04
0.00790688      	-1.07002488e-04
0.0079077       	-1.07002488e-04
0.00790852      	-1.07002488e-04
0.00790934      	-1.07002488e-04
0.00791015      	-1.07002488e-04
0.00791096      	-1.07002488e-04
0.00791177      	-1.07002488e-04
0.00791258      	-1.07002488e-04
0.00791339      	-1.07002488e-04
0.0079142       	-1.07002488e-04
0.00791501      	-1.07002488e-04
0.00791582      	-1.07002488e-04
0.00791663      	-1.07002488e-04
0.00791743      	-1.07002488e-04
0.00791823      	-1.07002488e-04
0.00791903      	-1.07002488e-04
0.00791983      	-1.07002488e-04
0.00792064      	-1.07002488e-04
0.00792144      	-1.07002488e-04
0.00792224      	-1.07002488e-04
0.00792304      	-1.07002488e-04
0.00792384      	-1.07002488e-04
0.00792464      	-1.07002488e-04
0.00792545      	-1.07002488e-04
0.00792625      	-1.07002488e-04
0.00792705      	-1.07002488e-04
0.00792785      	-1.07002488e-04
0.00792865      	-1.07002488e-04
0.00792945      	-1.07002488e-04
0.00793026      	-1.07002488e-04
0.00793106      	-1.07002488e-04
0.00793185      	-1.07002488e-04
0.00793264      	-1.07002488e-04
0.00793343      	-1.07002488e-04
0.00793423      	-1.07002488e-04
0.00793502      	-1.07002488e-04
0.00793581      	-1.07002488e-04
0.0079366       	-1.07002488e-04
0.0079374       	-1.07002488e-04
0.00793819      	-1.07002488e-04
0.00793898      	-1.07002488e-04
0.00793977      	-1.07002488e-04
0.00794057      	-1.07002488e-04
0.00794136      	-1.07002488e-04
0.00794215      	-1.07002488e-04
0.00794294      	-1.07002488e-04
0.00794374      	-1.07002488e-04
0.00794453      	-1.07002488e-04
0.00794531      	-1.07002488e-04
0.00794609      	-1.07002488e-04
0.00794687      	-1.07002488e-04
0.00794765      	-1.07002488e-04
0.00794844      	-1.07002488e-04
0.00794922      	-1.07002488e-04
0.00795         	-1.07002488e-04
0.00795078      	-1.07002488e-04
0.00795156      	-1.07002488e-04
0.00795234      	-1.07002488e-04
0.00795312      	-1.07002488e-04
0.0079539       	-1.07002488e-04
0.00795469      	-1.07002488e-04
0.00795547      	-1.07002488e-04
0.00795625      	-1.07002488e-04
0.00795703      	-1.07002488e-04
0.00795781      	-1.07002488e-04
0.00795859      	-1.07002488e-04
0.00795937      	-1.07002488e-04
0.00796015      	-1.07002488e-04
0.00796092      	-1.07002488e-04
0.00796169      	-1.07002488e-04
0.00796245      	-1.07002488e-04
0.00796322      	-1.07002488e-04
0.00796399      	-1.07002488e-04
0.00796475      	-1.07002488e-04
0.00796552      	-1.07002488e-04
0.00796628      	-1.07002488e-04
0.00796705      	-1.07002488e-04
0.00796782      	-1.07002488e-04
0.00796858      	-1.07002488e-04
0.00796935      	-1.07002488e-04
0.00797012      	-1.07002488e-04
0.00797088      	-1.07002488e-04
0.00797165      	-1.07002488e-04
0.00797241      	-1.07002488e-04
0.00797318      	-1.07002488e-04
0.00797395      	-1.07002488e-04
0.00797471      	-1.07002488e-04
0.00797548      	-1.07002488e-04
0.00797622      	-1.07002488e-04
0.00797697      	-1.07002488e-04
0.00797771      	-1.07002488e-04
0.00797845      	-1.07002488e-04
0.00797919      	-1.07002488e-04
0.00797994      	-1.07002488e-04
0.00798068      	-1.07002488e-04
0.00798142      	-1.07002488e-04
0.00798217      	-1.07002488e-04
0.00798291      	-1.07002488e-04
0.00798365      	-1.07002488e-04
0.0079844       	-1.07002488e-04
0.00798514      	-1.07002488e-04
0.00798588      	-1.07002488e-04
0.00798663      	-1.07002488e-04
0.00798737      	-1.07002488e-04
0.00798811      	-1.07002488e-04
0.00798885      	-1.07002488e-04
0.0079896       	-1.07002488e-04
0.00799034      	-1.07002488e-04
0.00799108      	-1.07002488e-04
0.00799183      	-1.07002488e-04
0.00799257      	-1.07002488e-04
0.00799331      	-1.07002488e-04
0.00799406      	-1.07002488e-04
0.0079948       	-1.07002488e-04
0.00799554      	-1.07002488e-04
0.00799628      	-1.07002488e-04
0.00799703      	-1.07002488e-04
0.00799777      	-1.07002488e-04
0.00799851      	-1.07002488e-04
0.00799926      	-1.07002488e-04
0.008           	-1.07002488e-04
0.00800071      	-1.07002488e-04
0.00800142      	-1.07002488e-04
0.00800214      	-1.07002488e-04
0.00800284      	-1.07002488e-04
0.00800355      	-1.07002488e-04
0.00800426      	-1.07002488e-04
0.00800497      	-1.07002488e-04
0.00800567      	-1.07002488e-04
0.00800638      	-1.07002488e-04
0.00800708      	-1.07002488e-04
0.00800778      	-1.07002488e-04
0.00800848      	-1.07002488e-04
0.00800918      	-1.07002488e-04
0.00800988      	-1.07002488e-04
0.00801057      	-1.07002488e-04
0.00801127      	-1.07002488e-04
0.00801196      	-1.07002488e-04
0.00801266      	-1.07002488e-04
0.00801335      	-1.07002488e-04
0.00801404      	-1.07002488e-04
0.00801473      	-1.07002488e-04
0.00801542      	-1.07002488e-04
0.0080161       	-1.07002488e-04
0.00801679      	-1.07002488e-04
0.00801747      	-1.07002488e-04
0.00801816      	-1.07002488e-04
0.00801884      	-1.07002488e-04
0.00801952      	-1.07002488e-04
0.0080202       	-1.07002488e-04
0.00802088      	-1.07002488e-04
0.00802156      	-1.07002488e-04
0.00802224      	-1.07002488e-04
0.00802292      	-1.07002488e-04
0.00802359      	-1.07002488e-04
0.00802427      	-1.07002488e-04
0.00802494      	-1.07002488e-04
0.00802561      	-1.07002488e-04
0.00802629      	-1.07002488e-04
0.00802696      	-1.07002488e-04
0.00802763      	-1.07002488e-04
0.0080283       	-1.07002488e-04
0.00802897      	-1.07002488e-04
0.00802964      	-1.07002488e-04
0.0080303       	-1.07002488e-04
0.00803097      	-1.07002488e-04
0.00803164      	-1.07002488e-04
0.0080323       	-1.07002488e-04
0.00803297      	-1.07002488e-04
0.00803363      	-1.07002488e-04
0.0080343       	-1.07002488e-04
0.00803496      	-1.07002488e-04
0.00803562      	-1.07002488e-04
0.00803628      	-1.07002488e-04
0.00803694      	-1.07002488e-04
0.0080376       	-1.07002488e-04
0.00803826      	-1.07002488e-04
0.00803892      	-1.07002488e-04
0.00803958      	-1.07002488e-04
0.00804024      	-1.07002488e-04
0.0080409       	-1.07002488e-04
0.00804155      	-1.07002488e-04
0.00804221      	-1.07002488e-04
0.00804286      	-1.07002488e-04
0.00804352      	-1.07002488e-04
0.00804417      	-1.07002488e-04
0.00804483      	-1.07002488e-04
0.00804548      	-1.07002488e-04
0.00804613      	-1.07002488e-04
0.00804678      	-1.07002488e-04
0.00804744      	-1.07002488e-04
0.00804809      	-1.07002488e-04
0.00804873      	-1.07002488e-04
0.00804938      	-1.07002488e-04
0.00805003      	-1.07002488e-04
0.00805068      	-1.07002488e-04
0.00805133      	-1.07002488e-04
0.00805197      	-1.07002488e-04
0.00805262      	-1.07002488e-04
0.00805327      	-1.07002488e-04
0.00805391      	-1.07002488e-04
0.00805455      	-1.07002488e-04
0.0080552       	-1.07002488e-04
0.00805584      	-1.07002488e-04
0.00805648      	-1.07002488e-04
0.00805712      	-1.07002488e-04
0.00805776      	-1.07002488e-04
0.0080584       	-1.07002488e-04
0.00805904      	-1.07002488e-04
0.00805968      	-1.07002488e-04
0.00806032      	-1.07002488e-04
0.00806096      	-1.07002488e-04
0.00806159      	-1.07002488e-04
0.00806223      	-1.07002488e-04
0.00806286      	-1.07002488e-04
0.0080635       	-1.07002488e-04
0.00806413      	-1.07002488e-04
0.00806477      	-1.07002488e-04
0.0080654       	-1.07002488e-04
0.00806603      	-1.07002488e-04
0.00806666      	-1.07002488e-04
0.00806729      	-1.07002488e-04
0.00806792      	-1.07002488e-04
0.00806855      	-1.07002488e-04
0.00806918      	-1.07002488e-04
0.0080698       	-1.07002488e-04
0.00807043      	-1.07002488e-04
0.00807106      	-1.07002488e-04
0.00807168      	-1.07002488e-04
0.0080723       	-1.07002488e-04
0.00807293      	-1.07002488e-04
0.00807355      	-1.07002488e-04
0.00807417      	-1.07002488e-04
0.00807479      	-1.07002488e-04
0.00807541      	-1.07002488e-04
0.00807603      	-1.07002488e-04
0.00807665      	-1.07002488e-04
0.00807726      	-1.07002488e-04
0.00807788      	-1.07002488e-04
0.00807849      	-1.07002488e-04
0.00807911      	-1.07002488e-04
0.00807972      	-1.07002488e-04
0.00808033      	-1.07002488e-04
0.00808094      	-1.07002488e-04
0.00808156      	-1.07002488e-04
0.00808217      	-1.07002488e-04
0.00808278      	-1.07002488e-04
0.00808338      	-1.07002488e-04
0.00808399      	-1.07002488e-04
0.0080846       	-1.07002488e-04
0.0080852       	-1.07002488e-04
0.00808581      	-1.07002488e-04
0.00808641      	-1.07002488e-04
0.00808702      	-1.07002488e-04
0.00808762      	-1.07002488e-04
0.00808822      	-1.07002488e-04
0.00808882      	-1.07002488e-04
0.00808942      	-1.07002488e-04
0.00809001      	-1.07002488e-04
0.00809061      	-1.07002488e-04
0.00809121      	-1.07002488e-04
0.00809181      	-1.07002488e-04
0.0080924       	-1.07002488e-04
0.008093        	-1.07002488e-04
0.00809359      	-1.07002488e-04
0.00809418      	-1.07002488e-04
0.00809478      	-1.07002488e-04
0.00809537      	-1.07002488e-04
0.00809596      	-1.07002488e-04
0.00809655      	-1.07002488e-04
0.00809714      	-1.07002488e-04
0.00809773      	-1.07002488e-04
0.00809832      	-1.07002488e-04
0.0080989       	-1.07002488e-04
0.00809949      	-1.07002488e-04
0.00810008      	-1.07002488e-04
0.00810067      	-1.07002488e-04
0.00810126      	-1.07002488e-04
0.00810184      	-1.07002488e-04
0.00810242      	-1.07002488e-04
0.00810301      	-1.07002488e-04
0.00810359      	-1.07002488e-04
0.00810418      	-1.07002488e-04
0.00810476      	-1.07002488e-04
0.00810535      	-1.07002488e-04
0.00810593      	-1.07002488e-04
0.00810651      	-1.07002488e-04
0.00810709      	-1.07002488e-04
0.00810768      	-1.07002488e-04
0.00810826      	-1.07002488e-04
0.00810884      	-1.07002488e-04
0.00810942      	-1.07002488e-04
0.00811         	-1.07002488e-04
0.00811058      	-1.07002488e-04
0.00811116      	-1.07002488e-04
0.00811174      	-1.07002488e-04
0.00811232      	-1.07002488e-04
0.0081129       	-1.07002488e-04
0.00811347      	-1.07002488e-04
0.00811405      	-1.07002488e-04
0.00811463      	-1.07002488e-04
0.0081152       	-1.07002488e-04
0.00811578      	-1.07002488e-04
0.00811636      	-1.07002488e-04
0.00811694      	-1.07002488e-04
0.00811751      	-1.07002488e-04
0.00811809      	-1.07002488e-04
0.00811867      	-1.07002488e-04
0.00811924      	-1.07002488e-04
0.00811982      	-1.07002488e-04
0.00812039      	-1.07002488e-04
0.00812096      	-1.07002488e-04
0.00812154      	-1.07002488e-04
0.00812211      	-1.07002488e-04
0.00812268      	-1.07002488e-04
0.00812326      	-1.07002488e-04
0.00812383      	-1.07002488e-04
0.0081244       	-1.07002488e-04
0.00812497      	-1.07002488e-04
0.00812555      	-1.07002488e-04
0.00812612      	-1.07002488e-04
0.00812669      	-1.07002488e-04
0.00812726      	-1.07002488e-04
0.00812784      	-1.07002488e-04
0.00812841      	-1.07002488e-04
0.00812898      	-1.07002488e-04
0.00812955      	-1.07002488e-04
0.00813012      	-1.07002488e-04
0.00813069      	-1.07002488e-04
0.00813126      	-1.07002488e-04
0.00813182      	-1.07002488e-04
0.00813239      	-1.07002488e-04
0.00813296      	-1.07002488e-04
0.00813353      	-1.07002488e-04
0.0081341       	-1.07002488e-04
0.00813466      	-1.07002488e-04
0.00813523      	-1.07002488e-04
0.0081358       	-1.07002488e-04
0.00813636      	-1.07002488e-04
0.00813693      	-1.07002488e-04
0.00813749      	-1.07002488e-04
0.00813805      	-1.07002488e-04
0.00813862      	-1.07002488e-04
0.00813918      	-1.07002488e-04
0.00813974      	-1.07002488e-04
0.00814031      	-1.07002488e-04
0.00814087      	-1.07002488e-04
0.00814143      	-1.07002488e-04
0.008142        	-1.07002488e-04
0.00814256      	-1.07002488e-04
0.00814312      	-1.07002488e-04
0.00814367      	-1.07002488e-04
0.00814423      	-1.07002488e-04
0.00814479      	-1.07002488e-04
0.00814535      	-1.07002488e-04
0.0081459       	-1.07002488e-04
0.00814646      	-1.07002488e-04
0.00814702      	-1.07002488e-04
0.00814758      	-1.07002488e-04
0.00814814      	-1.07002488e-04
0.00814869      	-1.07002488e-04
0.00814925      	-1.07002488e-04
0.00814981      	-1.07002488e-04
0.00815036      	-1.07002488e-04
0.00815091      	-1.07002488e-04
0.00815146      	-1.07002488e-04
0.00815201      	-1.07002488e-04
0.00815257      	-1.07002488e-04
0.00815312      	-1.07002488e-04
0.00815367      	-1.07002488e-04
0.00815422      	-1.07002488e-04
0.00815477      	-1.07002488e-04
0.00815532      	-1.07002488e-04
0.00815588      	-1.07002488e-04
0.00815643      	-1.07002488e-04
0.00815698      	-1.07002488e-04
0.00815753      	-1.07002488e-04
0.00815808      	-1.07002488e-04
0.00815863      	-1.07002488e-04
0.00815918      	-1.07002488e-04
0.00815974      	-1.07002488e-04
0.00816029      	-1.07002488e-04
0.00816084      	-1.07002488e-04
0.00816139      	-1.07002488e-04
0.00816194      	-1.07002488e-04
0.00816249      	-1.07002488e-04
0.00816305      	-1.07002488e-04
0.0081636       	-1.07002488e-04
0.00816415      	-1.07002488e-04
0.0081647       	-1.07002488e-04
0.00816525      	-1.07002488e-04
0.0081658       	-1.07002488e-04
0.00816635      	-1.07002488e-04
0.00816691      	-1.07002488e-04
0.00816746      	-1.07002488e-04
0.00816801      	-1.07002488e-04
0.00816856      	-1.07002488e-04
0.00816911      	-1.07002488e-04
0.00816966      	-1.07002488e-04
0.00817022      	-1.07002488e-04
0.00817077      	-1.07002488e-04
0.00817132      	-1.07002488e-04
0.00817187      	-1.07002488e-04
0.00817242      	-1.07002488e-04
0.00817297      	-1.07002488e-04
0.00817353      	-1.07002488e-04
0.00817408      	-1.07002488e-04
0.00817463      	-1.07002488e-04
0.00817518      	-1.07002488e-04
0.00817573      	-1.07002488e-04
0.00817628      	-1.07002488e-04
0.00817683      	-1.07002488e-04
0.00817739      	-1.07002488e-04
0.00817794      	-1.07002488e-04
0.00817849      	-1.07002488e-04
0.00817904      	-1.07002488e-04
0.00817959      	-1.07002488e-04
0.00818014      	-1.07002488e-04
0.0081807       	-1.07002488e-04
0.00818125      	-1.07002488e-04
0.0081818       	-1.07002488e-04
0.00818235      	-1.07002488e-04
0.0081829       	-1.07002488e-04
0.00818345      	-1.07002488e-04
0.008184        	-1.07002488e-04
0.00818456      	-1.07002488e-04
0.00818511      	-1.07002488e-04
0.00818566      	-1.07002488e-04
0.00818621      	-1.07002488e-04
0.00818676      	-1.07002488e-04
0.00818731      	-1.07002488e-04
0.00818787      	-1.07002488e-04
0.00818842      	-1.07002488e-04
0.00818897      	-1.07002488e-04
0.00818952      	-1.07002488e-04
0.00819007      	-1.07002488e-04
0.00819062      	-1.07002488e-04
0.00819118      	-1.07002488e-04
0.00819173      	-1.07002488e-04
0.00819228      	-1.07002488e-04
0.00819283      	-1.07002488e-04
0.00819338      	-1.07002488e-04
0.00819393      	-1.07002488e-04
0.00819448      	-1.07002488e-04
0.00819504      	-1.07002488e-04
0.00819559      	-1.07002488e-04
0.00819614      	-1.07002488e-04
0.00819669      	-1.07002488e-04
0.00819724      	-1.07002488e-04
0.00819779      	-1.07002488e-04
0.00819835      	-1.07002488e-04
0.0081989       	-1.07002488e-04
0.00819945      	-1.07002488e-04
0.0082          	-1.07002488e-04
0.00820054      	-1.07002488e-04
0.00820108      	-1.07002488e-04
0.00820161      	-1.07002488e-04
0.00820215      	-1.07002488e-04
0.00820269      	-1.07002488e-04
0.00820322      	-1.07002488e-04
0.00820376      	-1.07002488e-04
0.00820429      	-1.07002488e-04
0.00820483      	-1.07002488e-04
0.00820536      	-1.07002488e-04
0.0082059       	-1.07002488e-04
0.00820643      	-1.07002488e-04
0.00820697      	-1.07002488e-04
0.0082075       	-1.07002488e-04
0.00820804      	-1.07002488e-04
0.00820857      	-1.07002488e-04
0.0082091       	-1.07002488e-04
0.00820964      	-1.07002488e-04
0.00821017      	-1.07002488e-04
0.0082107       	-1.07002488e-04
0.00821124      	-1.07002488e-04
0.00821177      	-1.07002488e-04
0.0082123       	-1.07002488e-04
0.00821284      	-1.07002488e-04
0.00821337      	-1.07002488e-04
0.0082139       	-1.07002488e-04
0.00821444      	-1.07002488e-04
0.00821497      	-1.07002488e-04
0.0082155       	-1.07002488e-04
0.00821604      	-1.07002488e-04
0.00821657      	-1.07002488e-04
0.0082171       	-1.07002488e-04
0.00821764      	-1.07002488e-04
0.00821817      	-1.07002488e-04
0.0082187       	-1.07002488e-04
0.00821924      	-1.07002488e-04
0.00821977      	-1.07002488e-04
0.0082203       	-1.07002488e-04
0.00822084      	-1.07002488e-04
0.00822137      	-1.07002488e-04
0.0082219       	-1.07002488e-04
0.00822244      	-1.07002488e-04
0.00822297      	-1.07002488e-04
0.00822351      	-1.07002488e-04
0.00822404      	-1.07002488e-04
0.00822458      	-1.07002488e-04
0.00822511      	-1.07002488e-04
0.00822565      	-1.07002488e-04
0.00822618      	-1.07002488e-04
0.00822672      	-1.07002488e-04
0.00822725      	-1.07002488e-04
0.00822779      	-1.07002488e-04
0.00822832      	-1.07002488e-04
0.00822886      	-1.07002488e-04
0.00822939      	-1.07002488e-04
0.00822993      	-1.07002488e-04
0.00823046      	-1.07002488e-04
0.008231        	-1.07002488e-04
0.00823153      	-1.07002488e-04
0.00823206      	-1.07002488e-04
0.0082326       	-1.07002488e-04
0.00823313      	-1.07002488e-04
0.00823366      	-1.07002488e-04
0.0082342       	-1.07002488e-04
0.00823473      	-1.07002488e-04
0.00823526      	-1.07002488e-04
0.0082358       	-1.07002488e-04
0.00823633      	-1.07002488e-04
0.00823686      	-1.07002488e-04
0.0082374       	-1.07002488e-04
0.00823793      	-1.07002488e-04
0.00823846      	-1.07002488e-04
0.00823899      	-1.07002488e-04
0.00823952      	-1.07002488e-04
0.00824006      	-1.07002488e-04
0.00824059      	-1.07002488e-04
0.00824112      	-1.07002488e-04
0.00824165      	-1.07002488e-04
0.00824218      	-1.07002488e-04
0.00824271      	-1.07002488e-04
0.00824324      	-1.07002488e-04
0.00824377      	-1.07002488e-04
0.0082443       	-1.07002488e-04
0.00824483      	-1.07002488e-04
0.00824536      	-1.07002488e-04
0.00824589      	-1.07002488e-04
0.00824642      	-1.07002488e-04
0.00824695      	-1.07002488e-04
0.00824747      	-1.07002488e-04
0.008248        	-1.07002488e-04
0.00824853      	-1.07002488e-04
0.00824906      	-1.07002488e-04
0.00824958      	-1.07002488e-04
0.00825011      	-1.07002488e-04
0.00825064      	-1.07002488e-04
0.00825117      	-1.07002488e-04
0.00825169      	-1.07002488e-04
0.00825222      	-1.07002488e-04
0.00825274      	-1.07002488e-04
0.00825327      	-1.07002488e-04
0.0082538       	-1.07002488e-04
0.00825432      	-1.07002488e-04
0.00825485      	-1.07002488e-04
0.00825537      	-1.07002488e-04
0.0082559       	-1.07002488e-04
0.00825642      	-1.07002488e-04
0.00825695      	-1.07002488e-04
0.00825748      	-1.07002488e-04
0.008258        	-1.07002488e-04
0.00825853      	-1.07002488e-04
0.00825905      	-1.07002488e-04
0.00825958      	-1.07002488e-04
0.00826011      	-1.07002488e-04
0.00826063      	-1.07002488e-04
0.00826116      	-1.07002488e-04
0.00826168      	-1.07002488e-04
0.00826221      	-1.07002488e-04
0.00826274      	-1.07002488e-04
0.00826327      	-1.07002488e-04
0.0082638       	-1.07002488e-04
0.00826432      	-1.07002488e-04
0.00826485      	-1.07002488e-04
0.00826538      	-1.07002488e-04
0.00826591      	-1.07002488e-04
0.00826644      	-1.07002488e-04
0.00826696      	-1.07002488e-04
0.00826749      	-1.07002488e-04
0.00826802      	-1.07002488e-04
0.00826855      	-1.07002488e-04
0.00826908      	-1.07002488e-04
0.00826961      	-1.07002488e-04
0.00827014      	-1.07002488e-04
0.00827067      	-1.07002488e-04
0.0082712       	-1.07002488e-04
0.00827173      	-1.07002488e-04
0.00827226      	-1.07002488e-04
0.00827279      	-1.07002488e-04
0.00827332      	-1.07002488e-04
0.00827385      	-1.07002488e-04
0.00827438      	-1.07002488e-04
0.00827492      	-1.07002488e-04
0.00827545      	-1.07002488e-04
0.00827598      	-1.07002488e-04
0.00827651      	-1.07002488e-04
0.00827705      	-1.07002488e-04
0.00827758      	-1.07002488e-04
0.00827811      	-1.07002488e-04
0.00827864      	-1.07002488e-04
0.00827918      	-1.07002488e-04
0.00827971      	-1.07002488e-04
0.00828025      	-1.07002488e-04
0.00828078      	-1.07002488e-04
0.00828132      	-1.07002488e-04
0.00828185      	-1.07002488e-04
0.00828238      	-1.07002488e-04
0.00828292      	-1.07002488e-04
0.00828345      	-1.07002488e-04
0.00828399      	-1.07002488e-04
0.00828452      	-1.07002488e-04
0.00828506      	-1.07002488e-04
0.00828559      	-1.07002488e-04
0.00828613      	-1.07002488e-04
0.00828666      	-1.07002488e-04
0.0082872       	-1.07002488e-04
0.00828773      	-1.07002488e-04
0.00828827      	-1.07002488e-04
0.0082888       	-1.07002488e-04
0.00828933      	-1.07002488e-04
0.00828987      	-1.07002488e-04
0.0082904       	-1.07002488e-04
0.00829094      	-1.07002488e-04
0.00829148      	-1.07002488e-04
0.00829201      	-1.07002488e-04
0.00829255      	-1.07002488e-04
0.00829309      	-1.07002488e-04
0.00829362      	-1.07002488e-04
0.00829416      	-1.07002488e-04
0.0082947       	-1.07002488e-04
0.00829524      	-1.07002488e-04
0.00829577      	-1.07002488e-04
0.00829631      	-1.07002488e-04
0.00829685      	-1.07002488e-04
0.00829739      	-1.07002488e-04
0.00829792      	-1.07002488e-04
0.00829846      	-1.07002488e-04
0.008299        	-1.07002488e-04
0.00829953      	-1.07002488e-04
0.00830007      	-1.07002488e-04
0.00830061      	-1.07002488e-04
0.00830115      	-1.07002488e-04
0.00830168      	-1.07002488e-04
0.00830222      	-1.07002488e-04
0.00830276      	-1.07002488e-04
0.0083033       	-1.07002488e-04
0.00830383      	-1.07002488e-04
0.00830437      	-1.07002488e-04
0.00830491      	-1.07002488e-04
0.00830545      	-1.07002488e-04
0.00830599      	-1.07002488e-04
0.00830653      	-1.07002488e-04
0.00830707      	-1.07002488e-04
0.00830761      	-1.07002488e-04
0.00830815      	-1.07002488e-04
0.00830869      	-1.07002488e-04
0.00830923      	-1.07002488e-04
0.00830977      	-1.07002488e-04
0.00831032      	-1.07002488e-04
0.00831086      	-1.07002488e-04
0.0083114       	-1.07002488e-04
0.00831195      	-1.07002488e-04
0.00831249      	-1.07002488e-04
0.00831303      	-1.07002488e-04
0.00831358      	-1.07002488e-04
0.00831412      	-1.07002488e-04
0.00831467      	-1.07002488e-04
0.00831522      	-1.07002488e-04
0.00831577      	-1.07002488e-04
0.00831631      	-1.07002488e-04
0.00831686      	-1.07002488e-04
0.00831741      	-1.07002488e-04
0.00831796      	-1.07002488e-04
0.00831851      	-1.07002488e-04
0.00831906      	-1.07002488e-04
0.00831961      	-1.07002488e-04
0.00832016      	-1.07002488e-04
0.00832071      	-1.07002488e-04
0.00832126      	-1.07002488e-04
0.00832181      	-1.07002488e-04
0.00832237      	-1.07002488e-04
0.00832292      	-1.07002488e-04
0.00832347      	-1.07002488e-04
0.00832403      	-1.07002488e-04
0.00832458      	-1.07002488e-04
0.00832514      	-1.07002488e-04
0.00832569      	-1.07002488e-04
0.00832625      	-1.07002488e-04
0.00832681      	-1.07002488e-04
0.00832737      	-1.07002488e-04
0.00832793      	-1.07002488e-04
0.00832849      	-1.07002488e-04
0.00832905      	-1.07002488e-04
0.0083296       	-1.07002488e-04
0.00833016      	-1.07002488e-04
0.00833073      	-1.07002488e-04
0.00833129      	-1.07002488e-04
0.00833185      	-1.07002488e-04
0.00833242      	-1.07002488e-04
0.00833298      	-1.07002488e-04
0.00833354      	-1.07002488e-04
0.0083341       	-1.07002488e-04
0.00833467      	-1.07002488e-04
0.00833524      	-1.07002488e-04
0.0083358       	-1.07002488e-04
0.00833637      	-1.07002488e-04
0.00833694      	-1.07002488e-04
0.00833751      	-1.07002488e-04
0.00833808      	-1.07002488e-04
0.00833864      	-1.07002488e-04
0.00833921      	-1.07002488e-04
0.00833978      	-1.07002488e-04
0.00834035      	-1.07002488e-04
0.00834092      	-1.07002488e-04
0.0083415       	-1.07002488e-04
0.00834207      	-1.07002488e-04
0.00834264      	-1.07002488e-04
0.00834322      	-1.07002488e-04
0.00834379      	-1.07002488e-04
0.00834436      	-1.07002488e-04
0.00834494      	-1.07002488e-04
0.00834551      	-1.07002488e-04
0.00834608      	-1.07002488e-04
0.00834666      	-1.07002488e-04
0.00834723      	-1.07002488e-04
0.00834781      	-1.07002488e-04
0.00834839      	-1.07002488e-04
0.00834897      	-1.07002488e-04
0.00834955      	-1.07002488e-04
0.00835013      	-1.07002488e-04
0.00835071      	-1.07002488e-04
0.00835129      	-1.07002488e-04
0.00835187      	-1.07002488e-04
0.00835245      	-1.07002488e-04
0.00835303      	-1.07002488e-04
0.00835361      	-1.07002488e-04
0.00835419      	-1.07002488e-04
0.00835478      	-1.07002488e-04
0.00835536      	-1.07002488e-04
0.00835595      	-1.07002488e-04
0.00835654      	-1.07002488e-04
0.00835713      	-1.07002488e-04
0.00835771      	-1.07002488e-04
0.0083583       	-1.07002488e-04
0.00835889      	-1.07002488e-04
0.00835948      	-1.07002488e-04
0.00836006      	-1.07002488e-04
0.00836066      	-1.07002488e-04
0.00836126      	-1.07002488e-04
0.00836185      	-1.07002488e-04
0.00836245      	-1.07002488e-04
0.00836304      	-1.07002488e-04
0.00836364      	-1.07002488e-04
0.00836424      	-1.07002488e-04
0.00836483      	-1.07002488e-04
0.00836543      	-1.07002488e-04
0.00836602      	-1.07002488e-04
0.00836663      	-1.07002488e-04
0.00836724      	-1.07002488e-04
0.00836784      	-1.07002488e-04
0.00836845      	-1.07002488e-04
0.00836906      	-1.07002488e-04
0.00836966      	-1.07002488e-04
0.00837027      	-1.07002488e-04
0.00837088      	-1.07002488e-04
0.00837148      	-1.07002488e-04
0.00837209      	-1.07002488e-04
0.0083727       	-1.07002488e-04
0.00837332      	-1.07002488e-04
0.00837394      	-1.07002488e-04
0.00837456      	-1.07002488e-04
0.00837518      	-1.07002488e-04
0.0083758       	-1.07002488e-04
0.00837642      	-1.07002488e-04
0.00837704      	-1.07002488e-04
0.00837766      	-1.07002488e-04
0.00837828      	-1.07002488e-04
0.0083789       	-1.07002488e-04
0.00837952      	-1.07002488e-04
0.00838014      	-1.07002488e-04
0.00838076      	-1.07002488e-04
0.00838138      	-1.07002488e-04
0.00838201      	-1.07002488e-04
0.00838265      	-1.07002488e-04
0.00838329      	-1.07002488e-04
0.00838393      	-1.07002488e-04
0.00838458      	-1.07002488e-04
0.00838522      	-1.07002488e-04
0.00838586      	-1.07002488e-04
0.0083865       	-1.07002488e-04
0.00838715      	-1.07002488e-04
0.00838779      	-1.07002488e-04
0.00838843      	-1.07002488e-04
0.00838907      	-1.07002488e-04
0.00838972      	-1.07002488e-04
0.00839036      	-1.07002488e-04
0.008391        	-1.07002488e-04
0.00839165      	-1.07002488e-04
0.00839229      	-1.07002488e-04
0.00839293      	-1.07002488e-04
0.00839357      	-1.07002488e-04
0.00839422      	-1.07002488e-04
0.00839486      	-1.07002488e-04
0.0083955       	-1.07002488e-04
0.00839614      	-1.07002488e-04
0.00839679      	-1.07002488e-04
0.00839743      	-1.07002488e-04
0.00839807      	-1.07002488e-04
0.00839871      	-1.07002488e-04
0.00839936      	-1.07002488e-04
0.0084          	-1.07002488e-04
0.00840067      	-1.07002488e-04
0.00840134      	-1.07002488e-04
0.00840201      	-1.07002488e-04
0.00840268      	-1.07002488e-04
0.00840335      	-1.07002488e-04
0.00840402      	-1.07002488e-04
0.0084047       	-1.07002488e-04
0.00840538      	-1.07002488e-04
0.00840605      	-1.07002488e-04
0.00840673      	-1.07002488e-04
0.00840741      	-1.07002488e-04
0.00840809      	-1.07002488e-04
0.00840878      	-1.07002488e-04
0.00840946      	-1.07002488e-04
0.00841014      	-1.07002488e-04
0.00841083      	-1.07002488e-04
0.00841152      	-1.07002488e-04
0.00841221      	-1.07002488e-04
0.0084129       	-1.07002488e-04
0.00841359      	-1.07002488e-04
0.00841428      	-1.07002488e-04
0.00841497      	-1.07002488e-04
0.00841567      	-1.07002488e-04
0.00841636      	-1.07002488e-04
0.00841706      	-1.07002488e-04
0.00841776      	-1.07002488e-04
0.00841846      	-1.07002488e-04
0.00841916      	-1.07002488e-04
0.00841987      	-1.07002488e-04
0.00842057      	-1.07002488e-04
0.00842128      	-1.07002488e-04
0.00842199      	-1.07002488e-04
0.0084227       	-1.07002488e-04
0.00842341      	-1.07002488e-04
0.00842412      	-1.07002488e-04
0.00842484      	-1.07002488e-04
0.00842555      	-1.07002488e-04
0.00842627      	-1.07002488e-04
0.00842699      	-1.07002488e-04
0.00842771      	-1.07002488e-04
0.00842844      	-1.07002488e-04
0.00842916      	-1.07002488e-04
0.00842989      	-1.07002488e-04
0.00843062      	-1.07002488e-04
0.00843135      	-1.07002488e-04
0.00843209      	-1.07002488e-04
0.00843282      	-1.07002488e-04
0.00843355      	-1.07002488e-04
0.00843429      	-1.07002488e-04
0.00843503      	-1.07002488e-04
0.00843578      	-1.07002488e-04
0.00843652      	-1.07002488e-04
0.00843727      	-1.07002488e-04
0.00843802      	-1.07002488e-04
0.00843877      	-1.07002488e-04
0.00843952      	-1.07002488e-04
0.00844028      	-1.07002488e-04
0.00844104      	-1.07002488e-04
0.0084418       	-1.07002488e-04
0.00844256      	-1.07002488e-04
0.00844332      	-1.07002488e-04
0.00844409      	-1.07002488e-04
0.00844486      	-1.07002488e-04
0.00844563      	-1.07002488e-04
0.0084464       	-1.07002488e-04
0.00844717      	-1.07002488e-04
0.00844795      	-1.07002488e-04
0.00844873      	-1.07002488e-04
0.00844951      	-1.07002488e-04
0.00845029      	-1.07002488e-04
0.00845108      	-1.07002488e-04
0.00845187      	-1.07002488e-04
0.00845265      	-1.07002488e-04
0.00845345      	-1.07002488e-04
0.00845424      	-1.07002488e-04
0.00845503      	-1.07002488e-04
0.00845584      	-1.07002488e-04
0.00845664      	-1.07002488e-04
0.00845744      	-1.07002488e-04
0.00845824      	-1.07002488e-04
0.00845905      	-1.07002488e-04
0.00845986      	-1.07002488e-04
0.00846067      	-1.07002488e-04
0.00846148      	-1.07002488e-04
0.0084623       	-1.07002488e-04
0.00846311      	-1.07002488e-04
0.00846393      	-1.07002488e-04
0.00846475      	-1.07002488e-04
0.00846557      	-1.07002488e-04
0.0084664       	-1.07002488e-04
0.00846722      	-1.07002488e-04
0.00846805      	-1.07002488e-04
0.00846888      	-1.07002488e-04
0.00846971      	-1.07002488e-04
0.00847054      	-1.07002488e-04
0.00847137      	-1.07002488e-04
0.0084722       	-1.07002488e-04
0.00847304      	-1.07002488e-04
0.00847387      	-1.07002488e-04
0.00847471      	-1.07002488e-04
0.00847555      	-1.07002488e-04
0.00847639      	-1.07002488e-04
0.00847723      	-1.07002488e-04
0.00847807      	-1.07002488e-04
0.00847891      	-1.07002488e-04
0.00847976      	-1.07002488e-04
0.0084806       	-1.07002488e-04
0.00848145      	-1.07002488e-04
0.0084823       	-1.07002488e-04
0.00848314      	-1.07002488e-04
0.00848399      	-1.07002488e-04
0.00848484      	-1.07002488e-04
0.0084857       	-1.07002488e-04
0.00848655      	-1.07002488e-04
0.0084874       	-1.07002488e-04
0.00848826      	-1.07002488e-04
0.00848911      	-1.07002488e-04
0.00848996      	-1.07002488e-04
0.00849082      	-1.07002488e-04
0.00849168      	-1.07002488e-04
0.00849254      	-1.07002488e-04
0.0084934       	-1.07002488e-04
0.00849426      	-1.07002488e-04
0.00849512      	-1.07002488e-04
0.00849598      	-1.07002488e-04
0.00849684      	-1.07002488e-04
0.0084977       	-1.07002488e-04
0.00849856      	-1.07002488e-04
0.00849942      	-1.07002488e-04
0.00850028      	-1.07002488e-04
0.00850115      	-1.07002488e-04
0.00850201      	-1.07002488e-04
0.00850288      	-1.07002488e-04
0.00850375      	-1.07002488e-04
0.00850461      	-1.07002488e-04
0.00850548      	-1.07002488e-04
0.00850635      	-1.07002488e-04
0.00850722      	-1.07002488e-04
0.00850808      	-1.07002488e-04
0.00850895      	-1.07002488e-04
0.00850982      	-1.07002488e-04
0.00851068      	-1.07002488e-04
0.00851155      	-1.07002488e-04
0.00851242      	-1.07002488e-04
0.00851329      	-1.07002488e-04
0.00851415      	-1.07002488e-04
0.00851502      	-1.07002488e-04
0.00851588      	-1.07002488e-04
0.00851674      	-1.07002488e-04
0.0085176       	-1.07002488e-04
0.00851845      	-1.07002488e-04
0.00851931      	-1.07002488e-04
0.00852017      	-1.07002488e-04
0.00852103      	-1.07002488e-04
0.00852189      	-1.07002488e-04
0.00852275      	-1.07002488e-04
0.0085236       	-1.07002488e-04
0.00852446      	-1.07002488e-04
0.00852532      	-1.07002488e-04
0.00852618      	-1.07002488e-04
0.00852703      	-1.07002488e-04
0.00852788      	-1.07002488e-04
0.00852872      	-1.07002488e-04
0.00852957      	-1.07002488e-04
0.00853042      	-1.07002488e-04
0.00853127      	-1.07002488e-04
0.00853212      	-1.07002488e-04
0.00853297      	-1.07002488e-04
0.00853382      	-1.07002488e-04
0.00853466      	-1.07002488e-04
0.00853551      	-1.07002488e-04
0.00853636      	-1.07002488e-04
0.0085372       	-1.07002488e-04
0.00853804      	-1.07002488e-04
0.00853887      	-1.07002488e-04
0.00853971      	-1.07002488e-04
0.00854055      	-1.07002488e-04
0.00854139      	-1.07002488e-04
0.00854222      	-1.07002488e-04
0.00854306      	-1.07002488e-04
0.0085439       	-1.07002488e-04
0.00854473      	-1.07002488e-04
0.00854557      	-1.07002488e-04
0.00854641      	-1.07002488e-04
0.00854725      	-1.07002488e-04
0.00854808      	-1.07002488e-04
0.00854892      	-1.07002488e-04
0.00854976      	-1.07002488e-04
0.0085506       	-1.07002488e-04
0.00855143      	-1.07002488e-04
0.00855227      	-1.07002488e-04
0.00855311      	-1.07002488e-04
0.00855393      	-1.07002488e-04
0.00855475      	-1.07002488e-04
0.00855558      	-1.07002488e-04
0.0085564       	-1.07002488e-04
0.00855722      	-1.07002488e-04
0.00855804      	-1.07002488e-04
0.00855887      	-1.07002488e-04
0.00855969      	-1.07002488e-04
0.00856051      	-1.07002488e-04
0.00856133      	-1.07002488e-04
0.00856216      	-1.07002488e-04
0.00856298      	-1.07002488e-04
0.0085638       	-1.07002488e-04
0.00856463      	-1.07002488e-04
0.00856545      	-1.07002488e-04
0.00856627      	-1.07002488e-04
0.00856709      	-1.07002488e-04
0.00856792      	-1.07002488e-04
0.00856874      	-1.07002488e-04
0.00856956      	-1.07002488e-04
0.00857038      	-1.07002488e-04
0.00857121      	-1.07002488e-04
0.00857203      	-1.07002488e-04
0.00857285      	-1.07002488e-04
0.00857367      	-1.07002488e-04
0.0085745       	-1.07002488e-04
0.00857532      	-1.07002488e-04
0.00857614      	-1.07002488e-04
0.00857697      	-1.07002488e-04
0.00857779      	-1.07002488e-04
0.00857861      	-1.07002488e-04
0.00857943      	-1.07002488e-04
0.00858026      	-1.07002488e-04
0.00858108      	-1.07002488e-04
0.0085819       	-1.07002488e-04
0.00858272      	-1.07002488e-04
0.00858355      	-1.07002488e-04
0.00858437      	-1.07002488e-04
0.00858519      	-1.07002488e-04
0.00858601      	-1.07002488e-04
0.00858684      	-1.07002488e-04
0.00858766      	-1.07002488e-04
0.00858848      	-1.07002488e-04
0.00858931      	-1.07002488e-04
0.00859013      	-1.07002488e-04
0.00859095      	-1.07002488e-04
0.00859177      	-1.07002488e-04
0.0085926       	-1.07002488e-04
0.00859342      	-1.07002488e-04
0.00859424      	-1.07002488e-04
0.00859506      	-1.07002488e-04
0.00859589      	-1.07002488e-04
0.00859671      	-1.07002488e-04
0.00859753      	-1.07002488e-04
0.00859835      	-1.07002488e-04
0.00859918      	-1.07002488e-04
0.0086          	-1.07002488e-04
0.0086008       	-1.07002488e-04
0.00860159      	-1.07002488e-04
0.00860239      	-1.07002488e-04
0.00860318      	-1.07002488e-04
0.00860397      	-1.07002488e-04
0.00860477      	-1.07002488e-04
0.00860556      	-1.07002488e-04
0.00860635      	-1.07002488e-04
0.00860714      	-1.07002488e-04
0.00860793      	-1.07002488e-04
0.00860871      	-1.07002488e-04
0.0086095       	-1.07002488e-04
0.00861029      	-1.07002488e-04
0.00861107      	-1.07002488e-04
0.00861186      	-1.07002488e-04
0.00861264      	-1.07002488e-04
0.00861342      	-1.07002488e-04
0.0086142       	-1.07002488e-04
0.00861499      	-1.07002488e-04
0.00861577      	-1.07002488e-04
0.00861654      	-1.07002488e-04
0.00861732      	-1.07002488e-04
0.0086181       	-1.07002488e-04
0.00861888      	-1.07002488e-04
0.00861965      	-1.07002488e-04
0.00862043      	-1.07002488e-04
0.0086212       	-1.07002488e-04
0.00862197      	-1.07002488e-04
0.00862275      	-1.07002488e-04
0.00862352      	-1.07002488e-04
0.00862429      	-1.07002488e-04
0.00862506      	-1.07002488e-04
0.00862583      	-1.07002488e-04
0.0086266       	-1.07002488e-04
0.00862736      	-1.07002488e-04
0.00862813      	-1.07002488e-04
0.0086289       	-1.07002488e-04
0.00862966      	-1.07002488e-04
0.00863042      	-1.07002488e-04
0.00863119      	-1.07002488e-04
0.00863195      	-1.07002488e-04
0.00863271      	-1.07002488e-04
0.00863347      	-1.07002488e-04
0.00863423      	-1.07002488e-04
0.00863499      	-1.07002488e-04
0.00863575      	-1.07002488e-04
0.00863651      	-1.07002488e-04
0.00863726      	-1.07002488e-04
0.00863802      	-1.07002488e-04
0.00863877      	-1.07002488e-04
0.00863952      	-1.07002488e-04
0.00864028      	-1.07002488e-04
0.00864103      	-1.07002488e-04
0.00864178      	-1.07002488e-04
0.00864253      	-1.07002488e-04
0.00864328      	-1.07002488e-04
0.00864402      	-1.07002488e-04
0.00864477      	-1.07002488e-04
0.00864552      	-1.07002488e-04
0.00864626      	-1.07002488e-04
0.00864701      	-1.07002488e-04
0.00864775      	-1.07002488e-04
0.00864849      	-1.07002488e-04
0.00864923      	-1.07002488e-04
0.00864997      	-1.07002488e-04
0.00865071      	-1.07002488e-04
0.00865145      	-1.07002488e-04
0.00865219      	-1.07002488e-04
0.00865292      	-1.07002488e-04
0.00865366      	-1.07002488e-04
0.00865439      	-1.07002488e-04
0.00865513      	-1.07002488e-04
0.00865586      	-1.07002488e-04
0.00865659      	-1.07002488e-04
0.00865732      	-1.07002488e-04
0.00865805      	-1.07002488e-04
0.00865878      	-1.07002488e-04
0.00865951      	-1.07002488e-04
0.00866023      	-1.07002488e-04
0.00866096      	-1.07002488e-04
0.00866169      	-1.07002488e-04
0.00866241      	-1.07002488e-04
0.00866314      	-1.07002488e-04
0.00866386      	-1.07002488e-04
0.00866458      	-1.07002488e-04
0.0086653       	-1.07002488e-04
0.00866602      	-1.07002488e-04
0.00866674      	-1.07002488e-04
0.00866746      	-1.07002488e-04
0.00866818      	-1.07002488e-04
0.00866889      	-1.07002488e-04
0.00866961      	-1.07002488e-04
0.00867033      	-1.07002488e-04
0.00867104      	-1.07002488e-04
0.00867176      	-1.07002488e-04
0.00867247      	-1.07002488e-04
0.00867318      	-1.07002488e-04
0.00867389      	-1.07002488e-04
0.00867461      	-1.07002488e-04
0.00867531      	-1.07002488e-04
0.00867602      	-1.07002488e-04
0.00867673      	-1.07002488e-04
0.00867744      	-1.07002488e-04
0.00867815      	-1.07002488e-04
0.00867886      	-1.07002488e-04
0.00867956      	-1.07002488e-04
0.00868027      	-1.07002488e-04
0.00868098      	-1.07002488e-04
0.00868169      	-1.07002488e-04
0.00868239      	-1.07002488e-04
0.00868309      	-1.07002488e-04
0.0086838       	-1.07002488e-04
0.0086845       	-1.07002488e-04
0.00868521      	-1.07002488e-04
0.00868591      	-1.07002488e-04
0.00868661      	-1.07002488e-04
0.00868731      	-1.07002488e-04
0.00868801      	-1.07002488e-04
0.00868871      	-1.07002488e-04
0.00868941      	-1.07002488e-04
0.00869011      	-1.07002488e-04
0.00869081      	-1.07002488e-04
0.0086915       	-1.07002488e-04
0.0086922       	-1.07002488e-04
0.00869289      	-1.07002488e-04
0.00869359      	-1.07002488e-04
0.00869428      	-1.07002488e-04
0.00869498      	-1.07002488e-04
0.00869568      	-1.07002488e-04
0.00869637      	-1.07002488e-04
0.00869706      	-1.07002488e-04
0.00869775      	-1.07002488e-04
0.00869844      	-1.07002488e-04
0.00869913      	-1.07002488e-04
0.00869982      	-1.07002488e-04
0.00870052      	-1.07002488e-04
0.00870121      	-1.07002488e-04
0.0087019       	-1.07002488e-04
0.00870258      	-1.07002488e-04
0.00870327      	-1.07002488e-04
0.00870396      	-1.07002488e-04
0.00870464      	-1.07002488e-04
0.00870533      	-1.07002488e-04
0.00870601      	-1.07002488e-04
0.0087067       	-1.07002488e-04
0.00870739      	-1.07002488e-04
0.00870807      	-1.07002488e-04
0.00870876      	-1.07002488e-04
0.00870944      	-1.07002488e-04
0.00871012      	-1.07002488e-04
0.0087108       	-1.07002488e-04
0.00871148      	-1.07002488e-04
0.00871216      	-1.07002488e-04
0.00871284      	-1.07002488e-04
0.00871352      	-1.07002488e-04
0.00871421      	-1.07002488e-04
0.00871488      	-1.07002488e-04
0.00871556      	-1.07002488e-04
0.00871623      	-1.07002488e-04
0.00871691      	-1.07002488e-04
0.00871758      	-1.07002488e-04
0.00871826      	-1.07002488e-04
0.00871893      	-1.07002488e-04
0.00871961      	-1.07002488e-04
0.00872028      	-1.07002488e-04
0.00872095      	-1.07002488e-04
0.00872162      	-1.07002488e-04
0.00872229      	-1.07002488e-04
0.00872296      	-1.07002488e-04
0.00872363      	-1.07002488e-04
0.00872429      	-1.07002488e-04
0.00872496      	-1.07002488e-04
0.00872562      	-1.07002488e-04
0.00872629      	-1.07002488e-04
0.00872695      	-1.07002488e-04
0.00872761      	-1.07002488e-04
0.00872827      	-1.07002488e-04
0.00872893      	-1.07002488e-04
0.00872959      	-1.07002488e-04
0.00873025      	-1.07002488e-04
0.0087309       	-1.07002488e-04
0.00873156      	-1.07002488e-04
0.00873221      	-1.07002488e-04
0.00873287      	-1.07002488e-04
0.00873352      	-1.07002488e-04
0.00873417      	-1.07002488e-04
0.00873482      	-1.07002488e-04
0.00873547      	-1.07002488e-04
0.00873612      	-1.07002488e-04
0.00873676      	-1.07002488e-04
0.00873741      	-1.07002488e-04
0.00873805      	-1.07002488e-04
0.0087387       	-1.07002488e-04
0.00873934      	-1.07002488e-04
0.00873998      	-1.07002488e-04
0.00874062      	-1.07002488e-04
0.00874126      	-1.07002488e-04
0.0087419       	-1.07002488e-04
0.00874254      	-1.07002488e-04
0.00874318      	-1.07002488e-04
0.00874381      	-1.07002488e-04
0.00874445      	-1.07002488e-04
0.00874508      	-1.07002488e-04
0.00874571      	-1.07002488e-04
0.00874634      	-1.07002488e-04
0.00874697      	-1.07002488e-04
0.0087476       	-1.07002488e-04
0.00874823      	-1.07002488e-04
0.00874886      	-1.07002488e-04
0.00874949      	-1.07002488e-04
0.00875011      	-1.07002488e-04
0.00875073      	-1.07002488e-04
0.00875136      	-1.07002488e-04
0.00875198      	-1.07002488e-04
0.00875261      	-1.07002488e-04
0.00875323      	-1.07002488e-04
0.00875385      	-1.07002488e-04
0.00875448      	-1.07002488e-04
0.00875509      	-1.07002488e-04
0.00875571      	-1.07002488e-04
0.00875632      	-1.07002488e-04
0.00875694      	-1.07002488e-04
0.00875755      	-1.07002488e-04
0.00875817      	-1.07002488e-04
0.00875878      	-1.07002488e-04
0.0087594       	-1.07002488e-04
0.00876001      	-1.07002488e-04
0.00876063      	-1.07002488e-04
0.00876124      	-1.07002488e-04
0.00876186      	-1.07002488e-04
0.00876247      	-1.07002488e-04
0.00876309      	-1.07002488e-04
0.00876369      	-1.07002488e-04
0.0087643       	-1.07002488e-04
0.0087649       	-1.07002488e-04
0.00876551      	-1.07002488e-04
0.00876611      	-1.07002488e-04
0.00876672      	-1.07002488e-04
0.00876732      	-1.07002488e-04
0.00876793      	-1.07002488e-04
0.00876854      	-1.07002488e-04
0.00876914      	-1.07002488e-04
0.00876975      	-1.07002488e-04
0.00877035      	-1.07002488e-04
0.00877096      	-1.07002488e-04
0.00877156      	-1.07002488e-04
0.00877217      	-1.07002488e-04
0.00877277      	-1.07002488e-04
0.00877338      	-1.07002488e-04
0.00877398      	-1.07002488e-04
0.00877459      	-1.07002488e-04
0.00877519      	-1.07002488e-04
0.0087758       	-1.07002488e-04
0.0087764       	-1.07002488e-04
0.00877701      	-1.07002488e-04
0.00877761      	-1.07002488e-04
0.00877822      	-1.07002488e-04
0.00877882      	-1.07002488e-04
0.00877943      	-1.07002488e-04
0.00878003      	-1.07002488e-04
0.00878064      	-1.07002488e-04
0.00878124      	-1.07002488e-04
0.00878185      	-1.07002488e-04
0.00878245      	-1.07002488e-04
0.00878306      	-1.07002488e-04
0.00878366      	-1.07002488e-04
0.00878427      	-1.07002488e-04
0.00878487      	-1.07002488e-04
0.00878548      	-1.07002488e-04
0.00878608      	-1.07002488e-04
0.00878669      	-1.07002488e-04
0.00878729      	-1.07002488e-04
0.0087879       	-1.07002488e-04
0.0087885       	-1.07002488e-04
0.00878911      	-1.07002488e-04
0.00878971      	-1.07002488e-04
0.00879032      	-1.07002488e-04
0.00879092      	-1.07002488e-04
0.00879153      	-1.07002488e-04
0.00879213      	-1.07002488e-04
0.00879274      	-1.07002488e-04
0.00879334      	-1.07002488e-04
0.00879395      	-1.07002488e-04
0.00879455      	-1.07002488e-04
0.00879516      	-1.07002488e-04
0.00879576      	-1.07002488e-04
0.00879637      	-1.07002488e-04
0.00879697      	-1.07002488e-04
0.00879758      	-1.07002488e-04
0.00879818      	-1.07002488e-04
0.00879879      	-1.07002488e-04
0.00879939      	-1.07002488e-04
0.0088          	-1.07002488e-04
0.00880059      	-1.07002488e-04
0.00880118      	-1.07002488e-04
0.00880176      	-1.07002488e-04
0.00880235      	-1.07002488e-04
0.00880294      	-1.07002488e-04
0.00880352      	-1.07002488e-04
0.00880411      	-1.07002488e-04
0.00880469      	-1.07002488e-04
0.00880528      	-1.07002488e-04
0.00880586      	-1.07002488e-04
0.00880644      	-1.07002488e-04
0.00880703      	-1.07002488e-04
0.00880761      	-1.07002488e-04
0.00880819      	-1.07002488e-04
0.00880877      	-1.07002488e-04
0.00880935      	-1.07002488e-04
0.00880993      	-1.07002488e-04
0.00881051      	-1.07002488e-04
0.00881109      	-1.07002488e-04
0.00881167      	-1.07002488e-04
0.00881224      	-1.07002488e-04
0.00881282      	-1.07002488e-04
0.00881339      	-1.07002488e-04
0.00881397      	-1.07002488e-04
0.00881455      	-1.07002488e-04
0.00881512      	-1.07002488e-04
0.00881569      	-1.07002488e-04
0.00881627      	-1.07002488e-04
0.00881684      	-1.07002488e-04
0.00881742      	-1.07002488e-04
0.00881799      	-1.07002488e-04
0.00881856      	-1.07002488e-04
0.00881913      	-1.07002488e-04
0.0088197       	-1.07002488e-04
0.00882027      	-1.07002488e-04
0.00882084      	-1.07002488e-04
0.00882141      	-1.07002488e-04
0.00882198      	-1.07002488e-04
0.00882255      	-1.07002488e-04
0.00882312      	-1.07002488e-04
0.00882369      	-1.07002488e-04
0.00882426      	-1.07002488e-04
0.00882482      	-1.07002488e-04
0.00882539      	-1.07002488e-04
0.00882596      	-1.07002488e-04
0.00882652      	-1.07002488e-04
0.00882709      	-1.07002488e-04
0.00882766      	-1.07002488e-04
0.00882822      	-1.07002488e-04
0.00882879      	-1.07002488e-04
0.00882936      	-1.07002488e-04
0.00882992      	-1.07002488e-04
0.00883049      	-1.07002488e-04
0.00883106      	-1.07002488e-04
0.00883162      	-1.07002488e-04
0.00883219      	-1.07002488e-04
0.00883275      	-1.07002488e-04
0.00883332      	-1.07002488e-04
0.00883388      	-1.07002488e-04
0.00883445      	-1.07002488e-04
0.00883501      	-1.07002488e-04
0.00883558      	-1.07002488e-04
0.00883614      	-1.07002488e-04
0.00883671      	-1.07002488e-04
0.00883727      	-1.07002488e-04
0.00883784      	-1.07002488e-04
0.0088384       	-1.07002488e-04
0.00883897      	-1.07002488e-04
0.00883953      	-1.07002488e-04
0.0088401       	-1.07002488e-04
0.00884066      	-1.07002488e-04
0.00884123      	-1.07002488e-04
0.00884179      	-1.07002488e-04
0.00884236      	-1.07002488e-04
0.00884292      	-1.07002488e-04
0.00884349      	-1.07002488e-04
0.00884405      	-1.07002488e-04
0.00884461      	-1.07002488e-04
0.00884518      	-1.07002488e-04
0.00884574      	-1.07002488e-04
0.0088463       	-1.07002488e-04
0.00884686      	-1.07002488e-04
0.00884743      	-1.07002488e-04
0.00884799      	-1.07002488e-04
0.00884855      	-1.07002488e-04
0.00884912      	-1.07002488e-04
0.00884968      	-1.07002488e-04
0.00885024      	-1.07002488e-04
0.00885081      	-1.07002488e-04
0.00885137      	-1.07002488e-04
0.00885193      	-1.07002488e-04
0.00885249      	-1.07002488e-04
0.00885305      	-1.07002488e-04
0.00885361      	-1.07002488e-04
0.00885417      	-1.07002488e-04
0.00885474      	-1.07002488e-04
0.0088553       	-1.07002488e-04
0.00885586      	-1.07002488e-04
0.00885642      	-1.07002488e-04
0.00885698      	-1.07002488e-04
0.00885754      	-1.07002488e-04
0.00885809      	-1.07002488e-04
0.00885865      	-1.07002488e-04
0.00885921      	-1.07002488e-04
0.00885977      	-1.07002488e-04
0.00886033      	-1.07002488e-04
0.00886088      	-1.07002488e-04
0.00886144      	-1.07002488e-04
0.008862        	-1.07002488e-04
0.00886255      	-1.07002488e-04
0.00886311      	-1.07002488e-04
0.00886366      	-1.07002488e-04
0.00886422      	-1.07002488e-04
0.00886477      	-1.07002488e-04
0.00886533      	-1.07002488e-04
0.00886588      	-1.07002488e-04
0.00886643      	-1.07002488e-04
0.00886698      	-1.07002488e-04
0.00886754      	-1.07002488e-04
0.00886809      	-1.07002488e-04
0.00886864      	-1.07002488e-04
0.00886919      	-1.07002488e-04
0.00886974      	-1.07002488e-04
0.00887029      	-1.07002488e-04
0.00887084      	-1.07002488e-04
0.00887139      	-1.07002488e-04
0.00887194      	-1.07002488e-04
0.00887249      	-1.07002488e-04
0.00887303      	-1.07002488e-04
0.00887358      	-1.07002488e-04
0.00887413      	-1.07002488e-04
0.00887468      	-1.07002488e-04
0.00887522      	-1.07002488e-04
0.00887577      	-1.07002488e-04
0.00887632      	-1.07002488e-04
0.00887686      	-1.07002488e-04
0.00887741      	-1.07002488e-04
0.00887795      	-1.07002488e-04
0.0088785       	-1.07002488e-04
0.00887904      	-1.07002488e-04
0.00887959      	-1.07002488e-04
0.00888013      	-1.07002488e-04
0.00888068      	-1.07002488e-04
0.00888122      	-1.07002488e-04
0.00888177      	-1.07002488e-04
0.00888231      	-1.07002488e-04
0.00888286      	-1.07002488e-04
0.0088834       	-1.07002488e-04
0.00888395      	-1.07002488e-04
0.00888449      	-1.07002488e-04
0.00888504      	-1.07002488e-04
0.00888558      	-1.07002488e-04
0.00888613      	-1.07002488e-04
0.00888667      	-1.07002488e-04
0.00888722      	-1.07002488e-04
0.00888776      	-1.07002488e-04
0.00888831      	-1.07002488e-04
0.00888885      	-1.07002488e-04
0.00888939      	-1.07002488e-04
0.00888994      	-1.07002488e-04
0.00889048      	-1.07002488e-04
0.00889103      	-1.07002488e-04
0.00889157      	-1.07002488e-04
0.00889212      	-1.07002488e-04
0.00889266      	-1.07002488e-04
0.00889321      	-1.07002488e-04
0.00889375      	-1.07002488e-04
0.0088943       	-1.07002488e-04
0.00889484      	-1.07002488e-04
0.00889539      	-1.07002488e-04
0.00889593      	-1.07002488e-04
0.00889648      	-1.07002488e-04
0.00889702      	-1.07002488e-04
0.00889757      	-1.07002488e-04
0.00889811      	-1.07002488e-04
0.00889866      	-1.07002488e-04
0.0088992       	-1.07002488e-04
0.00889975      	-1.07002488e-04
0.00890029      	-1.07002488e-04
0.00890084      	-1.07002488e-04
0.00890138      	-1.07002488e-04
0.00890193      	-1.07002488e-04
0.00890247      	-1.07002488e-04
0.00890301      	-1.07002488e-04
0.00890355      	-1.07002488e-04
0.00890409      	-1.07002488e-04
0.00890464      	-1.07002488e-04
0.00890518      	-1.07002488e-04
0.00890572      	-1.07002488e-04
0.00890626      	-1.07002488e-04
0.0089068       	-1.07002488e-04
0.00890734      	-1.07002488e-04
0.00890789      	-1.07002488e-04
0.00890843      	-1.07002488e-04
0.00890897      	-1.07002488e-04
0.00890951      	-1.07002488e-04
0.00891005      	-1.07002488e-04
0.00891059      	-1.07002488e-04
0.00891113      	-1.07002488e-04
0.00891167      	-1.07002488e-04
0.00891221      	-1.07002488e-04
0.00891274      	-1.07002488e-04
0.00891328      	-1.07002488e-04
0.00891382      	-1.07002488e-04
0.00891436      	-1.07002488e-04
0.0089149       	-1.07002488e-04
0.00891543      	-1.07002488e-04
0.00891597      	-1.07002488e-04
0.0089165       	-1.07002488e-04
0.00891704      	-1.07002488e-04
0.00891757      	-1.07002488e-04
0.00891811      	-1.07002488e-04
0.00891864      	-1.07002488e-04
0.00891918      	-1.07002488e-04
0.00891972      	-1.07002488e-04
0.00892025      	-1.07002488e-04
0.00892078      	-1.07002488e-04
0.00892131      	-1.07002488e-04
0.00892184      	-1.07002488e-04
0.00892237      	-1.07002488e-04
0.00892291      	-1.07002488e-04
0.00892344      	-1.07002488e-04
0.00892397      	-1.07002488e-04
0.0089245       	-1.07002488e-04
0.00892503      	-1.07002488e-04
0.00892556      	-1.07002488e-04
0.00892609      	-1.07002488e-04
0.00892662      	-1.07002488e-04
0.00892715      	-1.07002488e-04
0.00892768      	-1.07002488e-04
0.0089282       	-1.07002488e-04
0.00892873      	-1.07002488e-04
0.00892926      	-1.07002488e-04
0.00892979      	-1.07002488e-04
0.00893032      	-1.07002488e-04
0.00893084      	-1.07002488e-04
0.00893137      	-1.07002488e-04
0.0089319       	-1.07002488e-04
0.00893243      	-1.07002488e-04
0.00893295      	-1.07002488e-04
0.00893348      	-1.07002488e-04
0.00893401      	-1.07002488e-04
0.00893454      	-1.07002488e-04
0.00893507      	-1.07002488e-04
0.00893559      	-1.07002488e-04
0.00893612      	-1.07002488e-04
0.00893665      	-1.07002488e-04
0.00893718      	-1.07002488e-04
0.00893771      	-1.07002488e-04
0.00893823      	-1.07002488e-04
0.00893876      	-1.07002488e-04
0.00893929      	-1.07002488e-04
0.00893982      	-1.07002488e-04
0.00894035      	-1.07002488e-04
0.00894087      	-1.07002488e-04
0.0089414       	-1.07002488e-04
0.00894193      	-1.07002488e-04
0.00894246      	-1.07002488e-04
0.00894299      	-1.07002488e-04
0.00894351      	-1.07002488e-04
0.00894404      	-1.07002488e-04
0.00894457      	-1.07002488e-04
0.0089451       	-1.07002488e-04
0.00894562      	-1.07002488e-04
0.00894615      	-1.07002488e-04
0.00894668      	-1.07002488e-04
0.00894721      	-1.07002488e-04
0.00894774      	-1.07002488e-04
0.00894826      	-1.07002488e-04
0.00894879      	-1.07002488e-04
0.00894932      	-1.07002488e-04
0.00894985      	-1.07002488e-04
0.00895038      	-1.07002488e-04
0.0089509       	-1.07002488e-04
0.00895143      	-1.07002488e-04
0.00895196      	-1.07002488e-04
0.00895249      	-1.07002488e-04
0.00895302      	-1.07002488e-04
0.00895356      	-1.07002488e-04
0.00895409      	-1.07002488e-04
0.00895462      	-1.07002488e-04
0.00895516      	-1.07002488e-04
0.00895569      	-1.07002488e-04
0.00895622      	-1.07002488e-04
0.00895676      	-1.07002488e-04
0.00895729      	-1.07002488e-04
0.00895783      	-1.07002488e-04
0.00895836      	-1.07002488e-04
0.00895889      	-1.07002488e-04
0.00895943      	-1.07002488e-04
0.00895996      	-1.07002488e-04
0.0089605       	-1.07002488e-04
0.00896103      	-1.07002488e-04
0.00896156      	-1.07002488e-04
0.0089621       	-1.07002488e-04
0.00896263      	-1.07002488e-04
0.00896316      	-1.07002488e-04
0.0089637       	-1.07002488e-04
0.00896423      	-1.07002488e-04
0.00896477      	-1.07002488e-04
0.0089653       	-1.07002488e-04
0.00896583      	-1.07002488e-04
0.00896637      	-1.07002488e-04
0.0089669       	-1.07002488e-04
0.00896744      	-1.07002488e-04
0.00896797      	-1.07002488e-04
0.0089685       	-1.07002488e-04
0.00896904      	-1.07002488e-04
0.00896957      	-1.07002488e-04
0.0089701       	-1.07002488e-04
0.00897064      	-1.07002488e-04
0.00897117      	-1.07002488e-04
0.00897171      	-1.07002488e-04
0.00897224      	-1.07002488e-04
0.00897277      	-1.07002488e-04
0.00897331      	-1.07002488e-04
0.00897384      	-1.07002488e-04
0.00897438      	-1.07002488e-04
0.00897491      	-1.07002488e-04
0.00897544      	-1.07002488e-04
0.00897598      	-1.07002488e-04
0.00897651      	-1.07002488e-04
0.00897704      	-1.07002488e-04
0.00897758      	-1.07002488e-04
0.00897811      	-1.07002488e-04
0.00897865      	-1.07002488e-04
0.00897918      	-1.07002488e-04
0.00897971      	-1.07002488e-04
0.00898025      	-1.07002488e-04
0.00898078      	-1.07002488e-04
0.00898132      	-1.07002488e-04
0.00898185      	-1.07002488e-04
0.00898238      	-1.07002488e-04
0.00898292      	-1.07002488e-04
0.00898345      	-1.07002488e-04
0.00898398      	-1.07002488e-04
0.00898452      	-1.07002488e-04
0.00898505      	-1.07002488e-04
0.00898559      	-1.07002488e-04
0.00898612      	-1.07002488e-04
0.00898665      	-1.07002488e-04
0.00898719      	-1.07002488e-04
0.00898772      	-1.07002488e-04
0.00898826      	-1.07002488e-04
0.00898879      	-1.07002488e-04
0.00898932      	-1.07002488e-04
0.00898986      	-1.07002488e-04
0.00899039      	-1.07002488e-04
0.00899092      	-1.07002488e-04
0.00899146      	-1.07002488e-04
0.00899199      	-1.07002488e-04
0.00899253      	-1.07002488e-04
0.00899306      	-1.07002488e-04
0.00899359      	-1.07002488e-04
0.00899413      	-1.07002488e-04
0.00899466      	-1.07002488e-04
0.0089952       	-1.07002488e-04
0.00899573      	-1.07002488e-04
0.00899626      	-1.07002488e-04
0.0089968       	-1.07002488e-04
0.00899733      	-1.07002488e-04
0.00899786      	-1.07002488e-04
0.0089984       	-1.07002488e-04
0.00899893      	-1.07002488e-04
0.00899947      	-1.07002488e-04
0.009           	-1.07002488e-04
0.00900055      	-1.07002488e-04
0.0090011       	-1.07002488e-04
0.00900165      	-1.07002488e-04
0.0090022       	-1.07002488e-04
0.00900275      	-1.07002488e-04
0.0090033       	-1.07002488e-04
0.00900385      	-1.07002488e-04
0.00900441      	-1.07002488e-04
0.00900496      	-1.07002488e-04
0.00900551      	-1.07002488e-04
0.00900607      	-1.07002488e-04
0.00900662      	-1.07002488e-04
0.00900718      	-1.07002488e-04
0.00900773      	-1.07002488e-04
0.00900829      	-1.07002488e-04
0.00900884      	-1.07002488e-04
0.0090094       	-1.07002488e-04
0.00900996      	-1.07002488e-04
0.00901052      	-1.07002488e-04
0.00901107      	-1.07002488e-04
0.00901163      	-1.07002488e-04
0.00901219      	-1.07002488e-04
0.00901275      	-1.07002488e-04
0.00901331      	-1.07002488e-04
0.00901387      	-1.07002488e-04
0.00901443      	-1.07002488e-04
0.009015        	-1.07002488e-04
0.00901556      	-1.07002488e-04
0.00901612      	-1.07002488e-04
0.00901668      	-1.07002488e-04
0.00901725      	-1.07002488e-04
0.00901781      	-1.07002488e-04
0.00901837      	-1.07002488e-04
0.00901894      	-1.07002488e-04
0.0090195       	-1.07002488e-04
0.00902007      	-1.07002488e-04
0.00902063      	-1.07002488e-04
0.0090212       	-1.07002488e-04
0.00902177      	-1.07002488e-04
0.00902234      	-1.07002488e-04
0.0090229       	-1.07002488e-04
0.00902347      	-1.07002488e-04
0.00902404      	-1.07002488e-04
0.00902461      	-1.07002488e-04
0.00902518      	-1.07002488e-04
0.00902575      	-1.07002488e-04
0.00902632      	-1.07002488e-04
0.00902689      	-1.07002488e-04
0.00902746      	-1.07002488e-04
0.00902804      	-1.07002488e-04
0.00902861      	-1.07002488e-04
0.00902918      	-1.07002488e-04
0.00902976      	-1.07002488e-04
0.00903033      	-1.07002488e-04
0.00903091      	-1.07002488e-04
0.00903148      	-1.07002488e-04
0.00903206      	-1.07002488e-04
0.00903264      	-1.07002488e-04
0.00903322      	-1.07002488e-04
0.0090338       	-1.07002488e-04
0.00903438      	-1.07002488e-04
0.00903496      	-1.07002488e-04
0.00903554      	-1.07002488e-04
0.00903613      	-1.07002488e-04
0.00903671      	-1.07002488e-04
0.00903729      	-1.07002488e-04
0.00903788      	-1.07002488e-04
0.00903847      	-1.07002488e-04
0.00903905      	-1.07002488e-04
0.00903964      	-1.07002488e-04
0.00904023      	-1.07002488e-04
0.00904083      	-1.07002488e-04
0.00904142      	-1.07002488e-04
0.00904201      	-1.07002488e-04
0.0090426       	-1.07002488e-04
0.0090432       	-1.07002488e-04
0.00904379      	-1.07002488e-04
0.00904439      	-1.07002488e-04
0.00904499      	-1.07002488e-04
0.00904559      	-1.07002488e-04
0.00904619      	-1.07002488e-04
0.00904679      	-1.07002488e-04
0.00904739      	-1.07002488e-04
0.00904799      	-1.07002488e-04
0.0090486       	-1.07002488e-04
0.00904921      	-1.07002488e-04
0.00904981      	-1.07002488e-04
0.00905042      	-1.07002488e-04
0.00905103      	-1.07002488e-04
0.00905164      	-1.07002488e-04
0.00905225      	-1.07002488e-04
0.00905286      	-1.07002488e-04
0.00905347      	-1.07002488e-04
0.00905409      	-1.07002488e-04
0.00905471      	-1.07002488e-04
0.00905532      	-1.07002488e-04
0.00905594      	-1.07002488e-04
0.00905656      	-1.07002488e-04
0.00905718      	-1.07002488e-04
0.0090578       	-1.07002488e-04
0.00905843      	-1.07002488e-04
0.00905905      	-1.07002488e-04
0.00905968      	-1.07002488e-04
0.00906031      	-1.07002488e-04
0.00906093      	-1.07002488e-04
0.00906156      	-1.07002488e-04
0.00906219      	-1.07002488e-04
0.00906283      	-1.07002488e-04
0.00906346      	-1.07002488e-04
0.00906409      	-1.07002488e-04
0.00906473      	-1.07002488e-04
0.00906536      	-1.07002488e-04
0.009066        	-1.07002488e-04
0.00906664      	-1.07002488e-04
0.00906728      	-1.07002488e-04
0.00906792      	-1.07002488e-04
0.00906856      	-1.07002488e-04
0.00906921      	-1.07002488e-04
0.00906985      	-1.07002488e-04
0.0090705       	-1.07002488e-04
0.00907115      	-1.07002488e-04
0.00907179      	-1.07002488e-04
0.00907244      	-1.07002488e-04
0.00907309      	-1.07002488e-04
0.00907375      	-1.07002488e-04
0.0090744       	-1.07002488e-04
0.00907505      	-1.07002488e-04
0.00907571      	-1.07002488e-04
0.00907637      	-1.07002488e-04
0.00907702      	-1.07002488e-04
0.00907768      	-1.07002488e-04
0.00907834      	-1.07002488e-04
0.009079        	-1.07002488e-04
0.00907966      	-1.07002488e-04
0.00908033      	-1.07002488e-04
0.00908099      	-1.07002488e-04
0.00908166      	-1.07002488e-04
0.00908232      	-1.07002488e-04
0.00908299      	-1.07002488e-04
0.00908365      	-1.07002488e-04
0.00908432      	-1.07002488e-04
0.00908499      	-1.07002488e-04
0.00908566      	-1.07002488e-04
0.00908634      	-1.07002488e-04
0.00908701      	-1.07002488e-04
0.00908769      	-1.07002488e-04
0.00908836      	-1.07002488e-04
0.00908904      	-1.07002488e-04
0.00908972      	-1.07002488e-04
0.0090904       	-1.07002488e-04
0.00909108      	-1.07002488e-04
0.00909176      	-1.07002488e-04
0.00909244      	-1.07002488e-04
0.00909313      	-1.07002488e-04
0.00909381      	-1.07002488e-04
0.0090945       	-1.07002488e-04
0.00909519      	-1.07002488e-04
0.00909588      	-1.07002488e-04
0.00909657      	-1.07002488e-04
0.00909726      	-1.07002488e-04
0.00909795      	-1.07002488e-04
0.00909865      	-1.07002488e-04
0.00909935      	-1.07002488e-04
0.00910005      	-1.07002488e-04
0.00910075      	-1.07002488e-04
0.00910144      	-1.07002488e-04
0.00910215      	-1.07002488e-04
0.00910285      	-1.07002488e-04
0.00910356      	-1.07002488e-04
0.00910427      	-1.07002488e-04
0.00910498      	-1.07002488e-04
0.00910568      	-1.07002488e-04
0.0091064       	-1.07002488e-04
0.00910711      	-1.07002488e-04
0.00910783      	-1.07002488e-04
0.00910855      	-1.07002488e-04
0.00910927      	-1.07002488e-04
0.00910999      	-1.07002488e-04
0.00911071      	-1.07002488e-04
0.00911143      	-1.07002488e-04
0.00911216      	-1.07002488e-04
0.00911289      	-1.07002488e-04
0.00911362      	-1.07002488e-04
0.00911435      	-1.07002488e-04
0.00911508      	-1.07002488e-04
0.00911582      	-1.07002488e-04
0.00911656      	-1.07002488e-04
0.0091173       	-1.07002488e-04
0.00911804      	-1.07002488e-04
0.00911878      	-1.07002488e-04
0.00911953      	-1.07002488e-04
0.00912027      	-1.07002488e-04
0.00912102      	-1.07002488e-04
0.00912178      	-1.07002488e-04
0.00912253      	-1.07002488e-04
0.00912328      	-1.07002488e-04
0.00912404      	-1.07002488e-04
0.0091248       	-1.07002488e-04
0.00912556      	-1.07002488e-04
0.00912632      	-1.07002488e-04
0.00912709      	-1.07002488e-04
0.00912785      	-1.07002488e-04
0.00912862      	-1.07002488e-04
0.00912939      	-1.07002488e-04
0.00913016      	-1.07002488e-04
0.00913094      	-1.07002488e-04
0.00913172      	-1.07002488e-04
0.00913249      	-1.07002488e-04
0.00913328      	-1.07002488e-04
0.00913406      	-1.07002488e-04
0.00913485      	-1.07002488e-04
0.00913563      	-1.07002488e-04
0.00913642      	-1.07002488e-04
0.00913721      	-1.07002488e-04
0.00913801      	-1.07002488e-04
0.0091388       	-1.07002488e-04
0.0091396       	-1.07002488e-04
0.00914039      	-1.07002488e-04
0.00914119      	-1.07002488e-04
0.00914199      	-1.07002488e-04
0.0091428       	-1.07002488e-04
0.0091436       	-1.07002488e-04
0.00914441      	-1.07002488e-04
0.00914521      	-1.07002488e-04
0.00914602      	-1.07002488e-04
0.00914683      	-1.07002488e-04
0.00914763      	-1.07002488e-04
0.00914844      	-1.07002488e-04
0.00914926      	-1.07002488e-04
0.00915007      	-1.07002488e-04
0.00915089      	-1.07002488e-04
0.00915171      	-1.07002488e-04
0.00915253      	-1.07002488e-04
0.00915335      	-1.07002488e-04
0.00915417      	-1.07002488e-04
0.00915498      	-1.07002488e-04
0.0091558       	-1.07002488e-04
0.00915662      	-1.07002488e-04
0.00915744      	-1.07002488e-04
0.00915826      	-1.07002488e-04
0.00915908      	-1.07002488e-04
0.00915991      	-1.07002488e-04
0.00916075      	-1.07002488e-04
0.00916158      	-1.07002488e-04
0.00916242      	-1.07002488e-04
0.00916325      	-1.07002488e-04
0.00916409      	-1.07002488e-04
0.00916492      	-1.07002488e-04
0.00916576      	-1.07002488e-04
0.00916659      	-1.07002488e-04
0.00916743      	-1.07002488e-04
0.00916826      	-1.07002488e-04
0.0091691       	-1.07002488e-04
0.00916993      	-1.07002488e-04
0.00917077      	-1.07002488e-04
0.0091716       	-1.07002488e-04
0.00917244      	-1.07002488e-04
0.00917327      	-1.07002488e-04
0.00917411      	-1.07002488e-04
0.00917495      	-1.07002488e-04
0.00917578      	-1.07002488e-04
0.00917662      	-1.07002488e-04
0.00917745      	-1.07002488e-04
0.00917829      	-1.07002488e-04
0.00917912      	-1.07002488e-04
0.00917996      	-1.07002488e-04
0.00918079      	-1.07002488e-04
0.00918163      	-1.07002488e-04
0.00918246      	-1.07002488e-04
0.0091833       	-1.07002488e-04
0.00918413      	-1.07002488e-04
0.00918497      	-1.07002488e-04
0.0091858       	-1.07002488e-04
0.00918664      	-1.07002488e-04
0.00918747      	-1.07002488e-04
0.00918831      	-1.07002488e-04
0.00918914      	-1.07002488e-04
0.00918998      	-1.07002488e-04
0.00919081      	-1.07002488e-04
0.00919165      	-1.07002488e-04
0.00919248      	-1.07002488e-04
0.00919332      	-1.07002488e-04
0.00919415      	-1.07002488e-04
0.00919499      	-1.07002488e-04
0.00919582      	-1.07002488e-04
0.00919666      	-1.07002488e-04
0.00919749      	-1.07002488e-04
0.00919833      	-1.07002488e-04
0.00919916      	-1.07002488e-04
0.0092          	-1.07002488e-04
0.00920085      	-1.07002488e-04
0.0092017       	-1.07002488e-04
0.00920255      	-1.07002488e-04
0.0092034       	-1.07002488e-04
0.00920426      	-1.07002488e-04
0.00920511      	-1.07002488e-04
0.00920596      	-1.07002488e-04
0.0092068       	-1.07002488e-04
0.00920765      	-1.07002488e-04
0.0092085       	-1.07002488e-04
0.00920935      	-1.07002488e-04
0.00921019      	-1.07002488e-04
0.00921104      	-1.07002488e-04
0.00921189      	-1.07002488e-04
0.00921274      	-1.07002488e-04
0.00921358      	-1.07002488e-04
0.00921443      	-1.07002488e-04
0.00921527      	-1.07002488e-04
0.00921611      	-1.07002488e-04
0.00921696      	-1.07002488e-04
0.0092178       	-1.07002488e-04
0.00921864      	-1.07002488e-04
0.00921948      	-1.07002488e-04
0.00922032      	-1.07002488e-04
0.00922116      	-1.07002488e-04
0.009222        	-1.07002488e-04
0.00922284      	-1.07002488e-04
0.00922368      	-1.07002488e-04
0.00922452      	-1.07002488e-04
0.00922535      	-1.07002488e-04
0.00922619      	-1.07002488e-04
0.00922702      	-1.07002488e-04
0.00922786      	-1.07002488e-04
0.0092287       	-1.07002488e-04
0.00922953      	-1.07002488e-04
0.00923037      	-1.07002488e-04
0.0092312       	-1.07002488e-04
0.00923203      	-1.07002488e-04
0.00923286      	-1.07002488e-04
0.00923369      	-1.07002488e-04
0.00923452      	-1.07002488e-04
0.00923536      	-1.07002488e-04
0.00923619      	-1.07002488e-04
0.00923702      	-1.07002488e-04
0.00923784      	-1.07002488e-04
0.00923867      	-1.07002488e-04
0.0092395       	-1.07002488e-04
0.00924032      	-1.07002488e-04
0.00924115      	-1.07002488e-04
0.00924198      	-1.07002488e-04
0.00924281      	-1.07002488e-04
0.00924363      	-1.07002488e-04
0.00924445      	-1.07002488e-04
0.00924528      	-1.07002488e-04
0.0092461       	-1.07002488e-04
0.00924692      	-1.07002488e-04
0.00924774      	-1.07002488e-04
0.00924857      	-1.07002488e-04
0.00924939      	-1.07002488e-04
0.00925021      	-1.07002488e-04
0.00925103      	-1.07002488e-04
0.00925185      	-1.07002488e-04
0.00925266      	-1.07002488e-04
0.00925348      	-1.07002488e-04
0.0092543       	-1.07002488e-04
0.00925512      	-1.07002488e-04
0.00925594      	-1.07002488e-04
0.00925676      	-1.07002488e-04
0.00925757      	-1.07002488e-04
0.00925839      	-1.07002488e-04
0.0092592       	-1.07002488e-04
0.00926001      	-1.07002488e-04
0.00926083      	-1.07002488e-04
0.00926164      	-1.07002488e-04
0.00926245      	-1.07002488e-04
0.00926327      	-1.07002488e-04
0.00926408      	-1.07002488e-04
0.0092649       	-1.07002488e-04
0.00926571      	-1.07002488e-04
0.00926651      	-1.07002488e-04
0.00926732      	-1.07002488e-04
0.00926813      	-1.07002488e-04
0.00926894      	-1.07002488e-04
0.00926975      	-1.07002488e-04
0.00927056      	-1.07002488e-04
0.00927137      	-1.07002488e-04
0.00927218      	-1.07002488e-04
0.00927299      	-1.07002488e-04
0.00927379      	-1.07002488e-04
0.00927459      	-1.07002488e-04
0.0092754       	-1.07002488e-04
0.0092762       	-1.07002488e-04
0.00927701      	-1.07002488e-04
0.00927781      	-1.07002488e-04
0.00927861      	-1.07002488e-04
0.00927942      	-1.07002488e-04
0.00928022      	-1.07002488e-04
0.00928102      	-1.07002488e-04
0.00928182      	-1.07002488e-04
0.00928262      	-1.07002488e-04
0.00928342      	-1.07002488e-04
0.00928421      	-1.07002488e-04
0.00928501      	-1.07002488e-04
0.00928581      	-1.07002488e-04
0.00928661      	-1.07002488e-04
0.0092874       	-1.07002488e-04
0.0092882       	-1.07002488e-04
0.00928899      	-1.07002488e-04
0.00928978      	-1.07002488e-04
0.00929057      	-1.07002488e-04
0.00929137      	-1.07002488e-04
0.00929216      	-1.07002488e-04
0.00929295      	-1.07002488e-04
0.00929374      	-1.07002488e-04
0.00929453      	-1.07002488e-04
0.00929531      	-1.07002488e-04
0.0092961       	-1.07002488e-04
0.00929689      	-1.07002488e-04
0.00929768      	-1.07002488e-04
0.00929846      	-1.07002488e-04
0.00929924      	-1.07002488e-04
0.00930002      	-1.07002488e-04
0.00930081      	-1.07002488e-04
0.00930159      	-1.07002488e-04
0.00930237      	-1.07002488e-04
0.00930315      	-1.07002488e-04
0.00930393      	-1.07002488e-04
0.00930471      	-1.07002488e-04
0.00930549      	-1.07002488e-04
0.00930626      	-1.07002488e-04
0.00930704      	-1.07002488e-04
0.00930781      	-1.07002488e-04
0.00930858      	-1.07002488e-04
0.00930936      	-1.07002488e-04
0.00931013      	-1.07002488e-04
0.00931091      	-1.07002488e-04
0.00931168      	-1.07002488e-04
0.00931244      	-1.07002488e-04
0.00931321      	-1.07002488e-04
0.00931398      	-1.07002488e-04
0.00931475      	-1.07002488e-04
0.00931552      	-1.07002488e-04
0.00931629      	-1.07002488e-04
0.00931705      	-1.07002488e-04
0.00931781      	-1.07002488e-04
0.00931858      	-1.07002488e-04
0.00931934      	-1.07002488e-04
0.0093201       	-1.07002488e-04
0.00932086      	-1.07002488e-04
0.00932162      	-1.07002488e-04
0.00932238      	-1.07002488e-04
0.00932313      	-1.07002488e-04
0.00932389      	-1.07002488e-04
0.00932464      	-1.07002488e-04
0.00932539      	-1.07002488e-04
0.00932615      	-1.07002488e-04
0.0093269       	-1.07002488e-04
0.00932766      	-1.07002488e-04
0.00932841      	-1.07002488e-04
0.00932916      	-1.07002488e-04
0.00932991      	-1.07002488e-04
0.00933065      	-1.07002488e-04
0.0093314       	-1.07002488e-04
0.00933214      	-1.07002488e-04
0.00933289      	-1.07002488e-04
0.00933364      	-1.07002488e-04
0.00933438      	-1.07002488e-04
0.00933513      	-1.07002488e-04
0.00933587      	-1.07002488e-04
0.00933662      	-1.07002488e-04
0.00933736      	-1.07002488e-04
0.00933809      	-1.07002488e-04
0.00933883      	-1.07002488e-04
0.00933957      	-1.07002488e-04
0.0093403       	-1.07002488e-04
0.00934104      	-1.07002488e-04
0.00934178      	-1.07002488e-04
0.00934251      	-1.07002488e-04
0.00934325      	-1.07002488e-04
0.00934399      	-1.07002488e-04
0.00934473      	-1.07002488e-04
0.00934546      	-1.07002488e-04
0.0093462       	-1.07002488e-04
0.00934694      	-1.07002488e-04
0.00934767      	-1.07002488e-04
0.0093484       	-1.07002488e-04
0.00934913      	-1.07002488e-04
0.00934985      	-1.07002488e-04
0.00935058      	-1.07002488e-04
0.00935131      	-1.07002488e-04
0.00935203      	-1.07002488e-04
0.00935276      	-1.07002488e-04
0.00935349      	-1.07002488e-04
0.00935421      	-1.07002488e-04
0.00935494      	-1.07002488e-04
0.00935567      	-1.07002488e-04
0.00935639      	-1.07002488e-04
0.00935712      	-1.07002488e-04
0.00935785      	-1.07002488e-04
0.00935858      	-1.07002488e-04
0.0093593       	-1.07002488e-04
0.00936003      	-1.07002488e-04
0.00936076      	-1.07002488e-04
0.00936148      	-1.07002488e-04
0.00936221      	-1.07002488e-04
0.00936294      	-1.07002488e-04
0.00936365      	-1.07002488e-04
0.00936436      	-1.07002488e-04
0.00936507      	-1.07002488e-04
0.00936579      	-1.07002488e-04
0.0093665       	-1.07002488e-04
0.00936721      	-1.07002488e-04
0.00936793      	-1.07002488e-04
0.00936864      	-1.07002488e-04
0.00936935      	-1.07002488e-04
0.00937006      	-1.07002488e-04
0.00937078      	-1.07002488e-04
0.00937149      	-1.07002488e-04
0.0093722       	-1.07002488e-04
0.00937291      	-1.07002488e-04
0.00937363      	-1.07002488e-04
0.00937434      	-1.07002488e-04
0.00937505      	-1.07002488e-04
0.00937577      	-1.07002488e-04
0.00937648      	-1.07002488e-04
0.00937719      	-1.07002488e-04
0.0093779       	-1.07002488e-04
0.00937862      	-1.07002488e-04
0.00937933      	-1.07002488e-04
0.00938004      	-1.07002488e-04
0.00938076      	-1.07002488e-04
0.00938147      	-1.07002488e-04
0.00938218      	-1.07002488e-04
0.00938289      	-1.07002488e-04
0.00938361      	-1.07002488e-04
0.00938432      	-1.07002488e-04
0.00938503      	-1.07002488e-04
0.00938574      	-1.07002488e-04
0.00938646      	-1.07002488e-04
0.00938717      	-1.07002488e-04
0.00938788      	-1.07002488e-04
0.0093886       	-1.07002488e-04
0.00938931      	-1.07002488e-04
0.00939002      	-1.07002488e-04
0.00939073      	-1.07002488e-04
0.00939145      	-1.07002488e-04
0.00939216      	-1.07002488e-04
0.00939287      	-1.07002488e-04
0.00939359      	-1.07002488e-04
0.0093943       	-1.07002488e-04
0.00939501      	-1.07002488e-04
0.00939572      	-1.07002488e-04
0.00939644      	-1.07002488e-04
0.00939715      	-1.07002488e-04
0.00939786      	-1.07002488e-04
0.00939857      	-1.07002488e-04
0.00939929      	-1.07002488e-04
0.0094          	-1.07002488e-04
0.00940068      	-1.07002488e-04
0.00940136      	-1.07002488e-04
0.00940204      	-1.07002488e-04
0.00940271      	-1.07002488e-04
0.00940339      	-1.07002488e-04
0.00940406      	-1.07002488e-04
0.00940473      	-1.07002488e-04
0.00940541      	-1.07002488e-04
0.00940608      	-1.07002488e-04
0.00940675      	-1.07002488e-04
0.00940742      	-1.07002488e-04
0.00940809      	-1.07002488e-04
0.00940876      	-1.07002488e-04
0.00940942      	-1.07002488e-04
0.00941009      	-1.07002488e-04
0.00941076      	-1.07002488e-04
0.00941142      	-1.07002488e-04
0.00941208      	-1.07002488e-04
0.00941275      	-1.07002488e-04
0.00941341      	-1.07002488e-04
0.00941407      	-1.07002488e-04
0.00941473      	-1.07002488e-04
0.00941539      	-1.07002488e-04
0.00941605      	-1.07002488e-04
0.0094167       	-1.07002488e-04
0.00941736      	-1.07002488e-04
0.00941802      	-1.07002488e-04
0.00941867      	-1.07002488e-04
0.00941933      	-1.07002488e-04
0.00941998      	-1.07002488e-04
0.00942063      	-1.07002488e-04
0.00942129      	-1.07002488e-04
0.00942194      	-1.07002488e-04
0.00942259      	-1.07002488e-04
0.00942324      	-1.07002488e-04
0.00942389      	-1.07002488e-04
0.00942454      	-1.07002488e-04
0.00942518      	-1.07002488e-04
0.00942583      	-1.07002488e-04
0.00942648      	-1.07002488e-04
0.00942712      	-1.07002488e-04
0.00942777      	-1.07002488e-04
0.00942841      	-1.07002488e-04
0.00942905      	-1.07002488e-04
0.0094297       	-1.07002488e-04
0.00943034      	-1.07002488e-04
0.00943098      	-1.07002488e-04
0.00943162      	-1.07002488e-04
0.00943226      	-1.07002488e-04
0.0094329       	-1.07002488e-04
0.00943354      	-1.07002488e-04
0.00943418      	-1.07002488e-04
0.00943482      	-1.07002488e-04
0.00943546      	-1.07002488e-04
0.00943609      	-1.07002488e-04
0.00943673      	-1.07002488e-04
0.00943737      	-1.07002488e-04
0.009438        	-1.07002488e-04
0.00943864      	-1.07002488e-04
0.00943927      	-1.07002488e-04
0.00943991      	-1.07002488e-04
0.00944054      	-1.07002488e-04
0.00944117      	-1.07002488e-04
0.0094418       	-1.07002488e-04
0.00944244      	-1.07002488e-04
0.00944307      	-1.07002488e-04
0.0094437       	-1.07002488e-04
0.00944433      	-1.07002488e-04
0.00944496      	-1.07002488e-04
0.00944559      	-1.07002488e-04
0.00944621      	-1.07002488e-04
0.00944684      	-1.07002488e-04
0.00944747      	-1.07002488e-04
0.0094481       	-1.07002488e-04
0.00944872      	-1.07002488e-04
0.00944935      	-1.07002488e-04
0.00944997      	-1.07002488e-04
0.0094506       	-1.07002488e-04
0.00945122      	-1.07002488e-04
0.00945184      	-1.07002488e-04
0.00945247      	-1.07002488e-04
0.00945309      	-1.07002488e-04
0.00945371      	-1.07002488e-04
0.00945433      	-1.07002488e-04
0.00945495      	-1.07002488e-04
0.00945557      	-1.07002488e-04
0.00945619      	-1.07002488e-04
0.00945681      	-1.07002488e-04
0.00945743      	-1.07002488e-04
0.00945805      	-1.07002488e-04
0.00945867      	-1.07002488e-04
0.00945929      	-1.07002488e-04
0.0094599       	-1.07002488e-04
0.00946052      	-1.07002488e-04
0.00946113      	-1.07002488e-04
0.00946175      	-1.07002488e-04
0.00946236      	-1.07002488e-04
0.00946298      	-1.07002488e-04
0.00946359      	-1.07002488e-04
0.0094642       	-1.07002488e-04
0.00946482      	-1.07002488e-04
0.00946543      	-1.07002488e-04
0.00946604      	-1.07002488e-04
0.00946665      	-1.07002488e-04
0.00946726      	-1.07002488e-04
0.00946787      	-1.07002488e-04
0.00946848      	-1.07002488e-04
0.00946909      	-1.07002488e-04
0.0094697       	-1.07002488e-04
0.00947031      	-1.07002488e-04
0.00947091      	-1.07002488e-04
0.00947152      	-1.07002488e-04
0.00947212      	-1.07002488e-04
0.00947273      	-1.07002488e-04
0.00947334      	-1.07002488e-04
0.00947394      	-1.07002488e-04
0.00947454      	-1.07002488e-04
0.00947515      	-1.07002488e-04
0.00947575      	-1.07002488e-04
0.00947635      	-1.07002488e-04
0.00947695      	-1.07002488e-04
0.00947755      	-1.07002488e-04
0.00947815      	-1.07002488e-04
0.00947875      	-1.07002488e-04
0.00947935      	-1.07002488e-04
0.00947995      	-1.07002488e-04
0.00948055      	-1.07002488e-04
0.00948115      	-1.07002488e-04
0.00948174      	-1.07002488e-04
0.00948234      	-1.07002488e-04
0.00948293      	-1.07002488e-04
0.00948353      	-1.07002488e-04
0.00948412      	-1.07002488e-04
0.00948472      	-1.07002488e-04
0.00948531      	-1.07002488e-04
0.0094859       	-1.07002488e-04
0.00948649      	-1.07002488e-04
0.00948708      	-1.07002488e-04
0.00948768      	-1.07002488e-04
0.00948827      	-1.07002488e-04
0.00948886      	-1.07002488e-04
0.00948945      	-1.07002488e-04
0.00949003      	-1.07002488e-04
0.00949062      	-1.07002488e-04
0.00949121      	-1.07002488e-04
0.0094918       	-1.07002488e-04
0.00949239      	-1.07002488e-04
0.00949297      	-1.07002488e-04
0.00949356      	-1.07002488e-04
0.00949414      	-1.07002488e-04
0.00949473      	-1.07002488e-04
0.00949531      	-1.07002488e-04
0.0094959       	-1.07002488e-04
0.00949648      	-1.07002488e-04
0.00949707      	-1.07002488e-04
0.00949765      	-1.07002488e-04
0.00949824      	-1.07002488e-04
0.00949882      	-1.07002488e-04
0.00949941      	-1.07002488e-04
0.00949999      	-1.07002488e-04
0.00950058      	-1.07002488e-04
0.00950116      	-1.07002488e-04
0.00950174      	-1.07002488e-04
0.00950232      	-1.07002488e-04
0.0095029       	-1.07002488e-04
0.00950348      	-1.07002488e-04
0.00950407      	-1.07002488e-04
0.00950465      	-1.07002488e-04
0.00950523      	-1.07002488e-04
0.00950581      	-1.07002488e-04
0.00950639      	-1.07002488e-04
0.00950697      	-1.07002488e-04
0.00950755      	-1.07002488e-04
0.00950814      	-1.07002488e-04
0.00950871      	-1.07002488e-04
0.00950929      	-1.07002488e-04
0.00950987      	-1.07002488e-04
0.00951045      	-1.07002488e-04
0.00951102      	-1.07002488e-04
0.0095116       	-1.07002488e-04
0.00951218      	-1.07002488e-04
0.00951276      	-1.07002488e-04
0.00951334      	-1.07002488e-04
0.00951391      	-1.07002488e-04
0.00951449      	-1.07002488e-04
0.00951507      	-1.07002488e-04
0.00951564      	-1.07002488e-04
0.00951622      	-1.07002488e-04
0.00951679      	-1.07002488e-04
0.00951736      	-1.07002488e-04
0.00951794      	-1.07002488e-04
0.00951851      	-1.07002488e-04
0.00951909      	-1.07002488e-04
0.00951966      	-1.07002488e-04
0.00952023      	-1.07002488e-04
0.00952081      	-1.07002488e-04
0.00952138      	-1.07002488e-04
0.00952196      	-1.07002488e-04
0.00952253      	-1.07002488e-04
0.00952309      	-1.07002488e-04
0.00952366      	-1.07002488e-04
0.00952423      	-1.07002488e-04
0.0095248       	-1.07002488e-04
0.00952537      	-1.07002488e-04
0.00952594      	-1.07002488e-04
0.00952651      	-1.07002488e-04
0.00952708      	-1.07002488e-04
0.00952765      	-1.07002488e-04
0.00952822      	-1.07002488e-04
0.00952878      	-1.07002488e-04
0.00952935      	-1.07002488e-04
0.00952991      	-1.07002488e-04
0.00953048      	-1.07002488e-04
0.00953104      	-1.07002488e-04
0.00953161      	-1.07002488e-04
0.00953217      	-1.07002488e-04
0.00953274      	-1.07002488e-04
0.0095333       	-1.07002488e-04
0.00953386      	-1.07002488e-04
0.00953442      	-1.07002488e-04
0.00953498      	-1.07002488e-04
0.00953554      	-1.07002488e-04
0.0095361       	-1.07002488e-04
0.00953666      	-1.07002488e-04
0.00953722      	-1.07002488e-04
0.00953778      	-1.07002488e-04
0.00953834      	-1.07002488e-04
0.00953889      	-1.07002488e-04
0.00953945      	-1.07002488e-04
0.00954001      	-1.07002488e-04
0.00954056      	-1.07002488e-04
0.00954112      	-1.07002488e-04
0.00954167      	-1.07002488e-04
0.00954223      	-1.07002488e-04
0.00954278      	-1.07002488e-04
0.00954333      	-1.07002488e-04
0.00954388      	-1.07002488e-04
0.00954443      	-1.07002488e-04
0.00954498      	-1.07002488e-04
0.00954553      	-1.07002488e-04
0.00954608      	-1.07002488e-04
0.00954663      	-1.07002488e-04
0.00954718      	-1.07002488e-04
0.00954773      	-1.07002488e-04
0.00954828      	-1.07002488e-04
0.00954883      	-1.07002488e-04
0.00954938      	-1.07002488e-04
0.00954992      	-1.07002488e-04
0.00955047      	-1.07002488e-04
0.00955101      	-1.07002488e-04
0.00955156      	-1.07002488e-04
0.0095521       	-1.07002488e-04
0.00955265      	-1.07002488e-04
0.00955319      	-1.07002488e-04
0.00955373      	-1.07002488e-04
0.00955428      	-1.07002488e-04
0.00955482      	-1.07002488e-04
0.00955537      	-1.07002488e-04
0.00955591      	-1.07002488e-04
0.00955646      	-1.07002488e-04
0.009557        	-1.07002488e-04
0.00955754      	-1.07002488e-04
0.00955809      	-1.07002488e-04
0.00955863      	-1.07002488e-04
0.00955918      	-1.07002488e-04
0.00955972      	-1.07002488e-04
0.00956027      	-1.07002488e-04
0.00956081      	-1.07002488e-04
0.00956135      	-1.07002488e-04
0.0095619       	-1.07002488e-04
0.00956244      	-1.07002488e-04
0.00956299      	-1.07002488e-04
0.00956353      	-1.07002488e-04
0.00956408      	-1.07002488e-04
0.00956462      	-1.07002488e-04
0.00956517      	-1.07002488e-04
0.00956571      	-1.07002488e-04
0.00956625      	-1.07002488e-04
0.0095668       	-1.07002488e-04
0.00956734      	-1.07002488e-04
0.00956789      	-1.07002488e-04
0.00956843      	-1.07002488e-04
0.00956898      	-1.07002488e-04
0.00956952      	-1.07002488e-04
0.00957006      	-1.07002488e-04
0.00957061      	-1.07002488e-04
0.00957115      	-1.07002488e-04
0.0095717       	-1.07002488e-04
0.00957224      	-1.07002488e-04
0.00957279      	-1.07002488e-04
0.00957333      	-1.07002488e-04
0.00957387      	-1.07002488e-04
0.00957442      	-1.07002488e-04
0.00957496      	-1.07002488e-04
0.00957551      	-1.07002488e-04
0.00957605      	-1.07002488e-04
0.0095766       	-1.07002488e-04
0.00957714      	-1.07002488e-04
0.00957768      	-1.07002488e-04
0.00957823      	-1.07002488e-04
0.00957877      	-1.07002488e-04
0.00957932      	-1.07002488e-04
0.00957986      	-1.07002488e-04
0.00958041      	-1.07002488e-04
0.00958095      	-1.07002488e-04
0.00958149      	-1.07002488e-04
0.00958204      	-1.07002488e-04
0.00958258      	-1.07002488e-04
0.00958313      	-1.07002488e-04
0.00958367      	-1.07002488e-04
0.00958422      	-1.07002488e-04
0.00958476      	-1.07002488e-04
0.0095853       	-1.07002488e-04
0.00958585      	-1.07002488e-04
0.00958639      	-1.07002488e-04
0.00958694      	-1.07002488e-04
0.00958748      	-1.07002488e-04
0.00958803      	-1.07002488e-04
0.00958857      	-1.07002488e-04
0.00958911      	-1.07002488e-04
0.00958966      	-1.07002488e-04
0.0095902       	-1.07002488e-04
0.00959075      	-1.07002488e-04
0.00959129      	-1.07002488e-04
0.00959184      	-1.07002488e-04
0.00959238      	-1.07002488e-04
0.00959292      	-1.07002488e-04
0.00959347      	-1.07002488e-04
0.00959401      	-1.07002488e-04
0.00959456      	-1.07002488e-04
0.0095951       	-1.07002488e-04
0.00959565      	-1.07002488e-04
0.00959619      	-1.07002488e-04
0.00959673      	-1.07002488e-04
0.00959728      	-1.07002488e-04
0.00959782      	-1.07002488e-04
0.00959837      	-1.07002488e-04
0.00959891      	-1.07002488e-04
0.00959946      	-1.07002488e-04
0.0096          	-1.07002488e-04
0.00960054      	-1.07002488e-04
0.00960108      	-1.07002488e-04
0.00960162      	-1.07002488e-04
0.00960216      	-1.07002488e-04
0.0096027       	-1.07002488e-04
0.00960323      	-1.07002488e-04
0.00960377      	-1.07002488e-04
0.00960431      	-1.07002488e-04
0.00960485      	-1.07002488e-04
0.00960538      	-1.07002488e-04
0.00960592      	-1.07002488e-04
0.00960645      	-1.07002488e-04
0.00960699      	-1.07002488e-04
0.00960753      	-1.07002488e-04
0.00960806      	-1.07002488e-04
0.00960859      	-1.07002488e-04
0.00960913      	-1.07002488e-04
0.00960966      	-1.07002488e-04
0.0096102       	-1.07002488e-04
0.00961073      	-1.07002488e-04
0.00961126      	-1.07002488e-04
0.0096118       	-1.07002488e-04
0.00961233      	-1.07002488e-04
0.00961286      	-1.07002488e-04
0.00961339      	-1.07002488e-04
0.00961392      	-1.07002488e-04
0.00961446      	-1.07002488e-04
0.00961499      	-1.07002488e-04
0.00961552      	-1.07002488e-04
0.00961605      	-1.07002488e-04
0.00961658      	-1.07002488e-04
0.00961711      	-1.07002488e-04
0.00961764      	-1.07002488e-04
0.00961817      	-1.07002488e-04
0.0096187       	-1.07002488e-04
0.00961923      	-1.07002488e-04
0.00961976      	-1.07002488e-04
0.00962029      	-1.07002488e-04
0.00962082      	-1.07002488e-04
0.00962135      	-1.07002488e-04
0.00962188      	-1.07002488e-04
0.00962241      	-1.07002488e-04
0.00962294      	-1.07002488e-04
0.00962347      	-1.07002488e-04
0.009624        	-1.07002488e-04
0.00962453      	-1.07002488e-04
0.00962506      	-1.07002488e-04
0.00962559      	-1.07002488e-04
0.00962612      	-1.07002488e-04
0.00962665      	-1.07002488e-04
0.00962718      	-1.07002488e-04
0.00962771      	-1.07002488e-04
0.00962825      	-1.07002488e-04
0.00962878      	-1.07002488e-04
0.00962931      	-1.07002488e-04
0.00962984      	-1.07002488e-04
0.00963037      	-1.07002488e-04
0.00963091      	-1.07002488e-04
0.00963144      	-1.07002488e-04
0.00963197      	-1.07002488e-04
0.0096325       	-1.07002488e-04
0.00963304      	-1.07002488e-04
0.00963357      	-1.07002488e-04
0.0096341       	-1.07002488e-04
0.00963464      	-1.07002488e-04
0.00963517      	-1.07002488e-04
0.00963571      	-1.07002488e-04
0.00963624      	-1.07002488e-04
0.00963678      	-1.07002488e-04
0.00963732      	-1.07002488e-04
0.00963785      	-1.07002488e-04
0.00963839      	-1.07002488e-04
0.00963893      	-1.07002488e-04
0.00963946      	-1.07002488e-04
0.00964         	-1.07002488e-04
0.00964054      	-1.07002488e-04
0.00964108      	-1.07002488e-04
0.00964162      	-1.07002488e-04
0.00964215      	-1.07002488e-04
0.00964269      	-1.07002488e-04
0.00964323      	-1.07002488e-04
0.00964377      	-1.07002488e-04
0.00964431      	-1.07002488e-04
0.00964485      	-1.07002488e-04
0.00964539      	-1.07002488e-04
0.00964593      	-1.07002488e-04
0.00964648      	-1.07002488e-04
0.00964702      	-1.07002488e-04
0.00964756      	-1.07002488e-04
0.0096481       	-1.07002488e-04
0.00964865      	-1.07002488e-04
0.00964919      	-1.07002488e-04
0.00964973      	-1.07002488e-04
0.00965028      	-1.07002488e-04
0.00965082      	-1.07002488e-04
0.00965137      	-1.07002488e-04
0.00965191      	-1.07002488e-04
0.00965246      	-1.07002488e-04
0.009653        	-1.07002488e-04
0.00965355      	-1.07002488e-04
0.00965409      	-1.07002488e-04
0.00965464      	-1.07002488e-04
0.00965518      	-1.07002488e-04
0.00965573      	-1.07002488e-04
0.00965628      	-1.07002488e-04
0.00965682      	-1.07002488e-04
0.00965737      	-1.07002488e-04
0.00965792      	-1.07002488e-04
0.00965846      	-1.07002488e-04
0.00965901      	-1.07002488e-04
0.00965955      	-1.07002488e-04
0.0096601       	-1.07002488e-04
0.00966065      	-1.07002488e-04
0.00966119      	-1.07002488e-04
0.00966174      	-1.07002488e-04
0.00966229      	-1.07002488e-04
0.00966283      	-1.07002488e-04
0.00966338      	-1.07002488e-04
0.00966393      	-1.07002488e-04
0.00966447      	-1.07002488e-04
0.00966502      	-1.07002488e-04
0.00966557      	-1.07002488e-04
0.00966611      	-1.07002488e-04
0.00966666      	-1.07002488e-04
0.00966721      	-1.07002488e-04
0.00966776      	-1.07002488e-04
0.00966831      	-1.07002488e-04
0.00966886      	-1.07002488e-04
0.0096694       	-1.07002488e-04
0.00966995      	-1.07002488e-04
0.0096705       	-1.07002488e-04
0.00967105      	-1.07002488e-04
0.0096716       	-1.07002488e-04
0.00967215      	-1.07002488e-04
0.0096727       	-1.07002488e-04
0.00967325      	-1.07002488e-04
0.00967379      	-1.07002488e-04
0.00967434      	-1.07002488e-04
0.00967489      	-1.07002488e-04
0.00967544      	-1.07002488e-04
0.00967599      	-1.07002488e-04
0.00967654      	-1.07002488e-04
0.00967709      	-1.07002488e-04
0.00967765      	-1.07002488e-04
0.0096782       	-1.07002488e-04
0.00967875      	-1.07002488e-04
0.0096793       	-1.07002488e-04
0.00967985      	-1.07002488e-04
0.0096804       	-1.07002488e-04
0.00968096      	-1.07002488e-04
0.00968151      	-1.07002488e-04
0.00968206      	-1.07002488e-04
0.00968262      	-1.07002488e-04
0.00968317      	-1.07002488e-04
0.00968373      	-1.07002488e-04
0.00968428      	-1.07002488e-04
0.00968484      	-1.07002488e-04
0.00968539      	-1.07002488e-04
0.00968595      	-1.07002488e-04
0.00968651      	-1.07002488e-04
0.00968707      	-1.07002488e-04
0.00968763      	-1.07002488e-04
0.00968819      	-1.07002488e-04
0.00968875      	-1.07002488e-04
0.00968931      	-1.07002488e-04
0.00968987      	-1.07002488e-04
0.00969043      	-1.07002488e-04
0.00969099      	-1.07002488e-04
0.00969156      	-1.07002488e-04
0.00969212      	-1.07002488e-04
0.00969269      	-1.07002488e-04
0.00969325      	-1.07002488e-04
0.00969382      	-1.07002488e-04
0.00969439      	-1.07002488e-04
0.00969496      	-1.07002488e-04
0.00969552      	-1.07002488e-04
0.0096961       	-1.07002488e-04
0.00969667      	-1.07002488e-04
0.00969724      	-1.07002488e-04
0.00969781      	-1.07002488e-04
0.00969838      	-1.07002488e-04
0.00969895      	-1.07002488e-04
0.00969953      	-1.07002488e-04
0.0097001       	-1.07002488e-04
0.00970068      	-1.07002488e-04
0.00970125      	-1.07002488e-04
0.00970183      	-1.07002488e-04
0.00970241      	-1.07002488e-04
0.00970299      	-1.07002488e-04
0.00970356      	-1.07002488e-04
0.00970414      	-1.07002488e-04
0.00970472      	-1.07002488e-04
0.00970531      	-1.07002488e-04
0.00970589      	-1.07002488e-04
0.00970647      	-1.07002488e-04
0.00970706      	-1.07002488e-04
0.00970764      	-1.07002488e-04
0.00970822      	-1.07002488e-04
0.00970881      	-1.07002488e-04
0.0097094       	-1.07002488e-04
0.00970999      	-1.07002488e-04
0.00971057      	-1.07002488e-04
0.00971116      	-1.07002488e-04
0.00971175      	-1.07002488e-04
0.00971234      	-1.07002488e-04
0.00971293      	-1.07002488e-04
0.00971352      	-1.07002488e-04
0.00971412      	-1.07002488e-04
0.00971471      	-1.07002488e-04
0.0097153       	-1.07002488e-04
0.00971589      	-1.07002488e-04
0.00971649      	-1.07002488e-04
0.00971708      	-1.07002488e-04
0.00971768      	-1.07002488e-04
0.00971827      	-1.07002488e-04
0.00971887      	-1.07002488e-04
0.00971947      	-1.07002488e-04
0.00972006      	-1.07002488e-04
0.00972066      	-1.07002488e-04
0.00972126      	-1.07002488e-04
0.00972186      	-1.07002488e-04
0.00972246      	-1.07002488e-04
0.00972307      	-1.07002488e-04
0.00972367      	-1.07002488e-04
0.00972427      	-1.07002488e-04
0.00972487      	-1.07002488e-04
0.00972547      	-1.07002488e-04
0.00972607      	-1.07002488e-04
0.00972668      	-1.07002488e-04
0.00972728      	-1.07002488e-04
0.00972789      	-1.07002488e-04
0.00972849      	-1.07002488e-04
0.0097291       	-1.07002488e-04
0.00972971      	-1.07002488e-04
0.00973031      	-1.07002488e-04
0.00973092      	-1.07002488e-04
0.00973152      	-1.07002488e-04
0.00973213      	-1.07002488e-04
0.00973274      	-1.07002488e-04
0.00973335      	-1.07002488e-04
0.00973396      	-1.07002488e-04
0.00973458      	-1.07002488e-04
0.00973519      	-1.07002488e-04
0.0097358       	-1.07002488e-04
0.00973641      	-1.07002488e-04
0.00973702      	-1.07002488e-04
0.00973763      	-1.07002488e-04
0.00973825      	-1.07002488e-04
0.00973887      	-1.07002488e-04
0.00973949      	-1.07002488e-04
0.0097401       	-1.07002488e-04
0.00974072      	-1.07002488e-04
0.00974134      	-1.07002488e-04
0.00974196      	-1.07002488e-04
0.00974257      	-1.07002488e-04
0.00974319      	-1.07002488e-04
0.00974381      	-1.07002488e-04
0.00974444      	-1.07002488e-04
0.00974506      	-1.07002488e-04
0.00974569      	-1.07002488e-04
0.00974631      	-1.07002488e-04
0.00974694      	-1.07002488e-04
0.00974756      	-1.07002488e-04
0.00974818      	-1.07002488e-04
0.00974882      	-1.07002488e-04
0.00974945      	-1.07002488e-04
0.00975008      	-1.07002488e-04
0.00975071      	-1.07002488e-04
0.00975134      	-1.07002488e-04
0.00975198      	-1.07002488e-04
0.00975261      	-1.07002488e-04
0.00975325      	-1.07002488e-04
0.00975389      	-1.07002488e-04
0.00975453      	-1.07002488e-04
0.00975517      	-1.07002488e-04
0.00975581      	-1.07002488e-04
0.00975645      	-1.07002488e-04
0.00975709      	-1.07002488e-04
0.00975773      	-1.07002488e-04
0.00975838      	-1.07002488e-04
0.00975903      	-1.07002488e-04
0.00975968      	-1.07002488e-04
0.00976033      	-1.07002488e-04
0.00976098      	-1.07002488e-04
0.00976163      	-1.07002488e-04
0.00976228      	-1.07002488e-04
0.00976293      	-1.07002488e-04
0.0097636       	-1.07002488e-04
0.00976426      	-1.07002488e-04
0.00976492      	-1.07002488e-04
0.00976558      	-1.07002488e-04
0.00976624      	-1.07002488e-04
0.00976691      	-1.07002488e-04
0.00976757      	-1.07002488e-04
0.00976823      	-1.07002488e-04
0.00976889      	-1.07002488e-04
0.00976955      	-1.07002488e-04
0.00977021      	-1.07002488e-04
0.00977089      	-1.07002488e-04
0.00977157      	-1.07002488e-04
0.00977225      	-1.07002488e-04
0.00977292      	-1.07002488e-04
0.0097736       	-1.07002488e-04
0.00977428      	-1.07002488e-04
0.00977495      	-1.07002488e-04
0.00977563      	-1.07002488e-04
0.00977631      	-1.07002488e-04
0.00977698      	-1.07002488e-04
0.00977766      	-1.07002488e-04
0.00977834      	-1.07002488e-04
0.00977901      	-1.07002488e-04
0.00977969      	-1.07002488e-04
0.00978037      	-1.07002488e-04
0.00978107      	-1.07002488e-04
0.00978177      	-1.07002488e-04
0.00978247      	-1.07002488e-04
0.00978317      	-1.07002488e-04
0.00978387      	-1.07002488e-04
0.00978458      	-1.07002488e-04
0.00978528      	-1.07002488e-04
0.00978598      	-1.07002488e-04
0.00978668      	-1.07002488e-04
0.00978738      	-1.07002488e-04
0.00978808      	-1.07002488e-04
0.00978878      	-1.07002488e-04
0.00978948      	-1.07002488e-04
0.00979018      	-1.07002488e-04
0.00979089      	-1.07002488e-04
0.00979159      	-1.07002488e-04
0.00979229      	-1.07002488e-04
0.00979299      	-1.07002488e-04
0.00979369      	-1.07002488e-04
0.00979439      	-1.07002488e-04
0.00979509      	-1.07002488e-04
0.00979579      	-1.07002488e-04
0.00979649      	-1.07002488e-04
0.0097972       	-1.07002488e-04
0.0097979       	-1.07002488e-04
0.0097986       	-1.07002488e-04
0.0097993       	-1.07002488e-04
0.0098          	-1.07002488e-04
0.00980071      	-1.07002488e-04
0.00980143      	-1.07002488e-04
0.00980215      	-1.07002488e-04
0.00980286      	-1.07002488e-04
0.00980358      	-1.07002488e-04
0.0098043       	-1.07002488e-04
0.00980502      	-1.07002488e-04
0.00980574      	-1.07002488e-04
0.00980645      	-1.07002488e-04
0.00980717      	-1.07002488e-04
0.0098079       	-1.07002488e-04
0.00980862      	-1.07002488e-04
0.00980934      	-1.07002488e-04
0.00981006      	-1.07002488e-04
0.00981079      	-1.07002488e-04
0.00981151      	-1.07002488e-04
0.00981224      	-1.07002488e-04
0.00981297      	-1.07002488e-04
0.00981369      	-1.07002488e-04
0.00981442      	-1.07002488e-04
0.00981515      	-1.07002488e-04
0.00981588      	-1.07002488e-04
0.00981661      	-1.07002488e-04
0.00981734      	-1.07002488e-04
0.00981807      	-1.07002488e-04
0.0098188       	-1.07002488e-04
0.00981954      	-1.07002488e-04
0.00982027      	-1.07002488e-04
0.00982101      	-1.07002488e-04
0.00982175      	-1.07002488e-04
0.00982248      	-1.07002488e-04
0.00982322      	-1.07002488e-04
0.00982396      	-1.07002488e-04
0.0098247       	-1.07002488e-04
0.00982544      	-1.07002488e-04
0.00982618      	-1.07002488e-04
0.00982692      	-1.07002488e-04
0.00982766      	-1.07002488e-04
0.00982841      	-1.07002488e-04
0.00982915      	-1.07002488e-04
0.0098299       	-1.07002488e-04
0.00983064      	-1.07002488e-04
0.00983139      	-1.07002488e-04
0.00983214      	-1.07002488e-04
0.00983289      	-1.07002488e-04
0.00983364      	-1.07002488e-04
0.0098344       	-1.07002488e-04
0.00983515      	-1.07002488e-04
0.0098359       	-1.07002488e-04
0.00983666      	-1.07002488e-04
0.00983742      	-1.07002488e-04
0.00983817      	-1.07002488e-04
0.00983893      	-1.07002488e-04
0.00983969      	-1.07002488e-04
0.00984045      	-1.07002488e-04
0.00984121      	-1.07002488e-04
0.00984197      	-1.07002488e-04
0.00984274      	-1.07002488e-04
0.0098435       	-1.07002488e-04
0.00984426      	-1.07002488e-04
0.00984503      	-1.07002488e-04
0.0098458       	-1.07002488e-04
0.00984657      	-1.07002488e-04
0.00984733      	-1.07002488e-04
0.0098481       	-1.07002488e-04
0.00984887      	-1.07002488e-04
0.00984965      	-1.07002488e-04
0.00985042      	-1.07002488e-04
0.0098512       	-1.07002488e-04
0.00985197      	-1.07002488e-04
0.00985275      	-1.07002488e-04
0.00985353      	-1.07002488e-04
0.0098543       	-1.07002488e-04
0.00985508      	-1.07002488e-04
0.00985586      	-1.07002488e-04
0.00985665      	-1.07002488e-04
0.00985743      	-1.07002488e-04
0.00985821      	-1.07002488e-04
0.009859        	-1.07002488e-04
0.00985978      	-1.07002488e-04
0.00986057      	-1.07002488e-04
0.00986136      	-1.07002488e-04
0.00986215      	-1.07002488e-04
0.00986293      	-1.07002488e-04
0.00986373      	-1.07002488e-04
0.00986452      	-1.07002488e-04
0.00986531      	-1.07002488e-04
0.0098661       	-1.07002488e-04
0.0098669       	-1.07002488e-04
0.00986769      	-1.07002488e-04
0.00986849      	-1.07002488e-04
0.00986929      	-1.07002488e-04
0.00987008      	-1.07002488e-04
0.00987088      	-1.07002488e-04
0.00987168      	-1.07002488e-04
0.00987248      	-1.07002488e-04
0.00987327      	-1.07002488e-04
0.00987407      	-1.07002488e-04
0.00987487      	-1.07002488e-04
0.00987567      	-1.07002488e-04
0.00987648      	-1.07002488e-04
0.00987728      	-1.07002488e-04
0.00987808      	-1.07002488e-04
0.00987888      	-1.07002488e-04
0.00987968      	-1.07002488e-04
0.00988049      	-1.07002488e-04
0.00988129      	-1.07002488e-04
0.00988209      	-1.07002488e-04
0.00988289      	-1.07002488e-04
0.00988369      	-1.07002488e-04
0.0098845       	-1.07002488e-04
0.0098853       	-1.07002488e-04
0.0098861       	-1.07002488e-04
0.0098869       	-1.07002488e-04
0.00988771      	-1.07002488e-04
0.00988851      	-1.07002488e-04
0.00988931      	-1.07002488e-04
0.00989011      	-1.07002488e-04
0.00989091      	-1.07002488e-04
0.00989172      	-1.07002488e-04
0.00989252      	-1.07002488e-04
0.00989332      	-1.07002488e-04
0.00989412      	-1.07002488e-04
0.00989492      	-1.07002488e-04
0.00989573      	-1.07002488e-04
0.00989653      	-1.07002488e-04
0.00989733      	-1.07002488e-04
0.00989813      	-1.07002488e-04
0.00989893      	-1.07002488e-04
0.00989974      	-1.07002488e-04
0.00990054      	-1.07002488e-04
0.00990134      	-1.07002488e-04
0.00990214      	-1.07002488e-04
0.00990295      	-1.07002488e-04
0.00990375      	-1.07002488e-04
0.00990455      	-1.07002488e-04
0.00990535      	-1.07002488e-04
0.00990615      	-1.07002488e-04
0.00990696      	-1.07002488e-04
0.00990776      	-1.07002488e-04
0.00990856      	-1.07002488e-04
0.00990936      	-1.07002488e-04
0.00991016      	-1.07002488e-04
0.00991097      	-1.07002488e-04
0.00991177      	-1.07002488e-04
0.00991257      	-1.07002488e-04
0.00991337      	-1.07002488e-04
0.00991417      	-1.07002488e-04
0.00991498      	-1.07002488e-04
0.00991578      	-1.07002488e-04
0.00991658      	-1.07002488e-04
0.00991738      	-1.07002488e-04
0.00991819      	-1.07002488e-04
0.00991899      	-1.07002488e-04
0.00991978      	-1.07002488e-04
0.00992058      	-1.07002488e-04
0.00992137      	-1.07002488e-04
0.00992216      	-1.07002488e-04
0.00992296      	-1.07002488e-04
0.00992375      	-1.07002488e-04
0.00992455      	-1.07002488e-04
0.00992534      	-1.07002488e-04
0.00992614      	-1.07002488e-04
0.00992693      	-1.07002488e-04
0.00992772      	-1.07002488e-04
0.00992852      	-1.07002488e-04
0.00992931      	-1.07002488e-04
0.00993011      	-1.07002488e-04
0.0099309       	-1.07002488e-04
0.0099317       	-1.07002488e-04
0.00993249      	-1.07002488e-04
0.00993328      	-1.07002488e-04
0.00993408      	-1.07002488e-04
0.00993486      	-1.07002488e-04
0.00993565      	-1.07002488e-04
0.00993643      	-1.07002488e-04
0.00993722      	-1.07002488e-04
0.009938        	-1.07002488e-04
0.00993879      	-1.07002488e-04
0.00993957      	-1.07002488e-04
0.00994036      	-1.07002488e-04
0.00994114      	-1.07002488e-04
0.00994193      	-1.07002488e-04
0.00994271      	-1.07002488e-04
0.0099435       	-1.07002488e-04
0.00994428      	-1.07002488e-04
0.00994505      	-1.07002488e-04
0.00994583      	-1.07002488e-04
0.0099466       	-1.07002488e-04
0.00994738      	-1.07002488e-04
0.00994815      	-1.07002488e-04
0.00994892      	-1.07002488e-04
0.0099497       	-1.07002488e-04
0.00995047      	-1.07002488e-04
0.00995125      	-1.07002488e-04
0.00995202      	-1.07002488e-04
0.00995279      	-1.07002488e-04
0.00995357      	-1.07002488e-04
0.00995434      	-1.07002488e-04
0.00995511      	-1.07002488e-04
0.00995589      	-1.07002488e-04
0.00995666      	-1.07002488e-04
0.00995744      	-1.07002488e-04
0.00995821      	-1.07002488e-04
0.00995898      	-1.07002488e-04
0.00995976      	-1.07002488e-04
0.00996053      	-1.07002488e-04
0.00996129      	-1.07002488e-04
0.00996205      	-1.07002488e-04
0.00996281      	-1.07002488e-04
0.00996357      	-1.07002488e-04
0.00996433      	-1.07002488e-04
0.00996509      	-1.07002488e-04
0.00996584      	-1.07002488e-04
0.0099666       	-1.07002488e-04
0.00996736      	-1.07002488e-04
0.00996812      	-1.07002488e-04
0.00996888      	-1.07002488e-04
0.00996964      	-1.07002488e-04
0.0099704       	-1.07002488e-04
0.00997116      	-1.07002488e-04
0.00997192      	-1.07002488e-04
0.00997268      	-1.07002488e-04
0.00997343      	-1.07002488e-04
0.00997419      	-1.07002488e-04
0.00997495      	-1.07002488e-04
0.00997571      	-1.07002488e-04
0.00997647      	-1.07002488e-04
0.00997723      	-1.07002488e-04
0.00997799      	-1.07002488e-04
0.00997875      	-1.07002488e-04
0.00997951      	-1.07002488e-04
0.00998027      	-1.07002488e-04
0.00998102      	-1.07002488e-04
0.00998178      	-1.07002488e-04
0.00998254      	-1.07002488e-04
0.0099833       	-1.07002488e-04
0.00998406      	-1.07002488e-04
0.00998482      	-1.07002488e-04
0.00998558      	-1.07002488e-04
0.00998634      	-1.07002488e-04
0.0099871       	-1.07002488e-04
0.00998786      	-1.07002488e-04
0.00998861      	-1.07002488e-04
0.00998937      	-1.07002488e-04
0.00999013      	-1.07002488e-04
0.00999089      	-1.07002488e-04
0.00999165      	-1.07002488e-04
0.00999241      	-1.07002488e-04
0.00999317      	-1.07002488e-04
0.00999393      	-1.07002488e-04
0.00999469      	-1.07002488e-04
0.00999545      	-1.07002488e-04
0.0099962       	-1.07002488e-04
0.00999696      	-1.07002488e-04
0.00999772      	-1.07002488e-04
0.00999848      	-1.07002488e-04
0.00999924      	-1.07002488e-04
0.01            	-1.07002488e-04
0.0100007       	-1.07002488e-04
0.0100015       	-1.07002488e-04
0.0100022       	-1.07002488e-04
0.010003        	-1.07002488e-04
0.0100037       	-1.07002488e-04
0.0100045       	-1.07002488e-04
0.0100052       	-1.07002488e-04
0.0100059       	-1.07002488e-04
0.0100067       	-1.07002488e-04
0.0100074       	-1.07002488e-04
0.0100082       	-1.07002488e-04
0.0100089       	-1.07002488e-04
0.0100096       	-1.07002488e-04
0.0100104       	-1.07002488e-04
0.0100111       	-1.07002488e-04
0.0100118       	-1.07002488e-04
0.0100126       	-1.07002488e-04
0.0100133       	-1.07002488e-04
0.010014        	-1.07002488e-04
0.0100148       	-1.07002488e-04
0.0100155       	-1.07002488e-04
0.0100162       	-1.07002488e-04
0.010017        	-1.07002488e-04
0.0100177       	-1.07002488e-04
0.0100184       	-1.07002488e-04
0.0100191       	-1.07002488e-04
0.0100199       	-1.07002488e-04
0.0100206       	-1.07002488e-04
0.0100213       	-1.07002488e-04
0.010022        	-1.07002488e-04
0.0100228       	-1.07002488e-04
0.0100235       	-1.07002488e-04
0.0100242       	-1.07002488e-04
0.0100249       	-1.07002488e-04
0.0100257       	-1.07002488e-04
0.0100264       	-1.07002488e-04
0.0100271       	-1.07002488e-04
0.0100278       	-1.07002488e-04
0.0100285       	-1.07002488e-04
0.0100292       	-1.07002488e-04
0.01003         	-1.07002488e-04
0.0100307       	-1.07002488e-04
0.0100314       	-1.07002488e-04
0.0100321       	-1.07002488e-04
0.0100328       	-1.07002488e-04
0.0100335       	-1.07002488e-04
0.0100343       	-1.07002488e-04
0.010035        	-1.07002488e-04
0.0100357       	-1.07002488e-04
0.0100364       	-1.07002488e-04
0.0100371       	-1.07002488e-04
0.0100378       	-1.07002488e-04
0.0100385       	-1.07002488e-04
0.0100392       	-1.07002488e-04
0.0100399       	-1.07002488e-04
0.0100406       	-1.07002488e-04
0.0100413       	-1.07002488e-04
0.0100421       	-1.07002488e-04
0.0100428       	-1.07002488e-04
0.0100435       	-1.07002488e-04
0.0100442       	-1.07002488e-04
0.0100449       	-1.07002488e-04
0.0100456       	-1.07002488e-04
0.0100463       	-1.07002488e-04
0.010047        	-1.07002488e-04
0.0100477       	-1.07002488e-04
0.0100484       	-1.07002488e-04
0.0100491       	-1.07002488e-04
0.0100498       	-1.07002488e-04
0.0100505       	-1.07002488e-04
0.0100512       	-1.07002488e-04
0.0100519       	-1.07002488e-04
0.0100526       	-1.07002488e-04
0.0100533       	-1.07002488e-04
0.010054        	-1.07002488e-04
0.0100547       	-1.07002488e-04
0.0100554       	-1.07002488e-04
0.0100561       	-1.07002488e-04
0.0100567       	-1.07002488e-04
0.0100574       	-1.07002488e-04
0.0100581       	-1.07002488e-04
0.0100588       	-1.07002488e-04
0.0100595       	-1.07002488e-04
0.0100602       	-1.07002488e-04
0.0100609       	-1.07002488e-04
0.0100616       	-1.07002488e-04
0.0100623       	-1.07002488e-04
0.010063        	-1.07002488e-04
0.0100637       	-1.07002488e-04
0.0100644       	-1.07002488e-04
0.0100651       	-1.07002488e-04
0.0100657       	-1.07002488e-04
0.0100664       	-1.07002488e-04
0.0100671       	-1.07002488e-04
0.0100678       	-1.07002488e-04
0.0100685       	-1.07002488e-04
0.0100692       	-1.07002488e-04
0.0100699       	-1.07002488e-04
0.0100706       	-1.07002488e-04
0.0100713       	-1.07002488e-04
0.0100719       	-1.07002488e-04
0.0100726       	-1.07002488e-04
0.0100733       	-1.07002488e-04
0.010074        	-1.07002488e-04
0.0100747       	-1.07002488e-04
0.0100754       	-1.07002488e-04
0.0100761       	-1.07002488e-04
0.0100767       	-1.07002488e-04
0.0100774       	-1.07002488e-04
0.0100781       	-1.07002488e-04
0.0100788       	-1.07002488e-04
0.0100795       	-1.07002488e-04
0.0100801       	-1.07002488e-04
0.0100808       	-1.07002488e-04
0.0100815       	-1.07002488e-04
0.0100822       	-1.07002488e-04
0.0100829       	-1.07002488e-04
0.0100836       	-1.07002488e-04
0.0100842       	-1.07002488e-04
0.0100849       	-1.07002488e-04
0.0100856       	-1.07002488e-04
0.0100863       	-1.07002488e-04
0.0100869       	-1.07002488e-04
0.0100876       	-1.07002488e-04
0.0100883       	-1.07002488e-04
0.010089        	-1.07002488e-04
0.0100896       	-1.07002488e-04
0.0100903       	-1.07002488e-04
0.010091        	-1.07002488e-04
0.0100917       	-1.07002488e-04
0.0100923       	-1.07002488e-04
0.010093        	-1.07002488e-04
0.0100937       	-1.07002488e-04
0.0100944       	-1.07002488e-04
0.010095        	-1.07002488e-04
0.0100957       	-1.07002488e-04
0.0100964       	-1.07002488e-04
0.010097        	-1.07002488e-04
0.0100977       	-1.07002488e-04
0.0100984       	-1.07002488e-04
0.010099        	-1.07002488e-04
0.0100997       	-1.07002488e-04
0.0101004       	-1.07002488e-04
0.010101        	-1.07002488e-04
0.0101017       	-1.07002488e-04
0.0101024       	-1.07002488e-04
0.010103        	-1.07002488e-04
0.0101037       	-1.07002488e-04
0.0101044       	-1.07002488e-04
0.010105        	-1.07002488e-04
0.0101057       	-1.07002488e-04
0.0101063       	-1.07002488e-04
0.010107        	-1.07002488e-04
0.0101077       	-1.07002488e-04
0.0101083       	-1.07002488e-04
0.010109        	-1.07002488e-04
0.0101096       	-1.07002488e-04
0.0101103       	-1.07002488e-04
0.0101109       	-1.07002488e-04
0.0101116       	-1.07002488e-04
0.0101122       	-1.07002488e-04
0.0101129       	-1.07002488e-04
0.0101136       	-1.07002488e-04
0.0101142       	-1.07002488e-04
0.0101149       	-1.07002488e-04
0.0101155       	-1.07002488e-04
0.0101162       	-1.07002488e-04
0.0101168       	-1.07002488e-04
0.0101175       	-1.07002488e-04
0.0101181       	-1.07002488e-04
0.0101187       	-1.07002488e-04
0.0101194       	-1.07002488e-04
0.01012         	-1.07002488e-04
0.0101207       	-1.07002488e-04
0.0101213       	-1.07002488e-04
0.010122        	-1.07002488e-04
0.0101226       	-1.07002488e-04
0.0101233       	-1.07002488e-04
0.0101239       	-1.07002488e-04
0.0101245       	-1.07002488e-04
0.0101252       	-1.07002488e-04
0.0101258       	-1.07002488e-04
0.0101265       	-1.07002488e-04
0.0101271       	-1.07002488e-04
0.0101277       	-1.07002488e-04
0.0101284       	-1.07002488e-04
0.010129        	-1.07002488e-04
0.0101296       	-1.07002488e-04
0.0101303       	-1.07002488e-04
0.0101309       	-1.07002488e-04
0.0101316       	-1.07002488e-04
0.0101322       	-1.07002488e-04
0.0101328       	-1.07002488e-04
0.0101335       	-1.07002488e-04
0.0101341       	-1.07002488e-04
0.0101347       	-1.07002488e-04
0.0101354       	-1.07002488e-04
0.010136        	-1.07002488e-04
0.0101366       	-1.07002488e-04
0.0101373       	-1.07002488e-04
0.0101379       	-1.07002488e-04
0.0101385       	-1.07002488e-04
0.0101391       	-1.07002488e-04
0.0101398       	-1.07002488e-04
0.0101404       	-1.07002488e-04
0.010141        	-1.07002488e-04
0.0101417       	-1.07002488e-04
0.0101423       	-1.07002488e-04
0.0101429       	-1.07002488e-04
0.0101435       	-1.07002488e-04
0.0101442       	-1.07002488e-04
0.0101448       	-1.07002488e-04
0.0101454       	-1.07002488e-04
0.010146        	-1.07002488e-04
0.0101467       	-1.07002488e-04
0.0101473       	-1.07002488e-04
0.0101479       	-1.07002488e-04
0.0101486       	-1.07002488e-04
0.0101492       	-1.07002488e-04
0.0101498       	-1.07002488e-04
0.0101504       	-1.07002488e-04
0.0101511       	-1.07002488e-04
0.0101517       	-1.07002488e-04
0.0101523       	-1.07002488e-04
0.0101529       	-1.07002488e-04
0.0101536       	-1.07002488e-04
0.0101542       	-1.07002488e-04
0.0101548       	-1.07002488e-04
0.0101554       	-1.07002488e-04
0.0101561       	-1.07002488e-04
0.0101567       	-1.07002488e-04
0.0101573       	-1.07002488e-04
0.0101579       	-1.07002488e-04
0.0101585       	-1.07002488e-04
0.0101592       	-1.07002488e-04
0.0101598       	-1.07002488e-04
0.0101604       	-1.07002488e-04
0.010161        	-1.07002488e-04
0.0101616       	-1.07002488e-04
0.0101622       	-1.07002488e-04
0.0101629       	-1.07002488e-04
0.0101635       	-1.07002488e-04
0.0101641       	-1.07002488e-04
0.0101647       	-1.07002488e-04
0.0101653       	-1.07002488e-04
0.010166        	-1.07002488e-04
0.0101666       	-1.07002488e-04
0.0101672       	-1.07002488e-04
0.0101678       	-1.07002488e-04
0.0101684       	-1.07002488e-04
0.0101691       	-1.07002488e-04
0.0101697       	-1.07002488e-04
0.0101703       	-1.07002488e-04
0.0101709       	-1.07002488e-04
0.0101715       	-1.07002488e-04
0.0101721       	-1.07002488e-04
0.0101727       	-1.07002488e-04
0.0101733       	-1.07002488e-04
0.010174        	-1.07002488e-04
0.0101746       	-1.07002488e-04
0.0101752       	-1.07002488e-04
0.0101758       	-1.07002488e-04
0.0101764       	-1.07002488e-04
0.010177        	-1.07002488e-04
0.0101776       	-1.07002488e-04
0.0101782       	-1.07002488e-04
0.0101788       	-1.07002488e-04
0.0101794       	-1.07002488e-04
0.01018         	-1.07002488e-04
0.0101806       	-1.07002488e-04
0.0101812       	-1.07002488e-04
0.0101818       	-1.07002488e-04
0.0101824       	-1.07002488e-04
0.010183        	-1.07002488e-04
0.0101836       	-1.07002488e-04
0.0101843       	-1.07002488e-04
0.0101849       	-1.07002488e-04
0.0101855       	-1.07002488e-04
0.0101861       	-1.07002488e-04
0.0101867       	-1.07002488e-04
0.0101873       	-1.07002488e-04
0.0101879       	-1.07002488e-04
0.0101885       	-1.07002488e-04
0.0101891       	-1.07002488e-04
0.0101897       	-1.07002488e-04
0.0101903       	-1.07002488e-04
0.0101909       	-1.07002488e-04
0.0101915       	-1.07002488e-04
0.0101921       	-1.07002488e-04
0.0101927       	-1.07002488e-04
0.0101933       	-1.07002488e-04
0.0101939       	-1.07002488e-04
0.0101945       	-1.07002488e-04
0.0101952       	-1.07002488e-04
0.0101958       	-1.07002488e-04
0.0101964       	-1.07002488e-04
0.010197        	-1.07002488e-04
0.0101976       	-1.07002488e-04
0.0101982       	-1.07002488e-04
0.0101988       	-1.07002488e-04
0.0101994       	-1.07002488e-04
0.0102          	-1.07002488e-04
0.0102006       	-1.07002488e-04
0.0102012       	-1.07002488e-04
0.0102018       	-1.07002488e-04
0.0102024       	-1.07002488e-04
0.0102029       	-1.07002488e-04
0.0102035       	-1.07002488e-04
0.0102041       	-1.07002488e-04
0.0102047       	-1.07002488e-04
0.0102053       	-1.07002488e-04
0.0102059       	-1.07002488e-04
0.0102065       	-1.07002488e-04
0.0102071       	-1.07002488e-04
0.0102077       	-1.07002488e-04
0.0102082       	-1.07002488e-04
0.0102088       	-1.07002488e-04
0.0102094       	-1.07002488e-04
0.01021         	-1.07002488e-04
0.0102106       	-1.07002488e-04
0.0102112       	-1.07002488e-04
0.0102118       	-1.07002488e-04
0.0102124       	-1.07002488e-04
0.0102129       	-1.07002488e-04
0.0102135       	-1.07002488e-04
0.0102141       	-1.07002488e-04
0.0102147       	-1.07002488e-04
0.0102153       	-1.07002488e-04
0.0102159       	-1.07002488e-04
0.0102165       	-1.07002488e-04
0.0102171       	-1.07002488e-04
0.0102176       	-1.07002488e-04
0.0102182       	-1.07002488e-04
0.0102188       	-1.07002488e-04
0.0102194       	-1.07002488e-04
0.01022         	-1.07002488e-04
0.0102206       	-1.07002488e-04
0.0102212       	-1.07002488e-04
0.0102218       	-1.07002488e-04
0.0102223       	-1.07002488e-04
0.0102229       	-1.07002488e-04
0.0102235       	-1.07002488e-04
0.0102241       	-1.07002488e-04
0.0102247       	-1.07002488e-04
0.0102253       	-1.07002488e-04
0.0102259       	-1.07002488e-04
0.0102264       	-1.07002488e-04
0.010227        	-1.07002488e-04
0.0102276       	-1.07002488e-04
0.0102282       	-1.07002488e-04
0.0102288       	-1.07002488e-04
0.0102294       	-1.07002488e-04
0.01023         	-1.07002488e-04
0.0102305       	-1.07002488e-04
0.0102311       	-1.07002488e-04
0.0102317       	-1.07002488e-04
0.0102323       	-1.07002488e-04
0.0102329       	-1.07002488e-04
0.0102335       	-1.07002488e-04
0.010234        	-1.07002488e-04
0.0102346       	-1.07002488e-04
0.0102352       	-1.07002488e-04
0.0102358       	-1.07002488e-04
0.0102364       	-1.07002488e-04
0.010237        	-1.07002488e-04
0.0102375       	-1.07002488e-04
0.0102381       	-1.07002488e-04
0.0102387       	-1.07002488e-04
0.0102393       	-1.07002488e-04
0.0102399       	-1.07002488e-04
0.0102404       	-1.07002488e-04
0.010241        	-1.07002488e-04
0.0102416       	-1.07002488e-04
0.0102422       	-1.07002488e-04
0.0102428       	-1.07002488e-04
0.0102433       	-1.07002488e-04
0.0102439       	-1.07002488e-04
0.0102445       	-1.07002488e-04
0.0102451       	-1.07002488e-04
0.0102456       	-1.07002488e-04
0.0102462       	-1.07002488e-04
0.0102468       	-1.07002488e-04
0.0102474       	-1.07002488e-04
0.0102479       	-1.07002488e-04
0.0102485       	-1.07002488e-04
0.0102491       	-1.07002488e-04
0.0102497       	-1.07002488e-04
0.0102502       	-1.07002488e-04
0.0102508       	-1.07002488e-04
0.0102514       	-1.07002488e-04
0.0102519       	-1.07002488e-04
0.0102525       	-1.07002488e-04
0.0102531       	-1.07002488e-04
0.0102537       	-1.07002488e-04
0.0102542       	-1.07002488e-04
0.0102548       	-1.07002488e-04
0.0102554       	-1.07002488e-04
0.0102559       	-1.07002488e-04
0.0102565       	-1.07002488e-04
0.0102571       	-1.07002488e-04
0.0102577       	-1.07002488e-04
0.0102582       	-1.07002488e-04
0.0102588       	-1.07002488e-04
0.0102594       	-1.07002488e-04
0.0102599       	-1.07002488e-04
0.0102605       	-1.07002488e-04
0.0102611       	-1.07002488e-04
0.0102616       	-1.07002488e-04
0.0102622       	-1.07002488e-04
0.0102628       	-1.07002488e-04
0.0102634       	-1.07002488e-04
0.0102639       	-1.07002488e-04
0.0102645       	-1.07002488e-04
0.0102651       	-1.07002488e-04
0.0102656       	-1.07002488e-04
0.0102662       	-1.07002488e-04
0.0102668       	-1.07002488e-04
0.0102673       	-1.07002488e-04
0.0102679       	-1.07002488e-04
0.0102685       	-1.07002488e-04
0.010269        	-1.07002488e-04
0.0102696       	-1.07002488e-04
0.0102702       	-1.07002488e-04
0.0102708       	-1.07002488e-04
0.0102713       	-1.07002488e-04
0.0102719       	-1.07002488e-04
0.0102725       	-1.07002488e-04
0.010273        	-1.07002488e-04
0.0102736       	-1.07002488e-04
0.0102742       	-1.07002488e-04
0.0102748       	-1.07002488e-04
0.0102753       	-1.07002488e-04
0.0102759       	-1.07002488e-04
0.0102765       	-1.07002488e-04
0.0102771       	-1.07002488e-04
0.0102776       	-1.07002488e-04
0.0102782       	-1.07002488e-04
0.0102788       	-1.07002488e-04
0.0102793       	-1.07002488e-04
0.0102799       	-1.07002488e-04
0.0102805       	-1.07002488e-04
0.0102811       	-1.07002488e-04
0.0102816       	-1.07002488e-04
0.0102822       	-1.07002488e-04
0.0102828       	-1.07002488e-04
0.0102833       	-1.07002488e-04
0.0102839       	-1.07002488e-04
0.0102845       	-1.07002488e-04
0.0102851       	-1.07002488e-04
0.0102856       	-1.07002488e-04
0.0102862       	-1.07002488e-04
0.0102868       	-1.07002488e-04
0.0102873       	-1.07002488e-04
0.0102879       	-1.07002488e-04
0.0102885       	-1.07002488e-04
0.0102891       	-1.07002488e-04
0.0102896       	-1.07002488e-04
0.0102902       	-1.07002488e-04
0.0102908       	-1.07002488e-04
0.0102913       	-1.07002488e-04
0.0102919       	-1.07002488e-04
0.0102925       	-1.07002488e-04
0.0102931       	-1.07002488e-04
0.0102936       	-1.07002488e-04
0.0102942       	-1.07002488e-04
0.0102948       	-1.07002488e-04
0.0102954       	-1.07002488e-04
0.0102959       	-1.07002488e-04
0.0102965       	-1.07002488e-04
0.0102971       	-1.07002488e-04
0.0102976       	-1.07002488e-04
0.0102982       	-1.07002488e-04
0.0102988       	-1.07002488e-04
0.0102993       	-1.07002488e-04
0.0102999       	-1.07002488e-04
0.0103005       	-1.07002488e-04
0.010301        	-1.07002488e-04
0.0103016       	-1.07002488e-04
0.0103022       	-1.07002488e-04
0.0103027       	-1.07002488e-04
0.0103033       	-1.07002488e-04
0.0103039       	-1.07002488e-04
0.0103044       	-1.07002488e-04
0.010305        	-1.07002488e-04
0.0103056       	-1.07002488e-04
0.0103061       	-1.07002488e-04
0.0103067       	-1.07002488e-04
0.0103073       	-1.07002488e-04
0.0103078       	-1.07002488e-04
0.0103084       	-1.07002488e-04
0.010309        	-1.07002488e-04
0.0103095       	-1.07002488e-04
0.0103101       	-1.07002488e-04
0.0103107       	-1.07002488e-04
0.0103112       	-1.07002488e-04
0.0103118       	-1.07002488e-04
0.0103124       	-1.07002488e-04
0.0103129       	-1.07002488e-04
0.0103135       	-1.07002488e-04
0.0103141       	-1.07002488e-04
0.0103146       	-1.07002488e-04
0.0103152       	-1.07002488e-04
0.0103158       	-1.07002488e-04
0.0103163       	-1.07002488e-04
0.0103169       	-1.07002488e-04
0.0103175       	-1.07002488e-04
0.010318        	-1.07002488e-04
0.0103186       	-1.07002488e-04
0.0103191       	-1.07002488e-04
0.0103197       	-1.07002488e-04
0.0103203       	-1.07002488e-04
0.0103208       	-1.07002488e-04
0.0103214       	-1.07002488e-04
0.010322        	-1.07002488e-04
0.0103225       	-1.07002488e-04
0.0103231       	-1.07002488e-04
0.0103237       	-1.07002488e-04
0.0103243       	-1.07002488e-04
0.0103248       	-1.07002488e-04
0.0103254       	-1.07002488e-04
0.010326        	-1.07002488e-04
0.0103265       	-1.07002488e-04
0.0103271       	-1.07002488e-04
0.0103277       	-1.07002488e-04
0.0103282       	-1.07002488e-04
0.0103288       	-1.07002488e-04
0.0103294       	-1.07002488e-04
0.01033         	-1.07002488e-04
0.0103305       	-1.07002488e-04
0.0103311       	-1.07002488e-04
0.0103317       	-1.07002488e-04
0.0103322       	-1.07002488e-04
0.0103328       	-1.07002488e-04
0.0103334       	-1.07002488e-04
0.0103339       	-1.07002488e-04
0.0103345       	-1.07002488e-04
0.0103351       	-1.07002488e-04
0.0103357       	-1.07002488e-04
0.0103362       	-1.07002488e-04
0.0103368       	-1.07002488e-04
0.0103374       	-1.07002488e-04
0.010338        	-1.07002488e-04
0.0103385       	-1.07002488e-04
0.0103391       	-1.07002488e-04
0.0103397       	-1.07002488e-04
0.0103403       	-1.07002488e-04
0.0103408       	-1.07002488e-04
0.0103414       	-1.07002488e-04
0.010342        	-1.07002488e-04
0.0103426       	-1.07002488e-04
0.0103431       	-1.07002488e-04
0.0103437       	-1.07002488e-04
0.0103443       	-1.07002488e-04
0.0103448       	-1.07002488e-04
0.0103454       	-1.07002488e-04
0.010346        	-1.07002488e-04
0.0103466       	-1.07002488e-04
0.0103471       	-1.07002488e-04
0.0103477       	-1.07002488e-04
0.0103483       	-1.07002488e-04
0.0103489       	-1.07002488e-04
0.0103494       	-1.07002488e-04
0.01035         	-1.07002488e-04
0.0103506       	-1.07002488e-04
0.0103512       	-1.07002488e-04
0.0103517       	-1.07002488e-04
0.0103523       	-1.07002488e-04
0.0103529       	-1.07002488e-04
0.0103535       	-1.07002488e-04
0.010354        	-1.07002488e-04
0.0103546       	-1.07002488e-04
0.0103552       	-1.07002488e-04
0.0103558       	-1.07002488e-04
0.0103563       	-1.07002488e-04
0.0103569       	-1.07002488e-04
0.0103575       	-1.07002488e-04
0.0103581       	-1.07002488e-04
0.0103586       	-1.07002488e-04
0.0103592       	-1.07002488e-04
0.0103598       	-1.07002488e-04
0.0103604       	-1.07002488e-04
0.0103609       	-1.07002488e-04
0.0103615       	-1.07002488e-04
0.0103621       	-1.07002488e-04
0.0103627       	-1.07002488e-04
0.0103632       	-1.07002488e-04
0.0103638       	-1.07002488e-04
0.0103644       	-1.07002488e-04
0.010365        	-1.07002488e-04
0.0103655       	-1.07002488e-04
0.0103661       	-1.07002488e-04
0.0103667       	-1.07002488e-04
0.0103673       	-1.07002488e-04
0.0103678       	-1.07002488e-04
0.0103684       	-1.07002488e-04
0.010369        	-1.07002488e-04
0.0103696       	-1.07002488e-04
0.0103701       	-1.07002488e-04
0.0103707       	-1.07002488e-04
0.0103713       	-1.07002488e-04
0.0103718       	-1.07002488e-04
0.0103724       	-1.07002488e-04
0.010373        	-1.07002488e-04
0.0103736       	-1.07002488e-04
0.0103742       	-1.07002488e-04
0.0103748       	-1.07002488e-04
0.0103753       	-1.07002488e-04
0.0103759       	-1.07002488e-04
0.0103765       	-1.07002488e-04
0.0103771       	-1.07002488e-04
0.0103777       	-1.07002488e-04
0.0103783       	-1.07002488e-04
0.0103789       	-1.07002488e-04
0.0103795       	-1.07002488e-04
0.01038         	-1.07002488e-04
0.0103806       	-1.07002488e-04
0.0103812       	-1.07002488e-04
0.0103818       	-1.07002488e-04
0.0103824       	-1.07002488e-04
0.010383        	-1.07002488e-04
0.0103836       	-1.07002488e-04
0.0103842       	-1.07002488e-04
0.0103847       	-1.07002488e-04
0.0103853       	-1.07002488e-04
0.0103859       	-1.07002488e-04
0.0103865       	-1.07002488e-04
0.0103871       	-1.07002488e-04
0.0103877       	-1.07002488e-04
0.0103883       	-1.07002488e-04
0.0103888       	-1.07002488e-04
0.0103894       	-1.07002488e-04
0.01039         	-1.07002488e-04
0.0103906       	-1.07002488e-04
0.0103912       	-1.07002488e-04
0.0103918       	-1.07002488e-04
0.0103924       	-1.07002488e-04
0.010393        	-1.07002488e-04
0.0103935       	-1.07002488e-04
0.0103941       	-1.07002488e-04
0.0103947       	-1.07002488e-04
0.0103953       	-1.07002488e-04
0.0103959       	-1.07002488e-04
0.0103965       	-1.07002488e-04
0.0103971       	-1.07002488e-04
0.0103977       	-1.07002488e-04
0.0103982       	-1.07002488e-04
0.0103988       	-1.07002488e-04
0.0103994       	-1.07002488e-04
0.0104          	-1.07002488e-04
0.0104006       	-1.07002488e-04
0.0104012       	-1.07002488e-04
0.0104018       	-1.07002488e-04
0.0104024       	-1.07002488e-04
0.010403        	-1.07002488e-04
0.0104036       	-1.07002488e-04
0.0104042       	-1.07002488e-04
0.0104048       	-1.07002488e-04
0.0104054       	-1.07002488e-04
0.010406        	-1.07002488e-04
0.0104067       	-1.07002488e-04
0.0104073       	-1.07002488e-04
0.0104079       	-1.07002488e-04
0.0104085       	-1.07002488e-04
0.0104091       	-1.07002488e-04
0.0104097       	-1.07002488e-04
0.0104103       	-1.07002488e-04
0.0104109       	-1.07002488e-04
0.0104115       	-1.07002488e-04
0.0104121       	-1.07002488e-04
0.0104127       	-1.07002488e-04
0.0104133       	-1.07002488e-04
0.0104139       	-1.07002488e-04
0.0104146       	-1.07002488e-04
0.0104152       	-1.07002488e-04
0.0104158       	-1.07002488e-04
0.0104164       	-1.07002488e-04
0.010417        	-1.07002488e-04
0.0104176       	-1.07002488e-04
0.0104182       	-1.07002488e-04
0.0104188       	-1.07002488e-04
0.0104194       	-1.07002488e-04
0.0104201       	-1.07002488e-04
0.0104207       	-1.07002488e-04
0.0104213       	-1.07002488e-04
0.0104219       	-1.07002488e-04
0.0104225       	-1.07002488e-04
0.0104231       	-1.07002488e-04
0.0104237       	-1.07002488e-04
0.0104243       	-1.07002488e-04
0.010425        	-1.07002488e-04
0.0104256       	-1.07002488e-04
0.0104262       	-1.07002488e-04
0.0104268       	-1.07002488e-04
0.0104274       	-1.07002488e-04
0.010428        	-1.07002488e-04
0.0104287       	-1.07002488e-04
0.0104293       	-1.07002488e-04
0.0104299       	-1.07002488e-04
0.0104305       	-1.07002488e-04
0.0104311       	-1.07002488e-04
0.0104317       	-1.07002488e-04
0.0104324       	-1.07002488e-04
0.010433        	-1.07002488e-04
0.0104336       	-1.07002488e-04
0.0104342       	-1.07002488e-04
0.0104348       	-1.07002488e-04
0.0104355       	-1.07002488e-04
0.0104361       	-1.07002488e-04
0.0104367       	-1.07002488e-04
0.0104373       	-1.07002488e-04
0.0104379       	-1.07002488e-04
0.0104386       	-1.07002488e-04
0.0104392       	-1.07002488e-04
0.0104398       	-1.07002488e-04
0.0104404       	-1.07002488e-04
0.0104411       	-1.07002488e-04
0.0104417       	-1.07002488e-04
0.0104423       	-1.07002488e-04
0.010443        	-1.07002488e-04
0.0104436       	-1.07002488e-04
0.0104442       	-1.07002488e-04
0.0104449       	-1.07002488e-04
0.0104455       	-1.07002488e-04
0.0104461       	-1.07002488e-04
0.0104468       	-1.07002488e-04
0.0104474       	-1.07002488e-04
0.010448        	-1.07002488e-04
0.0104487       	-1.07002488e-04
0.0104493       	-1.07002488e-04
0.0104499       	-1.07002488e-04
0.0104506       	-1.07002488e-04
0.0104512       	-1.07002488e-04
0.0104519       	-1.07002488e-04
0.0104525       	-1.07002488e-04
0.0104532       	-1.07002488e-04
0.0104538       	-1.07002488e-04
0.0104545       	-1.07002488e-04
0.0104551       	-1.07002488e-04
0.0104558       	-1.07002488e-04
0.0104564       	-1.07002488e-04
0.0104571       	-1.07002488e-04
0.0104577       	-1.07002488e-04
0.0104584       	-1.07002488e-04
0.010459        	-1.07002488e-04
0.0104597       	-1.07002488e-04
0.0104603       	-1.07002488e-04
0.010461        	-1.07002488e-04
0.0104616       	-1.07002488e-04
0.0104623       	-1.07002488e-04
0.010463        	-1.07002488e-04
0.0104636       	-1.07002488e-04
0.0104643       	-1.07002488e-04
0.010465        	-1.07002488e-04
0.0104656       	-1.07002488e-04
0.0104663       	-1.07002488e-04
0.0104669       	-1.07002488e-04
0.0104676       	-1.07002488e-04
0.0104683       	-1.07002488e-04
0.010469        	-1.07002488e-04
0.0104696       	-1.07002488e-04
0.0104703       	-1.07002488e-04
0.010471        	-1.07002488e-04
0.0104717       	-1.07002488e-04
0.0104723       	-1.07002488e-04
0.010473        	-1.07002488e-04
0.0104737       	-1.07002488e-04
0.0104744       	-1.07002488e-04
0.0104751       	-1.07002488e-04
0.0104757       	-1.07002488e-04
0.0104764       	-1.07002488e-04
0.0104771       	-1.07002488e-04
0.0104778       	-1.07002488e-04
0.0104785       	-1.07002488e-04
0.0104792       	-1.07002488e-04
0.0104799       	-1.07002488e-04
0.0104806       	-1.07002488e-04
0.0104813       	-1.07002488e-04
0.010482        	-1.07002488e-04
0.0104826       	-1.07002488e-04
0.0104833       	-1.07002488e-04
0.010484        	-1.07002488e-04
0.0104847       	-1.07002488e-04
0.0104854       	-1.07002488e-04
0.0104861       	-1.07002488e-04
0.0104868       	-1.07002488e-04
0.0104875       	-1.07002488e-04
0.0104882       	-1.07002488e-04
0.010489        	-1.07002488e-04
0.0104897       	-1.07002488e-04
0.0104904       	-1.07002488e-04
0.0104911       	-1.07002488e-04
0.0104918       	-1.07002488e-04
0.0104925       	-1.07002488e-04
0.0104932       	-1.07002488e-04
0.0104939       	-1.07002488e-04
0.0104946       	-1.07002488e-04
0.0104953       	-1.07002488e-04
0.0104961       	-1.07002488e-04
0.0104968       	-1.07002488e-04
0.0104975       	-1.07002488e-04
0.0104982       	-1.07002488e-04
0.0104989       	-1.07002488e-04
0.0104997       	-1.07002488e-04
0.0105004       	-1.07002488e-04
0.0105011       	-1.07002488e-04
0.0105018       	-1.07002488e-04
0.0105026       	-1.07002488e-04
0.0105033       	-1.07002488e-04
0.010504        	-1.07002488e-04
0.0105047       	-1.07002488e-04
0.0105055       	-1.07002488e-04
0.0105062       	-1.07002488e-04
0.0105069       	-1.07002488e-04
0.0105077       	-1.07002488e-04
0.0105084       	-1.07002488e-04
0.0105091       	-1.07002488e-04
0.0105099       	-1.07002488e-04
0.0105106       	-1.07002488e-04
0.0105113       	-1.07002488e-04
0.0105121       	-1.07002488e-04
0.0105128       	-1.07002488e-04
0.0105136       	-1.07002488e-04
0.0105143       	-1.07002488e-04
0.010515        	-1.07002488e-04
0.0105158       	-1.07002488e-04
0.0105165       	-1.07002488e-04
0.0105173       	-1.07002488e-04
0.010518        	-1.07002488e-04
0.0105188       	-1.07002488e-04
0.0105195       	-1.07002488e-04
0.0105203       	-1.07002488e-04
0.010521        	-1.07002488e-04
0.0105218       	-1.07002488e-04
0.0105225       	-1.07002488e-04
0.0105233       	-1.07002488e-04
0.0105241       	-1.07002488e-04
0.0105248       	-1.07002488e-04
0.0105256       	-1.07002488e-04
0.0105263       	-1.07002488e-04
0.0105271       	-1.07002488e-04
0.0105279       	-1.07002488e-04
0.0105286       	-1.07002488e-04
0.0105294       	-1.07002488e-04
0.0105302       	-1.07002488e-04
0.0105309       	-1.07002488e-04
0.0105317       	-1.07002488e-04
0.0105325       	-1.07002488e-04
0.0105332       	-1.07002488e-04
0.010534        	-1.07002488e-04
0.0105348       	-1.07002488e-04
0.0105356       	-1.07002488e-04
0.0105364       	-1.07002488e-04
0.0105371       	-1.07002488e-04
0.0105379       	-1.07002488e-04
0.0105387       	-1.07002488e-04
0.0105395       	-1.07002488e-04
0.0105403       	-1.07002488e-04
0.0105411       	-1.07002488e-04
0.0105419       	-1.07002488e-04
0.0105427       	-1.07002488e-04
0.0105435       	-1.07002488e-04
0.0105443       	-1.07002488e-04
0.010545        	-1.07002488e-04
0.0105458       	-1.07002488e-04
0.0105466       	-1.07002488e-04
0.0105474       	-1.07002488e-04
0.0105483       	-1.07002488e-04
0.0105491       	-1.07002488e-04
0.0105499       	-1.07002488e-04
0.0105507       	-1.07002488e-04
0.0105515       	-1.07002488e-04
0.0105523       	-1.07002488e-04
0.0105531       	-1.07002488e-04
0.0105539       	-1.07002488e-04
0.0105547       	-1.07002488e-04
0.0105556       	-1.07002488e-04
0.0105564       	-1.07002488e-04
0.0105572       	-1.07002488e-04
0.010558        	-1.07002488e-04
0.0105589       	-1.07002488e-04
0.0105597       	-1.07002488e-04
0.0105605       	-1.07002488e-04
0.0105613       	-1.07002488e-04
0.0105621       	-1.07002488e-04
0.010563        	-1.07002488e-04
0.0105638       	-1.07002488e-04
0.0105646       	-1.07002488e-04
0.0105655       	-1.07002488e-04
0.0105663       	-1.07002488e-04
0.0105672       	-1.07002488e-04
0.010568        	-1.07002488e-04
0.0105688       	-1.07002488e-04
0.0105697       	-1.07002488e-04
0.0105705       	-1.07002488e-04
0.0105714       	-1.07002488e-04
0.0105722       	-1.07002488e-04
0.0105731       	-1.07002488e-04
0.0105739       	-1.07002488e-04
0.0105747       	-1.07002488e-04
0.0105756       	-1.07002488e-04
0.0105764       	-1.07002488e-04
0.0105773       	-1.07002488e-04
0.0105781       	-1.07002488e-04
0.0105789       	-1.07002488e-04
0.0105798       	-1.07002488e-04
0.0105806       	-1.07002488e-04
0.0105815       	-1.07002488e-04
0.0105823       	-1.07002488e-04
0.0105832       	-1.07002488e-04
0.010584        	-1.07002488e-04
0.0105848       	-1.07002488e-04
0.0105857       	-1.07002488e-04
0.0105865       	-1.07002488e-04
0.0105874       	-1.07002488e-04
0.0105882       	-1.07002488e-04
0.0105891       	-1.07002488e-04
0.0105899       	-1.07002488e-04
0.0105907       	-1.07002488e-04
0.0105916       	-1.07002488e-04
0.0105924       	-1.07002488e-04
0.0105933       	-1.07002488e-04
0.0105941       	-1.07002488e-04
0.0105949       	-1.07002488e-04
0.0105958       	-1.07002488e-04
0.0105966       	-1.07002488e-04
0.0105975       	-1.07002488e-04
0.0105983       	-1.07002488e-04
0.0105992       	-1.07002488e-04
0.0106          	-1.07002488e-04
0.0106009       	-1.07002488e-04
0.0106017       	-1.07002488e-04
0.0106026       	-1.07002488e-04
0.0106034       	-1.07002488e-04
0.0106043       	-1.07002488e-04
0.0106052       	-1.07002488e-04
0.010606        	-1.07002488e-04
0.0106069       	-1.07002488e-04
0.0106078       	-1.07002488e-04
0.0106086       	-1.07002488e-04
0.0106095       	-1.07002488e-04
0.0106103       	-1.07002488e-04
0.0106112       	-1.07002488e-04
0.0106121       	-1.07002488e-04
0.0106129       	-1.07002488e-04
0.0106138       	-1.07002488e-04
0.0106146       	-1.07002488e-04
0.0106155       	-1.07002488e-04
0.0106164       	-1.07002488e-04
0.0106172       	-1.07002488e-04
0.0106181       	-1.07002488e-04
0.0106189       	-1.07002488e-04
0.0106198       	-1.07002488e-04
0.0106207       	-1.07002488e-04
0.0106215       	-1.07002488e-04
0.0106224       	-1.07002488e-04
0.0106232       	-1.07002488e-04
0.0106241       	-1.07002488e-04
0.0106249       	-1.07002488e-04
0.0106258       	-1.07002488e-04
0.0106267       	-1.07002488e-04
0.0106275       	-1.07002488e-04
0.0106284       	-1.07002488e-04
0.0106292       	-1.07002488e-04
0.0106301       	-1.07002488e-04
0.0106309       	-1.07002488e-04
0.0106318       	-1.07002488e-04
0.0106326       	-1.07002488e-04
0.0106335       	-1.07002488e-04
0.0106343       	-1.07002488e-04
0.0106352       	-1.07002488e-04
0.010636        	-1.07002488e-04
0.0106369       	-1.07002488e-04
0.0106377       	-1.07002488e-04
0.0106386       	-1.07002488e-04
0.0106394       	-1.07002488e-04
0.0106403       	-1.07002488e-04
0.0106411       	-1.07002488e-04
0.010642        	-1.07002488e-04
0.0106428       	-1.07002488e-04
0.0106437       	-1.07002488e-04
0.0106445       	-1.07002488e-04
0.0106453       	-1.07002488e-04
0.0106462       	-1.07002488e-04
0.010647        	-1.07002488e-04
0.0106479       	-1.07002488e-04
0.0106487       	-1.07002488e-04
0.0106495       	-1.07002488e-04
0.0106504       	-1.07002488e-04
0.0106512       	-1.07002488e-04
0.0106521       	-1.07002488e-04
0.0106529       	-1.07002488e-04
0.0106537       	-1.07002488e-04
0.0106545       	-1.07002488e-04
0.0106554       	-1.07002488e-04
0.0106562       	-1.07002488e-04
0.010657        	-1.07002488e-04
0.0106579       	-1.07002488e-04
0.0106587       	-1.07002488e-04
0.0106595       	-1.07002488e-04
0.0106603       	-1.07002488e-04
0.0106612       	-1.07002488e-04
0.010662        	-1.07002488e-04
0.0106628       	-1.07002488e-04
0.0106636       	-1.07002488e-04
0.0106645       	-1.07002488e-04
0.0106653       	-1.07002488e-04
0.0106661       	-1.07002488e-04
0.0106669       	-1.07002488e-04
0.0106678       	-1.07002488e-04
0.0106686       	-1.07002488e-04
0.0106694       	-1.07002488e-04
0.0106702       	-1.07002488e-04
0.010671        	-1.07002488e-04
0.0106719       	-1.07002488e-04
0.0106727       	-1.07002488e-04
0.0106735       	-1.07002488e-04
0.0106743       	-1.07002488e-04
0.0106751       	-1.07002488e-04
0.0106759       	-1.07002488e-04
0.0106768       	-1.07002488e-04
0.0106776       	-1.07002488e-04
0.0106784       	-1.07002488e-04
0.0106792       	-1.07002488e-04
0.01068         	-1.07002488e-04
0.0106808       	-1.07002488e-04
0.0106817       	-1.07002488e-04
0.0106825       	-1.07002488e-04
0.0106833       	-1.07002488e-04
0.0106841       	-1.07002488e-04
0.0106849       	-1.07002488e-04
0.0106857       	-1.07002488e-04
0.0106865       	-1.07002488e-04
0.0106873       	-1.07002488e-04
0.0106881       	-1.07002488e-04
0.0106889       	-1.07002488e-04
0.0106897       	-1.07002488e-04
0.0106905       	-1.07002488e-04
0.0106913       	-1.07002488e-04
0.0106921       	-1.07002488e-04
0.0106929       	-1.07002488e-04
0.0106937       	-1.07002488e-04
0.0106945       	-1.07002488e-04
0.0106953       	-1.07002488e-04
0.0106961       	-1.07002488e-04
0.0106969       	-1.07002488e-04
0.0106977       	-1.07002488e-04
0.0106985       	-1.07002488e-04
0.0106993       	-1.07002488e-04
0.0107001       	-1.07002488e-04
0.0107009       	-1.07002488e-04
0.0107017       	-1.07002488e-04
0.0107025       	-1.07002488e-04
0.0107033       	-1.07002488e-04
0.0107041       	-1.07002488e-04
0.0107049       	-1.07002488e-04
0.0107056       	-1.07002488e-04
0.0107064       	-1.07002488e-04
0.0107072       	-1.07002488e-04
0.010708        	-1.07002488e-04
0.0107088       	-1.07002488e-04
0.0107096       	-1.07002488e-04
0.0107103       	-1.07002488e-04
0.0107111       	-1.07002488e-04
0.0107119       	-1.07002488e-04
0.0107127       	-1.07002488e-04
0.0107135       	-1.07002488e-04
0.0107142       	-1.07002488e-04
0.010715        	-1.07002488e-04
0.0107158       	-1.07002488e-04
0.0107165       	-1.07002488e-04
0.0107173       	-1.07002488e-04
0.0107181       	-1.07002488e-04
0.0107189       	-1.07002488e-04
0.0107196       	-1.07002488e-04
0.0107204       	-1.07002488e-04
0.0107211       	-1.07002488e-04
0.0107219       	-1.07002488e-04
0.0107227       	-1.07002488e-04
0.0107234       	-1.07002488e-04
0.0107242       	-1.07002488e-04
0.010725        	-1.07002488e-04
0.0107257       	-1.07002488e-04
0.0107265       	-1.07002488e-04
0.0107272       	-1.07002488e-04
0.010728        	-1.07002488e-04
0.0107287       	-1.07002488e-04
0.0107295       	-1.07002488e-04
0.0107302       	-1.07002488e-04
0.010731        	-1.07002488e-04
0.0107317       	-1.07002488e-04
0.0107324       	-1.07002488e-04
0.0107332       	-1.07002488e-04
0.0107339       	-1.07002488e-04
0.0107347       	-1.07002488e-04
0.0107354       	-1.07002488e-04
0.0107361       	-1.07002488e-04
0.0107369       	-1.07002488e-04
0.0107376       	-1.07002488e-04
0.0107383       	-1.07002488e-04
0.0107391       	-1.07002488e-04
0.0107398       	-1.07002488e-04
0.0107405       	-1.07002488e-04
0.0107412       	-1.07002488e-04
0.010742        	-1.07002488e-04
0.0107427       	-1.07002488e-04
0.0107434       	-1.07002488e-04
0.0107441       	-1.07002488e-04
0.0107448       	-1.07002488e-04
0.0107456       	-1.07002488e-04
0.0107463       	-1.07002488e-04
0.010747        	-1.07002488e-04
0.0107477       	-1.07002488e-04
0.0107484       	-1.07002488e-04
0.0107491       	-1.07002488e-04
0.0107498       	-1.07002488e-04
0.0107505       	-1.07002488e-04
0.0107512       	-1.07002488e-04
0.010752        	-1.07002488e-04
0.0107527       	-1.07002488e-04
0.0107534       	-1.07002488e-04
0.010754        	-1.07002488e-04
0.0107547       	-1.07002488e-04
0.0107554       	-1.07002488e-04
0.0107561       	-1.07002488e-04
0.0107568       	-1.07002488e-04
0.0107575       	-1.07002488e-04
0.0107582       	-1.07002488e-04
0.0107589       	-1.07002488e-04
0.0107596       	-1.07002488e-04
0.0107603       	-1.07002488e-04
0.010761        	-1.07002488e-04
0.0107617       	-1.07002488e-04
0.0107623       	-1.07002488e-04
0.010763        	-1.07002488e-04
0.0107637       	-1.07002488e-04
0.0107644       	-1.07002488e-04
0.0107651       	-1.07002488e-04
0.0107657       	-1.07002488e-04
0.0107664       	-1.07002488e-04
0.0107671       	-1.07002488e-04
0.0107677       	-1.07002488e-04
0.0107684       	-1.07002488e-04
0.0107691       	-1.07002488e-04
0.0107698       	-1.07002488e-04
0.0107704       	-1.07002488e-04
0.0107711       	-1.07002488e-04
0.0107718       	-1.07002488e-04
0.0107725       	-1.07002488e-04
0.0107731       	-1.07002488e-04
0.0107738       	-1.07002488e-04
0.0107745       	-1.07002488e-04
0.0107751       	-1.07002488e-04
0.0107758       	-1.07002488e-04
0.0107764       	-1.07002488e-04
0.0107771       	-1.07002488e-04
0.0107777       	-1.07002488e-04
0.0107784       	-1.07002488e-04
0.010779        	-1.07002488e-04
0.0107797       	-1.07002488e-04
0.0107803       	-1.07002488e-04
0.010781        	-1.07002488e-04
0.0107817       	-1.07002488e-04
0.0107823       	-1.07002488e-04
0.010783        	-1.07002488e-04
0.0107836       	-1.07002488e-04
0.0107843       	-1.07002488e-04
0.0107849       	-1.07002488e-04
0.0107856       	-1.07002488e-04
0.0107862       	-1.07002488e-04
0.0107869       	-1.07002488e-04
0.0107876       	-1.07002488e-04
0.0107882       	-1.07002488e-04
0.0107889       	-1.07002488e-04
0.0107895       	-1.07002488e-04
0.0107902       	-1.07002488e-04
0.0107908       	-1.07002488e-04
0.0107915       	-1.07002488e-04
0.0107921       	-1.07002488e-04
0.0107928       	-1.07002488e-04
0.0107934       	-1.07002488e-04
0.0107941       	-1.07002488e-04
0.0107948       	-1.07002488e-04
0.0107954       	-1.07002488e-04
0.0107961       	-1.07002488e-04
0.0107967       	-1.07002488e-04
0.0107974       	-1.07002488e-04
0.010798        	-1.07002488e-04
0.0107987       	-1.07002488e-04
0.0107993       	-1.07002488e-04
0.0108          	-1.07002488e-04
0.0108006       	-1.07002488e-04
0.0108013       	-1.07002488e-04
0.0108019       	-1.07002488e-04
0.0108025       	-1.07002488e-04
0.0108032       	-1.07002488e-04
0.0108038       	-1.07002488e-04
0.0108044       	-1.07002488e-04
0.0108051       	-1.07002488e-04
0.0108057       	-1.07002488e-04
0.0108063       	-1.07002488e-04
0.010807        	-1.07002488e-04
0.0108076       	-1.07002488e-04
0.0108082       	-1.07002488e-04
0.0108089       	-1.07002488e-04
0.0108095       	-1.07002488e-04
0.0108101       	-1.07002488e-04
0.0108108       	-1.07002488e-04
0.0108114       	-1.07002488e-04
0.010812        	-1.07002488e-04
0.0108126       	-1.07002488e-04
0.0108133       	-1.07002488e-04
0.0108139       	-1.07002488e-04
0.0108145       	-1.07002488e-04
0.0108151       	-1.07002488e-04
0.0108158       	-1.07002488e-04
0.0108164       	-1.07002488e-04
0.010817        	-1.07002488e-04
0.0108176       	-1.07002488e-04
0.0108183       	-1.07002488e-04
0.0108189       	-1.07002488e-04
0.0108195       	-1.07002488e-04
0.0108201       	-1.07002488e-04
0.0108207       	-1.07002488e-04
0.0108214       	-1.07002488e-04
0.010822        	-1.07002488e-04
0.0108226       	-1.07002488e-04
0.0108232       	-1.07002488e-04
0.0108238       	-1.07002488e-04
0.0108245       	-1.07002488e-04
0.0108251       	-1.07002488e-04
0.0108257       	-1.07002488e-04
0.0108263       	-1.07002488e-04
0.0108269       	-1.07002488e-04
0.0108275       	-1.07002488e-04
0.0108281       	-1.07002488e-04
0.0108288       	-1.07002488e-04
0.0108294       	-1.07002488e-04
0.01083         	-1.07002488e-04
0.0108306       	-1.07002488e-04
0.0108312       	-1.07002488e-04
0.0108318       	-1.07002488e-04
0.0108324       	-1.07002488e-04
0.010833        	-1.07002488e-04
0.0108336       	-1.07002488e-04
0.0108342       	-1.07002488e-04
0.0108348       	-1.07002488e-04
0.0108354       	-1.07002488e-04
0.010836        	-1.07002488e-04
0.0108366       	-1.07002488e-04
0.0108372       	-1.07002488e-04
0.0108378       	-1.07002488e-04
0.0108384       	-1.07002488e-04
0.010839        	-1.07002488e-04
0.0108396       	-1.07002488e-04
0.0108402       	-1.07002488e-04
0.0108408       	-1.07002488e-04
0.0108414       	-1.07002488e-04
0.010842        	-1.07002488e-04
0.0108426       	-1.07002488e-04
0.0108432       	-1.07002488e-04
0.0108438       	-1.07002488e-04
0.0108444       	-1.07002488e-04
0.010845        	-1.07002488e-04
0.0108456       	-1.07002488e-04
0.0108461       	-1.07002488e-04
0.0108467       	-1.07002488e-04
0.0108473       	-1.07002488e-04
0.0108479       	-1.07002488e-04
0.0108485       	-1.07002488e-04
0.0108491       	-1.07002488e-04
0.0108497       	-1.07002488e-04
0.0108503       	-1.07002488e-04
0.0108508       	-1.07002488e-04
0.0108514       	-1.07002488e-04
0.010852        	-1.07002488e-04
0.0108526       	-1.07002488e-04
0.0108532       	-1.07002488e-04
0.0108538       	-1.07002488e-04
0.0108544       	-1.07002488e-04
0.0108549       	-1.07002488e-04
0.0108555       	-1.07002488e-04
0.0108561       	-1.07002488e-04
0.0108567       	-1.07002488e-04
0.0108573       	-1.07002488e-04
0.0108579       	-1.07002488e-04
0.0108584       	-1.07002488e-04
0.010859        	-1.07002488e-04
0.0108596       	-1.07002488e-04
0.0108602       	-1.07002488e-04
0.0108608       	-1.07002488e-04
0.0108613       	-1.07002488e-04
0.0108619       	-1.07002488e-04
0.0108625       	-1.07002488e-04
0.0108631       	-1.07002488e-04
0.0108637       	-1.07002488e-04
0.0108642       	-1.07002488e-04
0.0108648       	-1.07002488e-04
0.0108654       	-1.07002488e-04
0.010866        	-1.07002488e-04
0.0108666       	-1.07002488e-04
0.0108671       	-1.07002488e-04
0.0108677       	-1.07002488e-04
0.0108683       	-1.07002488e-04
0.0108689       	-1.07002488e-04
0.0108695       	-1.07002488e-04
0.01087         	-1.07002488e-04
0.0108706       	-1.07002488e-04
0.0108712       	-1.07002488e-04
0.0108718       	-1.07002488e-04
0.0108724       	-1.07002488e-04
0.0108729       	-1.07002488e-04
0.0108735       	-1.07002488e-04
0.0108741       	-1.07002488e-04
0.0108747       	-1.07002488e-04
0.0108752       	-1.07002488e-04
0.0108758       	-1.07002488e-04
0.0108764       	-1.07002488e-04
0.010877        	-1.07002488e-04
0.0108775       	-1.07002488e-04
0.0108781       	-1.07002488e-04
0.0108787       	-1.07002488e-04
0.0108793       	-1.07002488e-04
0.0108798       	-1.07002488e-04
0.0108804       	-1.07002488e-04
0.010881        	-1.07002488e-04
0.0108816       	-1.07002488e-04
0.0108821       	-1.07002488e-04
0.0108827       	-1.07002488e-04
0.0108833       	-1.07002488e-04
0.0108839       	-1.07002488e-04
0.0108844       	-1.07002488e-04
0.010885        	-1.07002488e-04
0.0108856       	-1.07002488e-04
0.0108861       	-1.07002488e-04
0.0108867       	-1.07002488e-04
0.0108873       	-1.07002488e-04
0.0108879       	-1.07002488e-04
0.0108884       	-1.07002488e-04
0.010889        	-1.07002488e-04
0.0108896       	-1.07002488e-04
0.0108901       	-1.07002488e-04
0.0108907       	-1.07002488e-04
0.0108913       	-1.07002488e-04
0.0108918       	-1.07002488e-04
0.0108924       	-1.07002488e-04
0.010893        	-1.07002488e-04
0.0108935       	-1.07002488e-04
0.0108941       	-1.07002488e-04
0.0108947       	-1.07002488e-04
0.0108952       	-1.07002488e-04
0.0108958       	-1.07002488e-04
0.0108963       	-1.07002488e-04
0.0108969       	-1.07002488e-04
0.0108975       	-1.07002488e-04
0.010898        	-1.07002488e-04
0.0108986       	-1.07002488e-04
0.0108991       	-1.07002488e-04
0.0108997       	-1.07002488e-04
0.0109003       	-1.07002488e-04
0.0109008       	-1.07002488e-04
0.0109014       	-1.07002488e-04
0.0109019       	-1.07002488e-04
0.0109025       	-1.07002488e-04
0.010903        	-1.07002488e-04
0.0109036       	-1.07002488e-04
0.0109042       	-1.07002488e-04
0.0109047       	-1.07002488e-04
0.0109053       	-1.07002488e-04
0.0109058       	-1.07002488e-04
0.0109064       	-1.07002488e-04
0.0109069       	-1.07002488e-04
0.0109075       	-1.07002488e-04
0.010908        	-1.07002488e-04
0.0109086       	-1.07002488e-04
0.0109091       	-1.07002488e-04
0.0109097       	-1.07002488e-04
0.0109102       	-1.07002488e-04
0.0109108       	-1.07002488e-04
0.0109113       	-1.07002488e-04
0.0109119       	-1.07002488e-04
0.0109124       	-1.07002488e-04
0.010913        	-1.07002488e-04
0.0109135       	-1.07002488e-04
0.0109141       	-1.07002488e-04
0.0109146       	-1.07002488e-04
0.0109152       	-1.07002488e-04
0.0109157       	-1.07002488e-04
0.0109163       	-1.07002488e-04
0.0109168       	-1.07002488e-04
0.0109174       	-1.07002488e-04
0.0109179       	-1.07002488e-04
0.0109185       	-1.07002488e-04
0.010919        	-1.07002488e-04
0.0109196       	-1.07002488e-04
0.0109201       	-1.07002488e-04
0.0109207       	-1.07002488e-04
0.0109212       	-1.07002488e-04
0.0109218       	-1.07002488e-04
0.0109223       	-1.07002488e-04
0.0109229       	-1.07002488e-04
0.0109234       	-1.07002488e-04
0.010924        	-1.07002488e-04
0.0109245       	-1.07002488e-04
0.0109251       	-1.07002488e-04
0.0109256       	-1.07002488e-04
0.0109261       	-1.07002488e-04
0.0109267       	-1.07002488e-04
0.0109272       	-1.07002488e-04
0.0109278       	-1.07002488e-04
0.0109283       	-1.07002488e-04
0.0109289       	-1.07002488e-04
0.0109294       	-1.07002488e-04
0.01093         	-1.07002488e-04
0.0109305       	-1.07002488e-04
0.0109311       	-1.07002488e-04
0.0109316       	-1.07002488e-04
0.0109322       	-1.07002488e-04
0.0109327       	-1.07002488e-04
0.0109333       	-1.07002488e-04
0.0109338       	-1.07002488e-04
0.0109344       	-1.07002488e-04
0.0109349       	-1.07002488e-04
0.0109354       	-1.07002488e-04
0.010936        	-1.07002488e-04
0.0109365       	-1.07002488e-04
0.0109371       	-1.07002488e-04
0.0109376       	-1.07002488e-04
0.0109382       	-1.07002488e-04
0.0109387       	-1.07002488e-04
0.0109393       	-1.07002488e-04
0.0109398       	-1.07002488e-04
0.0109403       	-1.07002488e-04
0.0109409       	-1.07002488e-04
0.0109414       	-1.07002488e-04
0.010942        	-1.07002488e-04
0.0109425       	-1.07002488e-04
0.010943        	-1.07002488e-04
0.0109436       	-1.07002488e-04
0.0109441       	-1.07002488e-04
0.0109447       	-1.07002488e-04
0.0109452       	-1.07002488e-04
0.0109458       	-1.07002488e-04
0.0109463       	-1.07002488e-04
0.0109468       	-1.07002488e-04
0.0109474       	-1.07002488e-04
0.0109479       	-1.07002488e-04
0.0109484       	-1.07002488e-04
0.010949        	-1.07002488e-04
0.0109495       	-1.07002488e-04
0.0109501       	-1.07002488e-04
0.0109506       	-1.07002488e-04
0.0109511       	-1.07002488e-04
0.0109517       	-1.07002488e-04
0.0109522       	-1.07002488e-04
0.0109527       	-1.07002488e-04
0.0109533       	-1.07002488e-04
0.0109538       	-1.07002488e-04
0.0109543       	-1.07002488e-04
0.0109549       	-1.07002488e-04
0.0109554       	-1.07002488e-04
0.0109559       	-1.07002488e-04
0.0109565       	-1.07002488e-04
0.010957        	-1.07002488e-04
0.0109575       	-1.07002488e-04
0.0109581       	-1.07002488e-04
0.0109586       	-1.07002488e-04
0.0109591       	-1.07002488e-04
0.0109597       	-1.07002488e-04
0.0109602       	-1.07002488e-04
0.0109607       	-1.07002488e-04
0.0109612       	-1.07002488e-04
0.0109618       	-1.07002488e-04
0.0109623       	-1.07002488e-04
0.0109628       	-1.07002488e-04
0.0109634       	-1.07002488e-04
0.0109639       	-1.07002488e-04
0.0109644       	-1.07002488e-04
0.010965        	-1.07002488e-04
0.0109655       	-1.07002488e-04
0.010966        	-1.07002488e-04
0.0109666       	-1.07002488e-04
0.0109671       	-1.07002488e-04
0.0109676       	-1.07002488e-04
0.0109681       	-1.07002488e-04
0.0109687       	-1.07002488e-04
0.0109692       	-1.07002488e-04
0.0109697       	-1.07002488e-04
0.0109703       	-1.07002488e-04
0.0109708       	-1.07002488e-04
0.0109713       	-1.07002488e-04
0.0109719       	-1.07002488e-04
0.0109724       	-1.07002488e-04
0.0109729       	-1.07002488e-04
0.0109735       	-1.07002488e-04
0.010974        	-1.07002488e-04
0.0109745       	-1.07002488e-04
0.0109751       	-1.07002488e-04
0.0109756       	-1.07002488e-04
0.0109761       	-1.07002488e-04
0.0109766       	-1.07002488e-04
0.0109772       	-1.07002488e-04
0.0109777       	-1.07002488e-04
0.0109782       	-1.07002488e-04
0.0109788       	-1.07002488e-04
0.0109793       	-1.07002488e-04
0.0109798       	-1.07002488e-04
0.0109804       	-1.07002488e-04
0.0109809       	-1.07002488e-04
0.0109814       	-1.07002488e-04
0.010982        	-1.07002488e-04
0.0109825       	-1.07002488e-04
0.010983        	-1.07002488e-04
0.0109835       	-1.07002488e-04
0.0109841       	-1.07002488e-04
0.0109846       	-1.07002488e-04
0.0109851       	-1.07002488e-04
0.0109857       	-1.07002488e-04
0.0109862       	-1.07002488e-04
0.0109867       	-1.07002488e-04
0.0109873       	-1.07002488e-04
0.0109878       	-1.07002488e-04
0.0109883       	-1.07002488e-04
0.0109889       	-1.07002488e-04
0.0109894       	-1.07002488e-04
0.0109899       	-1.07002488e-04
0.0109904       	-1.07002488e-04
0.010991        	-1.07002488e-04
0.0109915       	-1.07002488e-04
0.010992        	-1.07002488e-04
0.0109926       	-1.07002488e-04
0.0109931       	-1.07002488e-04
0.0109936       	-1.07002488e-04
0.0109942       	-1.07002488e-04
0.0109947       	-1.07002488e-04
0.0109952       	-1.07002488e-04
0.0109958       	-1.07002488e-04
0.0109963       	-1.07002488e-04
0.0109968       	-1.07002488e-04
0.0109973       	-1.07002488e-04
0.0109979       	-1.07002488e-04
0.0109984       	-1.07002488e-04
0.0109989       	-1.07002488e-04
0.0109995       	-1.07002488e-04
0.011           	-1.07002488e-04
0.0110005       	-1.07002488e-04
0.0110011       	-1.07002488e-04
0.0110016       	-1.07002488e-04
0.0110021       	-1.07002488e-04
0.0110027       	-1.07002488e-04
0.0110032       	-1.07002488e-04
0.0110037       	-1.07002488e-04
0.0110043       	-1.07002488e-04
0.0110048       	-1.07002488e-04
0.0110053       	-1.07002488e-04
0.0110059       	-1.07002488e-04
0.0110064       	-1.07002488e-04
0.0110069       	-1.07002488e-04
0.0110075       	-1.07002488e-04
0.011008        	-1.07002488e-04
0.0110085       	-1.07002488e-04
0.0110091       	-1.07002488e-04
0.0110096       	-1.07002488e-04
0.0110101       	-1.07002488e-04
0.0110107       	-1.07002488e-04
0.0110112       	-1.07002488e-04
0.0110117       	-1.07002488e-04
0.0110123       	-1.07002488e-04
0.0110128       	-1.07002488e-04
0.0110133       	-1.07002488e-04
0.0110139       	-1.07002488e-04
0.0110144       	-1.07002488e-04
0.011015        	-1.07002488e-04
0.0110155       	-1.07002488e-04
0.011016        	-1.07002488e-04
0.0110166       	-1.07002488e-04
0.0110171       	-1.07002488e-04
0.0110176       	-1.07002488e-04
0.0110182       	-1.07002488e-04
0.0110187       	-1.07002488e-04
0.0110193       	-1.07002488e-04
0.0110198       	-1.07002488e-04
0.0110203       	-1.07002488e-04
0.0110209       	-1.07002488e-04
0.0110214       	-1.07002488e-04
0.011022        	-1.07002488e-04
0.0110225       	-1.07002488e-04
0.011023        	-1.07002488e-04
0.0110236       	-1.07002488e-04
0.0110241       	-1.07002488e-04
0.0110247       	-1.07002488e-04
0.0110252       	-1.07002488e-04
0.0110258       	-1.07002488e-04
0.0110263       	-1.07002488e-04
0.0110268       	-1.07002488e-04
0.0110274       	-1.07002488e-04
0.0110279       	-1.07002488e-04
0.0110285       	-1.07002488e-04
0.011029        	-1.07002488e-04
0.0110296       	-1.07002488e-04
0.0110301       	-1.07002488e-04
0.0110307       	-1.07002488e-04
0.0110312       	-1.07002488e-04
0.0110317       	-1.07002488e-04
0.0110323       	-1.07002488e-04
0.0110328       	-1.07002488e-04
0.0110334       	-1.07002488e-04
0.0110339       	-1.07002488e-04
0.0110345       	-1.07002488e-04
0.011035        	-1.07002488e-04
0.0110356       	-1.07002488e-04
0.0110361       	-1.07002488e-04
0.0110367       	-1.07002488e-04
0.0110372       	-1.07002488e-04
0.0110378       	-1.07002488e-04
0.0110383       	-1.07002488e-04
0.0110389       	-1.07002488e-04
0.0110394       	-1.07002488e-04
0.01104         	-1.07002488e-04
0.0110405       	-1.07002488e-04
0.0110411       	-1.07002488e-04
0.0110416       	-1.07002488e-04
0.0110422       	-1.07002488e-04
0.0110428       	-1.07002488e-04
0.0110433       	-1.07002488e-04
0.0110439       	-1.07002488e-04
0.0110444       	-1.07002488e-04
0.011045        	-1.07002488e-04
0.0110455       	-1.07002488e-04
0.0110461       	-1.07002488e-04
0.0110466       	-1.07002488e-04
0.0110472       	-1.07002488e-04
0.0110477       	-1.07002488e-04
0.0110483       	-1.07002488e-04
0.0110489       	-1.07002488e-04
0.0110494       	-1.07002488e-04
0.01105         	-1.07002488e-04
0.0110505       	-1.07002488e-04
0.0110511       	-1.07002488e-04
0.0110516       	-1.07002488e-04
0.0110522       	-1.07002488e-04
0.0110527       	-1.07002488e-04
0.0110533       	-1.07002488e-04
0.0110539       	-1.07002488e-04
0.0110544       	-1.07002488e-04
0.011055        	-1.07002488e-04
0.0110555       	-1.07002488e-04
0.0110561       	-1.07002488e-04
0.0110566       	-1.07002488e-04
0.0110572       	-1.07002488e-04
0.0110578       	-1.07002488e-04
0.0110583       	-1.07002488e-04
0.0110589       	-1.07002488e-04
0.0110595       	-1.07002488e-04
0.01106         	-1.07002488e-04
0.0110606       	-1.07002488e-04
0.0110611       	-1.07002488e-04
0.0110617       	-1.07002488e-04
0.0110623       	-1.07002488e-04
0.0110628       	-1.07002488e-04
0.0110634       	-1.07002488e-04
0.011064        	-1.07002488e-04
0.0110645       	-1.07002488e-04
0.0110651       	-1.07002488e-04
0.0110657       	-1.07002488e-04
0.0110662       	-1.07002488e-04
0.0110668       	-1.07002488e-04
0.0110674       	-1.07002488e-04
0.0110679       	-1.07002488e-04
0.0110685       	-1.07002488e-04
0.0110691       	-1.07002488e-04
0.0110697       	-1.07002488e-04
0.0110702       	-1.07002488e-04
0.0110708       	-1.07002488e-04
0.0110714       	-1.07002488e-04
0.011072        	-1.07002488e-04
0.0110725       	-1.07002488e-04
0.0110731       	-1.07002488e-04
0.0110737       	-1.07002488e-04
0.0110743       	-1.07002488e-04
0.0110748       	-1.07002488e-04
0.0110754       	-1.07002488e-04
0.011076        	-1.07002488e-04
0.0110766       	-1.07002488e-04
0.0110772       	-1.07002488e-04
0.0110778       	-1.07002488e-04
0.0110783       	-1.07002488e-04
0.0110789       	-1.07002488e-04
0.0110795       	-1.07002488e-04
0.0110801       	-1.07002488e-04
0.0110807       	-1.07002488e-04
0.0110813       	-1.07002488e-04
0.0110819       	-1.07002488e-04
0.0110825       	-1.07002488e-04
0.011083        	-1.07002488e-04
0.0110836       	-1.07002488e-04
0.0110842       	-1.07002488e-04
0.0110848       	-1.07002488e-04
0.0110854       	-1.07002488e-04
0.011086        	-1.07002488e-04
0.0110866       	-1.07002488e-04
0.0110872       	-1.07002488e-04
0.0110878       	-1.07002488e-04
0.0110884       	-1.07002488e-04
0.011089        	-1.07002488e-04
0.0110896       	-1.07002488e-04
0.0110902       	-1.07002488e-04
0.0110908       	-1.07002488e-04
0.0110914       	-1.07002488e-04
0.011092        	-1.07002488e-04
0.0110926       	-1.07002488e-04
0.0110932       	-1.07002488e-04
0.0110938       	-1.07002488e-04
0.0110944       	-1.07002488e-04
0.011095        	-1.07002488e-04
0.0110956       	-1.07002488e-04
0.0110963       	-1.07002488e-04
0.0110969       	-1.07002488e-04
0.0110975       	-1.07002488e-04
0.0110981       	-1.07002488e-04
0.0110987       	-1.07002488e-04
0.0110993       	-1.07002488e-04
0.0110999       	-1.07002488e-04
0.0111005       	-1.07002488e-04
0.0111012       	-1.07002488e-04
0.0111018       	-1.07002488e-04
0.0111024       	-1.07002488e-04
0.011103        	-1.07002488e-04
0.0111036       	-1.07002488e-04
0.0111043       	-1.07002488e-04
0.0111049       	-1.07002488e-04
0.0111055       	-1.07002488e-04
0.0111061       	-1.07002488e-04
0.0111067       	-1.07002488e-04
0.0111074       	-1.07002488e-04
0.011108        	-1.07002488e-04
0.0111086       	-1.07002488e-04
0.0111092       	-1.07002488e-04
0.0111099       	-1.07002488e-04
0.0111105       	-1.07002488e-04
0.0111111       	-1.07002488e-04
0.0111118       	-1.07002488e-04
0.0111124       	-1.07002488e-04
0.011113        	-1.07002488e-04
0.0111137       	-1.07002488e-04
0.0111143       	-1.07002488e-04
0.0111149       	-1.07002488e-04
0.0111156       	-1.07002488e-04
0.0111162       	-1.07002488e-04
0.0111168       	-1.07002488e-04
0.0111175       	-1.07002488e-04
0.0111181       	-1.07002488e-04
0.0111188       	-1.07002488e-04
0.0111194       	-1.07002488e-04
0.01112         	-1.07002488e-04
0.0111207       	-1.07002488e-04
0.0111213       	-1.07002488e-04
0.011122        	-1.07002488e-04
0.0111226       	-1.07002488e-04
0.0111233       	-1.07002488e-04
0.0111239       	-1.07002488e-04
0.0111246       	-1.07002488e-04
0.0111253       	-1.07002488e-04
0.0111259       	-1.07002488e-04
0.0111266       	-1.07002488e-04
0.0111272       	-1.07002488e-04
0.0111279       	-1.07002488e-04
0.0111285       	-1.07002488e-04
0.0111292       	-1.07002488e-04
0.0111299       	-1.07002488e-04
0.0111305       	-1.07002488e-04
0.0111312       	-1.07002488e-04
0.0111319       	-1.07002488e-04
0.0111325       	-1.07002488e-04
0.0111332       	-1.07002488e-04
0.0111339       	-1.07002488e-04
0.0111346       	-1.07002488e-04
0.0111352       	-1.07002488e-04
0.0111359       	-1.07002488e-04
0.0111366       	-1.07002488e-04
0.0111373       	-1.07002488e-04
0.011138        	-1.07002488e-04
0.0111386       	-1.07002488e-04
0.0111393       	-1.07002488e-04
0.01114         	-1.07002488e-04
0.0111407       	-1.07002488e-04
0.0111414       	-1.07002488e-04
0.0111421       	-1.07002488e-04
0.0111428       	-1.07002488e-04
0.0111435       	-1.07002488e-04
0.0111442       	-1.07002488e-04
0.0111449       	-1.07002488e-04
0.0111456       	-1.07002488e-04
0.0111463       	-1.07002488e-04
0.011147        	-1.07002488e-04
0.0111477       	-1.07002488e-04
0.0111484       	-1.07002488e-04
0.0111491       	-1.07002488e-04
0.0111498       	-1.07002488e-04
0.0111505       	-1.07002488e-04
0.0111512       	-1.07002488e-04
0.0111519       	-1.07002488e-04
0.0111526       	-1.07002488e-04
0.0111533       	-1.07002488e-04
0.0111541       	-1.07002488e-04
0.0111548       	-1.07002488e-04
0.0111555       	-1.07002488e-04
0.0111562       	-1.07002488e-04
0.0111569       	-1.07002488e-04
0.0111577       	-1.07002488e-04
0.0111584       	-1.07002488e-04
0.0111591       	-1.07002488e-04
0.0111598       	-1.07002488e-04
0.0111606       	-1.07002488e-04
0.0111613       	-1.07002488e-04
0.011162        	-1.07002488e-04
0.0111628       	-1.07002488e-04
0.0111635       	-1.07002488e-04
0.0111642       	-1.07002488e-04
0.0111649       	-1.07002488e-04
0.0111657       	-1.07002488e-04
0.0111664       	-1.07002488e-04
0.0111671       	-1.07002488e-04
0.0111679       	-1.07002488e-04
0.0111686       	-1.07002488e-04
0.0111694       	-1.07002488e-04
0.0111701       	-1.07002488e-04
0.0111709       	-1.07002488e-04
0.0111716       	-1.07002488e-04
0.0111724       	-1.07002488e-04
0.0111731       	-1.07002488e-04
0.0111739       	-1.07002488e-04
0.0111746       	-1.07002488e-04
0.0111754       	-1.07002488e-04
0.0111761       	-1.07002488e-04
0.0111768       	-1.07002488e-04
0.0111776       	-1.07002488e-04
0.0111783       	-1.07002488e-04
0.0111791       	-1.07002488e-04
0.0111798       	-1.07002488e-04
0.0111806       	-1.07002488e-04
0.0111813       	-1.07002488e-04
0.0111821       	-1.07002488e-04
0.0111828       	-1.07002488e-04
0.0111836       	-1.07002488e-04
0.0111843       	-1.07002488e-04
0.0111851       	-1.07002488e-04
0.0111858       	-1.07002488e-04
0.0111866       	-1.07002488e-04
0.0111873       	-1.07002488e-04
0.011188        	-1.07002488e-04
0.0111888       	-1.07002488e-04
0.0111895       	-1.07002488e-04
0.0111903       	-1.07002488e-04
0.011191        	-1.07002488e-04
0.0111918       	-1.07002488e-04
0.0111925       	-1.07002488e-04
0.0111933       	-1.07002488e-04
0.011194        	-1.07002488e-04
0.0111948       	-1.07002488e-04
0.0111955       	-1.07002488e-04
0.0111963       	-1.07002488e-04
0.011197        	-1.07002488e-04
0.0111978       	-1.07002488e-04
0.0111985       	-1.07002488e-04
0.0111993       	-1.07002488e-04
0.0112          	-1.07002488e-04
0.0112008       	-1.07002488e-04
0.0112016       	-1.07002488e-04
0.0112023       	-1.07002488e-04
0.0112031       	-1.07002488e-04
0.0112039       	-1.07002488e-04
0.0112047       	-1.07002488e-04
0.0112055       	-1.07002488e-04
0.0112063       	-1.07002488e-04
0.0112071       	-1.07002488e-04
0.0112079       	-1.07002488e-04
0.0112087       	-1.07002488e-04
0.0112094       	-1.07002488e-04
0.0112102       	-1.07002488e-04
0.011211        	-1.07002488e-04
0.0112118       	-1.07002488e-04
0.0112126       	-1.07002488e-04
0.0112134       	-1.07002488e-04
0.0112142       	-1.07002488e-04
0.011215        	-1.07002488e-04
0.0112158       	-1.07002488e-04
0.0112166       	-1.07002488e-04
0.0112174       	-1.07002488e-04
0.0112182       	-1.07002488e-04
0.011219        	-1.07002488e-04
0.0112198       	-1.07002488e-04
0.0112206       	-1.07002488e-04
0.0112214       	-1.07002488e-04
0.0112222       	-1.07002488e-04
0.011223        	-1.07002488e-04
0.0112238       	-1.07002488e-04
0.0112246       	-1.07002488e-04
0.0112254       	-1.07002488e-04
0.0112262       	-1.07002488e-04
0.011227        	-1.07002488e-04
0.0112278       	-1.07002488e-04
0.0112287       	-1.07002488e-04
0.0112295       	-1.07002488e-04
0.0112303       	-1.07002488e-04
0.0112311       	-1.07002488e-04
0.0112319       	-1.07002488e-04
0.0112327       	-1.07002488e-04
0.0112335       	-1.07002488e-04
0.0112343       	-1.07002488e-04
0.0112351       	-1.07002488e-04
0.0112359       	-1.07002488e-04
0.0112367       	-1.07002488e-04
0.0112375       	-1.07002488e-04
0.0112384       	-1.07002488e-04
0.0112392       	-1.07002488e-04
0.01124         	-1.07002488e-04
0.0112408       	-1.07002488e-04
0.0112416       	-1.07002488e-04
0.0112424       	-1.07002488e-04
0.0112432       	-1.07002488e-04
0.011244        	-1.07002488e-04
0.0112448       	-1.07002488e-04
0.0112456       	-1.07002488e-04
0.0112464       	-1.07002488e-04
0.0112472       	-1.07002488e-04
0.011248        	-1.07002488e-04
0.0112488       	-1.07002488e-04
0.0112496       	-1.07002488e-04
0.0112505       	-1.07002488e-04
0.0112513       	-1.07002488e-04
0.0112521       	-1.07002488e-04
0.0112529       	-1.07002488e-04
0.0112537       	-1.07002488e-04
0.0112545       	-1.07002488e-04
0.0112553       	-1.07002488e-04
0.0112561       	-1.07002488e-04
0.0112569       	-1.07002488e-04
0.0112577       	-1.07002488e-04
0.0112585       	-1.07002488e-04
0.0112593       	-1.07002488e-04
0.0112601       	-1.07002488e-04
0.0112608       	-1.07002488e-04
0.0112616       	-1.07002488e-04
0.0112624       	-1.07002488e-04
0.0112632       	-1.07002488e-04
0.011264        	-1.07002488e-04
0.0112648       	-1.07002488e-04
0.0112656       	-1.07002488e-04
0.0112664       	-1.07002488e-04
0.0112672       	-1.07002488e-04
0.011268        	-1.07002488e-04
0.0112688       	-1.07002488e-04
0.0112695       	-1.07002488e-04
0.0112703       	-1.07002488e-04
0.0112711       	-1.07002488e-04
0.0112719       	-1.07002488e-04
0.0112727       	-1.07002488e-04
0.0112735       	-1.07002488e-04
0.0112743       	-1.07002488e-04
0.011275        	-1.07002488e-04
0.0112758       	-1.07002488e-04
0.0112766       	-1.07002488e-04
0.0112774       	-1.07002488e-04
0.0112782       	-1.07002488e-04
0.0112789       	-1.07002488e-04
0.0112797       	-1.07002488e-04
0.0112805       	-1.07002488e-04
0.0112813       	-1.07002488e-04
0.011282        	-1.07002488e-04
0.0112828       	-1.07002488e-04
0.0112836       	-1.07002488e-04
0.0112844       	-1.07002488e-04
0.0112851       	-1.07002488e-04
0.0112859       	-1.07002488e-04
0.0112867       	-1.07002488e-04
0.0112874       	-1.07002488e-04
0.0112882       	-1.07002488e-04
0.011289        	-1.07002488e-04
0.0112897       	-1.07002488e-04
0.0112905       	-1.07002488e-04
0.0112913       	-1.07002488e-04
0.011292        	-1.07002488e-04
0.0112928       	-1.07002488e-04
0.0112936       	-1.07002488e-04
0.0112943       	-1.07002488e-04
0.0112951       	-1.07002488e-04
0.0112958       	-1.07002488e-04
0.0112966       	-1.07002488e-04
0.0112974       	-1.07002488e-04
0.0112981       	-1.07002488e-04
0.0112989       	-1.07002488e-04
0.0112996       	-1.07002488e-04
0.0113004       	-1.07002488e-04
0.0113012       	-1.07002488e-04
0.0113019       	-1.07002488e-04
0.0113027       	-1.07002488e-04
0.0113034       	-1.07002488e-04
0.0113042       	-1.07002488e-04
0.0113049       	-1.07002488e-04
0.0113057       	-1.07002488e-04
0.0113064       	-1.07002488e-04
0.0113072       	-1.07002488e-04
0.011308        	-1.07002488e-04
0.0113087       	-1.07002488e-04
0.0113095       	-1.07002488e-04
0.0113102       	-1.07002488e-04
0.011311        	-1.07002488e-04
0.0113117       	-1.07002488e-04
0.0113125       	-1.07002488e-04
0.0113132       	-1.07002488e-04
0.0113139       	-1.07002488e-04
0.0113147       	-1.07002488e-04
0.0113154       	-1.07002488e-04
0.0113162       	-1.07002488e-04
0.0113169       	-1.07002488e-04
0.0113177       	-1.07002488e-04
0.0113184       	-1.07002488e-04
0.0113192       	-1.07002488e-04
0.0113199       	-1.07002488e-04
0.0113207       	-1.07002488e-04
0.0113214       	-1.07002488e-04
0.0113221       	-1.07002488e-04
0.0113229       	-1.07002488e-04
0.0113236       	-1.07002488e-04
0.0113244       	-1.07002488e-04
0.0113251       	-1.07002488e-04
0.0113259       	-1.07002488e-04
0.0113266       	-1.07002488e-04
0.0113273       	-1.07002488e-04
0.0113281       	-1.07002488e-04
0.0113288       	-1.07002488e-04
0.0113295       	-1.07002488e-04
0.0113303       	-1.07002488e-04
0.011331        	-1.07002488e-04
0.0113317       	-1.07002488e-04
0.0113325       	-1.07002488e-04
0.0113332       	-1.07002488e-04
0.0113339       	-1.07002488e-04
0.0113347       	-1.07002488e-04
0.0113354       	-1.07002488e-04
0.0113362       	-1.07002488e-04
0.0113369       	-1.07002488e-04
0.0113376       	-1.07002488e-04
0.0113384       	-1.07002488e-04
0.0113391       	-1.07002488e-04
0.0113398       	-1.07002488e-04
0.0113405       	-1.07002488e-04
0.0113413       	-1.07002488e-04
0.011342        	-1.07002488e-04
0.0113427       	-1.07002488e-04
0.0113434       	-1.07002488e-04
0.0113442       	-1.07002488e-04
0.0113449       	-1.07002488e-04
0.0113456       	-1.07002488e-04
0.0113463       	-1.07002488e-04
0.0113471       	-1.07002488e-04
0.0113478       	-1.07002488e-04
0.0113485       	-1.07002488e-04
0.0113492       	-1.07002488e-04
0.01135         	-1.07002488e-04
0.0113507       	-1.07002488e-04
0.0113514       	-1.07002488e-04
0.0113521       	-1.07002488e-04
0.0113528       	-1.07002488e-04
0.0113535       	-1.07002488e-04
0.0113543       	-1.07002488e-04
0.011355        	-1.07002488e-04
0.0113557       	-1.07002488e-04
0.0113564       	-1.07002488e-04
0.0113571       	-1.07002488e-04
0.0113578       	-1.07002488e-04
0.0113585       	-1.07002488e-04
0.0113593       	-1.07002488e-04
0.01136         	-1.07002488e-04
0.0113607       	-1.07002488e-04
0.0113614       	-1.07002488e-04
0.0113621       	-1.07002488e-04
0.0113628       	-1.07002488e-04
0.0113635       	-1.07002488e-04
0.0113642       	-1.07002488e-04
0.0113649       	-1.07002488e-04
0.0113656       	-1.07002488e-04
0.0113663       	-1.07002488e-04
0.011367        	-1.07002488e-04
0.0113677       	-1.07002488e-04
0.0113684       	-1.07002488e-04
0.0113691       	-1.07002488e-04
0.0113698       	-1.07002488e-04
0.0113705       	-1.07002488e-04
0.0113712       	-1.07002488e-04
0.0113719       	-1.07002488e-04
0.0113726       	-1.07002488e-04
0.0113733       	-1.07002488e-04
0.011374        	-1.07002488e-04
0.0113747       	-1.07002488e-04
0.0113754       	-1.07002488e-04
0.0113761       	-1.07002488e-04
0.0113768       	-1.07002488e-04
0.0113775       	-1.07002488e-04
0.0113782       	-1.07002488e-04
0.0113789       	-1.07002488e-04
0.0113795       	-1.07002488e-04
0.0113802       	-1.07002488e-04
0.0113809       	-1.07002488e-04
0.0113816       	-1.07002488e-04
0.0113823       	-1.07002488e-04
0.011383        	-1.07002488e-04
0.0113836       	-1.07002488e-04
0.0113843       	-1.07002488e-04
0.011385        	-1.07002488e-04
0.0113857       	-1.07002488e-04
0.0113864       	-1.07002488e-04
0.011387        	-1.07002488e-04
0.0113877       	-1.07002488e-04
0.0113884       	-1.07002488e-04
0.0113891       	-1.07002488e-04
0.0113898       	-1.07002488e-04
0.0113905       	-1.07002488e-04
0.0113911       	-1.07002488e-04
0.0113918       	-1.07002488e-04
0.0113925       	-1.07002488e-04
0.0113932       	-1.07002488e-04
0.0113939       	-1.07002488e-04
0.0113945       	-1.07002488e-04
0.0113952       	-1.07002488e-04
0.0113959       	-1.07002488e-04
0.0113966       	-1.07002488e-04
0.0113973       	-1.07002488e-04
0.011398        	-1.07002488e-04
0.0113986       	-1.07002488e-04
0.0113993       	-1.07002488e-04
0.0114          	-1.07002488e-04
0.0114007       	-1.07002488e-04
0.0114013       	-1.07002488e-04
0.011402        	-1.07002488e-04
0.0114027       	-1.07002488e-04
0.0114033       	-1.07002488e-04
0.011404        	-1.07002488e-04
0.0114047       	-1.07002488e-04
0.0114053       	-1.07002488e-04
0.011406        	-1.07002488e-04
0.0114067       	-1.07002488e-04
0.0114073       	-1.07002488e-04
0.011408        	-1.07002488e-04
0.0114087       	-1.07002488e-04
0.0114093       	-1.07002488e-04
0.01141         	-1.07002488e-04
0.0114107       	-1.07002488e-04
0.0114113       	-1.07002488e-04
0.011412        	-1.07002488e-04
0.0114126       	-1.07002488e-04
0.0114133       	-1.07002488e-04
0.011414        	-1.07002488e-04
0.0114146       	-1.07002488e-04
0.0114153       	-1.07002488e-04
0.011416        	-1.07002488e-04
0.0114166       	-1.07002488e-04
0.0114173       	-1.07002488e-04
0.0114179       	-1.07002488e-04
0.0114186       	-1.07002488e-04
0.0114193       	-1.07002488e-04
0.0114199       	-1.07002488e-04
0.0114206       	-1.07002488e-04
0.0114212       	-1.07002488e-04
0.0114219       	-1.07002488e-04
0.0114225       	-1.07002488e-04
0.0114232       	-1.07002488e-04
0.0114239       	-1.07002488e-04
0.0114245       	-1.07002488e-04
0.0114252       	-1.07002488e-04
0.0114258       	-1.07002488e-04
0.0114265       	-1.07002488e-04
0.0114271       	-1.07002488e-04
0.0114278       	-1.07002488e-04
0.0114284       	-1.07002488e-04
0.0114291       	-1.07002488e-04
0.0114298       	-1.07002488e-04
0.0114304       	-1.07002488e-04
0.0114311       	-1.07002488e-04
0.0114317       	-1.07002488e-04
0.0114324       	-1.07002488e-04
0.011433        	-1.07002488e-04
0.0114337       	-1.07002488e-04
0.0114343       	-1.07002488e-04
0.011435        	-1.07002488e-04
0.0114356       	-1.07002488e-04
0.0114363       	-1.07002488e-04
0.0114369       	-1.07002488e-04
0.0114376       	-1.07002488e-04
0.0114382       	-1.07002488e-04
0.0114388       	-1.07002488e-04
0.0114395       	-1.07002488e-04
0.0114401       	-1.07002488e-04
0.0114408       	-1.07002488e-04
0.0114414       	-1.07002488e-04
0.0114421       	-1.07002488e-04
0.0114427       	-1.07002488e-04
0.0114433       	-1.07002488e-04
0.011444        	-1.07002488e-04
0.0114446       	-1.07002488e-04
0.0114453       	-1.07002488e-04
0.0114459       	-1.07002488e-04
0.0114465       	-1.07002488e-04
0.0114472       	-1.07002488e-04
0.0114478       	-1.07002488e-04
0.0114485       	-1.07002488e-04
0.0114491       	-1.07002488e-04
0.0114497       	-1.07002488e-04
0.0114504       	-1.07002488e-04
0.011451        	-1.07002488e-04
0.0114516       	-1.07002488e-04
0.0114523       	-1.07002488e-04
0.0114529       	-1.07002488e-04
0.0114535       	-1.07002488e-04
0.0114541       	-1.07002488e-04
0.0114548       	-1.07002488e-04
0.0114554       	-1.07002488e-04
0.011456        	-1.07002488e-04
0.0114566       	-1.07002488e-04
0.0114573       	-1.07002488e-04
0.0114579       	-1.07002488e-04
0.0114585       	-1.07002488e-04
0.0114591       	-1.07002488e-04
0.0114598       	-1.07002488e-04
0.0114604       	-1.07002488e-04
0.011461        	-1.07002488e-04
0.0114616       	-1.07002488e-04
0.0114622       	-1.07002488e-04
0.0114629       	-1.07002488e-04
0.0114635       	-1.07002488e-04
0.0114641       	-1.07002488e-04
0.0114647       	-1.07002488e-04
0.0114653       	-1.07002488e-04
0.0114659       	-1.07002488e-04
0.0114666       	-1.07002488e-04
0.0114672       	-1.07002488e-04
0.0114678       	-1.07002488e-04
0.0114684       	-1.07002488e-04
0.011469        	-1.07002488e-04
0.0114696       	-1.07002488e-04
0.0114702       	-1.07002488e-04
0.0114708       	-1.07002488e-04
0.0114714       	-1.07002488e-04
0.0114721       	-1.07002488e-04
0.0114727       	-1.07002488e-04
0.0114733       	-1.07002488e-04
0.0114739       	-1.07002488e-04
0.0114745       	-1.07002488e-04
0.0114751       	-1.07002488e-04
0.0114757       	-1.07002488e-04
0.0114763       	-1.07002488e-04
0.0114769       	-1.07002488e-04
0.0114775       	-1.07002488e-04
0.0114781       	-1.07002488e-04
0.0114787       	-1.07002488e-04
0.0114794       	-1.07002488e-04
0.01148         	-1.07002488e-04
0.0114806       	-1.07002488e-04
0.0114812       	-1.07002488e-04
0.0114818       	-1.07002488e-04
0.0114824       	-1.07002488e-04
0.011483        	-1.07002488e-04
0.0114836       	-1.07002488e-04
0.0114842       	-1.07002488e-04
0.0114848       	-1.07002488e-04
0.0114854       	-1.07002488e-04
0.011486        	-1.07002488e-04
0.0114866       	-1.07002488e-04
0.0114872       	-1.07002488e-04
0.0114878       	-1.07002488e-04
0.0114884       	-1.07002488e-04
0.011489        	-1.07002488e-04
0.0114896       	-1.07002488e-04
0.0114902       	-1.07002488e-04
0.0114908       	-1.07002488e-04
0.0114914       	-1.07002488e-04
0.011492        	-1.07002488e-04
0.0114926       	-1.07002488e-04
0.0114932       	-1.07002488e-04
0.0114938       	-1.07002488e-04
0.0114944       	-1.07002488e-04
0.011495        	-1.07002488e-04
0.0114956       	-1.07002488e-04
0.0114962       	-1.07002488e-04
0.0114968       	-1.07002488e-04
0.0114974       	-1.07002488e-04
0.011498        	-1.07002488e-04
0.0114986       	-1.07002488e-04
0.0114992       	-1.07002488e-04
0.0114998       	-1.07002488e-04
0.0115004       	-1.07002488e-04
0.011501        	-1.07002488e-04
0.0115016       	-1.07002488e-04
0.0115022       	-1.07002488e-04
0.0115028       	-1.07002488e-04
0.0115034       	-1.07002488e-04
0.011504        	-1.07002488e-04
0.0115046       	-1.07002488e-04
0.0115052       	-1.07002488e-04
0.0115058       	-1.07002488e-04
0.0115064       	-1.07002488e-04
0.0115069       	-1.07002488e-04
0.0115075       	-1.07002488e-04
0.0115081       	-1.07002488e-04
0.0115087       	-1.07002488e-04
0.0115093       	-1.07002488e-04
0.0115099       	-1.07002488e-04
0.0115105       	-1.07002488e-04
0.0115111       	-1.07002488e-04
0.0115117       	-1.07002488e-04
0.0115123       	-1.07002488e-04
0.0115128       	-1.07002488e-04
0.0115134       	-1.07002488e-04
0.011514        	-1.07002488e-04
0.0115146       	-1.07002488e-04
0.0115152       	-1.07002488e-04
0.0115158       	-1.07002488e-04
0.0115163       	-1.07002488e-04
0.0115169       	-1.07002488e-04
0.0115175       	-1.07002488e-04
0.0115181       	-1.07002488e-04
0.0115187       	-1.07002488e-04
0.0115193       	-1.07002488e-04
0.0115198       	-1.07002488e-04
0.0115204       	-1.07002488e-04
0.011521        	-1.07002488e-04
0.0115216       	-1.07002488e-04
0.0115222       	-1.07002488e-04
0.0115227       	-1.07002488e-04
0.0115233       	-1.07002488e-04
0.0115239       	-1.07002488e-04
0.0115245       	-1.07002488e-04
0.011525        	-1.07002488e-04
0.0115256       	-1.07002488e-04
0.0115262       	-1.07002488e-04
0.0115268       	-1.07002488e-04
0.0115273       	-1.07002488e-04
0.0115279       	-1.07002488e-04
0.0115285       	-1.07002488e-04
0.0115291       	-1.07002488e-04
0.0115296       	-1.07002488e-04
0.0115302       	-1.07002488e-04
0.0115308       	-1.07002488e-04
0.0115314       	-1.07002488e-04
0.0115319       	-1.07002488e-04
0.0115325       	-1.07002488e-04
0.0115331       	-1.07002488e-04
0.0115336       	-1.07002488e-04
0.0115342       	-1.07002488e-04
0.0115348       	-1.07002488e-04
0.0115354       	-1.07002488e-04
0.0115359       	-1.07002488e-04
0.0115365       	-1.07002488e-04
0.0115371       	-1.07002488e-04
0.0115376       	-1.07002488e-04
0.0115382       	-1.07002488e-04
0.0115388       	-1.07002488e-04
0.0115394       	-1.07002488e-04
0.0115399       	-1.07002488e-04
0.0115405       	-1.07002488e-04
0.0115411       	-1.07002488e-04
0.0115417       	-1.07002488e-04
0.0115422       	-1.07002488e-04
0.0115428       	-1.07002488e-04
0.0115434       	-1.07002488e-04
0.0115439       	-1.07002488e-04
0.0115445       	-1.07002488e-04
0.0115451       	-1.07002488e-04
0.0115457       	-1.07002488e-04
0.0115462       	-1.07002488e-04
0.0115468       	-1.07002488e-04
0.0115474       	-1.07002488e-04
0.0115479       	-1.07002488e-04
0.0115485       	-1.07002488e-04
0.0115491       	-1.07002488e-04
0.0115497       	-1.07002488e-04
0.0115502       	-1.07002488e-04
0.0115508       	-1.07002488e-04
0.0115514       	-1.07002488e-04
0.0115519       	-1.07002488e-04
0.0115525       	-1.07002488e-04
0.0115531       	-1.07002488e-04
0.0115536       	-1.07002488e-04
0.0115542       	-1.07002488e-04
0.0115548       	-1.07002488e-04
0.0115553       	-1.07002488e-04
0.0115559       	-1.07002488e-04
0.0115564       	-1.07002488e-04
0.011557        	-1.07002488e-04
0.0115576       	-1.07002488e-04
0.0115581       	-1.07002488e-04
0.0115587       	-1.07002488e-04
0.0115593       	-1.07002488e-04
0.0115598       	-1.07002488e-04
0.0115604       	-1.07002488e-04
0.011561        	-1.07002488e-04
0.0115615       	-1.07002488e-04
0.0115621       	-1.07002488e-04
0.0115627       	-1.07002488e-04
0.0115632       	-1.07002488e-04
0.0115638       	-1.07002488e-04
0.0115644       	-1.07002488e-04
0.0115649       	-1.07002488e-04
0.0115655       	-1.07002488e-04
0.0115661       	-1.07002488e-04
0.0115666       	-1.07002488e-04
0.0115672       	-1.07002488e-04
0.0115677       	-1.07002488e-04
0.0115683       	-1.07002488e-04
0.0115688       	-1.07002488e-04
0.0115694       	-1.07002488e-04
0.01157         	-1.07002488e-04
0.0115705       	-1.07002488e-04
0.0115711       	-1.07002488e-04
0.0115716       	-1.07002488e-04
0.0115722       	-1.07002488e-04
0.0115727       	-1.07002488e-04
0.0115733       	-1.07002488e-04
0.0115739       	-1.07002488e-04
0.0115744       	-1.07002488e-04
0.011575        	-1.07002488e-04
0.0115755       	-1.07002488e-04
0.0115761       	-1.07002488e-04
0.0115766       	-1.07002488e-04
0.0115772       	-1.07002488e-04
0.0115777       	-1.07002488e-04
0.0115783       	-1.07002488e-04
0.0115789       	-1.07002488e-04
0.0115794       	-1.07002488e-04
0.01158         	-1.07002488e-04
0.0115805       	-1.07002488e-04
0.0115811       	-1.07002488e-04
0.0115816       	-1.07002488e-04
0.0115822       	-1.07002488e-04
0.0115828       	-1.07002488e-04
0.0115833       	-1.07002488e-04
0.0115839       	-1.07002488e-04
0.0115844       	-1.07002488e-04
0.011585        	-1.07002488e-04
0.0115855       	-1.07002488e-04
0.0115861       	-1.07002488e-04
0.0115866       	-1.07002488e-04
0.0115872       	-1.07002488e-04
0.0115878       	-1.07002488e-04
0.0115883       	-1.07002488e-04
0.0115889       	-1.07002488e-04
0.0115894       	-1.07002488e-04
0.01159         	-1.07002488e-04
0.0115905       	-1.07002488e-04
0.0115911       	-1.07002488e-04
0.0115917       	-1.07002488e-04
0.0115922       	-1.07002488e-04
0.0115928       	-1.07002488e-04
0.0115933       	-1.07002488e-04
0.0115939       	-1.07002488e-04
0.0115944       	-1.07002488e-04
0.011595        	-1.07002488e-04
0.0115955       	-1.07002488e-04
0.0115961       	-1.07002488e-04
0.0115967       	-1.07002488e-04
0.0115972       	-1.07002488e-04
0.0115978       	-1.07002488e-04
0.0115983       	-1.07002488e-04
0.0115989       	-1.07002488e-04
0.0115994       	-1.07002488e-04
0.0116          	-1.07002488e-04
0.0116005       	-1.07002488e-04
0.0116011       	-1.07002488e-04
0.0116016       	-1.07002488e-04
0.0116022       	-1.07002488e-04
0.0116027       	-1.07002488e-04
0.0116033       	-1.07002488e-04
0.0116038       	-1.07002488e-04
0.0116044       	-1.07002488e-04
0.0116049       	-1.07002488e-04
0.0116054       	-1.07002488e-04
0.011606        	-1.07002488e-04
0.0116065       	-1.07002488e-04
0.0116071       	-1.07002488e-04
0.0116076       	-1.07002488e-04
0.0116082       	-1.07002488e-04
0.0116087       	-1.07002488e-04
0.0116093       	-1.07002488e-04
0.0116098       	-1.07002488e-04
0.0116103       	-1.07002488e-04
0.0116109       	-1.07002488e-04
0.0116114       	-1.07002488e-04
0.011612        	-1.07002488e-04
0.0116125       	-1.07002488e-04
0.0116131       	-1.07002488e-04
0.0116136       	-1.07002488e-04
0.0116141       	-1.07002488e-04
0.0116147       	-1.07002488e-04
0.0116152       	-1.07002488e-04
0.0116158       	-1.07002488e-04
0.0116163       	-1.07002488e-04
0.0116168       	-1.07002488e-04
0.0116174       	-1.07002488e-04
0.0116179       	-1.07002488e-04
0.0116185       	-1.07002488e-04
0.011619        	-1.07002488e-04
0.0116195       	-1.07002488e-04
0.0116201       	-1.07002488e-04
0.0116206       	-1.07002488e-04
0.0116212       	-1.07002488e-04
0.0116217       	-1.07002488e-04
0.0116222       	-1.07002488e-04
0.0116228       	-1.07002488e-04
0.0116233       	-1.07002488e-04
0.0116238       	-1.07002488e-04
0.0116244       	-1.07002488e-04
0.0116249       	-1.07002488e-04
0.0116254       	-1.07002488e-04
0.011626        	-1.07002488e-04
0.0116265       	-1.07002488e-04
0.0116271       	-1.07002488e-04
0.0116276       	-1.07002488e-04
0.0116281       	-1.07002488e-04
0.0116287       	-1.07002488e-04
0.0116292       	-1.07002488e-04
0.0116297       	-1.07002488e-04
0.0116303       	-1.07002488e-04
0.0116308       	-1.07002488e-04
0.0116313       	-1.07002488e-04
0.0116319       	-1.07002488e-04
0.0116324       	-1.07002488e-04
0.0116329       	-1.07002488e-04
0.0116335       	-1.07002488e-04
0.011634        	-1.07002488e-04
0.0116345       	-1.07002488e-04
0.0116351       	-1.07002488e-04
0.0116356       	-1.07002488e-04
0.0116361       	-1.07002488e-04
0.0116367       	-1.07002488e-04
0.0116372       	-1.07002488e-04
0.0116377       	-1.07002488e-04
0.0116383       	-1.07002488e-04
0.0116388       	-1.07002488e-04
0.0116393       	-1.07002488e-04
0.0116399       	-1.07002488e-04
0.0116404       	-1.07002488e-04
0.0116409       	-1.07002488e-04
0.0116415       	-1.07002488e-04
0.011642        	-1.07002488e-04
0.0116425       	-1.07002488e-04
0.0116431       	-1.07002488e-04
0.0116436       	-1.07002488e-04
0.0116441       	-1.07002488e-04
0.0116447       	-1.07002488e-04
0.0116452       	-1.07002488e-04
0.0116458       	-1.07002488e-04
0.0116463       	-1.07002488e-04
0.0116468       	-1.07002488e-04
0.0116474       	-1.07002488e-04
0.0116479       	-1.07002488e-04
0.0116484       	-1.07002488e-04
0.011649        	-1.07002488e-04
0.0116495       	-1.07002488e-04
0.01165         	-1.07002488e-04
0.0116506       	-1.07002488e-04
0.0116511       	-1.07002488e-04
0.0116517       	-1.07002488e-04
0.0116522       	-1.07002488e-04
0.0116527       	-1.07002488e-04
0.0116533       	-1.07002488e-04
0.0116538       	-1.07002488e-04
0.0116544       	-1.07002488e-04
0.0116549       	-1.07002488e-04
0.0116554       	-1.07002488e-04
0.011656        	-1.07002488e-04
0.0116565       	-1.07002488e-04
0.011657        	-1.07002488e-04
0.0116576       	-1.07002488e-04
0.0116581       	-1.07002488e-04
0.0116587       	-1.07002488e-04
0.0116592       	-1.07002488e-04
0.0116597       	-1.07002488e-04
0.0116603       	-1.07002488e-04
0.0116608       	-1.07002488e-04
0.0116614       	-1.07002488e-04
0.0116619       	-1.07002488e-04
0.0116625       	-1.07002488e-04
0.011663        	-1.07002488e-04
0.0116635       	-1.07002488e-04
0.0116641       	-1.07002488e-04
0.0116646       	-1.07002488e-04
0.0116652       	-1.07002488e-04
0.0116657       	-1.07002488e-04
0.0116662       	-1.07002488e-04
0.0116668       	-1.07002488e-04
0.0116673       	-1.07002488e-04
0.0116679       	-1.07002488e-04
0.0116684       	-1.07002488e-04
0.011669        	-1.07002488e-04
0.0116695       	-1.07002488e-04
0.01167         	-1.07002488e-04
0.0116706       	-1.07002488e-04
0.0116711       	-1.07002488e-04
0.0116717       	-1.07002488e-04
0.0116722       	-1.07002488e-04
0.0116727       	-1.07002488e-04
0.0116733       	-1.07002488e-04
0.0116738       	-1.07002488e-04
0.0116744       	-1.07002488e-04
0.0116749       	-1.07002488e-04
0.0116755       	-1.07002488e-04
0.011676        	-1.07002488e-04
0.0116765       	-1.07002488e-04
0.0116771       	-1.07002488e-04
0.0116776       	-1.07002488e-04
0.0116782       	-1.07002488e-04
0.0116787       	-1.07002488e-04
0.0116793       	-1.07002488e-04
0.0116798       	-1.07002488e-04
0.0116803       	-1.07002488e-04
0.0116809       	-1.07002488e-04
0.0116814       	-1.07002488e-04
0.011682        	-1.07002488e-04
0.0116825       	-1.07002488e-04
0.0116831       	-1.07002488e-04
0.0116836       	-1.07002488e-04
0.0116842       	-1.07002488e-04
0.0116847       	-1.07002488e-04
0.0116853       	-1.07002488e-04
0.0116858       	-1.07002488e-04
0.0116864       	-1.07002488e-04
0.0116869       	-1.07002488e-04
0.0116875       	-1.07002488e-04
0.011688        	-1.07002488e-04
0.0116886       	-1.07002488e-04
0.0116891       	-1.07002488e-04
0.0116897       	-1.07002488e-04
0.0116902       	-1.07002488e-04
0.0116908       	-1.07002488e-04
0.0116913       	-1.07002488e-04
0.0116919       	-1.07002488e-04
0.0116924       	-1.07002488e-04
0.011693        	-1.07002488e-04
0.0116936       	-1.07002488e-04
0.0116941       	-1.07002488e-04
0.0116947       	-1.07002488e-04
0.0116952       	-1.07002488e-04
0.0116958       	-1.07002488e-04
0.0116963       	-1.07002488e-04
0.0116969       	-1.07002488e-04
0.0116975       	-1.07002488e-04
0.011698        	-1.07002488e-04
0.0116986       	-1.07002488e-04
0.0116991       	-1.07002488e-04
0.0116997       	-1.07002488e-04
0.0117003       	-1.07002488e-04
0.0117008       	-1.07002488e-04
0.0117014       	-1.07002488e-04
0.011702        	-1.07002488e-04
0.0117025       	-1.07002488e-04
0.0117031       	-1.07002488e-04
0.0117037       	-1.07002488e-04
0.0117042       	-1.07002488e-04
0.0117048       	-1.07002488e-04
0.0117054       	-1.07002488e-04
0.0117059       	-1.07002488e-04
0.0117065       	-1.07002488e-04
0.0117071       	-1.07002488e-04
0.0117076       	-1.07002488e-04
0.0117082       	-1.07002488e-04
0.0117088       	-1.07002488e-04
0.0117094       	-1.07002488e-04
0.0117099       	-1.07002488e-04
0.0117105       	-1.07002488e-04
0.0117111       	-1.07002488e-04
0.0117116       	-1.07002488e-04
0.0117122       	-1.07002488e-04
0.0117128       	-1.07002488e-04
0.0117134       	-1.07002488e-04
0.0117139       	-1.07002488e-04
0.0117145       	-1.07002488e-04
0.0117151       	-1.07002488e-04
0.0117157       	-1.07002488e-04
0.0117163       	-1.07002488e-04
0.0117168       	-1.07002488e-04
0.0117174       	-1.07002488e-04
0.011718        	-1.07002488e-04
0.0117186       	-1.07002488e-04
0.0117192       	-1.07002488e-04
0.0117197       	-1.07002488e-04
0.0117203       	-1.07002488e-04
0.0117209       	-1.07002488e-04
0.0117215       	-1.07002488e-04
0.0117221       	-1.07002488e-04
0.0117226       	-1.07002488e-04
0.0117232       	-1.07002488e-04
0.0117238       	-1.07002488e-04
0.0117244       	-1.07002488e-04
0.011725        	-1.07002488e-04
0.0117256       	-1.07002488e-04
0.0117262       	-1.07002488e-04
0.0117267       	-1.07002488e-04
0.0117273       	-1.07002488e-04
0.0117279       	-1.07002488e-04
0.0117285       	-1.07002488e-04
0.0117291       	-1.07002488e-04
0.0117297       	-1.07002488e-04
0.0117303       	-1.07002488e-04
0.0117308       	-1.07002488e-04
0.0117314       	-1.07002488e-04
0.011732        	-1.07002488e-04
0.0117326       	-1.07002488e-04
0.0117332       	-1.07002488e-04
0.0117338       	-1.07002488e-04
0.0117344       	-1.07002488e-04
0.011735        	-1.07002488e-04
0.0117356       	-1.07002488e-04
0.0117362       	-1.07002488e-04
0.0117368       	-1.07002488e-04
0.0117374       	-1.07002488e-04
0.011738        	-1.07002488e-04
0.0117386       	-1.07002488e-04
0.0117392       	-1.07002488e-04
0.0117398       	-1.07002488e-04
0.0117404       	-1.07002488e-04
0.011741        	-1.07002488e-04
0.0117416       	-1.07002488e-04
0.0117422       	-1.07002488e-04
0.0117428       	-1.07002488e-04
0.0117434       	-1.07002488e-04
0.011744        	-1.07002488e-04
0.0117446       	-1.07002488e-04
0.0117452       	-1.07002488e-04
0.0117458       	-1.07002488e-04
0.0117464       	-1.07002488e-04
0.011747        	-1.07002488e-04
0.0117476       	-1.07002488e-04
0.0117483       	-1.07002488e-04
0.0117489       	-1.07002488e-04
0.0117495       	-1.07002488e-04
0.0117501       	-1.07002488e-04
0.0117507       	-1.07002488e-04
0.0117513       	-1.07002488e-04
0.011752        	-1.07002488e-04
0.0117526       	-1.07002488e-04
0.0117532       	-1.07002488e-04
0.0117538       	-1.07002488e-04
0.0117544       	-1.07002488e-04
0.0117551       	-1.07002488e-04
0.0117557       	-1.07002488e-04
0.0117563       	-1.07002488e-04
0.0117569       	-1.07002488e-04
0.0117576       	-1.07002488e-04
0.0117582       	-1.07002488e-04
0.0117588       	-1.07002488e-04
0.0117595       	-1.07002488e-04
0.0117601       	-1.07002488e-04
0.0117607       	-1.07002488e-04
0.0117614       	-1.07002488e-04
0.011762        	-1.07002488e-04
0.0117626       	-1.07002488e-04
0.0117633       	-1.07002488e-04
0.0117639       	-1.07002488e-04
0.0117646       	-1.07002488e-04
0.0117652       	-1.07002488e-04
0.0117658       	-1.07002488e-04
0.0117665       	-1.07002488e-04
0.0117671       	-1.07002488e-04
0.0117678       	-1.07002488e-04
0.0117684       	-1.07002488e-04
0.0117691       	-1.07002488e-04
0.0117697       	-1.07002488e-04
0.0117704       	-1.07002488e-04
0.011771        	-1.07002488e-04
0.0117717       	-1.07002488e-04
0.0117723       	-1.07002488e-04
0.011773        	-1.07002488e-04
0.0117736       	-1.07002488e-04
0.0117743       	-1.07002488e-04
0.011775        	-1.07002488e-04
0.0117756       	-1.07002488e-04
0.0117763       	-1.07002488e-04
0.0117769       	-1.07002488e-04
0.0117776       	-1.07002488e-04
0.0117783       	-1.07002488e-04
0.0117789       	-1.07002488e-04
0.0117796       	-1.07002488e-04
0.0117802       	-1.07002488e-04
0.0117809       	-1.07002488e-04
0.0117816       	-1.07002488e-04
0.0117822       	-1.07002488e-04
0.0117829       	-1.07002488e-04
0.0117835       	-1.07002488e-04
0.0117842       	-1.07002488e-04
0.0117848       	-1.07002488e-04
0.0117855       	-1.07002488e-04
0.0117862       	-1.07002488e-04
0.0117869       	-1.07002488e-04
0.0117875       	-1.07002488e-04
0.0117882       	-1.07002488e-04
0.0117889       	-1.07002488e-04
0.0117896       	-1.07002488e-04
0.0117903       	-1.07002488e-04
0.011791        	-1.07002488e-04
0.0117917       	-1.07002488e-04
0.0117924       	-1.07002488e-04
0.0117931       	-1.07002488e-04
0.0117938       	-1.07002488e-04
0.0117945       	-1.07002488e-04
0.0117952       	-1.07002488e-04
0.0117958       	-1.07002488e-04
0.0117965       	-1.07002488e-04
0.0117972       	-1.07002488e-04
0.0117979       	-1.07002488e-04
0.0117986       	-1.07002488e-04
0.0117993       	-1.07002488e-04
0.0118          	-1.07002488e-04
0.0118007       	-1.07002488e-04
0.0118014       	-1.07002488e-04
0.0118021       	-1.07002488e-04
0.0118028       	-1.07002488e-04
0.0118035       	-1.07002488e-04
0.0118042       	-1.07002488e-04
0.0118049       	-1.07002488e-04
0.0118056       	-1.07002488e-04
0.0118063       	-1.07002488e-04
0.011807        	-1.07002488e-04
0.0118077       	-1.07002488e-04
0.0118084       	-1.07002488e-04
0.0118091       	-1.07002488e-04
0.0118098       	-1.07002488e-04
0.0118105       	-1.07002488e-04
0.0118112       	-1.07002488e-04
0.0118119       	-1.07002488e-04
0.0118126       	-1.07002488e-04
0.0118133       	-1.07002488e-04
0.011814        	-1.07002488e-04
0.0118147       	-1.07002488e-04
0.0118154       	-1.07002488e-04
0.0118161       	-1.07002488e-04
0.0118168       	-1.07002488e-04
0.0118176       	-1.07002488e-04
0.0118183       	-1.07002488e-04
0.011819        	-1.07002488e-04
0.0118197       	-1.07002488e-04
0.0118204       	-1.07002488e-04
0.0118211       	-1.07002488e-04
0.0118219       	-1.07002488e-04
0.0118226       	-1.07002488e-04
0.0118233       	-1.07002488e-04
0.011824        	-1.07002488e-04
0.0118248       	-1.07002488e-04
0.0118255       	-1.07002488e-04
0.0118262       	-1.07002488e-04
0.0118269       	-1.07002488e-04
0.0118277       	-1.07002488e-04
0.0118284       	-1.07002488e-04
0.0118291       	-1.07002488e-04
0.0118299       	-1.07002488e-04
0.0118306       	-1.07002488e-04
0.0118313       	-1.07002488e-04
0.0118321       	-1.07002488e-04
0.0118328       	-1.07002488e-04
0.0118336       	-1.07002488e-04
0.0118343       	-1.07002488e-04
0.0118351       	-1.07002488e-04
0.0118358       	-1.07002488e-04
0.0118366       	-1.07002488e-04
0.0118373       	-1.07002488e-04
0.0118381       	-1.07002488e-04
0.0118388       	-1.07002488e-04
0.0118396       	-1.07002488e-04
0.0118403       	-1.07002488e-04
0.0118411       	-1.07002488e-04
0.0118418       	-1.07002488e-04
0.0118426       	-1.07002488e-04
0.0118434       	-1.07002488e-04
0.0118441       	-1.07002488e-04
0.0118449       	-1.07002488e-04
0.0118457       	-1.07002488e-04
0.0118464       	-1.07002488e-04
0.0118472       	-1.07002488e-04
0.011848        	-1.07002488e-04
0.0118487       	-1.07002488e-04
0.0118495       	-1.07002488e-04
0.0118503       	-1.07002488e-04
0.0118511       	-1.07002488e-04
0.0118519       	-1.07002488e-04
0.0118526       	-1.07002488e-04
0.0118534       	-1.07002488e-04
0.0118542       	-1.07002488e-04
0.011855        	-1.07002488e-04
0.0118558       	-1.07002488e-04
0.0118566       	-1.07002488e-04
0.0118574       	-1.07002488e-04
0.0118582       	-1.07002488e-04
0.011859        	-1.07002488e-04
0.0118598       	-1.07002488e-04
0.0118606       	-1.07002488e-04
0.0118614       	-1.07002488e-04
0.0118622       	-1.07002488e-04
0.011863        	-1.07002488e-04
0.0118638       	-1.07002488e-04
0.0118646       	-1.07002488e-04
0.0118654       	-1.07002488e-04
0.0118662       	-1.07002488e-04
0.011867        	-1.07002488e-04
0.0118678       	-1.07002488e-04
0.0118686       	-1.07002488e-04
0.0118695       	-1.07002488e-04
0.0118703       	-1.07002488e-04
0.0118711       	-1.07002488e-04
0.0118719       	-1.07002488e-04
0.0118727       	-1.07002488e-04
0.0118736       	-1.07002488e-04
0.0118744       	-1.07002488e-04
0.0118752       	-1.07002488e-04
0.011876        	-1.07002488e-04
0.0118768       	-1.07002488e-04
0.0118777       	-1.07002488e-04
0.0118785       	-1.07002488e-04
0.0118793       	-1.07002488e-04
0.0118801       	-1.07002488e-04
0.011881        	-1.07002488e-04
0.0118818       	-1.07002488e-04
0.0118826       	-1.07002488e-04
0.0118835       	-1.07002488e-04
0.0118843       	-1.07002488e-04
0.0118851       	-1.07002488e-04
0.011886        	-1.07002488e-04
0.0118868       	-1.07002488e-04
0.0118876       	-1.07002488e-04
0.0118885       	-1.07002488e-04
0.0118893       	-1.07002488e-04
0.0118901       	-1.07002488e-04
0.0118909       	-1.07002488e-04
0.0118918       	-1.07002488e-04
0.0118926       	-1.07002488e-04
0.0118935       	-1.07002488e-04
0.0118943       	-1.07002488e-04
0.0118951       	-1.07002488e-04
0.011896        	-1.07002488e-04
0.0118968       	-1.07002488e-04
0.0118977       	-1.07002488e-04
0.0118985       	-1.07002488e-04
0.0118993       	-1.07002488e-04
0.0119002       	-1.07002488e-04
0.011901        	-1.07002488e-04
0.0119018       	-1.07002488e-04
0.0119027       	-1.07002488e-04
0.0119035       	-1.07002488e-04
0.0119044       	-1.07002488e-04
0.0119052       	-1.07002488e-04
0.011906        	-1.07002488e-04
0.0119069       	-1.07002488e-04
0.0119077       	-1.07002488e-04
0.0119086       	-1.07002488e-04
0.0119094       	-1.07002488e-04
0.0119103       	-1.07002488e-04
0.0119111       	-1.07002488e-04
0.011912        	-1.07002488e-04
0.0119128       	-1.07002488e-04
0.0119136       	-1.07002488e-04
0.0119145       	-1.07002488e-04
0.0119153       	-1.07002488e-04
0.0119162       	-1.07002488e-04
0.011917        	-1.07002488e-04
0.0119179       	-1.07002488e-04
0.0119187       	-1.07002488e-04
0.0119196       	-1.07002488e-04
0.0119204       	-1.07002488e-04
0.0119213       	-1.07002488e-04
0.0119221       	-1.07002488e-04
0.011923        	-1.07002488e-04
0.0119238       	-1.07002488e-04
0.0119247       	-1.07002488e-04
0.0119255       	-1.07002488e-04
0.0119263       	-1.07002488e-04
0.0119272       	-1.07002488e-04
0.011928        	-1.07002488e-04
0.0119289       	-1.07002488e-04
0.0119297       	-1.07002488e-04
0.0119305       	-1.07002488e-04
0.0119314       	-1.07002488e-04
0.0119322       	-1.07002488e-04
0.011933        	-1.07002488e-04
0.0119339       	-1.07002488e-04
0.0119347       	-1.07002488e-04
0.0119356       	-1.07002488e-04
0.0119364       	-1.07002488e-04
0.0119372       	-1.07002488e-04
0.0119381       	-1.07002488e-04
0.0119389       	-1.07002488e-04
0.0119397       	-1.07002488e-04
0.0119406       	-1.07002488e-04
0.0119414       	-1.07002488e-04
0.0119422       	-1.07002488e-04
0.0119431       	-1.07002488e-04
0.0119439       	-1.07002488e-04
0.0119448       	-1.07002488e-04
0.0119456       	-1.07002488e-04
0.0119464       	-1.07002488e-04
0.0119473       	-1.07002488e-04
0.0119481       	-1.07002488e-04
0.0119489       	-1.07002488e-04
0.0119498       	-1.07002488e-04
0.0119506       	-1.07002488e-04
0.0119515       	-1.07002488e-04
0.0119523       	-1.07002488e-04
0.0119531       	-1.07002488e-04
0.0119539       	-1.07002488e-04
0.0119547       	-1.07002488e-04
0.0119556       	-1.07002488e-04
0.0119564       	-1.07002488e-04
0.0119572       	-1.07002488e-04
0.011958        	-1.07002488e-04
0.0119589       	-1.07002488e-04
0.0119597       	-1.07002488e-04
0.0119605       	-1.07002488e-04
0.0119613       	-1.07002488e-04
0.0119622       	-1.07002488e-04
0.011963        	-1.07002488e-04
0.0119638       	-1.07002488e-04
0.0119646       	-1.07002488e-04
0.0119654       	-1.07002488e-04
0.0119663       	-1.07002488e-04
0.0119671       	-1.07002488e-04
0.0119679       	-1.07002488e-04
0.0119687       	-1.07002488e-04
0.0119696       	-1.07002488e-04
0.0119704       	-1.07002488e-04
0.0119712       	-1.07002488e-04
0.011972        	-1.07002488e-04
0.0119728       	-1.07002488e-04
0.0119737       	-1.07002488e-04
0.0119745       	-1.07002488e-04
0.0119753       	-1.07002488e-04
0.0119761       	-1.07002488e-04
0.011977        	-1.07002488e-04
0.0119778       	-1.07002488e-04
0.0119786       	-1.07002488e-04
0.0119794       	-1.07002488e-04
0.0119803       	-1.07002488e-04
0.0119811       	-1.07002488e-04
0.0119819       	-1.07002488e-04
0.0119827       	-1.07002488e-04
0.0119835       	-1.07002488e-04
0.0119844       	-1.07002488e-04
0.0119852       	-1.07002488e-04
0.011986        	-1.07002488e-04
0.0119868       	-1.07002488e-04
0.0119877       	-1.07002488e-04
0.0119885       	-1.07002488e-04
0.0119893       	-1.07002488e-04
0.0119901       	-1.07002488e-04
0.0119909       	-1.07002488e-04
0.0119918       	-1.07002488e-04
0.0119926       	-1.07002488e-04
0.0119934       	-1.07002488e-04
0.0119942       	-1.07002488e-04
0.0119951       	-1.07002488e-04
0.0119959       	-1.07002488e-04
0.0119967       	-1.07002488e-04
0.0119975       	-1.07002488e-04
0.0119984       	-1.07002488e-04
0.0119992       	-1.07002488e-04
0.012           	-1.07002488e-04
0.0120008       	-1.07002488e-04
0.0120017       	-1.07002488e-04
0.0120025       	-1.07002488e-04
0.0120033       	-1.07002488e-04
0.0120042       	-1.07002488e-04
0.012005        	-1.07002488e-04
0.0120059       	-1.07002488e-04
0.0120067       	-1.07002488e-04
0.0120075       	-1.07002488e-04
0.0120084       	-1.07002488e-04
0.0120092       	-1.07002488e-04
0.01201         	-1.07002488e-04
0.0120109       	-1.07002488e-04
0.0120117       	-1.07002488e-04
0.0120126       	-1.07002488e-04
0.0120134       	-1.07002488e-04
0.0120142       	-1.07002488e-04
0.0120151       	-1.07002488e-04
0.0120159       	-1.07002488e-04
0.0120167       	-1.07002488e-04
0.0120176       	-1.07002488e-04
0.0120184       	-1.07002488e-04
0.0120192       	-1.07002488e-04
0.0120201       	-1.07002488e-04
0.0120209       	-1.07002488e-04
0.0120217       	-1.07002488e-04
0.0120225       	-1.07002488e-04
0.0120234       	-1.07002488e-04
0.0120242       	-1.07002488e-04
0.012025        	-1.07002488e-04
0.0120259       	-1.07002488e-04
0.0120267       	-1.07002488e-04
0.0120275       	-1.07002488e-04
0.0120283       	-1.07002488e-04
0.0120292       	-1.07002488e-04
0.01203         	-1.07002488e-04
0.0120308       	-1.07002488e-04
0.0120316       	-1.07002488e-04
0.0120324       	-1.07002488e-04
0.0120333       	-1.07002488e-04
0.0120341       	-1.07002488e-04
0.0120349       	-1.07002488e-04
0.0120357       	-1.07002488e-04
0.0120365       	-1.07002488e-04
0.0120374       	-1.07002488e-04
0.0120382       	-1.07002488e-04
0.012039        	-1.07002488e-04
0.0120398       	-1.07002488e-04
0.0120406       	-1.07002488e-04
0.0120414       	-1.07002488e-04
0.0120422       	-1.07002488e-04
0.012043        	-1.07002488e-04
0.0120438       	-1.07002488e-04
0.0120446       	-1.07002488e-04
0.0120454       	-1.07002488e-04
0.0120462       	-1.07002488e-04
0.012047        	-1.07002488e-04
0.0120478       	-1.07002488e-04
0.0120486       	-1.07002488e-04
0.0120494       	-1.07002488e-04
0.0120502       	-1.07002488e-04
0.012051        	-1.07002488e-04
0.0120518       	-1.07002488e-04
0.0120526       	-1.07002488e-04
0.0120534       	-1.07002488e-04
0.0120542       	-1.07002488e-04
0.012055        	-1.07002488e-04
0.0120558       	-1.07002488e-04
0.0120566       	-1.07002488e-04
0.0120573       	-1.07002488e-04
0.0120581       	-1.07002488e-04
0.0120589       	-1.07002488e-04
0.0120597       	-1.07002488e-04
0.0120605       	-1.07002488e-04
0.0120613       	-1.07002488e-04
0.012062        	-1.07002488e-04
0.0120628       	-1.07002488e-04
0.0120636       	-1.07002488e-04
0.0120644       	-1.07002488e-04
0.0120651       	-1.07002488e-04
0.0120659       	-1.07002488e-04
0.0120667       	-1.07002488e-04
0.0120675       	-1.07002488e-04
0.0120682       	-1.07002488e-04
0.012069        	-1.07002488e-04
0.0120698       	-1.07002488e-04
0.0120705       	-1.07002488e-04
0.0120713       	-1.07002488e-04
0.0120721       	-1.07002488e-04
0.0120728       	-1.07002488e-04
0.0120736       	-1.07002488e-04
0.0120744       	-1.07002488e-04
0.0120751       	-1.07002488e-04
0.0120759       	-1.07002488e-04
0.0120767       	-1.07002488e-04
0.0120774       	-1.07002488e-04
0.0120782       	-1.07002488e-04
0.0120789       	-1.07002488e-04
0.0120797       	-1.07002488e-04
0.0120805       	-1.07002488e-04
0.0120812       	-1.07002488e-04
0.012082        	-1.07002488e-04
0.0120827       	-1.07002488e-04
0.0120835       	-1.07002488e-04
0.0120843       	-1.07002488e-04
0.012085        	-1.07002488e-04
0.0120858       	-1.07002488e-04
0.0120865       	-1.07002488e-04
0.0120873       	-1.07002488e-04
0.012088        	-1.07002488e-04
0.0120888       	-1.07002488e-04
0.0120895       	-1.07002488e-04
0.0120903       	-1.07002488e-04
0.012091        	-1.07002488e-04
0.0120918       	-1.07002488e-04
0.0120925       	-1.07002488e-04
0.0120933       	-1.07002488e-04
0.012094        	-1.07002488e-04
0.0120948       	-1.07002488e-04
0.0120955       	-1.07002488e-04
0.0120963       	-1.07002488e-04
0.012097        	-1.07002488e-04
0.0120978       	-1.07002488e-04
0.0120985       	-1.07002488e-04
0.0120993       	-1.07002488e-04
0.0121          	-1.07002488e-04
0.0121008       	-1.07002488e-04
0.0121015       	-1.07002488e-04
0.0121022       	-1.07002488e-04
0.012103        	-1.07002488e-04
0.0121037       	-1.07002488e-04
0.0121045       	-1.07002488e-04
0.0121052       	-1.07002488e-04
0.0121059       	-1.07002488e-04
0.0121067       	-1.07002488e-04
0.0121074       	-1.07002488e-04
0.0121082       	-1.07002488e-04
0.0121089       	-1.07002488e-04
0.0121096       	-1.07002488e-04
0.0121104       	-1.07002488e-04
0.0121111       	-1.07002488e-04
0.0121118       	-1.07002488e-04
0.0121126       	-1.07002488e-04
0.0121133       	-1.07002488e-04
0.012114        	-1.07002488e-04
0.0121148       	-1.07002488e-04
0.0121155       	-1.07002488e-04
0.0121162       	-1.07002488e-04
0.012117        	-1.07002488e-04
0.0121177       	-1.07002488e-04
0.0121184       	-1.07002488e-04
0.0121191       	-1.07002488e-04
0.0121199       	-1.07002488e-04
0.0121206       	-1.07002488e-04
0.0121213       	-1.07002488e-04
0.0121221       	-1.07002488e-04
0.0121228       	-1.07002488e-04
0.0121235       	-1.07002488e-04
0.0121242       	-1.07002488e-04
0.0121249       	-1.07002488e-04
0.0121257       	-1.07002488e-04
0.0121264       	-1.07002488e-04
0.0121271       	-1.07002488e-04
0.0121278       	-1.07002488e-04
0.0121285       	-1.07002488e-04
0.0121293       	-1.07002488e-04
0.01213         	-1.07002488e-04
0.0121307       	-1.07002488e-04
0.0121314       	-1.07002488e-04
0.0121321       	-1.07002488e-04
0.0121328       	-1.07002488e-04
0.0121335       	-1.07002488e-04
0.0121342       	-1.07002488e-04
0.0121349       	-1.07002488e-04
0.0121356       	-1.07002488e-04
0.0121364       	-1.07002488e-04
0.0121371       	-1.07002488e-04
0.0121378       	-1.07002488e-04
0.0121385       	-1.07002488e-04
0.0121392       	-1.07002488e-04
0.0121399       	-1.07002488e-04
0.0121406       	-1.07002488e-04
0.0121413       	-1.07002488e-04
0.012142        	-1.07002488e-04
0.0121426       	-1.07002488e-04
0.0121433       	-1.07002488e-04
0.012144        	-1.07002488e-04
0.0121447       	-1.07002488e-04
0.0121454       	-1.07002488e-04
0.0121461       	-1.07002488e-04
0.0121468       	-1.07002488e-04
0.0121475       	-1.07002488e-04
0.0121482       	-1.07002488e-04
0.0121488       	-1.07002488e-04
0.0121495       	-1.07002488e-04
0.0121502       	-1.07002488e-04
0.0121509       	-1.07002488e-04
0.0121516       	-1.07002488e-04
0.0121523       	-1.07002488e-04
0.0121529       	-1.07002488e-04
0.0121536       	-1.07002488e-04
0.0121543       	-1.07002488e-04
0.012155        	-1.07002488e-04
0.0121556       	-1.07002488e-04
0.0121563       	-1.07002488e-04
0.012157        	-1.07002488e-04
0.0121576       	-1.07002488e-04
0.0121583       	-1.07002488e-04
0.012159        	-1.07002488e-04
0.0121597       	-1.07002488e-04
0.0121603       	-1.07002488e-04
0.012161        	-1.07002488e-04
0.0121616       	-1.07002488e-04
0.0121623       	-1.07002488e-04
0.012163        	-1.07002488e-04
0.0121636       	-1.07002488e-04
0.0121643       	-1.07002488e-04
0.0121649       	-1.07002488e-04
0.0121656       	-1.07002488e-04
0.0121663       	-1.07002488e-04
0.0121669       	-1.07002488e-04
0.0121676       	-1.07002488e-04
0.0121682       	-1.07002488e-04
0.0121689       	-1.07002488e-04
0.0121695       	-1.07002488e-04
0.0121702       	-1.07002488e-04
0.0121708       	-1.07002488e-04
0.0121715       	-1.07002488e-04
0.0121721       	-1.07002488e-04
0.0121728       	-1.07002488e-04
0.0121734       	-1.07002488e-04
0.0121741       	-1.07002488e-04
0.0121747       	-1.07002488e-04
0.0121754       	-1.07002488e-04
0.012176        	-1.07002488e-04
0.0121767       	-1.07002488e-04
0.0121773       	-1.07002488e-04
0.012178        	-1.07002488e-04
0.0121786       	-1.07002488e-04
0.0121792       	-1.07002488e-04
0.0121799       	-1.07002488e-04
0.0121805       	-1.07002488e-04
0.0121811       	-1.07002488e-04
0.0121818       	-1.07002488e-04
0.0121824       	-1.07002488e-04
0.012183        	-1.07002488e-04
0.0121837       	-1.07002488e-04
0.0121843       	-1.07002488e-04
0.0121849       	-1.07002488e-04
0.0121855       	-1.07002488e-04
0.0121862       	-1.07002488e-04
0.0121868       	-1.07002488e-04
0.0121874       	-1.07002488e-04
0.0121881       	-1.07002488e-04
0.0121887       	-1.07002488e-04
0.0121893       	-1.07002488e-04
0.0121899       	-1.07002488e-04
0.0121906       	-1.07002488e-04
0.0121912       	-1.07002488e-04
0.0121918       	-1.07002488e-04
0.0121925       	-1.07002488e-04
0.0121931       	-1.07002488e-04
0.0121937       	-1.07002488e-04
0.0121943       	-1.07002488e-04
0.012195        	-1.07002488e-04
0.0121956       	-1.07002488e-04
0.0121962       	-1.07002488e-04
0.0121969       	-1.07002488e-04
0.0121975       	-1.07002488e-04
0.0121981       	-1.07002488e-04
0.0121987       	-1.07002488e-04
0.0121994       	-1.07002488e-04
0.0122          	-1.07002488e-04
0.0122006       	-1.07002488e-04
0.0122012       	-1.07002488e-04
0.0122019       	-1.07002488e-04
0.0122025       	-1.07002488e-04
0.0122031       	-1.07002488e-04
0.0122037       	-1.07002488e-04
0.0122043       	-1.07002488e-04
0.012205        	-1.07002488e-04
0.0122056       	-1.07002488e-04
0.0122062       	-1.07002488e-04
0.0122068       	-1.07002488e-04
0.0122074       	-1.07002488e-04
0.012208        	-1.07002488e-04
0.0122087       	-1.07002488e-04
0.0122093       	-1.07002488e-04
0.0122099       	-1.07002488e-04
0.0122105       	-1.07002488e-04
0.0122111       	-1.07002488e-04
0.0122117       	-1.07002488e-04
0.0122123       	-1.07002488e-04
0.0122129       	-1.07002488e-04
0.0122135       	-1.07002488e-04
0.0122142       	-1.07002488e-04
0.0122148       	-1.07002488e-04
0.0122154       	-1.07002488e-04
0.012216        	-1.07002488e-04
0.0122166       	-1.07002488e-04
0.0122172       	-1.07002488e-04
0.0122178       	-1.07002488e-04
0.0122184       	-1.07002488e-04
0.012219        	-1.07002488e-04
0.0122196       	-1.07002488e-04
0.0122202       	-1.07002488e-04
0.0122208       	-1.07002488e-04
0.0122214       	-1.07002488e-04
0.012222        	-1.07002488e-04
0.0122226       	-1.07002488e-04
0.0122232       	-1.07002488e-04
0.0122238       	-1.07002488e-04
0.0122244       	-1.07002488e-04
0.012225        	-1.07002488e-04
0.0122256       	-1.07002488e-04
0.0122262       	-1.07002488e-04
0.0122268       	-1.07002488e-04
0.0122273       	-1.07002488e-04
0.0122279       	-1.07002488e-04
0.0122285       	-1.07002488e-04
0.0122291       	-1.07002488e-04
0.0122297       	-1.07002488e-04
0.0122303       	-1.07002488e-04
0.0122309       	-1.07002488e-04
0.0122315       	-1.07002488e-04
0.0122321       	-1.07002488e-04
0.0122326       	-1.07002488e-04
0.0122332       	-1.07002488e-04
0.0122338       	-1.07002488e-04
0.0122344       	-1.07002488e-04
0.012235        	-1.07002488e-04
0.0122355       	-1.07002488e-04
0.0122361       	-1.07002488e-04
0.0122367       	-1.07002488e-04
0.0122373       	-1.07002488e-04
0.0122379       	-1.07002488e-04
0.0122384       	-1.07002488e-04
0.012239        	-1.07002488e-04
0.0122396       	-1.07002488e-04
0.0122402       	-1.07002488e-04
0.0122408       	-1.07002488e-04
0.0122413       	-1.07002488e-04
0.0122419       	-1.07002488e-04
0.0122425       	-1.07002488e-04
0.0122431       	-1.07002488e-04
0.0122436       	-1.07002488e-04
0.0122442       	-1.07002488e-04
0.0122448       	-1.07002488e-04
0.0122453       	-1.07002488e-04
0.0122459       	-1.07002488e-04
0.0122465       	-1.07002488e-04
0.0122471       	-1.07002488e-04
0.0122476       	-1.07002488e-04
0.0122482       	-1.07002488e-04
0.0122488       	-1.07002488e-04
0.0122494       	-1.07002488e-04
0.0122499       	-1.07002488e-04
0.0122505       	-1.07002488e-04
0.0122511       	-1.07002488e-04
0.0122516       	-1.07002488e-04
0.0122522       	-1.07002488e-04
0.0122528       	-1.07002488e-04
0.0122533       	-1.07002488e-04
0.0122539       	-1.07002488e-04
0.0122545       	-1.07002488e-04
0.0122551       	-1.07002488e-04
0.0122556       	-1.07002488e-04
0.0122562       	-1.07002488e-04
0.0122568       	-1.07002488e-04
0.0122573       	-1.07002488e-04
0.0122579       	-1.07002488e-04
0.0122585       	-1.07002488e-04
0.012259        	-1.07002488e-04
0.0122596       	-1.07002488e-04
0.0122602       	-1.07002488e-04
0.0122607       	-1.07002488e-04
0.0122613       	-1.07002488e-04
0.0122619       	-1.07002488e-04
0.0122625       	-1.07002488e-04
0.012263        	-1.07002488e-04
0.0122636       	-1.07002488e-04
0.0122642       	-1.07002488e-04
0.0122647       	-1.07002488e-04
0.0122653       	-1.07002488e-04
0.0122659       	-1.07002488e-04
0.0122664       	-1.07002488e-04
0.012267        	-1.07002488e-04
0.0122676       	-1.07002488e-04
0.0122681       	-1.07002488e-04
0.0122687       	-1.07002488e-04
0.0122693       	-1.07002488e-04
0.0122698       	-1.07002488e-04
0.0122704       	-1.07002488e-04
0.012271        	-1.07002488e-04
0.0122715       	-1.07002488e-04
0.0122721       	-1.07002488e-04
0.0122727       	-1.07002488e-04
0.0122732       	-1.07002488e-04
0.0122738       	-1.07002488e-04
0.0122743       	-1.07002488e-04
0.0122749       	-1.07002488e-04
0.0122755       	-1.07002488e-04
0.012276        	-1.07002488e-04
0.0122766       	-1.07002488e-04
0.0122772       	-1.07002488e-04
0.0122777       	-1.07002488e-04
0.0122783       	-1.07002488e-04
0.0122789       	-1.07002488e-04
0.0122794       	-1.07002488e-04
0.01228         	-1.07002488e-04
0.0122806       	-1.07002488e-04
0.0122811       	-1.07002488e-04
0.0122817       	-1.07002488e-04
0.0122822       	-1.07002488e-04
0.0122828       	-1.07002488e-04
0.0122834       	-1.07002488e-04
0.0122839       	-1.07002488e-04
0.0122845       	-1.07002488e-04
0.012285        	-1.07002488e-04
0.0122856       	-1.07002488e-04
0.0122862       	-1.07002488e-04
0.0122867       	-1.07002488e-04
0.0122873       	-1.07002488e-04
0.0122878       	-1.07002488e-04
0.0122884       	-1.07002488e-04
0.0122889       	-1.07002488e-04
0.0122895       	-1.07002488e-04
0.0122901       	-1.07002488e-04
0.0122906       	-1.07002488e-04
0.0122912       	-1.07002488e-04
0.0122917       	-1.07002488e-04
0.0122923       	-1.07002488e-04
0.0122928       	-1.07002488e-04
0.0122934       	-1.07002488e-04
0.0122939       	-1.07002488e-04
0.0122945       	-1.07002488e-04
0.012295        	-1.07002488e-04
0.0122956       	-1.07002488e-04
0.0122962       	-1.07002488e-04
0.0122967       	-1.07002488e-04
0.0122973       	-1.07002488e-04
0.0122978       	-1.07002488e-04
0.0122984       	-1.07002488e-04
0.0122989       	-1.07002488e-04
0.0122995       	-1.07002488e-04
0.0123          	-1.07002488e-04
0.0123006       	-1.07002488e-04
0.0123011       	-1.07002488e-04
0.0123017       	-1.07002488e-04
0.0123022       	-1.07002488e-04
0.0123028       	-1.07002488e-04
0.0123033       	-1.07002488e-04
0.0123039       	-1.07002488e-04
0.0123044       	-1.07002488e-04
0.012305        	-1.07002488e-04
0.0123055       	-1.07002488e-04
0.0123061       	-1.07002488e-04
0.0123066       	-1.07002488e-04
0.0123072       	-1.07002488e-04
0.0123077       	-1.07002488e-04
0.0123083       	-1.07002488e-04
0.0123088       	-1.07002488e-04
0.0123093       	-1.07002488e-04
0.0123099       	-1.07002488e-04
0.0123104       	-1.07002488e-04
0.012311        	-1.07002488e-04
0.0123115       	-1.07002488e-04
0.0123121       	-1.07002488e-04
0.0123126       	-1.07002488e-04
0.0123132       	-1.07002488e-04
0.0123137       	-1.07002488e-04
0.0123143       	-1.07002488e-04
0.0123148       	-1.07002488e-04
0.0123154       	-1.07002488e-04
0.0123159       	-1.07002488e-04
0.0123165       	-1.07002488e-04
0.012317        	-1.07002488e-04
0.0123176       	-1.07002488e-04
0.0123181       	-1.07002488e-04
0.0123187       	-1.07002488e-04
0.0123192       	-1.07002488e-04
0.0123198       	-1.07002488e-04
0.0123203       	-1.07002488e-04
0.0123209       	-1.07002488e-04
0.0123214       	-1.07002488e-04
0.012322        	-1.07002488e-04
0.0123225       	-1.07002488e-04
0.0123231       	-1.07002488e-04
0.0123236       	-1.07002488e-04
0.0123242       	-1.07002488e-04
0.0123247       	-1.07002488e-04
0.0123253       	-1.07002488e-04
0.0123258       	-1.07002488e-04
0.0123264       	-1.07002488e-04
0.0123269       	-1.07002488e-04
0.0123275       	-1.07002488e-04
0.012328        	-1.07002488e-04
0.0123286       	-1.07002488e-04
0.0123291       	-1.07002488e-04
0.0123297       	-1.07002488e-04
0.0123302       	-1.07002488e-04
0.0123308       	-1.07002488e-04
0.0123313       	-1.07002488e-04
0.0123319       	-1.07002488e-04
0.0123324       	-1.07002488e-04
0.012333        	-1.07002488e-04
0.0123335       	-1.07002488e-04
0.0123341       	-1.07002488e-04
0.0123346       	-1.07002488e-04
0.0123352       	-1.07002488e-04
0.0123357       	-1.07002488e-04
0.0123363       	-1.07002488e-04
0.0123368       	-1.07002488e-04
0.0123374       	-1.07002488e-04
0.0123379       	-1.07002488e-04
0.0123385       	-1.07002488e-04
0.012339        	-1.07002488e-04
0.0123396       	-1.07002488e-04
0.0123401       	-1.07002488e-04
0.0123406       	-1.07002488e-04
0.0123412       	-1.07002488e-04
0.0123417       	-1.07002488e-04
0.0123423       	-1.07002488e-04
0.0123428       	-1.07002488e-04
0.0123434       	-1.07002488e-04
0.0123439       	-1.07002488e-04
0.0123445       	-1.07002488e-04
0.012345        	-1.07002488e-04
0.0123455       	-1.07002488e-04
0.0123461       	-1.07002488e-04
0.0123466       	-1.07002488e-04
0.0123472       	-1.07002488e-04
0.0123477       	-1.07002488e-04
0.0123482       	-1.07002488e-04
0.0123488       	-1.07002488e-04
0.0123493       	-1.07002488e-04
0.0123499       	-1.07002488e-04
0.0123504       	-1.07002488e-04
0.0123509       	-1.07002488e-04
0.0123515       	-1.07002488e-04
0.012352        	-1.07002488e-04
0.0123526       	-1.07002488e-04
0.0123531       	-1.07002488e-04
0.0123536       	-1.07002488e-04
0.0123542       	-1.07002488e-04
0.0123547       	-1.07002488e-04
0.0123553       	-1.07002488e-04
0.0123558       	-1.07002488e-04
0.0123563       	-1.07002488e-04
0.0123569       	-1.07002488e-04
0.0123574       	-1.07002488e-04
0.012358        	-1.07002488e-04
0.0123585       	-1.07002488e-04
0.012359        	-1.07002488e-04
0.0123596       	-1.07002488e-04
0.0123601       	-1.07002488e-04
0.0123606       	-1.07002488e-04
0.0123612       	-1.07002488e-04
0.0123617       	-1.07002488e-04
0.0123623       	-1.07002488e-04
0.0123628       	-1.07002488e-04
0.0123633       	-1.07002488e-04
0.0123639       	-1.07002488e-04
0.0123644       	-1.07002488e-04
0.012365        	-1.07002488e-04
0.0123655       	-1.07002488e-04
0.012366        	-1.07002488e-04
0.0123666       	-1.07002488e-04
0.0123671       	-1.07002488e-04
0.0123677       	-1.07002488e-04
0.0123682       	-1.07002488e-04
0.0123687       	-1.07002488e-04
0.0123693       	-1.07002488e-04
0.0123698       	-1.07002488e-04
0.0123704       	-1.07002488e-04
0.0123709       	-1.07002488e-04
0.0123714       	-1.07002488e-04
0.012372        	-1.07002488e-04
0.0123725       	-1.07002488e-04
0.012373        	-1.07002488e-04
0.0123736       	-1.07002488e-04
0.0123741       	-1.07002488e-04
0.0123747       	-1.07002488e-04
0.0123752       	-1.07002488e-04
0.0123757       	-1.07002488e-04
0.0123763       	-1.07002488e-04
0.0123768       	-1.07002488e-04
0.0123774       	-1.07002488e-04
0.0123779       	-1.07002488e-04
0.0123784       	-1.07002488e-04
0.012379        	-1.07002488e-04
0.0123795       	-1.07002488e-04
0.0123801       	-1.07002488e-04
0.0123806       	-1.07002488e-04
0.0123811       	-1.07002488e-04
0.0123817       	-1.07002488e-04
0.0123822       	-1.07002488e-04
0.0123827       	-1.07002488e-04
0.0123833       	-1.07002488e-04
0.0123838       	-1.07002488e-04
0.0123844       	-1.07002488e-04
0.0123849       	-1.07002488e-04
0.0123854       	-1.07002488e-04
0.012386        	-1.07002488e-04
0.0123865       	-1.07002488e-04
0.0123871       	-1.07002488e-04
0.0123876       	-1.07002488e-04
0.0123881       	-1.07002488e-04
0.0123887       	-1.07002488e-04
0.0123892       	-1.07002488e-04
0.0123898       	-1.07002488e-04
0.0123903       	-1.07002488e-04
0.0123908       	-1.07002488e-04
0.0123914       	-1.07002488e-04
0.0123919       	-1.07002488e-04
0.0123925       	-1.07002488e-04
0.012393        	-1.07002488e-04
0.0123935       	-1.07002488e-04
0.0123941       	-1.07002488e-04
0.0123946       	-1.07002488e-04
0.0123951       	-1.07002488e-04
0.0123957       	-1.07002488e-04
0.0123962       	-1.07002488e-04
0.0123968       	-1.07002488e-04
0.0123973       	-1.07002488e-04
0.0123978       	-1.07002488e-04
0.0123984       	-1.07002488e-04
0.0123989       	-1.07002488e-04
0.0123995       	-1.07002488e-04
0.0124          	-1.07002488e-04
0.0124005       	-1.07002488e-04
0.0124011       	-1.07002488e-04
0.0124016       	-1.07002488e-04
0.0124022       	-1.07002488e-04
0.0124027       	-1.07002488e-04
0.0124033       	-1.07002488e-04
0.0124038       	-1.07002488e-04
0.0124044       	-1.07002488e-04
0.0124049       	-1.07002488e-04
0.0124055       	-1.07002488e-04
0.012406        	-1.07002488e-04
0.0124066       	-1.07002488e-04
0.0124071       	-1.07002488e-04
0.0124077       	-1.07002488e-04
0.0124082       	-1.07002488e-04
0.0124088       	-1.07002488e-04
0.0124093       	-1.07002488e-04
0.0124099       	-1.07002488e-04
0.0124104       	-1.07002488e-04
0.012411        	-1.07002488e-04
0.0124115       	-1.07002488e-04
0.0124121       	-1.07002488e-04
0.0124126       	-1.07002488e-04
0.0124132       	-1.07002488e-04
0.0124137       	-1.07002488e-04
0.0124143       	-1.07002488e-04
0.0124148       	-1.07002488e-04
0.0124154       	-1.07002488e-04
0.0124159       	-1.07002488e-04
0.0124165       	-1.07002488e-04
0.012417        	-1.07002488e-04
0.0124176       	-1.07002488e-04
0.0124181       	-1.07002488e-04
0.0124187       	-1.07002488e-04
0.0124192       	-1.07002488e-04
0.0124198       	-1.07002488e-04
0.0124203       	-1.07002488e-04
0.0124209       	-1.07002488e-04
0.0124214       	-1.07002488e-04
0.012422        	-1.07002488e-04
0.0124225       	-1.07002488e-04
0.0124231       	-1.07002488e-04
0.0124236       	-1.07002488e-04
0.0124242       	-1.07002488e-04
0.0124247       	-1.07002488e-04
0.0124253       	-1.07002488e-04
0.0124258       	-1.07002488e-04
0.0124264       	-1.07002488e-04
0.0124269       	-1.07002488e-04
0.0124275       	-1.07002488e-04
0.012428        	-1.07002488e-04
0.0124286       	-1.07002488e-04
0.0124291       	-1.07002488e-04
0.0124297       	-1.07002488e-04
0.0124302       	-1.07002488e-04
0.0124308       	-1.07002488e-04
0.0124313       	-1.07002488e-04
0.0124319       	-1.07002488e-04
0.0124324       	-1.07002488e-04
0.012433        	-1.07002488e-04
0.0124335       	-1.07002488e-04
0.0124341       	-1.07002488e-04
0.0124347       	-1.07002488e-04
0.0124352       	-1.07002488e-04
0.0124358       	-1.07002488e-04
0.0124363       	-1.07002488e-04
0.0124369       	-1.07002488e-04
0.0124374       	-1.07002488e-04
0.012438        	-1.07002488e-04
0.0124386       	-1.07002488e-04
0.0124391       	-1.07002488e-04
0.0124397       	-1.07002488e-04
0.0124403       	-1.07002488e-04
0.0124408       	-1.07002488e-04
0.0124414       	-1.07002488e-04
0.0124419       	-1.07002488e-04
0.0124425       	-1.07002488e-04
0.0124431       	-1.07002488e-04
0.0124436       	-1.07002488e-04
0.0124442       	-1.07002488e-04
0.0124448       	-1.07002488e-04
0.0124454       	-1.07002488e-04
0.0124459       	-1.07002488e-04
0.0124465       	-1.07002488e-04
0.0124471       	-1.07002488e-04
0.0124476       	-1.07002488e-04
0.0124482       	-1.07002488e-04
0.0124488       	-1.07002488e-04
0.0124494       	-1.07002488e-04
0.0124499       	-1.07002488e-04
0.0124505       	-1.07002488e-04
0.0124511       	-1.07002488e-04
0.0124517       	-1.07002488e-04
0.0124522       	-1.07002488e-04
0.0124528       	-1.07002488e-04
0.0124534       	-1.07002488e-04
0.012454        	-1.07002488e-04
0.0124546       	-1.07002488e-04
0.0124551       	-1.07002488e-04
0.0124557       	-1.07002488e-04
0.0124563       	-1.07002488e-04
0.0124569       	-1.07002488e-04
0.0124575       	-1.07002488e-04
0.0124581       	-1.07002488e-04
0.0124587       	-1.07002488e-04
0.0124592       	-1.07002488e-04
0.0124598       	-1.07002488e-04
0.0124604       	-1.07002488e-04
0.012461        	-1.07002488e-04
0.0124616       	-1.07002488e-04
0.0124622       	-1.07002488e-04
0.0124628       	-1.07002488e-04
0.0124634       	-1.07002488e-04
0.012464        	-1.07002488e-04
0.0124646       	-1.07002488e-04
0.0124652       	-1.07002488e-04
0.0124658       	-1.07002488e-04
0.0124664       	-1.07002488e-04
0.012467        	-1.07002488e-04
0.0124676       	-1.07002488e-04
0.0124682       	-1.07002488e-04
0.0124688       	-1.07002488e-04
0.0124694       	-1.07002488e-04
0.01247         	-1.07002488e-04
0.0124706       	-1.07002488e-04
0.0124712       	-1.07002488e-04
0.0124718       	-1.07002488e-04
0.0124724       	-1.07002488e-04
0.012473        	-1.07002488e-04
0.0124736       	-1.07002488e-04
0.0124742       	-1.07002488e-04
0.0124749       	-1.07002488e-04
0.0124755       	-1.07002488e-04
0.0124761       	-1.07002488e-04
0.0124767       	-1.07002488e-04
0.0124773       	-1.07002488e-04
0.0124779       	-1.07002488e-04
0.0124785       	-1.07002488e-04
0.0124792       	-1.07002488e-04
0.0124798       	-1.07002488e-04
0.0124804       	-1.07002488e-04
0.012481        	-1.07002488e-04
0.0124816       	-1.07002488e-04
0.0124823       	-1.07002488e-04
0.0124829       	-1.07002488e-04
0.0124835       	-1.07002488e-04
0.0124841       	-1.07002488e-04
0.0124847       	-1.07002488e-04
0.0124854       	-1.07002488e-04
0.012486        	-1.07002488e-04
0.0124866       	-1.07002488e-04
0.0124873       	-1.07002488e-04
0.0124879       	-1.07002488e-04
0.0124885       	-1.07002488e-04
0.0124892       	-1.07002488e-04
0.0124898       	-1.07002488e-04
0.0124904       	-1.07002488e-04
0.0124911       	-1.07002488e-04
0.0124917       	-1.07002488e-04
0.0124923       	-1.07002488e-04
0.012493        	-1.07002488e-04
0.0124936       	-1.07002488e-04
0.0124943       	-1.07002488e-04
0.0124949       	-1.07002488e-04
0.0124955       	-1.07002488e-04
0.0124962       	-1.07002488e-04
0.0124968       	-1.07002488e-04
0.0124975       	-1.07002488e-04
0.0124981       	-1.07002488e-04
0.0124988       	-1.07002488e-04
0.0124994       	-1.07002488e-04
0.0125001       	-1.07002488e-04
0.0125008       	-1.07002488e-04
0.0125014       	-1.07002488e-04
0.0125021       	-1.07002488e-04
0.0125027       	-1.07002488e-04
0.0125034       	-1.07002488e-04
0.0125041       	-1.07002488e-04
0.0125047       	-1.07002488e-04
0.0125054       	-1.07002488e-04
0.0125061       	-1.07002488e-04
0.0125068       	-1.07002488e-04
0.0125074       	-1.07002488e-04
0.0125081       	-1.07002488e-04
0.0125088       	-1.07002488e-04
0.0125095       	-1.07002488e-04
0.0125101       	-1.07002488e-04
0.0125108       	-1.07002488e-04
0.0125115       	-1.07002488e-04
0.0125122       	-1.07002488e-04
0.0125129       	-1.07002488e-04
0.0125136       	-1.07002488e-04
0.0125143       	-1.07002488e-04
0.012515        	-1.07002488e-04
0.0125157       	-1.07002488e-04
0.0125164       	-1.07002488e-04
0.0125171       	-1.07002488e-04
0.0125178       	-1.07002488e-04
0.0125185       	-1.07002488e-04
0.0125192       	-1.07002488e-04
0.0125199       	-1.07002488e-04
0.0125206       	-1.07002488e-04
0.0125213       	-1.07002488e-04
0.0125221       	-1.07002488e-04
0.0125228       	-1.07002488e-04
0.0125235       	-1.07002488e-04
0.0125242       	-1.07002488e-04
0.0125249       	-1.07002488e-04
0.0125257       	-1.07002488e-04
0.0125264       	-1.07002488e-04
0.0125271       	-1.07002488e-04
0.0125279       	-1.07002488e-04
0.0125286       	-1.07002488e-04
0.0125293       	-1.07002488e-04
0.0125301       	-1.07002488e-04
0.0125308       	-1.07002488e-04
0.0125316       	-1.07002488e-04
0.0125323       	-1.07002488e-04
0.0125331       	-1.07002488e-04
0.0125338       	-1.07002488e-04
0.0125346       	-1.07002488e-04
0.0125353       	-1.07002488e-04
0.0125361       	-1.07002488e-04
0.0125368       	-1.07002488e-04
0.0125376       	-1.07002488e-04
0.0125384       	-1.07002488e-04
0.0125391       	-1.07002488e-04
0.0125399       	-1.07002488e-04
0.0125406       	-1.07002488e-04
0.0125414       	-1.07002488e-04
0.0125422       	-1.07002488e-04
0.012543        	-1.07002488e-04
0.0125437       	-1.07002488e-04
0.0125445       	-1.07002488e-04
0.0125453       	-1.07002488e-04
0.0125461       	-1.07002488e-04
0.0125468       	-1.07002488e-04
0.0125476       	-1.07002488e-04
0.0125484       	-1.07002488e-04
0.0125492       	-1.07002488e-04
0.01255         	-1.07002488e-04
0.0125507       	-1.07002488e-04
0.0125515       	-1.07002488e-04
0.0125523       	-1.07002488e-04
0.0125531       	-1.07002488e-04
0.0125539       	-1.07002488e-04
0.0125547       	-1.07002488e-04
0.0125555       	-1.07002488e-04
0.0125563       	-1.07002488e-04
0.0125571       	-1.07002488e-04
0.0125579       	-1.07002488e-04
0.0125587       	-1.07002488e-04
0.0125595       	-1.07002488e-04
0.0125603       	-1.07002488e-04
0.0125611       	-1.07002488e-04
0.012562        	-1.07002488e-04
0.0125628       	-1.07002488e-04
0.0125636       	-1.07002488e-04
0.0125644       	-1.07002488e-04
0.0125652       	-1.07002488e-04
0.012566        	-1.07002488e-04
0.0125669       	-1.07002488e-04
0.0125677       	-1.07002488e-04
0.0125685       	-1.07002488e-04
0.0125694       	-1.07002488e-04
0.0125702       	-1.07002488e-04
0.012571        	-1.07002488e-04
0.0125718       	-1.07002488e-04
0.0125727       	-1.07002488e-04
0.0125735       	-1.07002488e-04
0.0125743       	-1.07002488e-04
0.0125752       	-1.07002488e-04
0.012576        	-1.07002488e-04
0.0125768       	-1.07002488e-04
0.0125777       	-1.07002488e-04
0.0125786       	-1.07002488e-04
0.0125794       	-1.07002488e-04
0.0125803       	-1.07002488e-04
0.0125811       	-1.07002488e-04
0.012582        	-1.07002488e-04
0.0125828       	-1.07002488e-04
0.0125837       	-1.07002488e-04
0.0125846       	-1.07002488e-04
0.0125854       	-1.07002488e-04
0.0125863       	-1.07002488e-04
0.0125871       	-1.07002488e-04
0.012588        	-1.07002488e-04
0.0125888       	-1.07002488e-04
0.0125897       	-1.07002488e-04
0.0125906       	-1.07002488e-04
0.0125914       	-1.07002488e-04
0.0125923       	-1.07002488e-04
0.0125931       	-1.07002488e-04
0.012594        	-1.07002488e-04
0.0125949       	-1.07002488e-04
0.0125957       	-1.07002488e-04
0.0125966       	-1.07002488e-04
0.0125974       	-1.07002488e-04
0.0125983       	-1.07002488e-04
0.0125991       	-1.07002488e-04
0.0126          	-1.07002488e-04
0.0126009       	-1.07002488e-04
0.0126018       	-1.07002488e-04
0.0126027       	-1.07002488e-04
0.0126035       	-1.07002488e-04
0.0126044       	-1.07002488e-04
0.0126053       	-1.07002488e-04
0.0126062       	-1.07002488e-04
0.0126071       	-1.07002488e-04
0.012608        	-1.07002488e-04
0.0126088       	-1.07002488e-04
0.0126097       	-1.07002488e-04
0.0126106       	-1.07002488e-04
0.0126115       	-1.07002488e-04
0.0126124       	-1.07002488e-04
0.0126133       	-1.07002488e-04
0.0126142       	-1.07002488e-04
0.0126151       	-1.07002488e-04
0.012616        	-1.07002488e-04
0.0126168       	-1.07002488e-04
0.0126177       	-1.07002488e-04
0.0126186       	-1.07002488e-04
0.0126195       	-1.07002488e-04
0.0126204       	-1.07002488e-04
0.0126213       	-1.07002488e-04
0.0126221       	-1.07002488e-04
0.012623        	-1.07002488e-04
0.0126239       	-1.07002488e-04
0.0126248       	-1.07002488e-04
0.0126257       	-1.07002488e-04
0.0126265       	-1.07002488e-04
0.0126274       	-1.07002488e-04
0.0126283       	-1.07002488e-04
0.0126292       	-1.07002488e-04
0.0126301       	-1.07002488e-04
0.0126309       	-1.07002488e-04
0.0126318       	-1.07002488e-04
0.0126327       	-1.07002488e-04
0.0126336       	-1.07002488e-04
0.0126344       	-1.07002488e-04
0.0126353       	-1.07002488e-04
0.0126362       	-1.07002488e-04
0.012637        	-1.07002488e-04
0.0126379       	-1.07002488e-04
0.0126388       	-1.07002488e-04
0.0126397       	-1.07002488e-04
0.0126405       	-1.07002488e-04
0.0126414       	-1.07002488e-04
0.0126423       	-1.07002488e-04
0.0126431       	-1.07002488e-04
0.012644        	-1.07002488e-04
0.0126448       	-1.07002488e-04
0.0126457       	-1.07002488e-04
0.0126466       	-1.07002488e-04
0.0126474       	-1.07002488e-04
0.0126483       	-1.07002488e-04
0.0126491       	-1.07002488e-04
0.01265         	-1.07002488e-04
0.0126508       	-1.07002488e-04
0.0126517       	-1.07002488e-04
0.0126526       	-1.07002488e-04
0.0126534       	-1.07002488e-04
0.0126543       	-1.07002488e-04
0.0126551       	-1.07002488e-04
0.012656        	-1.07002488e-04
0.0126568       	-1.07002488e-04
0.0126577       	-1.07002488e-04
0.0126585       	-1.07002488e-04
0.0126594       	-1.07002488e-04
0.0126602       	-1.07002488e-04
0.0126611       	-1.07002488e-04
0.0126619       	-1.07002488e-04
0.0126627       	-1.07002488e-04
0.0126636       	-1.07002488e-04
0.0126644       	-1.07002488e-04
0.0126653       	-1.07002488e-04
0.0126661       	-1.07002488e-04
0.0126669       	-1.07002488e-04
0.0126678       	-1.07002488e-04
0.0126686       	-1.07002488e-04
0.0126695       	-1.07002488e-04
0.0126703       	-1.07002488e-04
0.0126711       	-1.07002488e-04
0.012672        	-1.07002488e-04
0.0126728       	-1.07002488e-04
0.0126736       	-1.07002488e-04
0.0126745       	-1.07002488e-04
0.0126753       	-1.07002488e-04
0.0126761       	-1.07002488e-04
0.012677        	-1.07002488e-04
0.0126778       	-1.07002488e-04
0.0126786       	-1.07002488e-04
0.0126794       	-1.07002488e-04
0.0126803       	-1.07002488e-04
0.0126811       	-1.07002488e-04
0.0126819       	-1.07002488e-04
0.0126827       	-1.07002488e-04
0.0126836       	-1.07002488e-04
0.0126844       	-1.07002488e-04
0.0126852       	-1.07002488e-04
0.012686        	-1.07002488e-04
0.0126868       	-1.07002488e-04
0.0126877       	-1.07002488e-04
0.0126885       	-1.07002488e-04
0.0126893       	-1.07002488e-04
0.0126901       	-1.07002488e-04
0.0126909       	-1.07002488e-04
0.0126917       	-1.07002488e-04
0.0126925       	-1.07002488e-04
0.0126933       	-1.07002488e-04
0.0126942       	-1.07002488e-04
0.012695        	-1.07002488e-04
0.0126958       	-1.07002488e-04
0.0126966       	-1.07002488e-04
0.0126974       	-1.07002488e-04
0.0126982       	-1.07002488e-04
0.012699        	-1.07002488e-04
0.0126998       	-1.07002488e-04
0.0127006       	-1.07002488e-04
0.0127014       	-1.07002488e-04
0.0127022       	-1.07002488e-04
0.012703        	-1.07002488e-04
0.0127038       	-1.07002488e-04
0.0127046       	-1.07002488e-04
0.0127054       	-1.07002488e-04
0.0127061       	-1.07002488e-04
0.0127069       	-1.07002488e-04
0.0127077       	-1.07002488e-04
0.0127085       	-1.07002488e-04
0.0127093       	-1.07002488e-04
0.0127101       	-1.07002488e-04
0.0127109       	-1.07002488e-04
0.0127117       	-1.07002488e-04
0.0127124       	-1.07002488e-04
0.0127132       	-1.07002488e-04
0.012714        	-1.07002488e-04
0.0127148       	-1.07002488e-04
0.0127156       	-1.07002488e-04
0.0127163       	-1.07002488e-04
0.0127171       	-1.07002488e-04
0.0127179       	-1.07002488e-04
0.0127187       	-1.07002488e-04
0.0127194       	-1.07002488e-04
0.0127202       	-1.07002488e-04
0.012721        	-1.07002488e-04
0.0127218       	-1.07002488e-04
0.0127225       	-1.07002488e-04
0.0127233       	-1.07002488e-04
0.0127241       	-1.07002488e-04
0.0127248       	-1.07002488e-04
0.0127256       	-1.07002488e-04
0.0127264       	-1.07002488e-04
0.0127271       	-1.07002488e-04
0.0127279       	-1.07002488e-04
0.0127286       	-1.07002488e-04
0.0127294       	-1.07002488e-04
0.0127302       	-1.07002488e-04
0.0127309       	-1.07002488e-04
0.0127317       	-1.07002488e-04
0.0127324       	-1.07002488e-04
0.0127332       	-1.07002488e-04
0.012734        	-1.07002488e-04
0.0127347       	-1.07002488e-04
0.0127355       	-1.07002488e-04
0.0127362       	-1.07002488e-04
0.012737        	-1.07002488e-04
0.0127377       	-1.07002488e-04
0.0127385       	-1.07002488e-04
0.0127392       	-1.07002488e-04
0.01274         	-1.07002488e-04
0.0127407       	-1.07002488e-04
0.0127415       	-1.07002488e-04
0.0127422       	-1.07002488e-04
0.012743        	-1.07002488e-04
0.0127437       	-1.07002488e-04
0.0127445       	-1.07002488e-04
0.0127452       	-1.07002488e-04
0.0127459       	-1.07002488e-04
0.0127467       	-1.07002488e-04
0.0127474       	-1.07002488e-04
0.0127482       	-1.07002488e-04
0.0127489       	-1.07002488e-04
0.0127496       	-1.07002488e-04
0.0127504       	-1.07002488e-04
0.0127511       	-1.07002488e-04
0.0127518       	-1.07002488e-04
0.0127526       	-1.07002488e-04
0.0127533       	-1.07002488e-04
0.012754        	-1.07002488e-04
0.0127548       	-1.07002488e-04
0.0127555       	-1.07002488e-04
0.0127562       	-1.07002488e-04
0.012757        	-1.07002488e-04
0.0127577       	-1.07002488e-04
0.0127584       	-1.07002488e-04
0.0127591       	-1.07002488e-04
0.0127599       	-1.07002488e-04
0.0127606       	-1.07002488e-04
0.0127613       	-1.07002488e-04
0.0127621       	-1.07002488e-04
0.0127628       	-1.07002488e-04
0.0127635       	-1.07002488e-04
0.0127643       	-1.07002488e-04
0.012765        	-1.07002488e-04
0.0127657       	-1.07002488e-04
0.0127664       	-1.07002488e-04
0.0127671       	-1.07002488e-04
0.0127678       	-1.07002488e-04
0.0127686       	-1.07002488e-04
0.0127693       	-1.07002488e-04
0.01277         	-1.07002488e-04
0.0127707       	-1.07002488e-04
0.0127714       	-1.07002488e-04
0.0127721       	-1.07002488e-04
0.0127728       	-1.07002488e-04
0.0127736       	-1.07002488e-04
0.0127743       	-1.07002488e-04
0.012775        	-1.07002488e-04
0.0127757       	-1.07002488e-04
0.0127764       	-1.07002488e-04
0.0127771       	-1.07002488e-04
0.0127778       	-1.07002488e-04
0.0127786       	-1.07002488e-04
0.0127793       	-1.07002488e-04
0.01278         	-1.07002488e-04
0.0127807       	-1.07002488e-04
0.0127814       	-1.07002488e-04
0.0127821       	-1.07002488e-04
0.0127828       	-1.07002488e-04
0.0127836       	-1.07002488e-04
0.0127843       	-1.07002488e-04
0.012785        	-1.07002488e-04
0.0127857       	-1.07002488e-04
0.0127864       	-1.07002488e-04
0.0127871       	-1.07002488e-04
0.0127879       	-1.07002488e-04
0.0127886       	-1.07002488e-04
0.0127893       	-1.07002488e-04
0.01279         	-1.07002488e-04
0.0127907       	-1.07002488e-04
0.0127914       	-1.07002488e-04
0.0127921       	-1.07002488e-04
0.0127929       	-1.07002488e-04
0.0127936       	-1.07002488e-04
0.0127943       	-1.07002488e-04
0.012795        	-1.07002488e-04
0.0127957       	-1.07002488e-04
0.0127964       	-1.07002488e-04
0.0127971       	-1.07002488e-04
0.0127979       	-1.07002488e-04
0.0127986       	-1.07002488e-04
0.0127993       	-1.07002488e-04
0.0128          	-1.07002488e-04
0.0128007       	-1.07002488e-04
0.0128014       	-1.07002488e-04
0.0128021       	-1.07002488e-04
0.0128028       	-1.07002488e-04
0.0128035       	-1.07002488e-04
0.0128042       	-1.07002488e-04
0.0128049       	-1.07002488e-04
0.0128056       	-1.07002488e-04
0.0128062       	-1.07002488e-04
0.0128069       	-1.07002488e-04
0.0128076       	-1.07002488e-04
0.0128083       	-1.07002488e-04
0.012809        	-1.07002488e-04
0.0128097       	-1.07002488e-04
0.0128104       	-1.07002488e-04
0.0128111       	-1.07002488e-04
0.0128118       	-1.07002488e-04
0.0128124       	-1.07002488e-04
0.0128131       	-1.07002488e-04
0.0128138       	-1.07002488e-04
0.0128145       	-1.07002488e-04
0.0128152       	-1.07002488e-04
0.0128159       	-1.07002488e-04
0.0128165       	-1.07002488e-04
0.0128172       	-1.07002488e-04
0.0128179       	-1.07002488e-04
0.0128186       	-1.07002488e-04
0.0128192       	-1.07002488e-04
0.0128199       	-1.07002488e-04
0.0128206       	-1.07002488e-04
0.0128213       	-1.07002488e-04
0.0128219       	-1.07002488e-04
0.0128226       	-1.07002488e-04
0.0128233       	-1.07002488e-04
0.0128239       	-1.07002488e-04
0.0128246       	-1.07002488e-04
0.0128253       	-1.07002488e-04
0.0128259       	-1.07002488e-04
0.0128266       	-1.07002488e-04
0.0128273       	-1.07002488e-04
0.0128279       	-1.07002488e-04
0.0128286       	-1.07002488e-04
0.0128293       	-1.07002488e-04
0.0128299       	-1.07002488e-04
0.0128306       	-1.07002488e-04
0.0128312       	-1.07002488e-04
0.0128319       	-1.07002488e-04
0.0128326       	-1.07002488e-04
0.0128332       	-1.07002488e-04
0.0128339       	-1.07002488e-04
0.0128345       	-1.07002488e-04
0.0128352       	-1.07002488e-04
0.0128358       	-1.07002488e-04
0.0128365       	-1.07002488e-04
0.0128371       	-1.07002488e-04
0.0128378       	-1.07002488e-04
0.0128384       	-1.07002488e-04
0.0128391       	-1.07002488e-04
0.0128397       	-1.07002488e-04
0.0128404       	-1.07002488e-04
0.012841        	-1.07002488e-04
0.0128416       	-1.07002488e-04
0.0128423       	-1.07002488e-04
0.0128429       	-1.07002488e-04
0.0128436       	-1.07002488e-04
0.0128442       	-1.07002488e-04
0.0128448       	-1.07002488e-04
0.0128455       	-1.07002488e-04
0.0128461       	-1.07002488e-04
0.0128467       	-1.07002488e-04
0.0128474       	-1.07002488e-04
0.012848        	-1.07002488e-04
0.0128486       	-1.07002488e-04
0.0128493       	-1.07002488e-04
0.0128499       	-1.07002488e-04
0.0128505       	-1.07002488e-04
0.0128512       	-1.07002488e-04
0.0128518       	-1.07002488e-04
0.0128524       	-1.07002488e-04
0.012853        	-1.07002488e-04
0.0128537       	-1.07002488e-04
0.0128543       	-1.07002488e-04
0.0128549       	-1.07002488e-04
0.0128556       	-1.07002488e-04
0.0128562       	-1.07002488e-04
0.0128568       	-1.07002488e-04
0.0128574       	-1.07002488e-04
0.012858        	-1.07002488e-04
0.0128587       	-1.07002488e-04
0.0128593       	-1.07002488e-04
0.0128599       	-1.07002488e-04
0.0128605       	-1.07002488e-04
0.0128611       	-1.07002488e-04
0.0128618       	-1.07002488e-04
0.0128624       	-1.07002488e-04
0.012863        	-1.07002488e-04
0.0128636       	-1.07002488e-04
0.0128642       	-1.07002488e-04
0.0128649       	-1.07002488e-04
0.0128655       	-1.07002488e-04
0.0128661       	-1.07002488e-04
0.0128667       	-1.07002488e-04
0.0128673       	-1.07002488e-04
0.0128679       	-1.07002488e-04
0.0128686       	-1.07002488e-04
0.0128692       	-1.07002488e-04
0.0128698       	-1.07002488e-04
0.0128704       	-1.07002488e-04
0.012871        	-1.07002488e-04
0.0128716       	-1.07002488e-04
0.0128722       	-1.07002488e-04
0.0128729       	-1.07002488e-04
0.0128735       	-1.07002488e-04
0.0128741       	-1.07002488e-04
0.0128747       	-1.07002488e-04
0.0128753       	-1.07002488e-04
0.0128759       	-1.07002488e-04
0.0128765       	-1.07002488e-04
0.0128771       	-1.07002488e-04
0.0128778       	-1.07002488e-04
0.0128784       	-1.07002488e-04
0.012879        	-1.07002488e-04
0.0128796       	-1.07002488e-04
0.0128802       	-1.07002488e-04
0.0128808       	-1.07002488e-04
0.0128814       	-1.07002488e-04
0.012882        	-1.07002488e-04
0.0128826       	-1.07002488e-04
0.0128832       	-1.07002488e-04
0.0128838       	-1.07002488e-04
0.0128844       	-1.07002488e-04
0.0128851       	-1.07002488e-04
0.0128857       	-1.07002488e-04
0.0128863       	-1.07002488e-04
0.0128869       	-1.07002488e-04
0.0128875       	-1.07002488e-04
0.0128881       	-1.07002488e-04
0.0128887       	-1.07002488e-04
0.0128893       	-1.07002488e-04
0.0128899       	-1.07002488e-04
0.0128905       	-1.07002488e-04
0.0128911       	-1.07002488e-04
0.0128917       	-1.07002488e-04
0.0128923       	-1.07002488e-04
0.0128929       	-1.07002488e-04
0.0128935       	-1.07002488e-04
0.0128941       	-1.07002488e-04
0.0128947       	-1.07002488e-04
0.0128953       	-1.07002488e-04
0.0128959       	-1.07002488e-04
0.0128965       	-1.07002488e-04
0.0128971       	-1.07002488e-04
0.0128977       	-1.07002488e-04
0.0128983       	-1.07002488e-04
0.0128989       	-1.07002488e-04
0.0128995       	-1.07002488e-04
0.0129001       	-1.07002488e-04
0.0129007       	-1.07002488e-04
0.0129013       	-1.07002488e-04
0.0129019       	-1.07002488e-04
0.0129024       	-1.07002488e-04
0.012903        	-1.07002488e-04
0.0129036       	-1.07002488e-04
0.0129042       	-1.07002488e-04
0.0129048       	-1.07002488e-04
0.0129054       	-1.07002488e-04
0.012906        	-1.07002488e-04
0.0129066       	-1.07002488e-04
0.0129072       	-1.07002488e-04
0.0129078       	-1.07002488e-04
0.0129083       	-1.07002488e-04
0.0129089       	-1.07002488e-04
0.0129095       	-1.07002488e-04
0.0129101       	-1.07002488e-04
0.0129107       	-1.07002488e-04
0.0129113       	-1.07002488e-04
0.0129119       	-1.07002488e-04
0.0129125       	-1.07002488e-04
0.012913        	-1.07002488e-04
0.0129136       	-1.07002488e-04
0.0129142       	-1.07002488e-04
0.0129148       	-1.07002488e-04
0.0129154       	-1.07002488e-04
0.012916        	-1.07002488e-04
0.0129165       	-1.07002488e-04
0.0129171       	-1.07002488e-04
0.0129177       	-1.07002488e-04
0.0129183       	-1.07002488e-04
0.0129189       	-1.07002488e-04
0.0129195       	-1.07002488e-04
0.01292         	-1.07002488e-04
0.0129206       	-1.07002488e-04
0.0129212       	-1.07002488e-04
0.0129218       	-1.07002488e-04
0.0129224       	-1.07002488e-04
0.012923        	-1.07002488e-04
0.0129235       	-1.07002488e-04
0.0129241       	-1.07002488e-04
0.0129247       	-1.07002488e-04
0.0129253       	-1.07002488e-04
0.0129259       	-1.07002488e-04
0.0129265       	-1.07002488e-04
0.012927        	-1.07002488e-04
0.0129276       	-1.07002488e-04
0.0129282       	-1.07002488e-04
0.0129288       	-1.07002488e-04
0.0129294       	-1.07002488e-04
0.01293         	-1.07002488e-04
0.0129305       	-1.07002488e-04
0.0129311       	-1.07002488e-04
0.0129317       	-1.07002488e-04
0.0129323       	-1.07002488e-04
0.0129329       	-1.07002488e-04
0.0129335       	-1.07002488e-04
0.012934        	-1.07002488e-04
0.0129346       	-1.07002488e-04
0.0129352       	-1.07002488e-04
0.0129358       	-1.07002488e-04
0.0129364       	-1.07002488e-04
0.012937        	-1.07002488e-04
0.0129376       	-1.07002488e-04
0.0129381       	-1.07002488e-04
0.0129387       	-1.07002488e-04
0.0129393       	-1.07002488e-04
0.0129399       	-1.07002488e-04
0.0129405       	-1.07002488e-04
0.0129411       	-1.07002488e-04
0.0129416       	-1.07002488e-04
0.0129422       	-1.07002488e-04
0.0129428       	-1.07002488e-04
0.0129434       	-1.07002488e-04
0.012944        	-1.07002488e-04
0.0129446       	-1.07002488e-04
0.0129451       	-1.07002488e-04
0.0129457       	-1.07002488e-04
0.0129463       	-1.07002488e-04
0.0129469       	-1.07002488e-04
0.0129475       	-1.07002488e-04
0.0129481       	-1.07002488e-04
0.0129486       	-1.07002488e-04
0.0129492       	-1.07002488e-04
0.0129498       	-1.07002488e-04
0.0129504       	-1.07002488e-04
0.0129509       	-1.07002488e-04
0.0129515       	-1.07002488e-04
0.0129521       	-1.07002488e-04
0.0129527       	-1.07002488e-04
0.0129533       	-1.07002488e-04
0.0129538       	-1.07002488e-04
0.0129544       	-1.07002488e-04
0.012955        	-1.07002488e-04
0.0129556       	-1.07002488e-04
0.0129561       	-1.07002488e-04
0.0129567       	-1.07002488e-04
0.0129573       	-1.07002488e-04
0.0129579       	-1.07002488e-04
0.0129584       	-1.07002488e-04
0.012959        	-1.07002488e-04
0.0129596       	-1.07002488e-04
0.0129601       	-1.07002488e-04
0.0129607       	-1.07002488e-04
0.0129613       	-1.07002488e-04
0.0129619       	-1.07002488e-04
0.0129624       	-1.07002488e-04
0.012963        	-1.07002488e-04
0.0129636       	-1.07002488e-04
0.0129641       	-1.07002488e-04
0.0129647       	-1.07002488e-04
0.0129653       	-1.07002488e-04
0.0129658       	-1.07002488e-04
0.0129664       	-1.07002488e-04
0.012967        	-1.07002488e-04
0.0129675       	-1.07002488e-04
0.0129681       	-1.07002488e-04
0.0129687       	-1.07002488e-04
0.0129692       	-1.07002488e-04
0.0129698       	-1.07002488e-04
0.0129704       	-1.07002488e-04
0.0129709       	-1.07002488e-04
0.0129715       	-1.07002488e-04
0.012972        	-1.07002488e-04
0.0129726       	-1.07002488e-04
0.0129732       	-1.07002488e-04
0.0129737       	-1.07002488e-04
0.0129743       	-1.07002488e-04
0.0129748       	-1.07002488e-04
0.0129754       	-1.07002488e-04
0.012976        	-1.07002488e-04
0.0129765       	-1.07002488e-04
0.0129771       	-1.07002488e-04
0.0129776       	-1.07002488e-04
0.0129782       	-1.07002488e-04
0.0129788       	-1.07002488e-04
0.0129793       	-1.07002488e-04
0.0129799       	-1.07002488e-04
0.0129804       	-1.07002488e-04
0.012981        	-1.07002488e-04
0.0129815       	-1.07002488e-04
0.0129821       	-1.07002488e-04
0.0129827       	-1.07002488e-04
0.0129832       	-1.07002488e-04
0.0129838       	-1.07002488e-04
0.0129843       	-1.07002488e-04
0.0129849       	-1.07002488e-04
0.0129855       	-1.07002488e-04
0.012986        	-1.07002488e-04
0.0129866       	-1.07002488e-04
0.0129871       	-1.07002488e-04
0.0129877       	-1.07002488e-04
0.0129883       	-1.07002488e-04
0.0129888       	-1.07002488e-04
0.0129894       	-1.07002488e-04
0.0129899       	-1.07002488e-04
0.0129905       	-1.07002488e-04
0.0129911       	-1.07002488e-04
0.0129916       	-1.07002488e-04
0.0129922       	-1.07002488e-04
0.0129927       	-1.07002488e-04
0.0129933       	-1.07002488e-04
0.0129938       	-1.07002488e-04
0.0129944       	-1.07002488e-04
0.012995        	-1.07002488e-04
0.0129955       	-1.07002488e-04
0.0129961       	-1.07002488e-04
0.0129966       	-1.07002488e-04
0.0129972       	-1.07002488e-04
0.0129978       	-1.07002488e-04
0.0129983       	-1.07002488e-04
0.0129989       	-1.07002488e-04
0.0129994       	-1.07002488e-04
0.013           	-1.07002488e-04
0.0130006       	-1.07002488e-04
0.0130011       	-1.07002488e-04
0.0130017       	-1.07002488e-04
0.0130022       	-1.07002488e-04
0.0130028       	-1.07002488e-04
0.0130034       	-1.07002488e-04
0.0130039       	-1.07002488e-04
0.0130045       	-1.07002488e-04
0.013005        	-1.07002488e-04
0.0130056       	-1.07002488e-04
0.0130062       	-1.07002488e-04
0.0130067       	-1.07002488e-04
0.0130073       	-1.07002488e-04
0.0130078       	-1.07002488e-04
0.0130084       	-1.07002488e-04
0.0130089       	-1.07002488e-04
0.0130095       	-1.07002488e-04
0.01301         	-1.07002488e-04
0.0130106       	-1.07002488e-04
0.0130112       	-1.07002488e-04
0.0130117       	-1.07002488e-04
0.0130123       	-1.07002488e-04
0.0130128       	-1.07002488e-04
0.0130134       	-1.07002488e-04
0.0130139       	-1.07002488e-04
0.0130145       	-1.07002488e-04
0.013015        	-1.07002488e-04
0.0130156       	-1.07002488e-04
0.0130161       	-1.07002488e-04
0.0130167       	-1.07002488e-04
0.0130172       	-1.07002488e-04
0.0130178       	-1.07002488e-04
0.0130183       	-1.07002488e-04
0.0130189       	-1.07002488e-04
0.0130194       	-1.07002488e-04
0.01302         	-1.07002488e-04
0.0130205       	-1.07002488e-04
0.0130211       	-1.07002488e-04
0.0130216       	-1.07002488e-04
0.0130221       	-1.07002488e-04
0.0130227       	-1.07002488e-04
0.0130232       	-1.07002488e-04
0.0130238       	-1.07002488e-04
0.0130243       	-1.07002488e-04
0.0130249       	-1.07002488e-04
0.0130254       	-1.07002488e-04
0.013026        	-1.07002488e-04
0.0130265       	-1.07002488e-04
0.013027        	-1.07002488e-04
0.0130276       	-1.07002488e-04
0.0130281       	-1.07002488e-04
0.0130287       	-1.07002488e-04
0.0130292       	-1.07002488e-04
0.0130297       	-1.07002488e-04
0.0130303       	-1.07002488e-04
0.0130308       	-1.07002488e-04
0.0130314       	-1.07002488e-04
0.0130319       	-1.07002488e-04
0.0130324       	-1.07002488e-04
0.013033        	-1.07002488e-04
0.0130335       	-1.07002488e-04
0.0130341       	-1.07002488e-04
0.0130346       	-1.07002488e-04
0.0130351       	-1.07002488e-04
0.0130357       	-1.07002488e-04
0.0130362       	-1.07002488e-04
0.0130368       	-1.07002488e-04
0.0130373       	-1.07002488e-04
0.0130378       	-1.07002488e-04
0.0130384       	-1.07002488e-04
0.0130389       	-1.07002488e-04
0.0130394       	-1.07002488e-04
0.01304         	-1.07002488e-04
0.0130405       	-1.07002488e-04
0.0130411       	-1.07002488e-04
0.0130416       	-1.07002488e-04
0.0130421       	-1.07002488e-04
0.0130427       	-1.07002488e-04
0.0130432       	-1.07002488e-04
0.0130438       	-1.07002488e-04
0.0130443       	-1.07002488e-04
0.0130448       	-1.07002488e-04
0.0130454       	-1.07002488e-04
0.0130459       	-1.07002488e-04
0.0130465       	-1.07002488e-04
0.013047        	-1.07002488e-04
0.0130475       	-1.07002488e-04
0.0130481       	-1.07002488e-04
0.0130486       	-1.07002488e-04
0.0130492       	-1.07002488e-04
0.0130497       	-1.07002488e-04
0.0130502       	-1.07002488e-04
0.0130508       	-1.07002488e-04
0.0130513       	-1.07002488e-04
0.0130519       	-1.07002488e-04
0.0130524       	-1.07002488e-04
0.0130529       	-1.07002488e-04
0.0130535       	-1.07002488e-04
0.013054        	-1.07002488e-04
0.0130546       	-1.07002488e-04
0.0130551       	-1.07002488e-04
0.0130556       	-1.07002488e-04
0.0130562       	-1.07002488e-04
0.0130567       	-1.07002488e-04
0.0130573       	-1.07002488e-04
0.0130578       	-1.07002488e-04
0.0130583       	-1.07002488e-04
0.0130589       	-1.07002488e-04
0.0130594       	-1.07002488e-04
0.01306         	-1.07002488e-04
0.0130605       	-1.07002488e-04
0.0130611       	-1.07002488e-04
0.0130616       	-1.07002488e-04
0.0130621       	-1.07002488e-04
0.0130627       	-1.07002488e-04
0.0130632       	-1.07002488e-04
0.0130638       	-1.07002488e-04
0.0130643       	-1.07002488e-04
0.0130648       	-1.07002488e-04
0.0130654       	-1.07002488e-04
0.0130659       	-1.07002488e-04
0.0130665       	-1.07002488e-04
0.013067        	-1.07002488e-04
0.0130675       	-1.07002488e-04
0.0130681       	-1.07002488e-04
0.0130686       	-1.07002488e-04
0.0130692       	-1.07002488e-04
0.0130697       	-1.07002488e-04
0.0130702       	-1.07002488e-04
0.0130708       	-1.07002488e-04
0.0130713       	-1.07002488e-04
0.0130719       	-1.07002488e-04
0.0130724       	-1.07002488e-04
0.0130729       	-1.07002488e-04
0.0130735       	-1.07002488e-04
0.013074        	-1.07002488e-04
0.0130745       	-1.07002488e-04
0.0130751       	-1.07002488e-04
0.0130756       	-1.07002488e-04
0.0130762       	-1.07002488e-04
0.0130767       	-1.07002488e-04
0.0130772       	-1.07002488e-04
0.0130778       	-1.07002488e-04
0.0130783       	-1.07002488e-04
0.0130789       	-1.07002488e-04
0.0130794       	-1.07002488e-04
0.0130799       	-1.07002488e-04
0.0130805       	-1.07002488e-04
0.013081        	-1.07002488e-04
0.0130815       	-1.07002488e-04
0.0130821       	-1.07002488e-04
0.0130826       	-1.07002488e-04
0.0130832       	-1.07002488e-04
0.0130837       	-1.07002488e-04
0.0130842       	-1.07002488e-04
0.0130848       	-1.07002488e-04
0.0130853       	-1.07002488e-04
0.0130859       	-1.07002488e-04
0.0130864       	-1.07002488e-04
0.013087        	-1.07002488e-04
0.0130875       	-1.07002488e-04
0.013088        	-1.07002488e-04
0.0130886       	-1.07002488e-04
0.0130891       	-1.07002488e-04
0.0130897       	-1.07002488e-04
0.0130902       	-1.07002488e-04
0.0130908       	-1.07002488e-04
0.0130913       	-1.07002488e-04
0.0130918       	-1.07002488e-04
0.0130924       	-1.07002488e-04
0.0130929       	-1.07002488e-04
0.0130935       	-1.07002488e-04
0.013094        	-1.07002488e-04
0.0130946       	-1.07002488e-04
0.0130951       	-1.07002488e-04
0.0130957       	-1.07002488e-04
0.0130962       	-1.07002488e-04
0.0130968       	-1.07002488e-04
0.0130973       	-1.07002488e-04
0.0130979       	-1.07002488e-04
0.0130984       	-1.07002488e-04
0.013099        	-1.07002488e-04
0.0130995       	-1.07002488e-04
0.0131001       	-1.07002488e-04
0.0131006       	-1.07002488e-04
0.0131012       	-1.07002488e-04
0.0131017       	-1.07002488e-04
0.0131023       	-1.07002488e-04
0.0131028       	-1.07002488e-04
0.0131034       	-1.07002488e-04
0.0131039       	-1.07002488e-04
0.0131045       	-1.07002488e-04
0.013105        	-1.07002488e-04
0.0131056       	-1.07002488e-04
0.0131062       	-1.07002488e-04
0.0131067       	-1.07002488e-04
0.0131073       	-1.07002488e-04
0.0131078       	-1.07002488e-04
0.0131084       	-1.07002488e-04
0.0131089       	-1.07002488e-04
0.0131095       	-1.07002488e-04
0.01311         	-1.07002488e-04
0.0131106       	-1.07002488e-04
0.0131112       	-1.07002488e-04
0.0131117       	-1.07002488e-04
0.0131123       	-1.07002488e-04
0.0131128       	-1.07002488e-04
0.0131134       	-1.07002488e-04
0.013114        	-1.07002488e-04
0.0131145       	-1.07002488e-04
0.0131151       	-1.07002488e-04
0.0131156       	-1.07002488e-04
0.0131162       	-1.07002488e-04
0.0131168       	-1.07002488e-04
0.0131173       	-1.07002488e-04
0.0131179       	-1.07002488e-04
0.0131185       	-1.07002488e-04
0.013119        	-1.07002488e-04
0.0131196       	-1.07002488e-04
0.0131201       	-1.07002488e-04
0.0131207       	-1.07002488e-04
0.0131213       	-1.07002488e-04
0.0131218       	-1.07002488e-04
0.0131224       	-1.07002488e-04
0.013123        	-1.07002488e-04
0.0131235       	-1.07002488e-04
0.0131241       	-1.07002488e-04
0.0131247       	-1.07002488e-04
0.0131252       	-1.07002488e-04
0.0131258       	-1.07002488e-04
0.0131264       	-1.07002488e-04
0.0131269       	-1.07002488e-04
0.0131275       	-1.07002488e-04
0.0131281       	-1.07002488e-04
0.0131287       	-1.07002488e-04
0.0131292       	-1.07002488e-04
0.0131298       	-1.07002488e-04
0.0131304       	-1.07002488e-04
0.0131309       	-1.07002488e-04
0.0131315       	-1.07002488e-04
0.0131321       	-1.07002488e-04
0.0131327       	-1.07002488e-04
0.0131332       	-1.07002488e-04
0.0131338       	-1.07002488e-04
0.0131344       	-1.07002488e-04
0.013135        	-1.07002488e-04
0.0131356       	-1.07002488e-04
0.0131361       	-1.07002488e-04
0.0131367       	-1.07002488e-04
0.0131373       	-1.07002488e-04
0.0131379       	-1.07002488e-04
0.0131385       	-1.07002488e-04
0.013139        	-1.07002488e-04
0.0131396       	-1.07002488e-04
0.0131402       	-1.07002488e-04
0.0131408       	-1.07002488e-04
0.0131414       	-1.07002488e-04
0.013142        	-1.07002488e-04
0.0131426       	-1.07002488e-04
0.0131432       	-1.07002488e-04
0.0131437       	-1.07002488e-04
0.0131443       	-1.07002488e-04
0.0131449       	-1.07002488e-04
0.0131455       	-1.07002488e-04
0.0131461       	-1.07002488e-04
0.0131467       	-1.07002488e-04
0.0131473       	-1.07002488e-04
0.0131479       	-1.07002488e-04
0.0131485       	-1.07002488e-04
0.0131491       	-1.07002488e-04
0.0131497       	-1.07002488e-04
0.0131503       	-1.07002488e-04
0.0131509       	-1.07002488e-04
0.0131515       	-1.07002488e-04
0.0131521       	-1.07002488e-04
0.0131527       	-1.07002488e-04
0.0131533       	-1.07002488e-04
0.0131539       	-1.07002488e-04
0.0131545       	-1.07002488e-04
0.0131551       	-1.07002488e-04
0.0131558       	-1.07002488e-04
0.0131564       	-1.07002488e-04
0.013157        	-1.07002488e-04
0.0131576       	-1.07002488e-04
0.0131582       	-1.07002488e-04
0.0131588       	-1.07002488e-04
0.0131594       	-1.07002488e-04
0.0131601       	-1.07002488e-04
0.0131607       	-1.07002488e-04
0.0131613       	-1.07002488e-04
0.0131619       	-1.07002488e-04
0.0131625       	-1.07002488e-04
0.0131631       	-1.07002488e-04
0.0131638       	-1.07002488e-04
0.0131644       	-1.07002488e-04
0.013165        	-1.07002488e-04
0.0131656       	-1.07002488e-04
0.0131663       	-1.07002488e-04
0.0131669       	-1.07002488e-04
0.0131675       	-1.07002488e-04
0.0131681       	-1.07002488e-04
0.0131688       	-1.07002488e-04
0.0131694       	-1.07002488e-04
0.01317         	-1.07002488e-04
0.0131706       	-1.07002488e-04
0.0131713       	-1.07002488e-04
0.0131719       	-1.07002488e-04
0.0131725       	-1.07002488e-04
0.0131732       	-1.07002488e-04
0.0131738       	-1.07002488e-04
0.0131745       	-1.07002488e-04
0.0131751       	-1.07002488e-04
0.0131757       	-1.07002488e-04
0.0131764       	-1.07002488e-04
0.013177        	-1.07002488e-04
0.0131777       	-1.07002488e-04
0.0131783       	-1.07002488e-04
0.0131789       	-1.07002488e-04
0.0131796       	-1.07002488e-04
0.0131802       	-1.07002488e-04
0.0131808       	-1.07002488e-04
0.0131815       	-1.07002488e-04
0.0131821       	-1.07002488e-04
0.0131828       	-1.07002488e-04
0.0131834       	-1.07002488e-04
0.0131841       	-1.07002488e-04
0.0131847       	-1.07002488e-04
0.0131854       	-1.07002488e-04
0.0131861       	-1.07002488e-04
0.0131867       	-1.07002488e-04
0.0131874       	-1.07002488e-04
0.013188        	-1.07002488e-04
0.0131887       	-1.07002488e-04
0.0131894       	-1.07002488e-04
0.01319         	-1.07002488e-04
0.0131907       	-1.07002488e-04
0.0131914       	-1.07002488e-04
0.013192        	-1.07002488e-04
0.0131927       	-1.07002488e-04
0.0131934       	-1.07002488e-04
0.013194        	-1.07002488e-04
0.0131947       	-1.07002488e-04
0.0131954       	-1.07002488e-04
0.013196        	-1.07002488e-04
0.0131967       	-1.07002488e-04
0.0131973       	-1.07002488e-04
0.013198        	-1.07002488e-04
0.0131987       	-1.07002488e-04
0.0131993       	-1.07002488e-04
0.0132          	-1.07002488e-04
0.0132007       	-1.07002488e-04
0.0132014       	-1.07002488e-04
0.0132021       	-1.07002488e-04
0.0132028       	-1.07002488e-04
0.0132034       	-1.07002488e-04
0.0132041       	-1.07002488e-04
0.0132048       	-1.07002488e-04
0.0132055       	-1.07002488e-04
0.0132062       	-1.07002488e-04
0.0132069       	-1.07002488e-04
0.0132076       	-1.07002488e-04
0.0132083       	-1.07002488e-04
0.0132091       	-1.07002488e-04
0.0132098       	-1.07002488e-04
0.0132105       	-1.07002488e-04
0.0132112       	-1.07002488e-04
0.0132119       	-1.07002488e-04
0.0132126       	-1.07002488e-04
0.0132133       	-1.07002488e-04
0.013214        	-1.07002488e-04
0.0132148       	-1.07002488e-04
0.0132155       	-1.07002488e-04
0.0132162       	-1.07002488e-04
0.0132169       	-1.07002488e-04
0.0132177       	-1.07002488e-04
0.0132184       	-1.07002488e-04
0.0132191       	-1.07002488e-04
0.0132199       	-1.07002488e-04
0.0132206       	-1.07002488e-04
0.0132213       	-1.07002488e-04
0.0132221       	-1.07002488e-04
0.0132228       	-1.07002488e-04
0.0132235       	-1.07002488e-04
0.0132243       	-1.07002488e-04
0.013225        	-1.07002488e-04
0.0132258       	-1.07002488e-04
0.0132265       	-1.07002488e-04
0.0132273       	-1.07002488e-04
0.013228        	-1.07002488e-04
0.0132288       	-1.07002488e-04
0.0132295       	-1.07002488e-04
0.0132303       	-1.07002488e-04
0.013231        	-1.07002488e-04
0.0132318       	-1.07002488e-04
0.0132325       	-1.07002488e-04
0.0132333       	-1.07002488e-04
0.0132341       	-1.07002488e-04
0.0132348       	-1.07002488e-04
0.0132356       	-1.07002488e-04
0.0132364       	-1.07002488e-04
0.0132371       	-1.07002488e-04
0.0132379       	-1.07002488e-04
0.0132386       	-1.07002488e-04
0.0132394       	-1.07002488e-04
0.0132402       	-1.07002488e-04
0.013241        	-1.07002488e-04
0.0132417       	-1.07002488e-04
0.0132425       	-1.07002488e-04
0.0132433       	-1.07002488e-04
0.013244        	-1.07002488e-04
0.0132448       	-1.07002488e-04
0.0132456       	-1.07002488e-04
0.0132464       	-1.07002488e-04
0.0132472       	-1.07002488e-04
0.0132479       	-1.07002488e-04
0.0132487       	-1.07002488e-04
0.0132495       	-1.07002488e-04
0.0132503       	-1.07002488e-04
0.0132511       	-1.07002488e-04
0.0132518       	-1.07002488e-04
0.0132526       	-1.07002488e-04
0.0132534       	-1.07002488e-04
0.0132542       	-1.07002488e-04
0.013255        	-1.07002488e-04
0.0132558       	-1.07002488e-04
0.0132566       	-1.07002488e-04
0.0132574       	-1.07002488e-04
0.0132581       	-1.07002488e-04
0.0132589       	-1.07002488e-04
0.0132597       	-1.07002488e-04
0.0132605       	-1.07002488e-04
0.0132613       	-1.07002488e-04
0.0132621       	-1.07002488e-04
0.0132629       	-1.07002488e-04
0.0132637       	-1.07002488e-04
0.0132645       	-1.07002488e-04
0.0132653       	-1.07002488e-04
0.0132661       	-1.07002488e-04
0.0132669       	-1.07002488e-04
0.0132677       	-1.07002488e-04
0.0132685       	-1.07002488e-04
0.0132693       	-1.07002488e-04
0.0132701       	-1.07002488e-04
0.0132709       	-1.07002488e-04
0.0132717       	-1.07002488e-04
0.0132725       	-1.07002488e-04
0.0132733       	-1.07002488e-04
0.0132741       	-1.07002488e-04
0.0132749       	-1.07002488e-04
0.0132757       	-1.07002488e-04
0.0132765       	-1.07002488e-04
0.0132773       	-1.07002488e-04
0.0132781       	-1.07002488e-04
0.0132789       	-1.07002488e-04
0.0132797       	-1.07002488e-04
0.0132805       	-1.07002488e-04
0.0132813       	-1.07002488e-04
0.0132821       	-1.07002488e-04
0.0132829       	-1.07002488e-04
0.0132837       	-1.07002488e-04
0.0132845       	-1.07002488e-04
0.0132853       	-1.07002488e-04
0.0132861       	-1.07002488e-04
0.0132869       	-1.07002488e-04
0.0132877       	-1.07002488e-04
0.0132885       	-1.07002488e-04
0.0132893       	-1.07002488e-04
0.0132901       	-1.07002488e-04
0.0132909       	-1.07002488e-04
0.0132917       	-1.07002488e-04
0.0132925       	-1.07002488e-04
0.0132933       	-1.07002488e-04
0.0132941       	-1.07002488e-04
0.0132949       	-1.07002488e-04
0.0132957       	-1.07002488e-04
0.0132965       	-1.07002488e-04
0.0132973       	-1.07002488e-04
0.0132981       	-1.07002488e-04
0.0132989       	-1.07002488e-04
0.0132997       	-1.07002488e-04
0.0133005       	-1.07002488e-04
0.0133013       	-1.07002488e-04
0.0133022       	-1.07002488e-04
0.013303        	-1.07002488e-04
0.0133038       	-1.07002488e-04
0.0133046       	-1.07002488e-04
0.0133054       	-1.07002488e-04
0.0133062       	-1.07002488e-04
0.013307        	-1.07002488e-04
0.0133078       	-1.07002488e-04
0.0133086       	-1.07002488e-04
0.0133094       	-1.07002488e-04
0.0133102       	-1.07002488e-04
0.013311        	-1.07002488e-04
0.0133118       	-1.07002488e-04
0.0133126       	-1.07002488e-04
0.0133134       	-1.07002488e-04
0.0133142       	-1.07002488e-04
0.013315        	-1.07002488e-04
0.0133158       	-1.07002488e-04
0.0133166       	-1.07002488e-04
0.0133174       	-1.07002488e-04
0.0133182       	-1.07002488e-04
0.013319        	-1.07002488e-04
0.0133198       	-1.07002488e-04
0.0133206       	-1.07002488e-04
0.0133214       	-1.07002488e-04
0.0133222       	-1.07002488e-04
0.013323        	-1.07002488e-04
0.0133238       	-1.07002488e-04
0.0133246       	-1.07002488e-04
0.0133254       	-1.07002488e-04
0.0133262       	-1.07002488e-04
0.013327        	-1.07002488e-04
0.0133278       	-1.07002488e-04
0.0133286       	-1.07002488e-04
0.0133294       	-1.07002488e-04
0.0133302       	-1.07002488e-04
0.013331        	-1.07002488e-04
0.0133318       	-1.07002488e-04
0.0133326       	-1.07002488e-04
0.0133334       	-1.07002488e-04
0.0133342       	-1.07002488e-04
0.013335        	-1.07002488e-04
0.0133358       	-1.07002488e-04
0.0133366       	-1.07002488e-04
0.0133374       	-1.07002488e-04
0.0133382       	-1.07002488e-04
0.013339        	-1.07002488e-04
0.0133398       	-1.07002488e-04
0.0133406       	-1.07002488e-04
0.0133415       	-1.07002488e-04
0.0133423       	-1.07002488e-04
0.0133431       	-1.07002488e-04
0.0133439       	-1.07002488e-04
0.0133447       	-1.07002488e-04
0.0133455       	-1.07002488e-04
0.0133463       	-1.07002488e-04
0.0133471       	-1.07002488e-04
0.0133479       	-1.07002488e-04
0.0133487       	-1.07002488e-04
0.0133495       	-1.07002488e-04
0.0133503       	-1.07002488e-04
0.0133511       	-1.07002488e-04
0.0133519       	-1.07002488e-04
0.0133527       	-1.07002488e-04
0.0133535       	-1.07002488e-04
0.0133543       	-1.07002488e-04
0.0133551       	-1.07002488e-04
0.0133559       	-1.07002488e-04
0.0133567       	-1.07002488e-04
0.0133575       	-1.07002488e-04
0.0133583       	-1.07002488e-04
0.0133591       	-1.07002488e-04
0.0133599       	-1.07002488e-04
0.0133607       	-1.07002488e-04
0.0133615       	-1.07002488e-04
0.0133623       	-1.07002488e-04
0.0133631       	-1.07002488e-04
0.0133639       	-1.07002488e-04
0.0133647       	-1.07002488e-04
0.0133655       	-1.07002488e-04
0.0133663       	-1.07002488e-04
0.013367        	-1.07002488e-04
0.0133678       	-1.07002488e-04
0.0133686       	-1.07002488e-04
0.0133694       	-1.07002488e-04
0.0133702       	-1.07002488e-04
0.013371        	-1.07002488e-04
0.0133718       	-1.07002488e-04
0.0133725       	-1.07002488e-04
0.0133733       	-1.07002488e-04
0.0133741       	-1.07002488e-04
0.0133749       	-1.07002488e-04
0.0133757       	-1.07002488e-04
0.0133765       	-1.07002488e-04
0.0133772       	-1.07002488e-04
0.013378        	-1.07002488e-04
0.0133788       	-1.07002488e-04
0.0133796       	-1.07002488e-04
0.0133804       	-1.07002488e-04
0.0133812       	-1.07002488e-04
0.013382        	-1.07002488e-04
0.0133827       	-1.07002488e-04
0.0133835       	-1.07002488e-04
0.0133843       	-1.07002488e-04
0.0133851       	-1.07002488e-04
0.0133859       	-1.07002488e-04
0.0133867       	-1.07002488e-04
0.0133874       	-1.07002488e-04
0.0133882       	-1.07002488e-04
0.013389        	-1.07002488e-04
0.0133898       	-1.07002488e-04
0.0133906       	-1.07002488e-04
0.0133914       	-1.07002488e-04
0.0133922       	-1.07002488e-04
0.0133929       	-1.07002488e-04
0.0133937       	-1.07002488e-04
0.0133945       	-1.07002488e-04
0.0133953       	-1.07002488e-04
0.0133961       	-1.07002488e-04
0.0133969       	-1.07002488e-04
0.0133976       	-1.07002488e-04
0.0133984       	-1.07002488e-04
0.0133992       	-1.07002488e-04
0.0134          	-1.07002488e-04
0.0134008       	-1.07002488e-04
0.0134015       	-1.07002488e-04
0.0134023       	-1.07002488e-04
0.013403        	-1.07002488e-04
0.0134038       	-1.07002488e-04
0.0134045       	-1.07002488e-04
0.0134053       	-1.07002488e-04
0.013406        	-1.07002488e-04
0.0134068       	-1.07002488e-04
0.0134075       	-1.07002488e-04
0.0134083       	-1.07002488e-04
0.013409        	-1.07002488e-04
0.0134098       	-1.07002488e-04
0.0134105       	-1.07002488e-04
0.0134113       	-1.07002488e-04
0.013412        	-1.07002488e-04
0.0134128       	-1.07002488e-04
0.0134135       	-1.07002488e-04
0.0134143       	-1.07002488e-04
0.013415        	-1.07002488e-04
0.0134157       	-1.07002488e-04
0.0134165       	-1.07002488e-04
0.0134172       	-1.07002488e-04
0.013418        	-1.07002488e-04
0.0134187       	-1.07002488e-04
0.0134195       	-1.07002488e-04
0.0134202       	-1.07002488e-04
0.0134209       	-1.07002488e-04
0.0134217       	-1.07002488e-04
0.0134224       	-1.07002488e-04
0.0134232       	-1.07002488e-04
0.0134239       	-1.07002488e-04
0.0134246       	-1.07002488e-04
0.0134254       	-1.07002488e-04
0.0134261       	-1.07002488e-04
0.0134269       	-1.07002488e-04
0.0134276       	-1.07002488e-04
0.0134283       	-1.07002488e-04
0.0134291       	-1.07002488e-04
0.0134298       	-1.07002488e-04
0.0134305       	-1.07002488e-04
0.0134313       	-1.07002488e-04
0.013432        	-1.07002488e-04
0.0134327       	-1.07002488e-04
0.0134335       	-1.07002488e-04
0.0134342       	-1.07002488e-04
0.013435        	-1.07002488e-04
0.0134357       	-1.07002488e-04
0.0134364       	-1.07002488e-04
0.0134372       	-1.07002488e-04
0.0134379       	-1.07002488e-04
0.0134386       	-1.07002488e-04
0.0134393       	-1.07002488e-04
0.0134401       	-1.07002488e-04
0.0134408       	-1.07002488e-04
0.0134415       	-1.07002488e-04
0.0134423       	-1.07002488e-04
0.013443        	-1.07002488e-04
0.0134437       	-1.07002488e-04
0.0134444       	-1.07002488e-04
0.0134452       	-1.07002488e-04
0.0134459       	-1.07002488e-04
0.0134466       	-1.07002488e-04
0.0134474       	-1.07002488e-04
0.0134481       	-1.07002488e-04
0.0134488       	-1.07002488e-04
0.0134495       	-1.07002488e-04
0.0134502       	-1.07002488e-04
0.013451        	-1.07002488e-04
0.0134517       	-1.07002488e-04
0.0134524       	-1.07002488e-04
0.0134531       	-1.07002488e-04
0.0134539       	-1.07002488e-04
0.0134546       	-1.07002488e-04
0.0134553       	-1.07002488e-04
0.013456        	-1.07002488e-04
0.0134567       	-1.07002488e-04
0.0134574       	-1.07002488e-04
0.0134582       	-1.07002488e-04
0.0134589       	-1.07002488e-04
0.0134596       	-1.07002488e-04
0.0134603       	-1.07002488e-04
0.013461        	-1.07002488e-04
0.0134617       	-1.07002488e-04
0.0134624       	-1.07002488e-04
0.0134632       	-1.07002488e-04
0.0134639       	-1.07002488e-04
0.0134646       	-1.07002488e-04
0.0134653       	-1.07002488e-04
0.013466        	-1.07002488e-04
0.0134667       	-1.07002488e-04
0.0134674       	-1.07002488e-04
0.0134681       	-1.07002488e-04
0.0134688       	-1.07002488e-04
0.0134695       	-1.07002488e-04
0.0134702       	-1.07002488e-04
0.0134709       	-1.07002488e-04
0.0134716       	-1.07002488e-04
0.0134723       	-1.07002488e-04
0.013473        	-1.07002488e-04
0.0134737       	-1.07002488e-04
0.0134744       	-1.07002488e-04
0.0134751       	-1.07002488e-04
0.0134758       	-1.07002488e-04
0.0134765       	-1.07002488e-04
0.0134772       	-1.07002488e-04
0.0134779       	-1.07002488e-04
0.0134786       	-1.07002488e-04
0.0134793       	-1.07002488e-04
0.01348         	-1.07002488e-04
0.0134807       	-1.07002488e-04
0.0134814       	-1.07002488e-04
0.013482        	-1.07002488e-04
0.0134827       	-1.07002488e-04
0.0134834       	-1.07002488e-04
0.0134841       	-1.07002488e-04
0.0134848       	-1.07002488e-04
0.0134855       	-1.07002488e-04
0.0134861       	-1.07002488e-04
0.0134868       	-1.07002488e-04
0.0134875       	-1.07002488e-04
0.0134882       	-1.07002488e-04
0.0134889       	-1.07002488e-04
0.0134895       	-1.07002488e-04
0.0134902       	-1.07002488e-04
0.0134909       	-1.07002488e-04
0.0134916       	-1.07002488e-04
0.0134923       	-1.07002488e-04
0.0134929       	-1.07002488e-04
0.0134936       	-1.07002488e-04
0.0134943       	-1.07002488e-04
0.0134949       	-1.07002488e-04
0.0134956       	-1.07002488e-04
0.0134963       	-1.07002488e-04
0.0134969       	-1.07002488e-04
0.0134976       	-1.07002488e-04
0.0134983       	-1.07002488e-04
0.013499        	-1.07002488e-04
0.0134996       	-1.07002488e-04
0.0135003       	-1.07002488e-04
0.0135009       	-1.07002488e-04
0.0135016       	-1.07002488e-04
0.0135023       	-1.07002488e-04
0.0135029       	-1.07002488e-04
0.0135036       	-1.07002488e-04
0.0135043       	-1.07002488e-04
0.0135049       	-1.07002488e-04
0.0135056       	-1.07002488e-04
0.0135062       	-1.07002488e-04
0.0135069       	-1.07002488e-04
0.0135076       	-1.07002488e-04
0.0135082       	-1.07002488e-04
0.0135089       	-1.07002488e-04
0.0135095       	-1.07002488e-04
0.0135102       	-1.07002488e-04
0.0135109       	-1.07002488e-04
0.0135115       	-1.07002488e-04
0.0135122       	-1.07002488e-04
0.0135128       	-1.07002488e-04
0.0135135       	-1.07002488e-04
0.0135141       	-1.07002488e-04
0.0135148       	-1.07002488e-04
0.0135154       	-1.07002488e-04
0.0135161       	-1.07002488e-04
0.0135168       	-1.07002488e-04
0.0135174       	-1.07002488e-04
0.0135181       	-1.07002488e-04
0.0135187       	-1.07002488e-04
0.0135194       	-1.07002488e-04
0.01352         	-1.07002488e-04
0.0135207       	-1.07002488e-04
0.0135213       	-1.07002488e-04
0.013522        	-1.07002488e-04
0.0135226       	-1.07002488e-04
0.0135233       	-1.07002488e-04
0.0135239       	-1.07002488e-04
0.0135246       	-1.07002488e-04
0.0135252       	-1.07002488e-04
0.0135259       	-1.07002488e-04
0.0135265       	-1.07002488e-04
0.0135272       	-1.07002488e-04
0.0135278       	-1.07002488e-04
0.0135285       	-1.07002488e-04
0.0135291       	-1.07002488e-04
0.0135298       	-1.07002488e-04
0.0135304       	-1.07002488e-04
0.0135311       	-1.07002488e-04
0.0135317       	-1.07002488e-04
0.0135324       	-1.07002488e-04
0.013533        	-1.07002488e-04
0.0135337       	-1.07002488e-04
0.0135343       	-1.07002488e-04
0.0135349       	-1.07002488e-04
0.0135356       	-1.07002488e-04
0.0135362       	-1.07002488e-04
0.0135369       	-1.07002488e-04
0.0135375       	-1.07002488e-04
0.0135382       	-1.07002488e-04
0.0135388       	-1.07002488e-04
0.0135394       	-1.07002488e-04
0.0135401       	-1.07002488e-04
0.0135407       	-1.07002488e-04
0.0135414       	-1.07002488e-04
0.013542        	-1.07002488e-04
0.0135426       	-1.07002488e-04
0.0135433       	-1.07002488e-04
0.0135439       	-1.07002488e-04
0.0135445       	-1.07002488e-04
0.0135452       	-1.07002488e-04
0.0135458       	-1.07002488e-04
0.0135465       	-1.07002488e-04
0.0135471       	-1.07002488e-04
0.0135477       	-1.07002488e-04
0.0135483       	-1.07002488e-04
0.013549        	-1.07002488e-04
0.0135496       	-1.07002488e-04
0.0135502       	-1.07002488e-04
0.0135509       	-1.07002488e-04
0.0135515       	-1.07002488e-04
0.0135521       	-1.07002488e-04
0.0135528       	-1.07002488e-04
0.0135534       	-1.07002488e-04
0.013554        	-1.07002488e-04
0.0135546       	-1.07002488e-04
0.0135552       	-1.07002488e-04
0.0135559       	-1.07002488e-04
0.0135565       	-1.07002488e-04
0.0135571       	-1.07002488e-04
0.0135577       	-1.07002488e-04
0.0135584       	-1.07002488e-04
0.013559        	-1.07002488e-04
0.0135596       	-1.07002488e-04
0.0135602       	-1.07002488e-04
0.0135608       	-1.07002488e-04
0.0135615       	-1.07002488e-04
0.0135621       	-1.07002488e-04
0.0135627       	-1.07002488e-04
0.0135633       	-1.07002488e-04
0.0135639       	-1.07002488e-04
0.0135646       	-1.07002488e-04
0.0135652       	-1.07002488e-04
0.0135658       	-1.07002488e-04
0.0135664       	-1.07002488e-04
0.013567        	-1.07002488e-04
0.0135676       	-1.07002488e-04
0.0135682       	-1.07002488e-04
0.0135688       	-1.07002488e-04
0.0135694       	-1.07002488e-04
0.0135701       	-1.07002488e-04
0.0135707       	-1.07002488e-04
0.0135713       	-1.07002488e-04
0.0135719       	-1.07002488e-04
0.0135725       	-1.07002488e-04
0.0135731       	-1.07002488e-04
0.0135737       	-1.07002488e-04
0.0135743       	-1.07002488e-04
0.0135749       	-1.07002488e-04
0.0135756       	-1.07002488e-04
0.0135762       	-1.07002488e-04
0.0135768       	-1.07002488e-04
0.0135774       	-1.07002488e-04
0.013578        	-1.07002488e-04
0.0135786       	-1.07002488e-04
0.0135792       	-1.07002488e-04
0.0135798       	-1.07002488e-04
0.0135804       	-1.07002488e-04
0.0135811       	-1.07002488e-04
0.0135817       	-1.07002488e-04
0.0135823       	-1.07002488e-04
0.0135829       	-1.07002488e-04
0.0135835       	-1.07002488e-04
0.0135841       	-1.07002488e-04
0.0135847       	-1.07002488e-04
0.0135853       	-1.07002488e-04
0.0135859       	-1.07002488e-04
0.0135866       	-1.07002488e-04
0.0135872       	-1.07002488e-04
0.0135878       	-1.07002488e-04
0.0135884       	-1.07002488e-04
0.013589        	-1.07002488e-04
0.0135896       	-1.07002488e-04
0.0135902       	-1.07002488e-04
0.0135908       	-1.07002488e-04
0.0135914       	-1.07002488e-04
0.0135921       	-1.07002488e-04
0.0135927       	-1.07002488e-04
0.0135933       	-1.07002488e-04
0.0135939       	-1.07002488e-04
0.0135945       	-1.07002488e-04
0.0135951       	-1.07002488e-04
0.0135957       	-1.07002488e-04
0.0135963       	-1.07002488e-04
0.0135969       	-1.07002488e-04
0.0135976       	-1.07002488e-04
0.0135982       	-1.07002488e-04
0.0135988       	-1.07002488e-04
0.0135994       	-1.07002488e-04
0.0136          	-1.07002488e-04
0.0136006       	-1.07002488e-04
0.0136012       	-1.07002488e-04
0.0136018       	-1.07002488e-04
0.0136024       	-1.07002488e-04
0.013603        	-1.07002488e-04
0.0136036       	-1.07002488e-04
0.0136042       	-1.07002488e-04
0.0136048       	-1.07002488e-04
0.0136054       	-1.07002488e-04
0.0136059       	-1.07002488e-04
0.0136065       	-1.07002488e-04
0.0136071       	-1.07002488e-04
0.0136077       	-1.07002488e-04
0.0136083       	-1.07002488e-04
0.0136089       	-1.07002488e-04
0.0136095       	-1.07002488e-04
0.0136101       	-1.07002488e-04
0.0136107       	-1.07002488e-04
0.0136112       	-1.07002488e-04
0.0136118       	-1.07002488e-04
0.0136124       	-1.07002488e-04
0.013613        	-1.07002488e-04
0.0136136       	-1.07002488e-04
0.0136142       	-1.07002488e-04
0.0136147       	-1.07002488e-04
0.0136153       	-1.07002488e-04
0.0136159       	-1.07002488e-04
0.0136165       	-1.07002488e-04
0.0136171       	-1.07002488e-04
0.0136177       	-1.07002488e-04
0.0136182       	-1.07002488e-04
0.0136188       	-1.07002488e-04
0.0136194       	-1.07002488e-04
0.01362         	-1.07002488e-04
0.0136205       	-1.07002488e-04
0.0136211       	-1.07002488e-04
0.0136217       	-1.07002488e-04
0.0136223       	-1.07002488e-04
0.0136228       	-1.07002488e-04
0.0136234       	-1.07002488e-04
0.013624        	-1.07002488e-04
0.0136246       	-1.07002488e-04
0.0136251       	-1.07002488e-04
0.0136257       	-1.07002488e-04
0.0136263       	-1.07002488e-04
0.0136269       	-1.07002488e-04
0.0136274       	-1.07002488e-04
0.013628        	-1.07002488e-04
0.0136286       	-1.07002488e-04
0.0136292       	-1.07002488e-04
0.0136297       	-1.07002488e-04
0.0136303       	-1.07002488e-04
0.0136309       	-1.07002488e-04
0.0136314       	-1.07002488e-04
0.013632        	-1.07002488e-04
0.0136326       	-1.07002488e-04
0.0136332       	-1.07002488e-04
0.0136337       	-1.07002488e-04
0.0136343       	-1.07002488e-04
0.0136349       	-1.07002488e-04
0.0136354       	-1.07002488e-04
0.013636        	-1.07002488e-04
0.0136366       	-1.07002488e-04
0.0136372       	-1.07002488e-04
0.0136377       	-1.07002488e-04
0.0136383       	-1.07002488e-04
0.0136389       	-1.07002488e-04
0.0136394       	-1.07002488e-04
0.01364         	-1.07002488e-04
0.0136406       	-1.07002488e-04
0.0136411       	-1.07002488e-04
0.0136417       	-1.07002488e-04
0.0136423       	-1.07002488e-04
0.0136428       	-1.07002488e-04
0.0136434       	-1.07002488e-04
0.013644        	-1.07002488e-04
0.0136446       	-1.07002488e-04
0.0136451       	-1.07002488e-04
0.0136457       	-1.07002488e-04
0.0136463       	-1.07002488e-04
0.0136468       	-1.07002488e-04
0.0136474       	-1.07002488e-04
0.013648        	-1.07002488e-04
0.0136485       	-1.07002488e-04
0.0136491       	-1.07002488e-04
0.0136497       	-1.07002488e-04
0.0136502       	-1.07002488e-04
0.0136508       	-1.07002488e-04
0.0136514       	-1.07002488e-04
0.0136519       	-1.07002488e-04
0.0136525       	-1.07002488e-04
0.013653        	-1.07002488e-04
0.0136536       	-1.07002488e-04
0.0136542       	-1.07002488e-04
0.0136547       	-1.07002488e-04
0.0136553       	-1.07002488e-04
0.0136559       	-1.07002488e-04
0.0136564       	-1.07002488e-04
0.013657        	-1.07002488e-04
0.0136575       	-1.07002488e-04
0.0136581       	-1.07002488e-04
0.0136587       	-1.07002488e-04
0.0136592       	-1.07002488e-04
0.0136598       	-1.07002488e-04
0.0136603       	-1.07002488e-04
0.0136609       	-1.07002488e-04
0.0136615       	-1.07002488e-04
0.013662        	-1.07002488e-04
0.0136626       	-1.07002488e-04
0.0136631       	-1.07002488e-04
0.0136637       	-1.07002488e-04
0.0136642       	-1.07002488e-04
0.0136648       	-1.07002488e-04
0.0136654       	-1.07002488e-04
0.0136659       	-1.07002488e-04
0.0136665       	-1.07002488e-04
0.013667        	-1.07002488e-04
0.0136676       	-1.07002488e-04
0.0136681       	-1.07002488e-04
0.0136687       	-1.07002488e-04
0.0136692       	-1.07002488e-04
0.0136698       	-1.07002488e-04
0.0136703       	-1.07002488e-04
0.0136709       	-1.07002488e-04
0.0136714       	-1.07002488e-04
0.013672        	-1.07002488e-04
0.0136725       	-1.07002488e-04
0.0136731       	-1.07002488e-04
0.0136736       	-1.07002488e-04
0.0136742       	-1.07002488e-04
0.0136747       	-1.07002488e-04
0.0136753       	-1.07002488e-04
0.0136758       	-1.07002488e-04
0.0136763       	-1.07002488e-04
0.0136769       	-1.07002488e-04
0.0136774       	-1.07002488e-04
0.013678        	-1.07002488e-04
0.0136785       	-1.07002488e-04
0.0136791       	-1.07002488e-04
0.0136796       	-1.07002488e-04
0.0136802       	-1.07002488e-04
0.0136807       	-1.07002488e-04
0.0136813       	-1.07002488e-04
0.0136818       	-1.07002488e-04
0.0136824       	-1.07002488e-04
0.0136829       	-1.07002488e-04
0.0136835       	-1.07002488e-04
0.013684        	-1.07002488e-04
0.0136846       	-1.07002488e-04
0.0136851       	-1.07002488e-04
0.0136857       	-1.07002488e-04
0.0136862       	-1.07002488e-04
0.0136867       	-1.07002488e-04
0.0136873       	-1.07002488e-04
0.0136878       	-1.07002488e-04
0.0136884       	-1.07002488e-04
0.0136889       	-1.07002488e-04
0.0136895       	-1.07002488e-04
0.01369         	-1.07002488e-04
0.0136906       	-1.07002488e-04
0.0136911       	-1.07002488e-04
0.0136917       	-1.07002488e-04
0.0136922       	-1.07002488e-04
0.0136928       	-1.07002488e-04
0.0136933       	-1.07002488e-04
0.0136939       	-1.07002488e-04
0.0136944       	-1.07002488e-04
0.0136949       	-1.07002488e-04
0.0136955       	-1.07002488e-04
0.013696        	-1.07002488e-04
0.0136966       	-1.07002488e-04
0.0136971       	-1.07002488e-04
0.0136977       	-1.07002488e-04
0.0136982       	-1.07002488e-04
0.0136988       	-1.07002488e-04
0.0136993       	-1.07002488e-04
0.0136998       	-1.07002488e-04
0.0137004       	-1.07002488e-04
0.0137009       	-1.07002488e-04
0.0137015       	-1.07002488e-04
0.013702        	-1.07002488e-04
0.0137026       	-1.07002488e-04
0.0137031       	-1.07002488e-04
0.0137037       	-1.07002488e-04
0.0137042       	-1.07002488e-04
0.0137047       	-1.07002488e-04
0.0137053       	-1.07002488e-04
0.0137058       	-1.07002488e-04
0.0137064       	-1.07002488e-04
0.0137069       	-1.07002488e-04
0.0137075       	-1.07002488e-04
0.013708        	-1.07002488e-04
0.0137085       	-1.07002488e-04
0.0137091       	-1.07002488e-04
0.0137096       	-1.07002488e-04
0.0137102       	-1.07002488e-04
0.0137107       	-1.07002488e-04
0.0137112       	-1.07002488e-04
0.0137118       	-1.07002488e-04
0.0137123       	-1.07002488e-04
0.0137129       	-1.07002488e-04
0.0137134       	-1.07002488e-04
0.0137139       	-1.07002488e-04
0.0137145       	-1.07002488e-04
0.013715        	-1.07002488e-04
0.0137156       	-1.07002488e-04
0.0137161       	-1.07002488e-04
0.0137166       	-1.07002488e-04
0.0137172       	-1.07002488e-04
0.0137177       	-1.07002488e-04
0.0137182       	-1.07002488e-04
0.0137188       	-1.07002488e-04
0.0137193       	-1.07002488e-04
0.0137198       	-1.07002488e-04
0.0137204       	-1.07002488e-04
0.0137209       	-1.07002488e-04
0.0137214       	-1.07002488e-04
0.013722        	-1.07002488e-04
0.0137225       	-1.07002488e-04
0.013723        	-1.07002488e-04
0.0137236       	-1.07002488e-04
0.0137241       	-1.07002488e-04
0.0137247       	-1.07002488e-04
0.0137252       	-1.07002488e-04
0.0137257       	-1.07002488e-04
0.0137263       	-1.07002488e-04
0.0137268       	-1.07002488e-04
0.0137273       	-1.07002488e-04
0.0137279       	-1.07002488e-04
0.0137284       	-1.07002488e-04
0.0137289       	-1.07002488e-04
0.0137295       	-1.07002488e-04
0.01373         	-1.07002488e-04
0.0137305       	-1.07002488e-04
0.0137311       	-1.07002488e-04
0.0137316       	-1.07002488e-04
0.0137321       	-1.07002488e-04
0.0137327       	-1.07002488e-04
0.0137332       	-1.07002488e-04
0.0137337       	-1.07002488e-04
0.0137343       	-1.07002488e-04
0.0137348       	-1.07002488e-04
0.0137353       	-1.07002488e-04
0.0137359       	-1.07002488e-04
0.0137364       	-1.07002488e-04
0.013737        	-1.07002488e-04
0.0137375       	-1.07002488e-04
0.013738        	-1.07002488e-04
0.0137386       	-1.07002488e-04
0.0137391       	-1.07002488e-04
0.0137397       	-1.07002488e-04
0.0137402       	-1.07002488e-04
0.0137407       	-1.07002488e-04
0.0137413       	-1.07002488e-04
0.0137418       	-1.07002488e-04
0.0137423       	-1.07002488e-04
0.0137429       	-1.07002488e-04
0.0137434       	-1.07002488e-04
0.013744        	-1.07002488e-04
0.0137445       	-1.07002488e-04
0.013745        	-1.07002488e-04
0.0137456       	-1.07002488e-04
0.0137461       	-1.07002488e-04
0.0137467       	-1.07002488e-04
0.0137472       	-1.07002488e-04
0.0137477       	-1.07002488e-04
0.0137483       	-1.07002488e-04
0.0137488       	-1.07002488e-04
0.0137494       	-1.07002488e-04
0.0137499       	-1.07002488e-04
0.0137504       	-1.07002488e-04
0.013751        	-1.07002488e-04
0.0137515       	-1.07002488e-04
0.013752        	-1.07002488e-04
0.0137526       	-1.07002488e-04
0.0137531       	-1.07002488e-04
0.0137537       	-1.07002488e-04
0.0137542       	-1.07002488e-04
0.0137547       	-1.07002488e-04
0.0137553       	-1.07002488e-04
0.0137558       	-1.07002488e-04
0.0137564       	-1.07002488e-04
0.0137569       	-1.07002488e-04
0.0137574       	-1.07002488e-04
0.013758        	-1.07002488e-04
0.0137585       	-1.07002488e-04
0.0137591       	-1.07002488e-04
0.0137596       	-1.07002488e-04
0.0137601       	-1.07002488e-04
0.0137607       	-1.07002488e-04
0.0137612       	-1.07002488e-04
0.0137617       	-1.07002488e-04
0.0137623       	-1.07002488e-04
0.0137628       	-1.07002488e-04
0.0137634       	-1.07002488e-04
0.0137639       	-1.07002488e-04
0.0137644       	-1.07002488e-04
0.013765        	-1.07002488e-04
0.0137655       	-1.07002488e-04
0.0137661       	-1.07002488e-04
0.0137666       	-1.07002488e-04
0.0137671       	-1.07002488e-04
0.0137677       	-1.07002488e-04
0.0137682       	-1.07002488e-04
0.0137687       	-1.07002488e-04
0.0137693       	-1.07002488e-04
0.0137698       	-1.07002488e-04
0.0137704       	-1.07002488e-04
0.0137709       	-1.07002488e-04
0.0137714       	-1.07002488e-04
0.013772        	-1.07002488e-04
0.0137725       	-1.07002488e-04
0.0137731       	-1.07002488e-04
0.0137736       	-1.07002488e-04
0.0137741       	-1.07002488e-04
0.0137747       	-1.07002488e-04
0.0137752       	-1.07002488e-04
0.0137758       	-1.07002488e-04
0.0137763       	-1.07002488e-04
0.0137768       	-1.07002488e-04
0.0137774       	-1.07002488e-04
0.0137779       	-1.07002488e-04
0.0137784       	-1.07002488e-04
0.013779        	-1.07002488e-04
0.0137795       	-1.07002488e-04
0.0137801       	-1.07002488e-04
0.0137806       	-1.07002488e-04
0.0137811       	-1.07002488e-04
0.0137817       	-1.07002488e-04
0.0137822       	-1.07002488e-04
0.0137828       	-1.07002488e-04
0.0137833       	-1.07002488e-04
0.0137838       	-1.07002488e-04
0.0137844       	-1.07002488e-04
0.0137849       	-1.07002488e-04
0.0137855       	-1.07002488e-04
0.013786        	-1.07002488e-04
0.0137865       	-1.07002488e-04
0.0137871       	-1.07002488e-04
0.0137876       	-1.07002488e-04
0.0137881       	-1.07002488e-04
0.0137887       	-1.07002488e-04
0.0137892       	-1.07002488e-04
0.0137898       	-1.07002488e-04
0.0137903       	-1.07002488e-04
0.0137908       	-1.07002488e-04
0.0137914       	-1.07002488e-04
0.0137919       	-1.07002488e-04
0.0137925       	-1.07002488e-04
0.013793        	-1.07002488e-04
0.0137935       	-1.07002488e-04
0.0137941       	-1.07002488e-04
0.0137946       	-1.07002488e-04
0.0137952       	-1.07002488e-04
0.0137957       	-1.07002488e-04
0.0137962       	-1.07002488e-04
0.0137968       	-1.07002488e-04
0.0137973       	-1.07002488e-04
0.0137978       	-1.07002488e-04
0.0137984       	-1.07002488e-04
0.0137989       	-1.07002488e-04
0.0137995       	-1.07002488e-04
0.0138          	-1.07002488e-04
0.0138006       	-1.07002488e-04
0.0138011       	-1.07002488e-04
0.0138017       	-1.07002488e-04
0.0138023       	-1.07002488e-04
0.0138028       	-1.07002488e-04
0.0138034       	-1.07002488e-04
0.0138039       	-1.07002488e-04
0.0138045       	-1.07002488e-04
0.0138051       	-1.07002488e-04
0.0138056       	-1.07002488e-04
0.0138062       	-1.07002488e-04
0.0138068       	-1.07002488e-04
0.0138074       	-1.07002488e-04
0.0138079       	-1.07002488e-04
0.0138085       	-1.07002488e-04
0.0138091       	-1.07002488e-04
0.0138096       	-1.07002488e-04
0.0138102       	-1.07002488e-04
0.0138108       	-1.07002488e-04
0.0138113       	-1.07002488e-04
0.0138119       	-1.07002488e-04
0.0138125       	-1.07002488e-04
0.0138131       	-1.07002488e-04
0.0138136       	-1.07002488e-04
0.0138142       	-1.07002488e-04
0.0138148       	-1.07002488e-04
0.0138153       	-1.07002488e-04
0.0138159       	-1.07002488e-04
0.0138165       	-1.07002488e-04
0.0138171       	-1.07002488e-04
0.0138176       	-1.07002488e-04
0.0138182       	-1.07002488e-04
0.0138188       	-1.07002488e-04
0.0138194       	-1.07002488e-04
0.0138199       	-1.07002488e-04
0.0138205       	-1.07002488e-04
0.0138211       	-1.07002488e-04
0.0138217       	-1.07002488e-04
0.0138222       	-1.07002488e-04
0.0138228       	-1.07002488e-04
0.0138234       	-1.07002488e-04
0.013824        	-1.07002488e-04
0.0138246       	-1.07002488e-04
0.0138251       	-1.07002488e-04
0.0138257       	-1.07002488e-04
0.0138263       	-1.07002488e-04
0.0138269       	-1.07002488e-04
0.0138274       	-1.07002488e-04
0.013828        	-1.07002488e-04
0.0138286       	-1.07002488e-04
0.0138292       	-1.07002488e-04
0.0138298       	-1.07002488e-04
0.0138303       	-1.07002488e-04
0.0138309       	-1.07002488e-04
0.0138315       	-1.07002488e-04
0.0138321       	-1.07002488e-04
0.0138327       	-1.07002488e-04
0.0138333       	-1.07002488e-04
0.0138338       	-1.07002488e-04
0.0138344       	-1.07002488e-04
0.013835        	-1.07002488e-04
0.0138356       	-1.07002488e-04
0.0138362       	-1.07002488e-04
0.0138368       	-1.07002488e-04
0.0138374       	-1.07002488e-04
0.0138379       	-1.07002488e-04
0.0138385       	-1.07002488e-04
0.0138391       	-1.07002488e-04
0.0138397       	-1.07002488e-04
0.0138403       	-1.07002488e-04
0.0138409       	-1.07002488e-04
0.0138415       	-1.07002488e-04
0.0138421       	-1.07002488e-04
0.0138427       	-1.07002488e-04
0.0138433       	-1.07002488e-04
0.0138439       	-1.07002488e-04
0.0138444       	-1.07002488e-04
0.013845        	-1.07002488e-04
0.0138456       	-1.07002488e-04
0.0138462       	-1.07002488e-04
0.0138468       	-1.07002488e-04
0.0138474       	-1.07002488e-04
0.013848        	-1.07002488e-04
0.0138486       	-1.07002488e-04
0.0138492       	-1.07002488e-04
0.0138499       	-1.07002488e-04
0.0138505       	-1.07002488e-04
0.0138511       	-1.07002488e-04
0.0138517       	-1.07002488e-04
0.0138523       	-1.07002488e-04
0.0138529       	-1.07002488e-04
0.0138535       	-1.07002488e-04
0.0138541       	-1.07002488e-04
0.0138547       	-1.07002488e-04
0.0138553       	-1.07002488e-04
0.013856        	-1.07002488e-04
0.0138566       	-1.07002488e-04
0.0138572       	-1.07002488e-04
0.0138578       	-1.07002488e-04
0.0138584       	-1.07002488e-04
0.013859        	-1.07002488e-04
0.0138597       	-1.07002488e-04
0.0138603       	-1.07002488e-04
0.0138609       	-1.07002488e-04
0.0138615       	-1.07002488e-04
0.0138622       	-1.07002488e-04
0.0138628       	-1.07002488e-04
0.0138634       	-1.07002488e-04
0.0138641       	-1.07002488e-04
0.0138647       	-1.07002488e-04
0.0138653       	-1.07002488e-04
0.0138659       	-1.07002488e-04
0.0138666       	-1.07002488e-04
0.0138672       	-1.07002488e-04
0.0138679       	-1.07002488e-04
0.0138685       	-1.07002488e-04
0.0138691       	-1.07002488e-04
0.0138698       	-1.07002488e-04
0.0138704       	-1.07002488e-04
0.0138711       	-1.07002488e-04
0.0138717       	-1.07002488e-04
0.0138723       	-1.07002488e-04
0.013873        	-1.07002488e-04
0.0138736       	-1.07002488e-04
0.0138743       	-1.07002488e-04
0.0138749       	-1.07002488e-04
0.0138756       	-1.07002488e-04
0.0138762       	-1.07002488e-04
0.0138769       	-1.07002488e-04
0.0138775       	-1.07002488e-04
0.0138782       	-1.07002488e-04
0.0138788       	-1.07002488e-04
0.0138795       	-1.07002488e-04
0.0138802       	-1.07002488e-04
0.0138808       	-1.07002488e-04
0.0138815       	-1.07002488e-04
0.0138821       	-1.07002488e-04
0.0138828       	-1.07002488e-04
0.0138835       	-1.07002488e-04
0.0138841       	-1.07002488e-04
0.0138848       	-1.07002488e-04
0.0138854       	-1.07002488e-04
0.0138861       	-1.07002488e-04
0.0138868       	-1.07002488e-04
0.0138874       	-1.07002488e-04
0.0138881       	-1.07002488e-04
0.0138888       	-1.07002488e-04
0.0138894       	-1.07002488e-04
0.0138901       	-1.07002488e-04
0.0138908       	-1.07002488e-04
0.0138915       	-1.07002488e-04
0.0138921       	-1.07002488e-04
0.0138928       	-1.07002488e-04
0.0138935       	-1.07002488e-04
0.0138942       	-1.07002488e-04
0.0138948       	-1.07002488e-04
0.0138955       	-1.07002488e-04
0.0138962       	-1.07002488e-04
0.0138969       	-1.07002488e-04
0.0138975       	-1.07002488e-04
0.0138982       	-1.07002488e-04
0.0138989       	-1.07002488e-04
0.0138996       	-1.07002488e-04
0.0139003       	-1.07002488e-04
0.013901        	-1.07002488e-04
0.0139016       	-1.07002488e-04
0.0139023       	-1.07002488e-04
0.013903        	-1.07002488e-04
0.0139037       	-1.07002488e-04
0.0139044       	-1.07002488e-04
0.0139051       	-1.07002488e-04
0.0139058       	-1.07002488e-04
0.0139065       	-1.07002488e-04
0.0139072       	-1.07002488e-04
0.0139078       	-1.07002488e-04
0.0139085       	-1.07002488e-04
0.0139092       	-1.07002488e-04
0.0139099       	-1.07002488e-04
0.0139106       	-1.07002488e-04
0.0139113       	-1.07002488e-04
0.013912        	-1.07002488e-04
0.0139127       	-1.07002488e-04
0.0139134       	-1.07002488e-04
0.0139141       	-1.07002488e-04
0.0139148       	-1.07002488e-04
0.0139156       	-1.07002488e-04
0.0139163       	-1.07002488e-04
0.013917        	-1.07002488e-04
0.0139177       	-1.07002488e-04
0.0139184       	-1.07002488e-04
0.0139191       	-1.07002488e-04
0.0139198       	-1.07002488e-04
0.0139205       	-1.07002488e-04
0.0139212       	-1.07002488e-04
0.013922        	-1.07002488e-04
0.0139227       	-1.07002488e-04
0.0139234       	-1.07002488e-04
0.0139241       	-1.07002488e-04
0.0139248       	-1.07002488e-04
0.0139256       	-1.07002488e-04
0.0139263       	-1.07002488e-04
0.013927        	-1.07002488e-04
0.0139278       	-1.07002488e-04
0.0139285       	-1.07002488e-04
0.0139292       	-1.07002488e-04
0.0139299       	-1.07002488e-04
0.0139307       	-1.07002488e-04
0.0139314       	-1.07002488e-04
0.0139322       	-1.07002488e-04
0.0139329       	-1.07002488e-04
0.0139336       	-1.07002488e-04
0.0139344       	-1.07002488e-04
0.0139351       	-1.07002488e-04
0.0139359       	-1.07002488e-04
0.0139366       	-1.07002488e-04
0.0139373       	-1.07002488e-04
0.0139381       	-1.07002488e-04
0.0139388       	-1.07002488e-04
0.0139396       	-1.07002488e-04
0.0139404       	-1.07002488e-04
0.0139411       	-1.07002488e-04
0.0139419       	-1.07002488e-04
0.0139426       	-1.07002488e-04
0.0139434       	-1.07002488e-04
0.0139441       	-1.07002488e-04
0.0139449       	-1.07002488e-04
0.0139457       	-1.07002488e-04
0.0139464       	-1.07002488e-04
0.0139472       	-1.07002488e-04
0.013948        	-1.07002488e-04
0.0139487       	-1.07002488e-04
0.0139495       	-1.07002488e-04
0.0139502       	-1.07002488e-04
0.013951        	-1.07002488e-04
0.0139518       	-1.07002488e-04
0.0139526       	-1.07002488e-04
0.0139533       	-1.07002488e-04
0.0139541       	-1.07002488e-04
0.0139549       	-1.07002488e-04
0.0139557       	-1.07002488e-04
0.0139564       	-1.07002488e-04
0.0139572       	-1.07002488e-04
0.013958        	-1.07002488e-04
0.0139588       	-1.07002488e-04
0.0139596       	-1.07002488e-04
0.0139603       	-1.07002488e-04
0.0139611       	-1.07002488e-04
0.0139619       	-1.07002488e-04
0.0139627       	-1.07002488e-04
0.0139634       	-1.07002488e-04
0.0139642       	-1.07002488e-04
0.013965        	-1.07002488e-04
0.0139658       	-1.07002488e-04
0.0139666       	-1.07002488e-04
0.0139674       	-1.07002488e-04
0.0139682       	-1.07002488e-04
0.013969        	-1.07002488e-04
0.0139698       	-1.07002488e-04
0.0139706       	-1.07002488e-04
0.0139714       	-1.07002488e-04
0.0139722       	-1.07002488e-04
0.013973        	-1.07002488e-04
0.0139738       	-1.07002488e-04
0.0139746       	-1.07002488e-04
0.0139754       	-1.07002488e-04
0.0139761       	-1.07002488e-04
0.0139769       	-1.07002488e-04
0.0139777       	-1.07002488e-04
0.0139785       	-1.07002488e-04
0.0139793       	-1.07002488e-04
0.0139801       	-1.07002488e-04
0.0139809       	-1.07002488e-04
0.0139817       	-1.07002488e-04
0.0139825       	-1.07002488e-04
0.0139833       	-1.07002488e-04
0.0139841       	-1.07002488e-04
0.0139849       	-1.07002488e-04
0.0139857       	-1.07002488e-04
0.0139865       	-1.07002488e-04
0.0139873       	-1.07002488e-04
0.0139881       	-1.07002488e-04
0.0139889       	-1.07002488e-04
0.0139897       	-1.07002488e-04
0.0139905       	-1.07002488e-04
0.0139913       	-1.07002488e-04
0.013992        	-1.07002488e-04
0.0139928       	-1.07002488e-04
0.0139936       	-1.07002488e-04
0.0139944       	-1.07002488e-04
0.0139952       	-1.07002488e-04
0.013996        	-1.07002488e-04
0.0139968       	-1.07002488e-04
0.0139976       	-1.07002488e-04
0.0139984       	-1.07002488e-04
0.0139992       	-1.07002488e-04
0.014           	-1.07002488e-04
0.0140008       	-1.07002488e-04
0.0140017       	-1.07002488e-04
0.0140025       	-1.07002488e-04
0.0140034       	-1.07002488e-04
0.0140043       	-1.07002488e-04
0.0140051       	-1.07002488e-04
0.014006        	-1.07002488e-04
0.0140068       	-1.07002488e-04
0.0140077       	-1.07002488e-04
0.0140086       	-1.07002488e-04
0.0140094       	-1.07002488e-04
0.0140103       	-1.07002488e-04
0.0140112       	-1.07002488e-04
0.0140121       	-1.07002488e-04
0.0140129       	-1.07002488e-04
0.0140138       	-1.07002488e-04
0.0140147       	-1.07002488e-04
0.0140156       	-1.07002488e-04
0.0140165       	-1.07002488e-04
0.0140174       	-1.07002488e-04
0.0140182       	-1.07002488e-04
0.0140191       	-1.07002488e-04
0.01402         	-1.07002488e-04
0.0140209       	-1.07002488e-04
0.0140218       	-1.07002488e-04
0.0140227       	-1.07002488e-04
0.0140236       	-1.07002488e-04
0.0140245       	-1.07002488e-04
0.0140254       	-1.07002488e-04
0.0140263       	-1.07002488e-04
0.0140272       	-1.07002488e-04
0.0140281       	-1.07002488e-04
0.0140289       	-1.07002488e-04
0.0140298       	-1.07002488e-04
0.0140307       	-1.07002488e-04
0.0140316       	-1.07002488e-04
0.0140325       	-1.07002488e-04
0.0140334       	-1.07002488e-04
0.0140343       	-1.07002488e-04
0.0140352       	-1.07002488e-04
0.0140361       	-1.07002488e-04
0.014037        	-1.07002488e-04
0.0140379       	-1.07002488e-04
0.0140388       	-1.07002488e-04
0.0140397       	-1.07002488e-04
0.0140406       	-1.07002488e-04
0.0140415       	-1.07002488e-04
0.0140424       	-1.07002488e-04
0.0140433       	-1.07002488e-04
0.0140442       	-1.07002488e-04
0.0140451       	-1.07002488e-04
0.014046        	-1.07002488e-04
0.0140469       	-1.07002488e-04
0.0140478       	-1.07002488e-04
0.0140487       	-1.07002488e-04
0.0140496       	-1.07002488e-04
0.0140505       	-1.07002488e-04
0.0140514       	-1.07002488e-04
0.0140523       	-1.07002488e-04
0.0140532       	-1.07002488e-04
0.0140541       	-1.07002488e-04
0.014055        	-1.07002488e-04
0.0140559       	-1.07002488e-04
0.0140568       	-1.07002488e-04
0.0140577       	-1.07002488e-04
0.0140586       	-1.07002488e-04
0.0140596       	-1.07002488e-04
0.0140605       	-1.07002488e-04
0.0140614       	-1.07002488e-04
0.0140623       	-1.07002488e-04
0.0140632       	-1.07002488e-04
0.0140641       	-1.07002488e-04
0.014065        	-1.07002488e-04
0.0140659       	-1.07002488e-04
0.0140668       	-1.07002488e-04
0.0140677       	-1.07002488e-04
0.0140687       	-1.07002488e-04
0.0140696       	-1.07002488e-04
0.0140705       	-1.07002488e-04
0.0140714       	-1.07002488e-04
0.0140723       	-1.07002488e-04
0.0140733       	-1.07002488e-04
0.0140742       	-1.07002488e-04
0.0140751       	-1.07002488e-04
0.014076        	-1.07002488e-04
0.014077        	-1.07002488e-04
0.0140779       	-1.07002488e-04
0.0140788       	-1.07002488e-04
0.0140797       	-1.07002488e-04
0.0140807       	-1.07002488e-04
0.0140816       	-1.07002488e-04
0.0140825       	-1.07002488e-04
0.0140834       	-1.07002488e-04
0.0140844       	-1.07002488e-04
0.0140853       	-1.07002488e-04
0.0140862       	-1.07002488e-04
0.0140872       	-1.07002488e-04
0.0140881       	-1.07002488e-04
0.014089        	-1.07002488e-04
0.01409         	-1.07002488e-04
0.0140909       	-1.07002488e-04
0.0140918       	-1.07002488e-04
0.0140927       	-1.07002488e-04
0.0140937       	-1.07002488e-04
0.0140946       	-1.07002488e-04
0.0140955       	-1.07002488e-04
0.0140964       	-1.07002488e-04
0.0140974       	-1.07002488e-04
0.0140983       	-1.07002488e-04
0.0140992       	-1.07002488e-04
0.0141001       	-1.07002488e-04
0.014101        	-1.07002488e-04
0.0141019       	-1.07002488e-04
0.0141028       	-1.07002488e-04
0.0141037       	-1.07002488e-04
0.0141047       	-1.07002488e-04
0.0141056       	-1.07002488e-04
0.0141065       	-1.07002488e-04
0.0141074       	-1.07002488e-04
0.0141083       	-1.07002488e-04
0.0141092       	-1.07002488e-04
0.0141101       	-1.07002488e-04
0.014111        	-1.07002488e-04
0.0141119       	-1.07002488e-04
0.0141128       	-1.07002488e-04
0.0141136       	-1.07002488e-04
0.0141145       	-1.07002488e-04
0.0141154       	-1.07002488e-04
0.0141163       	-1.07002488e-04
0.0141172       	-1.07002488e-04
0.0141181       	-1.07002488e-04
0.0141189       	-1.07002488e-04
0.0141198       	-1.07002488e-04
0.0141207       	-1.07002488e-04
0.0141216       	-1.07002488e-04
0.0141224       	-1.07002488e-04
0.0141233       	-1.07002488e-04
0.0141242       	-1.07002488e-04
0.0141251       	-1.07002488e-04
0.0141259       	-1.07002488e-04
0.0141268       	-1.07002488e-04
0.0141276       	-1.07002488e-04
0.0141285       	-1.07002488e-04
0.0141294       	-1.07002488e-04
0.0141302       	-1.07002488e-04
0.0141311       	-1.07002488e-04
0.0141319       	-1.07002488e-04
0.0141328       	-1.07002488e-04
0.0141336       	-1.07002488e-04
0.0141345       	-1.07002488e-04
0.0141353       	-1.07002488e-04
0.0141362       	-1.07002488e-04
0.014137        	-1.07002488e-04
0.0141378       	-1.07002488e-04
0.0141387       	-1.07002488e-04
0.0141395       	-1.07002488e-04
0.0141404       	-1.07002488e-04
0.0141412       	-1.07002488e-04
0.014142        	-1.07002488e-04
0.0141429       	-1.07002488e-04
0.0141437       	-1.07002488e-04
0.0141445       	-1.07002488e-04
0.0141453       	-1.07002488e-04
0.0141462       	-1.07002488e-04
0.014147        	-1.07002488e-04
0.0141478       	-1.07002488e-04
0.0141486       	-1.07002488e-04
0.0141494       	-1.07002488e-04
0.0141502       	-1.07002488e-04
0.0141511       	-1.07002488e-04
0.0141519       	-1.07002488e-04
0.0141527       	-1.07002488e-04
0.0141535       	-1.07002488e-04
0.0141543       	-1.07002488e-04
0.0141551       	-1.07002488e-04
0.0141559       	-1.07002488e-04
0.0141567       	-1.07002488e-04
0.0141575       	-1.07002488e-04
0.0141583       	-1.07002488e-04
0.0141591       	-1.07002488e-04
0.0141598       	-1.07002488e-04
0.0141606       	-1.07002488e-04
0.0141614       	-1.07002488e-04
0.0141622       	-1.07002488e-04
0.014163        	-1.07002488e-04
0.0141638       	-1.07002488e-04
0.0141646       	-1.07002488e-04
0.0141653       	-1.07002488e-04
0.0141661       	-1.07002488e-04
0.0141669       	-1.07002488e-04
0.0141676       	-1.07002488e-04
0.0141684       	-1.07002488e-04
0.0141692       	-1.07002488e-04
0.01417         	-1.07002488e-04
0.0141707       	-1.07002488e-04
0.0141715       	-1.07002488e-04
0.0141723       	-1.07002488e-04
0.014173        	-1.07002488e-04
0.0141738       	-1.07002488e-04
0.0141746       	-1.07002488e-04
0.0141753       	-1.07002488e-04
0.0141761       	-1.07002488e-04
0.0141768       	-1.07002488e-04
0.0141776       	-1.07002488e-04
0.0141783       	-1.07002488e-04
0.014179        	-1.07002488e-04
0.0141798       	-1.07002488e-04
0.0141805       	-1.07002488e-04
0.0141813       	-1.07002488e-04
0.014182        	-1.07002488e-04
0.0141828       	-1.07002488e-04
0.0141835       	-1.07002488e-04
0.0141843       	-1.07002488e-04
0.014185        	-1.07002488e-04
0.0141858       	-1.07002488e-04
0.0141865       	-1.07002488e-04
0.0141873       	-1.07002488e-04
0.014188        	-1.07002488e-04
0.0141888       	-1.07002488e-04
0.0141895       	-1.07002488e-04
0.0141903       	-1.07002488e-04
0.014191        	-1.07002488e-04
0.0141918       	-1.07002488e-04
0.0141925       	-1.07002488e-04
0.0141933       	-1.07002488e-04
0.014194        	-1.07002488e-04
0.0141948       	-1.07002488e-04
0.0141955       	-1.07002488e-04
0.0141963       	-1.07002488e-04
0.014197        	-1.07002488e-04
0.0141978       	-1.07002488e-04
0.0141985       	-1.07002488e-04
0.0141993       	-1.07002488e-04
0.0142          	-1.07002488e-04
0.0142007       	-1.07002488e-04
0.0142014       	-1.07002488e-04
0.0142021       	-1.07002488e-04
0.0142028       	-1.07002488e-04
0.0142035       	-1.07002488e-04
0.0142042       	-1.07002488e-04
0.0142049       	-1.07002488e-04
0.0142056       	-1.07002488e-04
0.0142063       	-1.07002488e-04
0.014207        	-1.07002488e-04
0.0142077       	-1.07002488e-04
0.0142084       	-1.07002488e-04
0.0142091       	-1.07002488e-04
0.0142098       	-1.07002488e-04
0.0142105       	-1.07002488e-04
0.0142112       	-1.07002488e-04
0.0142119       	-1.07002488e-04
0.0142126       	-1.07002488e-04
0.0142133       	-1.07002488e-04
0.014214        	-1.07002488e-04
0.0142147       	-1.07002488e-04
0.0142154       	-1.07002488e-04
0.0142161       	-1.07002488e-04
0.0142167       	-1.07002488e-04
0.0142174       	-1.07002488e-04
0.0142181       	-1.07002488e-04
0.0142188       	-1.07002488e-04
0.0142195       	-1.07002488e-04
0.0142202       	-1.07002488e-04
0.0142209       	-1.07002488e-04
0.0142215       	-1.07002488e-04
0.0142222       	-1.07002488e-04
0.0142229       	-1.07002488e-04
0.0142236       	-1.07002488e-04
0.0142243       	-1.07002488e-04
0.014225        	-1.07002488e-04
0.0142256       	-1.07002488e-04
0.0142263       	-1.07002488e-04
0.014227        	-1.07002488e-04
0.0142277       	-1.07002488e-04
0.0142284       	-1.07002488e-04
0.014229        	-1.07002488e-04
0.0142297       	-1.07002488e-04
0.0142304       	-1.07002488e-04
0.0142311       	-1.07002488e-04
0.0142317       	-1.07002488e-04
0.0142324       	-1.07002488e-04
0.0142331       	-1.07002488e-04
0.0142338       	-1.07002488e-04
0.0142345       	-1.07002488e-04
0.0142351       	-1.07002488e-04
0.0142358       	-1.07002488e-04
0.0142365       	-1.07002488e-04
0.0142371       	-1.07002488e-04
0.0142378       	-1.07002488e-04
0.0142385       	-1.07002488e-04
0.0142392       	-1.07002488e-04
0.0142398       	-1.07002488e-04
0.0142405       	-1.07002488e-04
0.0142412       	-1.07002488e-04
0.0142418       	-1.07002488e-04
0.0142425       	-1.07002488e-04
0.0142432       	-1.07002488e-04
0.0142438       	-1.07002488e-04
0.0142445       	-1.07002488e-04
0.0142452       	-1.07002488e-04
0.0142458       	-1.07002488e-04
0.0142465       	-1.07002488e-04
0.0142472       	-1.07002488e-04
0.0142478       	-1.07002488e-04
0.0142485       	-1.07002488e-04
0.0142492       	-1.07002488e-04
0.0142498       	-1.07002488e-04
0.0142505       	-1.07002488e-04
0.0142511       	-1.07002488e-04
0.0142518       	-1.07002488e-04
0.0142525       	-1.07002488e-04
0.0142531       	-1.07002488e-04
0.0142538       	-1.07002488e-04
0.0142544       	-1.07002488e-04
0.0142551       	-1.07002488e-04
0.0142558       	-1.07002488e-04
0.0142564       	-1.07002488e-04
0.0142571       	-1.07002488e-04
0.0142577       	-1.07002488e-04
0.0142584       	-1.07002488e-04
0.014259        	-1.07002488e-04
0.0142597       	-1.07002488e-04
0.0142604       	-1.07002488e-04
0.014261        	-1.07002488e-04
0.0142617       	-1.07002488e-04
0.0142623       	-1.07002488e-04
0.014263        	-1.07002488e-04
0.0142636       	-1.07002488e-04
0.0142643       	-1.07002488e-04
0.0142649       	-1.07002488e-04
0.0142656       	-1.07002488e-04
0.0142662       	-1.07002488e-04
0.0142669       	-1.07002488e-04
0.0142675       	-1.07002488e-04
0.0142681       	-1.07002488e-04
0.0142688       	-1.07002488e-04
0.0142694       	-1.07002488e-04
0.0142701       	-1.07002488e-04
0.0142707       	-1.07002488e-04
0.0142714       	-1.07002488e-04
0.014272        	-1.07002488e-04
0.0142727       	-1.07002488e-04
0.0142733       	-1.07002488e-04
0.0142739       	-1.07002488e-04
0.0142746       	-1.07002488e-04
0.0142752       	-1.07002488e-04
0.0142759       	-1.07002488e-04
0.0142765       	-1.07002488e-04
0.0142771       	-1.07002488e-04
0.0142778       	-1.07002488e-04
0.0142784       	-1.07002488e-04
0.014279        	-1.07002488e-04
0.0142797       	-1.07002488e-04
0.0142803       	-1.07002488e-04
0.0142809       	-1.07002488e-04
0.0142816       	-1.07002488e-04
0.0142822       	-1.07002488e-04
0.0142828       	-1.07002488e-04
0.0142835       	-1.07002488e-04
0.0142841       	-1.07002488e-04
0.0142847       	-1.07002488e-04
0.0142854       	-1.07002488e-04
0.014286        	-1.07002488e-04
0.0142866       	-1.07002488e-04
0.0142873       	-1.07002488e-04
0.0142879       	-1.07002488e-04
0.0142885       	-1.07002488e-04
0.0142892       	-1.07002488e-04
0.0142898       	-1.07002488e-04
0.0142904       	-1.07002488e-04
0.014291        	-1.07002488e-04
0.0142917       	-1.07002488e-04
0.0142923       	-1.07002488e-04
0.0142929       	-1.07002488e-04
0.0142936       	-1.07002488e-04
0.0142942       	-1.07002488e-04
0.0142948       	-1.07002488e-04
0.0142955       	-1.07002488e-04
0.0142961       	-1.07002488e-04
0.0142967       	-1.07002488e-04
0.0142973       	-1.07002488e-04
0.014298        	-1.07002488e-04
0.0142986       	-1.07002488e-04
0.0142992       	-1.07002488e-04
0.0142998       	-1.07002488e-04
0.0143005       	-1.07002488e-04
0.0143011       	-1.07002488e-04
0.0143017       	-1.07002488e-04
0.0143023       	-1.07002488e-04
0.014303        	-1.07002488e-04
0.0143036       	-1.07002488e-04
0.0143042       	-1.07002488e-04
0.0143048       	-1.07002488e-04
0.0143055       	-1.07002488e-04
0.0143061       	-1.07002488e-04
0.0143067       	-1.07002488e-04
0.0143074       	-1.07002488e-04
0.014308        	-1.07002488e-04
0.0143086       	-1.07002488e-04
0.0143092       	-1.07002488e-04
0.0143099       	-1.07002488e-04
0.0143105       	-1.07002488e-04
0.0143111       	-1.07002488e-04
0.0143117       	-1.07002488e-04
0.0143124       	-1.07002488e-04
0.014313        	-1.07002488e-04
0.0143136       	-1.07002488e-04
0.0143142       	-1.07002488e-04
0.0143149       	-1.07002488e-04
0.0143155       	-1.07002488e-04
0.0143161       	-1.07002488e-04
0.0143167       	-1.07002488e-04
0.0143174       	-1.07002488e-04
0.014318        	-1.07002488e-04
0.0143186       	-1.07002488e-04
0.0143192       	-1.07002488e-04
0.0143199       	-1.07002488e-04
0.0143205       	-1.07002488e-04
0.0143211       	-1.07002488e-04
0.0143217       	-1.07002488e-04
0.0143224       	-1.07002488e-04
0.014323        	-1.07002488e-04
0.0143236       	-1.07002488e-04
0.0143243       	-1.07002488e-04
0.0143249       	-1.07002488e-04
0.0143255       	-1.07002488e-04
0.0143261       	-1.07002488e-04
0.0143268       	-1.07002488e-04
0.0143274       	-1.07002488e-04
0.014328        	-1.07002488e-04
0.0143286       	-1.07002488e-04
0.0143293       	-1.07002488e-04
0.0143299       	-1.07002488e-04
0.0143305       	-1.07002488e-04
0.0143311       	-1.07002488e-04
0.0143318       	-1.07002488e-04
0.0143324       	-1.07002488e-04
0.014333        	-1.07002488e-04
0.0143336       	-1.07002488e-04
0.0143343       	-1.07002488e-04
0.0143349       	-1.07002488e-04
0.0143355       	-1.07002488e-04
0.0143361       	-1.07002488e-04
0.0143368       	-1.07002488e-04
0.0143374       	-1.07002488e-04
0.014338        	-1.07002488e-04
0.0143386       	-1.07002488e-04
0.0143392       	-1.07002488e-04
0.0143399       	-1.07002488e-04
0.0143405       	-1.07002488e-04
0.0143411       	-1.07002488e-04
0.0143417       	-1.07002488e-04
0.0143423       	-1.07002488e-04
0.014343        	-1.07002488e-04
0.0143436       	-1.07002488e-04
0.0143442       	-1.07002488e-04
0.0143448       	-1.07002488e-04
0.0143454       	-1.07002488e-04
0.0143461       	-1.07002488e-04
0.0143467       	-1.07002488e-04
0.0143473       	-1.07002488e-04
0.0143479       	-1.07002488e-04
0.0143485       	-1.07002488e-04
0.0143491       	-1.07002488e-04
0.0143498       	-1.07002488e-04
0.0143504       	-1.07002488e-04
0.014351        	-1.07002488e-04
0.0143516       	-1.07002488e-04
0.0143522       	-1.07002488e-04
0.0143528       	-1.07002488e-04
0.0143534       	-1.07002488e-04
0.014354        	-1.07002488e-04
0.0143547       	-1.07002488e-04
0.0143553       	-1.07002488e-04
0.0143559       	-1.07002488e-04
0.0143565       	-1.07002488e-04
0.0143571       	-1.07002488e-04
0.0143577       	-1.07002488e-04
0.0143583       	-1.07002488e-04
0.0143589       	-1.07002488e-04
0.0143596       	-1.07002488e-04
0.0143602       	-1.07002488e-04
0.0143608       	-1.07002488e-04
0.0143614       	-1.07002488e-04
0.014362        	-1.07002488e-04
0.0143626       	-1.07002488e-04
0.0143632       	-1.07002488e-04
0.0143638       	-1.07002488e-04
0.0143645       	-1.07002488e-04
0.0143651       	-1.07002488e-04
0.0143657       	-1.07002488e-04
0.0143663       	-1.07002488e-04
0.0143669       	-1.07002488e-04
0.0143675       	-1.07002488e-04
0.0143681       	-1.07002488e-04
0.0143688       	-1.07002488e-04
0.0143694       	-1.07002488e-04
0.01437         	-1.07002488e-04
0.0143706       	-1.07002488e-04
0.0143712       	-1.07002488e-04
0.0143718       	-1.07002488e-04
0.0143724       	-1.07002488e-04
0.014373        	-1.07002488e-04
0.0143737       	-1.07002488e-04
0.0143743       	-1.07002488e-04
0.0143749       	-1.07002488e-04
0.0143755       	-1.07002488e-04
0.0143761       	-1.07002488e-04
0.0143767       	-1.07002488e-04
0.0143773       	-1.07002488e-04
0.0143779       	-1.07002488e-04
0.0143786       	-1.07002488e-04
0.0143792       	-1.07002488e-04
0.0143798       	-1.07002488e-04
0.0143804       	-1.07002488e-04
0.014381        	-1.07002488e-04
0.0143816       	-1.07002488e-04
0.0143822       	-1.07002488e-04
0.0143828       	-1.07002488e-04
0.0143835       	-1.07002488e-04
0.0143841       	-1.07002488e-04
0.0143847       	-1.07002488e-04
0.0143853       	-1.07002488e-04
0.0143859       	-1.07002488e-04
0.0143865       	-1.07002488e-04
0.0143871       	-1.07002488e-04
0.0143877       	-1.07002488e-04
0.0143884       	-1.07002488e-04
0.014389        	-1.07002488e-04
0.0143896       	-1.07002488e-04
0.0143902       	-1.07002488e-04
0.0143908       	-1.07002488e-04
0.0143914       	-1.07002488e-04
0.014392        	-1.07002488e-04
0.0143926       	-1.07002488e-04
0.0143933       	-1.07002488e-04
0.0143939       	-1.07002488e-04
0.0143945       	-1.07002488e-04
0.0143951       	-1.07002488e-04
0.0143957       	-1.07002488e-04
0.0143963       	-1.07002488e-04
0.0143969       	-1.07002488e-04
0.0143975       	-1.07002488e-04
0.0143982       	-1.07002488e-04
0.0143988       	-1.07002488e-04
0.0143994       	-1.07002488e-04
0.0144          	-1.07002488e-04
0.0144006       	-1.07002488e-04
0.0144012       	-1.07002488e-04
0.0144018       	-1.07002488e-04
0.0144024       	-1.07002488e-04
0.014403        	-1.07002488e-04
0.0144036       	-1.07002488e-04
0.0144043       	-1.07002488e-04
0.0144049       	-1.07002488e-04
0.0144055       	-1.07002488e-04
0.0144061       	-1.07002488e-04
0.0144067       	-1.07002488e-04
0.0144073       	-1.07002488e-04
0.0144079       	-1.07002488e-04
0.0144085       	-1.07002488e-04
0.0144091       	-1.07002488e-04
0.0144097       	-1.07002488e-04
0.0144103       	-1.07002488e-04
0.0144109       	-1.07002488e-04
0.0144115       	-1.07002488e-04
0.0144121       	-1.07002488e-04
0.0144127       	-1.07002488e-04
0.0144133       	-1.07002488e-04
0.0144139       	-1.07002488e-04
0.0144145       	-1.07002488e-04
0.0144151       	-1.07002488e-04
0.0144157       	-1.07002488e-04
0.0144163       	-1.07002488e-04
0.0144169       	-1.07002488e-04
0.0144175       	-1.07002488e-04
0.0144181       	-1.07002488e-04
0.0144187       	-1.07002488e-04
0.0144193       	-1.07002488e-04
0.0144199       	-1.07002488e-04
0.0144205       	-1.07002488e-04
0.0144211       	-1.07002488e-04
0.0144217       	-1.07002488e-04
0.0144223       	-1.07002488e-04
0.0144229       	-1.07002488e-04
0.0144235       	-1.07002488e-04
0.0144241       	-1.07002488e-04
0.0144247       	-1.07002488e-04
0.0144253       	-1.07002488e-04
0.0144259       	-1.07002488e-04
0.0144265       	-1.07002488e-04
0.0144271       	-1.07002488e-04
0.0144277       	-1.07002488e-04
0.0144283       	-1.07002488e-04
0.0144289       	-1.07002488e-04
0.0144295       	-1.07002488e-04
0.0144301       	-1.07002488e-04
0.0144307       	-1.07002488e-04
0.0144313       	-1.07002488e-04
0.0144319       	-1.07002488e-04
0.0144325       	-1.07002488e-04
0.0144331       	-1.07002488e-04
0.0144337       	-1.07002488e-04
0.0144343       	-1.07002488e-04
0.0144349       	-1.07002488e-04
0.0144355       	-1.07002488e-04
0.0144361       	-1.07002488e-04
0.0144367       	-1.07002488e-04
0.0144373       	-1.07002488e-04
0.0144379       	-1.07002488e-04
0.0144385       	-1.07002488e-04
0.0144391       	-1.07002488e-04
0.0144397       	-1.07002488e-04
0.0144402       	-1.07002488e-04
0.0144408       	-1.07002488e-04
0.0144414       	-1.07002488e-04
0.014442        	-1.07002488e-04
0.0144426       	-1.07002488e-04
0.0144432       	-1.07002488e-04
0.0144438       	-1.07002488e-04
0.0144444       	-1.07002488e-04
0.014445        	-1.07002488e-04
0.0144456       	-1.07002488e-04
0.0144462       	-1.07002488e-04
0.0144468       	-1.07002488e-04
0.0144474       	-1.07002488e-04
0.014448        	-1.07002488e-04
0.0144486       	-1.07002488e-04
0.0144492       	-1.07002488e-04
0.0144498       	-1.07002488e-04
0.0144504       	-1.07002488e-04
0.014451        	-1.07002488e-04
0.0144516       	-1.07002488e-04
0.0144522       	-1.07002488e-04
0.0144528       	-1.07002488e-04
0.0144534       	-1.07002488e-04
0.014454        	-1.07002488e-04
0.0144546       	-1.07002488e-04
0.0144552       	-1.07002488e-04
0.0144559       	-1.07002488e-04
0.0144565       	-1.07002488e-04
0.0144571       	-1.07002488e-04
0.0144577       	-1.07002488e-04
0.0144583       	-1.07002488e-04
0.0144589       	-1.07002488e-04
0.0144595       	-1.07002488e-04
0.0144601       	-1.07002488e-04
0.0144607       	-1.07002488e-04
0.0144613       	-1.07002488e-04
0.0144619       	-1.07002488e-04
0.0144625       	-1.07002488e-04
0.0144631       	-1.07002488e-04
0.0144637       	-1.07002488e-04
0.0144643       	-1.07002488e-04
0.0144649       	-1.07002488e-04
0.0144655       	-1.07002488e-04
0.0144661       	-1.07002488e-04
0.0144667       	-1.07002488e-04
0.0144673       	-1.07002488e-04
0.0144679       	-1.07002488e-04
0.0144685       	-1.07002488e-04
0.0144691       	-1.07002488e-04
0.0144697       	-1.07002488e-04
0.0144703       	-1.07002488e-04
0.0144709       	-1.07002488e-04
0.0144715       	-1.07002488e-04
0.0144721       	-1.07002488e-04
0.0144726       	-1.07002488e-04
0.0144732       	-1.07002488e-04
0.0144738       	-1.07002488e-04
0.0144744       	-1.07002488e-04
0.014475        	-1.07002488e-04
0.0144756       	-1.07002488e-04
0.0144762       	-1.07002488e-04
0.0144768       	-1.07002488e-04
0.0144774       	-1.07002488e-04
0.014478        	-1.07002488e-04
0.0144786       	-1.07002488e-04
0.0144792       	-1.07002488e-04
0.0144798       	-1.07002488e-04
0.0144804       	-1.07002488e-04
0.014481        	-1.07002488e-04
0.0144816       	-1.07002488e-04
0.0144822       	-1.07002488e-04
0.0144828       	-1.07002488e-04
0.0144834       	-1.07002488e-04
0.014484        	-1.07002488e-04
0.0144846       	-1.07002488e-04
0.0144852       	-1.07002488e-04
0.0144858       	-1.07002488e-04
0.0144863       	-1.07002488e-04
0.0144869       	-1.07002488e-04
0.0144875       	-1.07002488e-04
0.0144881       	-1.07002488e-04
0.0144887       	-1.07002488e-04
0.0144893       	-1.07002488e-04
0.0144899       	-1.07002488e-04
0.0144905       	-1.07002488e-04
0.0144911       	-1.07002488e-04
0.0144917       	-1.07002488e-04
0.0144923       	-1.07002488e-04
0.0144929       	-1.07002488e-04
0.0144935       	-1.07002488e-04
0.0144941       	-1.07002488e-04
0.0144947       	-1.07002488e-04
0.0144953       	-1.07002488e-04
0.0144959       	-1.07002488e-04
0.0144965       	-1.07002488e-04
0.0144971       	-1.07002488e-04
0.0144977       	-1.07002488e-04
0.0144983       	-1.07002488e-04
0.0144989       	-1.07002488e-04
0.0144995       	-1.07002488e-04
0.0145001       	-1.07002488e-04
0.0145007       	-1.07002488e-04
0.0145013       	-1.07002488e-04
0.0145019       	-1.07002488e-04
0.0145025       	-1.07002488e-04
0.0145031       	-1.07002488e-04
0.0145037       	-1.07002488e-04
0.0145043       	-1.07002488e-04
0.0145049       	-1.07002488e-04
0.0145055       	-1.07002488e-04
0.0145061       	-1.07002488e-04
0.0145067       	-1.07002488e-04
0.0145073       	-1.07002488e-04
0.0145079       	-1.07002488e-04
0.0145085       	-1.07002488e-04
0.0145091       	-1.07002488e-04
0.0145097       	-1.07002488e-04
0.0145103       	-1.07002488e-04
0.014511        	-1.07002488e-04
0.0145116       	-1.07002488e-04
0.0145122       	-1.07002488e-04
0.0145128       	-1.07002488e-04
0.0145134       	-1.07002488e-04
0.014514        	-1.07002488e-04
0.0145146       	-1.07002488e-04
0.0145152       	-1.07002488e-04
0.0145158       	-1.07002488e-04
0.0145164       	-1.07002488e-04
0.0145171       	-1.07002488e-04
0.0145177       	-1.07002488e-04
0.0145183       	-1.07002488e-04
0.0145189       	-1.07002488e-04
0.0145195       	-1.07002488e-04
0.0145201       	-1.07002488e-04
0.0145207       	-1.07002488e-04
0.0145214       	-1.07002488e-04
0.014522        	-1.07002488e-04
0.0145226       	-1.07002488e-04
0.0145232       	-1.07002488e-04
0.0145238       	-1.07002488e-04
0.0145244       	-1.07002488e-04
0.014525        	-1.07002488e-04
0.0145257       	-1.07002488e-04
0.0145263       	-1.07002488e-04
0.0145269       	-1.07002488e-04
0.0145275       	-1.07002488e-04
0.0145281       	-1.07002488e-04
0.0145287       	-1.07002488e-04
0.0145293       	-1.07002488e-04
0.01453         	-1.07002488e-04
0.0145306       	-1.07002488e-04
0.0145312       	-1.07002488e-04
0.0145318       	-1.07002488e-04
0.0145324       	-1.07002488e-04
0.014533        	-1.07002488e-04
0.0145336       	-1.07002488e-04
0.0145343       	-1.07002488e-04
0.0145349       	-1.07002488e-04
0.0145355       	-1.07002488e-04
0.0145361       	-1.07002488e-04
0.0145367       	-1.07002488e-04
0.0145373       	-1.07002488e-04
0.0145379       	-1.07002488e-04
0.0145385       	-1.07002488e-04
0.0145391       	-1.07002488e-04
0.0145397       	-1.07002488e-04
0.0145404       	-1.07002488e-04
0.014541        	-1.07002488e-04
0.0145416       	-1.07002488e-04
0.0145422       	-1.07002488e-04
0.0145428       	-1.07002488e-04
0.0145434       	-1.07002488e-04
0.014544        	-1.07002488e-04
0.0145446       	-1.07002488e-04
0.0145452       	-1.07002488e-04
0.0145458       	-1.07002488e-04
0.0145464       	-1.07002488e-04
0.014547        	-1.07002488e-04
0.0145477       	-1.07002488e-04
0.0145483       	-1.07002488e-04
0.0145489       	-1.07002488e-04
0.0145495       	-1.07002488e-04
0.0145501       	-1.07002488e-04
0.0145507       	-1.07002488e-04
0.0145513       	-1.07002488e-04
0.0145519       	-1.07002488e-04
0.0145525       	-1.07002488e-04
0.0145531       	-1.07002488e-04
0.0145537       	-1.07002488e-04
0.0145544       	-1.07002488e-04
0.014555        	-1.07002488e-04
0.0145556       	-1.07002488e-04
0.0145562       	-1.07002488e-04
0.0145568       	-1.07002488e-04
0.0145574       	-1.07002488e-04
0.014558        	-1.07002488e-04
0.0145586       	-1.07002488e-04
0.0145592       	-1.07002488e-04
0.0145598       	-1.07002488e-04
0.0145604       	-1.07002488e-04
0.014561        	-1.07002488e-04
0.0145617       	-1.07002488e-04
0.0145623       	-1.07002488e-04
0.0145629       	-1.07002488e-04
0.0145635       	-1.07002488e-04
0.0145641       	-1.07002488e-04
0.0145647       	-1.07002488e-04
0.0145653       	-1.07002488e-04
0.0145659       	-1.07002488e-04
0.0145666       	-1.07002488e-04
0.0145672       	-1.07002488e-04
0.0145678       	-1.07002488e-04
0.0145684       	-1.07002488e-04
0.014569        	-1.07002488e-04
0.0145697       	-1.07002488e-04
0.0145703       	-1.07002488e-04
0.0145709       	-1.07002488e-04
0.0145715       	-1.07002488e-04
0.0145721       	-1.07002488e-04
0.0145727       	-1.07002488e-04
0.0145734       	-1.07002488e-04
0.014574        	-1.07002488e-04
0.0145746       	-1.07002488e-04
0.0145752       	-1.07002488e-04
0.0145758       	-1.07002488e-04
0.0145765       	-1.07002488e-04
0.0145771       	-1.07002488e-04
0.0145777       	-1.07002488e-04
0.0145783       	-1.07002488e-04
0.0145789       	-1.07002488e-04
0.0145796       	-1.07002488e-04
0.0145802       	-1.07002488e-04
0.0145808       	-1.07002488e-04
0.0145814       	-1.07002488e-04
0.014582        	-1.07002488e-04
0.0145827       	-1.07002488e-04
0.0145833       	-1.07002488e-04
0.0145839       	-1.07002488e-04
0.0145845       	-1.07002488e-04
0.0145851       	-1.07002488e-04
0.0145858       	-1.07002488e-04
0.0145864       	-1.07002488e-04
0.014587        	-1.07002488e-04
0.0145876       	-1.07002488e-04
0.0145882       	-1.07002488e-04
0.0145889       	-1.07002488e-04
0.0145895       	-1.07002488e-04
0.0145901       	-1.07002488e-04
0.0145907       	-1.07002488e-04
0.0145913       	-1.07002488e-04
0.0145919       	-1.07002488e-04
0.0145926       	-1.07002488e-04
0.0145932       	-1.07002488e-04
0.0145938       	-1.07002488e-04
0.0145944       	-1.07002488e-04
0.014595        	-1.07002488e-04
0.0145957       	-1.07002488e-04
0.0145963       	-1.07002488e-04
0.0145969       	-1.07002488e-04
0.0145975       	-1.07002488e-04
0.0145981       	-1.07002488e-04
0.0145988       	-1.07002488e-04
0.0145994       	-1.07002488e-04
0.0146          	-1.07002488e-04
0.0146006       	-1.07002488e-04
0.0146013       	-1.07002488e-04
0.0146019       	-1.07002488e-04
0.0146025       	-1.07002488e-04
0.0146031       	-1.07002488e-04
0.0146038       	-1.07002488e-04
0.0146044       	-1.07002488e-04
0.014605        	-1.07002488e-04
0.0146057       	-1.07002488e-04
0.0146063       	-1.07002488e-04
0.0146069       	-1.07002488e-04
0.0146076       	-1.07002488e-04
0.0146082       	-1.07002488e-04
0.0146088       	-1.07002488e-04
0.0146094       	-1.07002488e-04
0.0146101       	-1.07002488e-04
0.0146107       	-1.07002488e-04
0.0146113       	-1.07002488e-04
0.0146119       	-1.07002488e-04
0.0146126       	-1.07002488e-04
0.0146132       	-1.07002488e-04
0.0146138       	-1.07002488e-04
0.0146144       	-1.07002488e-04
0.0146151       	-1.07002488e-04
0.0146157       	-1.07002488e-04
0.0146163       	-1.07002488e-04
0.014617        	-1.07002488e-04
0.0146176       	-1.07002488e-04
0.0146182       	-1.07002488e-04
0.0146188       	-1.07002488e-04
0.0146195       	-1.07002488e-04
0.0146201       	-1.07002488e-04
0.0146207       	-1.07002488e-04
0.0146213       	-1.07002488e-04
0.014622        	-1.07002488e-04
0.0146226       	-1.07002488e-04
0.0146232       	-1.07002488e-04
0.0146239       	-1.07002488e-04
0.0146245       	-1.07002488e-04
0.0146251       	-1.07002488e-04
0.0146257       	-1.07002488e-04
0.0146264       	-1.07002488e-04
0.014627        	-1.07002488e-04
0.0146276       	-1.07002488e-04
0.0146283       	-1.07002488e-04
0.0146289       	-1.07002488e-04
0.0146295       	-1.07002488e-04
0.0146302       	-1.07002488e-04
0.0146308       	-1.07002488e-04
0.0146314       	-1.07002488e-04
0.0146321       	-1.07002488e-04
0.0146327       	-1.07002488e-04
0.0146333       	-1.07002488e-04
0.014634        	-1.07002488e-04
0.0146346       	-1.07002488e-04
0.0146352       	-1.07002488e-04
0.0146359       	-1.07002488e-04
0.0146365       	-1.07002488e-04
0.0146372       	-1.07002488e-04
0.0146378       	-1.07002488e-04
0.0146384       	-1.07002488e-04
0.0146391       	-1.07002488e-04
0.0146397       	-1.07002488e-04
0.0146404       	-1.07002488e-04
0.014641        	-1.07002488e-04
0.0146417       	-1.07002488e-04
0.0146423       	-1.07002488e-04
0.0146429       	-1.07002488e-04
0.0146436       	-1.07002488e-04
0.0146442       	-1.07002488e-04
0.0146449       	-1.07002488e-04
0.0146455       	-1.07002488e-04
0.0146462       	-1.07002488e-04
0.0146468       	-1.07002488e-04
0.0146475       	-1.07002488e-04
0.0146481       	-1.07002488e-04
0.0146488       	-1.07002488e-04
0.0146494       	-1.07002488e-04
0.0146501       	-1.07002488e-04
0.0146507       	-1.07002488e-04
0.0146514       	-1.07002488e-04
0.014652        	-1.07002488e-04
0.0146527       	-1.07002488e-04
0.0146534       	-1.07002488e-04
0.014654        	-1.07002488e-04
0.0146547       	-1.07002488e-04
0.0146553       	-1.07002488e-04
0.014656        	-1.07002488e-04
0.0146566       	-1.07002488e-04
0.0146573       	-1.07002488e-04
0.014658        	-1.07002488e-04
0.0146586       	-1.07002488e-04
0.0146593       	-1.07002488e-04
0.0146599       	-1.07002488e-04
0.0146606       	-1.07002488e-04
0.0146613       	-1.07002488e-04
0.0146619       	-1.07002488e-04
0.0146626       	-1.07002488e-04
0.0146632       	-1.07002488e-04
0.0146639       	-1.07002488e-04
0.0146646       	-1.07002488e-04
0.0146652       	-1.07002488e-04
0.0146659       	-1.07002488e-04
0.0146665       	-1.07002488e-04
0.0146672       	-1.07002488e-04
0.0146679       	-1.07002488e-04
0.0146685       	-1.07002488e-04
0.0146692       	-1.07002488e-04
0.0146698       	-1.07002488e-04
0.0146705       	-1.07002488e-04
0.0146712       	-1.07002488e-04
0.0146718       	-1.07002488e-04
0.0146725       	-1.07002488e-04
0.0146732       	-1.07002488e-04
0.0146738       	-1.07002488e-04
0.0146745       	-1.07002488e-04
0.0146751       	-1.07002488e-04
0.0146758       	-1.07002488e-04
0.0146765       	-1.07002488e-04
0.0146771       	-1.07002488e-04
0.0146778       	-1.07002488e-04
0.0146785       	-1.07002488e-04
0.0146791       	-1.07002488e-04
0.0146798       	-1.07002488e-04
0.0146804       	-1.07002488e-04
0.0146811       	-1.07002488e-04
0.0146818       	-1.07002488e-04
0.0146824       	-1.07002488e-04
0.0146831       	-1.07002488e-04
0.0146838       	-1.07002488e-04
0.0146844       	-1.07002488e-04
0.0146851       	-1.07002488e-04
0.0146858       	-1.07002488e-04
0.0146864       	-1.07002488e-04
0.0146871       	-1.07002488e-04
0.0146878       	-1.07002488e-04
0.0146884       	-1.07002488e-04
0.0146891       	-1.07002488e-04
0.0146898       	-1.07002488e-04
0.0146904       	-1.07002488e-04
0.0146911       	-1.07002488e-04
0.0146918       	-1.07002488e-04
0.0146924       	-1.07002488e-04
0.0146931       	-1.07002488e-04
0.0146938       	-1.07002488e-04
0.0146944       	-1.07002488e-04
0.0146951       	-1.07002488e-04
0.0146958       	-1.07002488e-04
0.0146965       	-1.07002488e-04
0.0146971       	-1.07002488e-04
0.0146978       	-1.07002488e-04
0.0146985       	-1.07002488e-04
0.0146991       	-1.07002488e-04
0.0146998       	-1.07002488e-04
0.0147005       	-1.07002488e-04
0.0147012       	-1.07002488e-04
0.0147019       	-1.07002488e-04
0.0147025       	-1.07002488e-04
0.0147032       	-1.07002488e-04
0.0147039       	-1.07002488e-04
0.0147046       	-1.07002488e-04
0.0147053       	-1.07002488e-04
0.0147059       	-1.07002488e-04
0.0147066       	-1.07002488e-04
0.0147073       	-1.07002488e-04
0.014708        	-1.07002488e-04
0.0147087       	-1.07002488e-04
0.0147094       	-1.07002488e-04
0.0147101       	-1.07002488e-04
0.0147108       	-1.07002488e-04
0.0147115       	-1.07002488e-04
0.0147122       	-1.07002488e-04
0.0147129       	-1.07002488e-04
0.0147136       	-1.07002488e-04
0.0147142       	-1.07002488e-04
0.0147149       	-1.07002488e-04
0.0147156       	-1.07002488e-04
0.0147164       	-1.07002488e-04
0.0147171       	-1.07002488e-04
0.0147178       	-1.07002488e-04
0.0147185       	-1.07002488e-04
0.0147192       	-1.07002488e-04
0.0147199       	-1.07002488e-04
0.0147206       	-1.07002488e-04
0.0147213       	-1.07002488e-04
0.014722        	-1.07002488e-04
0.0147227       	-1.07002488e-04
0.0147234       	-1.07002488e-04
0.0147241       	-1.07002488e-04
0.0147249       	-1.07002488e-04
0.0147256       	-1.07002488e-04
0.0147263       	-1.07002488e-04
0.014727        	-1.07002488e-04
0.0147277       	-1.07002488e-04
0.0147285       	-1.07002488e-04
0.0147292       	-1.07002488e-04
0.0147299       	-1.07002488e-04
0.0147306       	-1.07002488e-04
0.0147313       	-1.07002488e-04
0.0147321       	-1.07002488e-04
0.0147328       	-1.07002488e-04
0.0147335       	-1.07002488e-04
0.0147343       	-1.07002488e-04
0.014735        	-1.07002488e-04
0.0147357       	-1.07002488e-04
0.0147364       	-1.07002488e-04
0.0147372       	-1.07002488e-04
0.0147379       	-1.07002488e-04
0.0147386       	-1.07002488e-04
0.0147394       	-1.07002488e-04
0.0147401       	-1.07002488e-04
0.0147408       	-1.07002488e-04
0.0147416       	-1.07002488e-04
0.0147423       	-1.07002488e-04
0.014743        	-1.07002488e-04
0.0147437       	-1.07002488e-04
0.0147445       	-1.07002488e-04
0.0147452       	-1.07002488e-04
0.0147459       	-1.07002488e-04
0.0147467       	-1.07002488e-04
0.0147474       	-1.07002488e-04
0.0147481       	-1.07002488e-04
0.0147489       	-1.07002488e-04
0.0147496       	-1.07002488e-04
0.0147504       	-1.07002488e-04
0.0147511       	-1.07002488e-04
0.0147518       	-1.07002488e-04
0.0147526       	-1.07002488e-04
0.0147533       	-1.07002488e-04
0.0147541       	-1.07002488e-04
0.0147548       	-1.07002488e-04
0.0147555       	-1.07002488e-04
0.0147563       	-1.07002488e-04
0.014757        	-1.07002488e-04
0.0147578       	-1.07002488e-04
0.0147585       	-1.07002488e-04
0.0147593       	-1.07002488e-04
0.01476         	-1.07002488e-04
0.0147607       	-1.07002488e-04
0.0147615       	-1.07002488e-04
0.0147622       	-1.07002488e-04
0.014763        	-1.07002488e-04
0.0147637       	-1.07002488e-04
0.0147644       	-1.07002488e-04
0.0147652       	-1.07002488e-04
0.0147659       	-1.07002488e-04
0.0147667       	-1.07002488e-04
0.0147674       	-1.07002488e-04
0.0147681       	-1.07002488e-04
0.0147689       	-1.07002488e-04
0.0147696       	-1.07002488e-04
0.0147704       	-1.07002488e-04
0.0147711       	-1.07002488e-04
0.0147718       	-1.07002488e-04
0.0147726       	-1.07002488e-04
0.0147733       	-1.07002488e-04
0.0147741       	-1.07002488e-04
0.0147748       	-1.07002488e-04
0.0147756       	-1.07002488e-04
0.0147763       	-1.07002488e-04
0.014777        	-1.07002488e-04
0.0147778       	-1.07002488e-04
0.0147785       	-1.07002488e-04
0.0147793       	-1.07002488e-04
0.01478         	-1.07002488e-04
0.0147807       	-1.07002488e-04
0.0147815       	-1.07002488e-04
0.0147822       	-1.07002488e-04
0.014783        	-1.07002488e-04
0.0147837       	-1.07002488e-04
0.0147844       	-1.07002488e-04
0.0147852       	-1.07002488e-04
0.0147859       	-1.07002488e-04
0.0147867       	-1.07002488e-04
0.0147874       	-1.07002488e-04
0.0147881       	-1.07002488e-04
0.0147889       	-1.07002488e-04
0.0147896       	-1.07002488e-04
0.0147904       	-1.07002488e-04
0.0147911       	-1.07002488e-04
0.0147919       	-1.07002488e-04
0.0147926       	-1.07002488e-04
0.0147933       	-1.07002488e-04
0.0147941       	-1.07002488e-04
0.0147948       	-1.07002488e-04
0.0147956       	-1.07002488e-04
0.0147963       	-1.07002488e-04
0.014797        	-1.07002488e-04
0.0147978       	-1.07002488e-04
0.0147985       	-1.07002488e-04
0.0147993       	-1.07002488e-04
0.0148          	-1.07002488e-04
0.0148008       	-1.07002488e-04
0.0148015       	-1.07002488e-04
0.0148023       	-1.07002488e-04
0.014803        	-1.07002488e-04
0.0148038       	-1.07002488e-04
0.0148045       	-1.07002488e-04
0.0148053       	-1.07002488e-04
0.014806        	-1.07002488e-04
0.0148068       	-1.07002488e-04
0.0148076       	-1.07002488e-04
0.0148083       	-1.07002488e-04
0.0148091       	-1.07002488e-04
0.0148098       	-1.07002488e-04
0.0148106       	-1.07002488e-04
0.0148114       	-1.07002488e-04
0.0148121       	-1.07002488e-04
0.0148129       	-1.07002488e-04
0.0148137       	-1.07002488e-04
0.0148144       	-1.07002488e-04
0.0148152       	-1.07002488e-04
0.014816        	-1.07002488e-04
0.0148167       	-1.07002488e-04
0.0148175       	-1.07002488e-04
0.0148183       	-1.07002488e-04
0.014819        	-1.07002488e-04
0.0148198       	-1.07002488e-04
0.0148206       	-1.07002488e-04
0.0148214       	-1.07002488e-04
0.0148221       	-1.07002488e-04
0.0148229       	-1.07002488e-04
0.0148237       	-1.07002488e-04
0.0148244       	-1.07002488e-04
0.0148252       	-1.07002488e-04
0.014826        	-1.07002488e-04
0.0148268       	-1.07002488e-04
0.0148275       	-1.07002488e-04
0.0148283       	-1.07002488e-04
0.0148291       	-1.07002488e-04
0.0148299       	-1.07002488e-04
0.0148307       	-1.07002488e-04
0.0148314       	-1.07002488e-04
0.0148322       	-1.07002488e-04
0.014833        	-1.07002488e-04
0.0148338       	-1.07002488e-04
0.0148345       	-1.07002488e-04
0.0148353       	-1.07002488e-04
0.0148361       	-1.07002488e-04
0.0148369       	-1.07002488e-04
0.0148376       	-1.07002488e-04
0.0148384       	-1.07002488e-04
0.0148392       	-1.07002488e-04
0.01484         	-1.07002488e-04
0.0148408       	-1.07002488e-04
0.0148415       	-1.07002488e-04
0.0148423       	-1.07002488e-04
0.0148431       	-1.07002488e-04
0.0148439       	-1.07002488e-04
0.0148446       	-1.07002488e-04
0.0148454       	-1.07002488e-04
0.0148462       	-1.07002488e-04
0.014847        	-1.07002488e-04
0.0148477       	-1.07002488e-04
0.0148485       	-1.07002488e-04
0.0148493       	-1.07002488e-04
0.0148501       	-1.07002488e-04
0.0148508       	-1.07002488e-04
0.0148516       	-1.07002488e-04
0.0148524       	-1.07002488e-04
0.0148531       	-1.07002488e-04
0.0148539       	-1.07002488e-04
0.0148547       	-1.07002488e-04
0.0148555       	-1.07002488e-04
0.0148562       	-1.07002488e-04
0.014857        	-1.07002488e-04
0.0148578       	-1.07002488e-04
0.0148585       	-1.07002488e-04
0.0148593       	-1.07002488e-04
0.0148601       	-1.07002488e-04
0.0148608       	-1.07002488e-04
0.0148616       	-1.07002488e-04
0.0148623       	-1.07002488e-04
0.0148631       	-1.07002488e-04
0.0148639       	-1.07002488e-04
0.0148646       	-1.07002488e-04
0.0148654       	-1.07002488e-04
0.0148662       	-1.07002488e-04
0.0148669       	-1.07002488e-04
0.0148677       	-1.07002488e-04
0.0148684       	-1.07002488e-04
0.0148692       	-1.07002488e-04
0.0148699       	-1.07002488e-04
0.0148707       	-1.07002488e-04
0.0148714       	-1.07002488e-04
0.0148722       	-1.07002488e-04
0.0148729       	-1.07002488e-04
0.0148737       	-1.07002488e-04
0.0148745       	-1.07002488e-04
0.0148752       	-1.07002488e-04
0.0148759       	-1.07002488e-04
0.0148767       	-1.07002488e-04
0.0148774       	-1.07002488e-04
0.0148782       	-1.07002488e-04
0.0148789       	-1.07002488e-04
0.0148797       	-1.07002488e-04
0.0148804       	-1.07002488e-04
0.0148812       	-1.07002488e-04
0.0148819       	-1.07002488e-04
0.0148826       	-1.07002488e-04
0.0148834       	-1.07002488e-04
0.0148841       	-1.07002488e-04
0.0148849       	-1.07002488e-04
0.0148856       	-1.07002488e-04
0.0148863       	-1.07002488e-04
0.0148871       	-1.07002488e-04
0.0148878       	-1.07002488e-04
0.0148886       	-1.07002488e-04
0.0148893       	-1.07002488e-04
0.01489         	-1.07002488e-04
0.0148908       	-1.07002488e-04
0.0148915       	-1.07002488e-04
0.0148922       	-1.07002488e-04
0.014893        	-1.07002488e-04
0.0148937       	-1.07002488e-04
0.0148944       	-1.07002488e-04
0.0148951       	-1.07002488e-04
0.0148959       	-1.07002488e-04
0.0148966       	-1.07002488e-04
0.0148973       	-1.07002488e-04
0.014898        	-1.07002488e-04
0.0148988       	-1.07002488e-04
0.0148995       	-1.07002488e-04
0.0149002       	-1.07002488e-04
0.0149009       	-1.07002488e-04
0.0149017       	-1.07002488e-04
0.0149024       	-1.07002488e-04
0.0149031       	-1.07002488e-04
0.0149038       	-1.07002488e-04
0.0149046       	-1.07002488e-04
0.0149053       	-1.07002488e-04
0.014906        	-1.07002488e-04
0.0149067       	-1.07002488e-04
0.0149074       	-1.07002488e-04
0.0149082       	-1.07002488e-04
0.0149089       	-1.07002488e-04
0.0149096       	-1.07002488e-04
0.0149103       	-1.07002488e-04
0.014911        	-1.07002488e-04
0.0149117       	-1.07002488e-04
0.0149125       	-1.07002488e-04
0.0149132       	-1.07002488e-04
0.0149139       	-1.07002488e-04
0.0149146       	-1.07002488e-04
0.0149153       	-1.07002488e-04
0.014916        	-1.07002488e-04
0.0149168       	-1.07002488e-04
0.0149175       	-1.07002488e-04
0.0149182       	-1.07002488e-04
0.0149189       	-1.07002488e-04
0.0149196       	-1.07002488e-04
0.0149203       	-1.07002488e-04
0.0149211       	-1.07002488e-04
0.0149218       	-1.07002488e-04
0.0149225       	-1.07002488e-04
0.0149232       	-1.07002488e-04
0.0149239       	-1.07002488e-04
0.0149247       	-1.07002488e-04
0.0149254       	-1.07002488e-04
0.0149261       	-1.07002488e-04
0.0149268       	-1.07002488e-04
0.0149275       	-1.07002488e-04
0.0149282       	-1.07002488e-04
0.014929        	-1.07002488e-04
0.0149297       	-1.07002488e-04
0.0149304       	-1.07002488e-04
0.0149311       	-1.07002488e-04
0.0149318       	-1.07002488e-04
0.0149325       	-1.07002488e-04
0.0149332       	-1.07002488e-04
0.0149339       	-1.07002488e-04
0.0149347       	-1.07002488e-04
0.0149354       	-1.07002488e-04
0.0149361       	-1.07002488e-04
0.0149368       	-1.07002488e-04
0.0149375       	-1.07002488e-04
0.0149382       	-1.07002488e-04
0.0149389       	-1.07002488e-04
0.0149396       	-1.07002488e-04
0.0149403       	-1.07002488e-04
0.014941        	-1.07002488e-04
0.0149418       	-1.07002488e-04
0.0149425       	-1.07002488e-04
0.0149432       	-1.07002488e-04
0.0149439       	-1.07002488e-04
0.0149446       	-1.07002488e-04
0.0149453       	-1.07002488e-04
0.014946        	-1.07002488e-04
0.0149467       	-1.07002488e-04
0.0149474       	-1.07002488e-04
0.0149482       	-1.07002488e-04
0.0149489       	-1.07002488e-04
0.0149496       	-1.07002488e-04
0.0149503       	-1.07002488e-04
0.014951        	-1.07002488e-04
0.0149517       	-1.07002488e-04
0.0149524       	-1.07002488e-04
0.0149531       	-1.07002488e-04
0.0149538       	-1.07002488e-04
0.0149545       	-1.07002488e-04
0.0149552       	-1.07002488e-04
0.0149559       	-1.07002488e-04
0.0149566       	-1.07002488e-04
0.0149573       	-1.07002488e-04
0.014958        	-1.07002488e-04
0.0149587       	-1.07002488e-04
0.0149594       	-1.07002488e-04
0.0149601       	-1.07002488e-04
0.0149608       	-1.07002488e-04
0.0149615       	-1.07002488e-04
0.0149622       	-1.07002488e-04
0.0149629       	-1.07002488e-04
0.0149636       	-1.07002488e-04
0.0149643       	-1.07002488e-04
0.014965        	-1.07002488e-04
0.0149657       	-1.07002488e-04
0.0149664       	-1.07002488e-04
0.0149671       	-1.07002488e-04
0.0149678       	-1.07002488e-04
0.0149684       	-1.07002488e-04
0.0149691       	-1.07002488e-04
0.0149698       	-1.07002488e-04
0.0149705       	-1.07002488e-04
0.0149712       	-1.07002488e-04
0.0149719       	-1.07002488e-04
0.0149726       	-1.07002488e-04
0.0149732       	-1.07002488e-04
0.0149739       	-1.07002488e-04
0.0149746       	-1.07002488e-04
0.0149753       	-1.07002488e-04
0.014976        	-1.07002488e-04
0.0149767       	-1.07002488e-04
0.0149774       	-1.07002488e-04
0.014978        	-1.07002488e-04
0.0149787       	-1.07002488e-04
0.0149794       	-1.07002488e-04
0.0149801       	-1.07002488e-04
0.0149808       	-1.07002488e-04
0.0149815       	-1.07002488e-04
0.0149822       	-1.07002488e-04
0.0149828       	-1.07002488e-04
0.0149835       	-1.07002488e-04
0.0149842       	-1.07002488e-04
0.0149849       	-1.07002488e-04
0.0149856       	-1.07002488e-04
0.0149863       	-1.07002488e-04
0.014987        	-1.07002488e-04
0.0149877       	-1.07002488e-04
0.0149883       	-1.07002488e-04
0.014989        	-1.07002488e-04
0.0149897       	-1.07002488e-04
0.0149904       	-1.07002488e-04
0.0149911       	-1.07002488e-04
0.0149918       	-1.07002488e-04
0.0149925       	-1.07002488e-04
0.0149931       	-1.07002488e-04
0.0149938       	-1.07002488e-04
0.0149945       	-1.07002488e-04
0.0149952       	-1.07002488e-04
0.0149959       	-1.07002488e-04
0.0149966       	-1.07002488e-04
0.0149973       	-1.07002488e-04
0.0149979       	-1.07002488e-04
0.0149986       	-1.07002488e-04
0.0149993       	-1.07002488e-04
0.015           	-1.07002488e-04
0.0150007       	-1.07002488e-04
0.0150013       	-1.07002488e-04
0.015002        	-1.07002488e-04
0.0150026       	-1.07002488e-04
0.0150033       	-1.07002488e-04
0.0150039       	-1.07002488e-04
0.0150046       	-1.07002488e-04
0.0150053       	-1.07002488e-04
0.0150059       	-1.07002488e-04
0.0150066       	-1.07002488e-04
0.0150072       	-1.07002488e-04
0.0150079       	-1.07002488e-04
0.0150085       	-1.07002488e-04
0.0150092       	-1.07002488e-04
0.0150098       	-1.07002488e-04
0.0150105       	-1.07002488e-04
0.0150112       	-1.07002488e-04
0.0150118       	-1.07002488e-04
0.0150125       	-1.07002488e-04
0.0150131       	-1.07002488e-04
0.0150138       	-1.07002488e-04
0.0150144       	-1.07002488e-04
0.0150151       	-1.07002488e-04
0.0150157       	-1.07002488e-04
0.0150164       	-1.07002488e-04
0.0150171       	-1.07002488e-04
0.0150177       	-1.07002488e-04
0.0150184       	-1.07002488e-04
0.015019        	-1.07002488e-04
0.0150197       	-1.07002488e-04
0.0150203       	-1.07002488e-04
0.015021        	-1.07002488e-04
0.0150216       	-1.07002488e-04
0.0150223       	-1.07002488e-04
0.015023        	-1.07002488e-04
0.0150236       	-1.07002488e-04
0.0150243       	-1.07002488e-04
0.0150249       	-1.07002488e-04
0.0150256       	-1.07002488e-04
0.0150262       	-1.07002488e-04
0.0150269       	-1.07002488e-04
0.0150276       	-1.07002488e-04
0.0150282       	-1.07002488e-04
0.0150289       	-1.07002488e-04
0.0150295       	-1.07002488e-04
0.0150302       	-1.07002488e-04
0.0150308       	-1.07002488e-04
0.0150315       	-1.07002488e-04
0.0150321       	-1.07002488e-04
0.0150328       	-1.07002488e-04
0.0150335       	-1.07002488e-04
0.0150341       	-1.07002488e-04
0.0150348       	-1.07002488e-04
0.0150354       	-1.07002488e-04
0.0150361       	-1.07002488e-04
0.0150367       	-1.07002488e-04
0.0150374       	-1.07002488e-04
0.015038        	-1.07002488e-04
0.0150387       	-1.07002488e-04
0.0150394       	-1.07002488e-04
0.01504         	-1.07002488e-04
0.0150407       	-1.07002488e-04
0.0150413       	-1.07002488e-04
0.015042        	-1.07002488e-04
0.0150426       	-1.07002488e-04
0.0150433       	-1.07002488e-04
0.0150439       	-1.07002488e-04
0.0150446       	-1.07002488e-04
0.0150452       	-1.07002488e-04
0.0150459       	-1.07002488e-04
0.0150465       	-1.07002488e-04
0.0150472       	-1.07002488e-04
0.0150478       	-1.07002488e-04
0.0150485       	-1.07002488e-04
0.0150491       	-1.07002488e-04
0.0150498       	-1.07002488e-04
0.0150504       	-1.07002488e-04
0.0150511       	-1.07002488e-04
0.0150517       	-1.07002488e-04
0.0150524       	-1.07002488e-04
0.015053        	-1.07002488e-04
0.0150537       	-1.07002488e-04
0.0150543       	-1.07002488e-04
0.015055        	-1.07002488e-04
0.0150556       	-1.07002488e-04
0.0150563       	-1.07002488e-04
0.0150569       	-1.07002488e-04
0.0150576       	-1.07002488e-04
0.0150582       	-1.07002488e-04
0.0150589       	-1.07002488e-04
0.0150595       	-1.07002488e-04
0.0150602       	-1.07002488e-04
0.0150608       	-1.07002488e-04
0.0150614       	-1.07002488e-04
0.0150621       	-1.07002488e-04
0.0150627       	-1.07002488e-04
0.0150634       	-1.07002488e-04
0.015064        	-1.07002488e-04
0.0150646       	-1.07002488e-04
0.0150653       	-1.07002488e-04
0.0150659       	-1.07002488e-04
0.0150666       	-1.07002488e-04
0.0150672       	-1.07002488e-04
0.0150678       	-1.07002488e-04
0.0150685       	-1.07002488e-04
0.0150691       	-1.07002488e-04
0.0150697       	-1.07002488e-04
0.0150704       	-1.07002488e-04
0.015071        	-1.07002488e-04
0.0150717       	-1.07002488e-04
0.0150723       	-1.07002488e-04
0.0150729       	-1.07002488e-04
0.0150736       	-1.07002488e-04
0.0150742       	-1.07002488e-04
0.0150748       	-1.07002488e-04
0.0150755       	-1.07002488e-04
0.0150761       	-1.07002488e-04
0.0150767       	-1.07002488e-04
0.0150774       	-1.07002488e-04
0.015078        	-1.07002488e-04
0.0150786       	-1.07002488e-04
0.0150793       	-1.07002488e-04
0.0150799       	-1.07002488e-04
0.0150805       	-1.07002488e-04
0.0150811       	-1.07002488e-04
0.0150818       	-1.07002488e-04
0.0150824       	-1.07002488e-04
0.015083        	-1.07002488e-04
0.0150837       	-1.07002488e-04
0.0150843       	-1.07002488e-04
0.0150849       	-1.07002488e-04
0.0150855       	-1.07002488e-04
0.0150862       	-1.07002488e-04
0.0150868       	-1.07002488e-04
0.0150874       	-1.07002488e-04
0.0150881       	-1.07002488e-04
0.0150887       	-1.07002488e-04
0.0150893       	-1.07002488e-04
0.0150899       	-1.07002488e-04
0.0150906       	-1.07002488e-04
0.0150912       	-1.07002488e-04
0.0150918       	-1.07002488e-04
0.0150925       	-1.07002488e-04
0.0150931       	-1.07002488e-04
0.0150937       	-1.07002488e-04
0.0150943       	-1.07002488e-04
0.015095        	-1.07002488e-04
0.0150956       	-1.07002488e-04
0.0150962       	-1.07002488e-04
0.0150969       	-1.07002488e-04
0.0150975       	-1.07002488e-04
0.0150981       	-1.07002488e-04
0.0150987       	-1.07002488e-04
0.0150994       	-1.07002488e-04
0.0151          	-1.07002488e-04
0.0151006       	-1.07002488e-04
0.0151013       	-1.07002488e-04
0.0151019       	-1.07002488e-04
0.0151025       	-1.07002488e-04
0.0151032       	-1.07002488e-04
0.0151038       	-1.07002488e-04
0.0151044       	-1.07002488e-04
0.015105        	-1.07002488e-04
0.0151057       	-1.07002488e-04
0.0151063       	-1.07002488e-04
0.0151069       	-1.07002488e-04
0.0151076       	-1.07002488e-04
0.0151082       	-1.07002488e-04
0.0151088       	-1.07002488e-04
0.0151095       	-1.07002488e-04
0.0151101       	-1.07002488e-04
0.0151107       	-1.07002488e-04
0.0151114       	-1.07002488e-04
0.015112        	-1.07002488e-04
0.0151126       	-1.07002488e-04
0.0151133       	-1.07002488e-04
0.0151139       	-1.07002488e-04
0.0151145       	-1.07002488e-04
0.0151152       	-1.07002488e-04
0.0151158       	-1.07002488e-04
0.0151164       	-1.07002488e-04
0.0151171       	-1.07002488e-04
0.0151177       	-1.07002488e-04
0.0151184       	-1.07002488e-04
0.015119        	-1.07002488e-04
0.0151196       	-1.07002488e-04
0.0151203       	-1.07002488e-04
0.0151209       	-1.07002488e-04
0.0151215       	-1.07002488e-04
0.0151222       	-1.07002488e-04
0.0151228       	-1.07002488e-04
0.0151235       	-1.07002488e-04
0.0151241       	-1.07002488e-04
0.0151247       	-1.07002488e-04
0.0151254       	-1.07002488e-04
0.015126        	-1.07002488e-04
0.0151266       	-1.07002488e-04
0.0151273       	-1.07002488e-04
0.0151279       	-1.07002488e-04
0.0151286       	-1.07002488e-04
0.0151292       	-1.07002488e-04
0.0151298       	-1.07002488e-04
0.0151305       	-1.07002488e-04
0.0151311       	-1.07002488e-04
0.0151317       	-1.07002488e-04
0.0151324       	-1.07002488e-04
0.015133        	-1.07002488e-04
0.0151337       	-1.07002488e-04
0.0151343       	-1.07002488e-04
0.0151349       	-1.07002488e-04
0.0151356       	-1.07002488e-04
0.0151362       	-1.07002488e-04
0.0151369       	-1.07002488e-04
0.0151375       	-1.07002488e-04
0.0151381       	-1.07002488e-04
0.0151388       	-1.07002488e-04
0.0151394       	-1.07002488e-04
0.01514         	-1.07002488e-04
0.0151407       	-1.07002488e-04
0.0151413       	-1.07002488e-04
0.0151419       	-1.07002488e-04
0.0151426       	-1.07002488e-04
0.0151432       	-1.07002488e-04
0.0151438       	-1.07002488e-04
0.0151445       	-1.07002488e-04
0.0151451       	-1.07002488e-04
0.0151457       	-1.07002488e-04
0.0151464       	-1.07002488e-04
0.015147        	-1.07002488e-04
0.0151476       	-1.07002488e-04
0.0151483       	-1.07002488e-04
0.0151489       	-1.07002488e-04
0.0151495       	-1.07002488e-04
0.0151502       	-1.07002488e-04
0.0151508       	-1.07002488e-04
0.0151514       	-1.07002488e-04
0.015152        	-1.07002488e-04
0.0151527       	-1.07002488e-04
0.0151533       	-1.07002488e-04
0.0151539       	-1.07002488e-04
0.0151546       	-1.07002488e-04
0.0151552       	-1.07002488e-04
0.0151558       	-1.07002488e-04
0.0151565       	-1.07002488e-04
0.0151571       	-1.07002488e-04
0.0151577       	-1.07002488e-04
0.0151584       	-1.07002488e-04
0.015159        	-1.07002488e-04
0.0151596       	-1.07002488e-04
0.0151602       	-1.07002488e-04
0.0151609       	-1.07002488e-04
0.0151615       	-1.07002488e-04
0.0151621       	-1.07002488e-04
0.0151628       	-1.07002488e-04
0.0151634       	-1.07002488e-04
0.015164        	-1.07002488e-04
0.0151647       	-1.07002488e-04
0.0151653       	-1.07002488e-04
0.0151659       	-1.07002488e-04
0.0151666       	-1.07002488e-04
0.0151672       	-1.07002488e-04
0.0151678       	-1.07002488e-04
0.0151685       	-1.07002488e-04
0.0151691       	-1.07002488e-04
0.0151697       	-1.07002488e-04
0.0151703       	-1.07002488e-04
0.015171        	-1.07002488e-04
0.0151716       	-1.07002488e-04
0.0151722       	-1.07002488e-04
0.0151729       	-1.07002488e-04
0.0151735       	-1.07002488e-04
0.0151741       	-1.07002488e-04
0.0151748       	-1.07002488e-04
0.0151754       	-1.07002488e-04
0.015176        	-1.07002488e-04
0.0151767       	-1.07002488e-04
0.0151773       	-1.07002488e-04
0.0151779       	-1.07002488e-04
0.0151785       	-1.07002488e-04
0.0151792       	-1.07002488e-04
0.0151798       	-1.07002488e-04
0.0151804       	-1.07002488e-04
0.0151811       	-1.07002488e-04
0.0151817       	-1.07002488e-04
0.0151823       	-1.07002488e-04
0.015183        	-1.07002488e-04
0.0151836       	-1.07002488e-04
0.0151842       	-1.07002488e-04
0.0151849       	-1.07002488e-04
0.0151855       	-1.07002488e-04
0.0151861       	-1.07002488e-04
0.0151867       	-1.07002488e-04
0.0151874       	-1.07002488e-04
0.015188        	-1.07002488e-04
0.0151886       	-1.07002488e-04
0.0151893       	-1.07002488e-04
0.0151899       	-1.07002488e-04
0.0151905       	-1.07002488e-04
0.0151912       	-1.07002488e-04
0.0151918       	-1.07002488e-04
0.0151924       	-1.07002488e-04
0.0151931       	-1.07002488e-04
0.0151937       	-1.07002488e-04
0.0151943       	-1.07002488e-04
0.015195        	-1.07002488e-04
0.0151956       	-1.07002488e-04
0.0151962       	-1.07002488e-04
0.0151968       	-1.07002488e-04
0.0151975       	-1.07002488e-04
0.0151981       	-1.07002488e-04
0.0151987       	-1.07002488e-04
0.0151994       	-1.07002488e-04
0.0152          	-1.07002488e-04
0.0152006       	-1.07002488e-04
0.0152013       	-1.07002488e-04
0.0152019       	-1.07002488e-04
0.0152026       	-1.07002488e-04
0.0152032       	-1.07002488e-04
0.0152039       	-1.07002488e-04
0.0152045       	-1.07002488e-04
0.0152052       	-1.07002488e-04
0.0152058       	-1.07002488e-04
0.0152064       	-1.07002488e-04
0.0152071       	-1.07002488e-04
0.0152077       	-1.07002488e-04
0.0152084       	-1.07002488e-04
0.015209        	-1.07002488e-04
0.0152097       	-1.07002488e-04
0.0152103       	-1.07002488e-04
0.0152109       	-1.07002488e-04
0.0152116       	-1.07002488e-04
0.0152122       	-1.07002488e-04
0.0152129       	-1.07002488e-04
0.0152135       	-1.07002488e-04
0.0152142       	-1.07002488e-04
0.0152148       	-1.07002488e-04
0.0152154       	-1.07002488e-04
0.0152161       	-1.07002488e-04
0.0152167       	-1.07002488e-04
0.0152174       	-1.07002488e-04
0.015218        	-1.07002488e-04
0.0152186       	-1.07002488e-04
0.0152193       	-1.07002488e-04
0.0152199       	-1.07002488e-04
0.0152206       	-1.07002488e-04
0.0152212       	-1.07002488e-04
0.0152218       	-1.07002488e-04
0.0152225       	-1.07002488e-04
0.0152231       	-1.07002488e-04
0.0152238       	-1.07002488e-04
0.0152244       	-1.07002488e-04
0.015225        	-1.07002488e-04
0.0152257       	-1.07002488e-04
0.0152263       	-1.07002488e-04
0.0152269       	-1.07002488e-04
0.0152276       	-1.07002488e-04
0.0152282       	-1.07002488e-04
0.0152289       	-1.07002488e-04
0.0152295       	-1.07002488e-04
0.0152301       	-1.07002488e-04
0.0152308       	-1.07002488e-04
0.0152314       	-1.07002488e-04
0.0152321       	-1.07002488e-04
0.0152327       	-1.07002488e-04
0.0152333       	-1.07002488e-04
0.015234        	-1.07002488e-04
0.0152346       	-1.07002488e-04
0.0152353       	-1.07002488e-04
0.0152359       	-1.07002488e-04
0.0152365       	-1.07002488e-04
0.0152372       	-1.07002488e-04
0.0152378       	-1.07002488e-04
0.0152385       	-1.07002488e-04
0.0152391       	-1.07002488e-04
0.0152398       	-1.07002488e-04
0.0152404       	-1.07002488e-04
0.015241        	-1.07002488e-04
0.0152417       	-1.07002488e-04
0.0152423       	-1.07002488e-04
0.015243        	-1.07002488e-04
0.0152436       	-1.07002488e-04
0.0152443       	-1.07002488e-04
0.0152449       	-1.07002488e-04
0.0152456       	-1.07002488e-04
0.0152462       	-1.07002488e-04
0.0152469       	-1.07002488e-04
0.0152475       	-1.07002488e-04
0.0152482       	-1.07002488e-04
0.0152488       	-1.07002488e-04
0.0152495       	-1.07002488e-04
0.0152501       	-1.07002488e-04
0.0152508       	-1.07002488e-04
0.0152514       	-1.07002488e-04
0.0152521       	-1.07002488e-04
0.0152527       	-1.07002488e-04
0.0152534       	-1.07002488e-04
0.0152541       	-1.07002488e-04
0.0152547       	-1.07002488e-04
0.0152554       	-1.07002488e-04
0.015256        	-1.07002488e-04
0.0152567       	-1.07002488e-04
0.0152573       	-1.07002488e-04
0.015258        	-1.07002488e-04
0.0152587       	-1.07002488e-04
0.0152593       	-1.07002488e-04
0.01526         	-1.07002488e-04
0.0152606       	-1.07002488e-04
0.0152613       	-1.07002488e-04
0.015262        	-1.07002488e-04
0.0152626       	-1.07002488e-04
0.0152633       	-1.07002488e-04
0.015264        	-1.07002488e-04
0.0152646       	-1.07002488e-04
0.0152653       	-1.07002488e-04
0.0152659       	-1.07002488e-04
0.0152666       	-1.07002488e-04
0.0152673       	-1.07002488e-04
0.0152679       	-1.07002488e-04
0.0152686       	-1.07002488e-04
0.0152693       	-1.07002488e-04
0.0152699       	-1.07002488e-04
0.0152706       	-1.07002488e-04
0.0152713       	-1.07002488e-04
0.0152719       	-1.07002488e-04
0.0152726       	-1.07002488e-04
0.0152733       	-1.07002488e-04
0.0152739       	-1.07002488e-04
0.0152746       	-1.07002488e-04
0.0152753       	-1.07002488e-04
0.0152759       	-1.07002488e-04
0.0152766       	-1.07002488e-04
0.0152773       	-1.07002488e-04
0.0152779       	-1.07002488e-04
0.0152786       	-1.07002488e-04
0.0152793       	-1.07002488e-04
0.0152799       	-1.07002488e-04
0.0152806       	-1.07002488e-04
0.0152813       	-1.07002488e-04
0.0152819       	-1.07002488e-04
0.0152826       	-1.07002488e-04
0.0152832       	-1.07002488e-04
0.0152839       	-1.07002488e-04
0.0152846       	-1.07002488e-04
0.0152852       	-1.07002488e-04
0.0152859       	-1.07002488e-04
0.0152866       	-1.07002488e-04
0.0152872       	-1.07002488e-04
0.0152879       	-1.07002488e-04
0.0152886       	-1.07002488e-04
0.0152892       	-1.07002488e-04
0.0152899       	-1.07002488e-04
0.0152905       	-1.07002488e-04
0.0152912       	-1.07002488e-04
0.0152919       	-1.07002488e-04
0.0152925       	-1.07002488e-04
0.0152932       	-1.07002488e-04
0.0152938       	-1.07002488e-04
0.0152945       	-1.07002488e-04
0.0152952       	-1.07002488e-04
0.0152958       	-1.07002488e-04
0.0152965       	-1.07002488e-04
0.0152971       	-1.07002488e-04
0.0152978       	-1.07002488e-04
0.0152984       	-1.07002488e-04
0.0152991       	-1.07002488e-04
0.0152998       	-1.07002488e-04
0.0153004       	-1.07002488e-04
0.0153011       	-1.07002488e-04
0.0153017       	-1.07002488e-04
0.0153024       	-1.07002488e-04
0.0153031       	-1.07002488e-04
0.0153037       	-1.07002488e-04
0.0153044       	-1.07002488e-04
0.015305        	-1.07002488e-04
0.0153057       	-1.07002488e-04
0.0153064       	-1.07002488e-04
0.015307        	-1.07002488e-04
0.0153077       	-1.07002488e-04
0.0153083       	-1.07002488e-04
0.015309        	-1.07002488e-04
0.0153097       	-1.07002488e-04
0.0153103       	-1.07002488e-04
0.015311        	-1.07002488e-04
0.0153117       	-1.07002488e-04
0.0153123       	-1.07002488e-04
0.015313        	-1.07002488e-04
0.0153136       	-1.07002488e-04
0.0153143       	-1.07002488e-04
0.015315        	-1.07002488e-04
0.0153156       	-1.07002488e-04
0.0153163       	-1.07002488e-04
0.015317        	-1.07002488e-04
0.0153176       	-1.07002488e-04
0.0153183       	-1.07002488e-04
0.015319        	-1.07002488e-04
0.0153197       	-1.07002488e-04
0.0153203       	-1.07002488e-04
0.015321        	-1.07002488e-04
0.0153217       	-1.07002488e-04
0.0153223       	-1.07002488e-04
0.015323        	-1.07002488e-04
0.0153237       	-1.07002488e-04
0.0153243       	-1.07002488e-04
0.015325        	-1.07002488e-04
0.0153257       	-1.07002488e-04
0.0153264       	-1.07002488e-04
0.015327        	-1.07002488e-04
0.0153277       	-1.07002488e-04
0.0153284       	-1.07002488e-04
0.0153291       	-1.07002488e-04
0.0153297       	-1.07002488e-04
0.0153304       	-1.07002488e-04
0.0153311       	-1.07002488e-04
0.0153318       	-1.07002488e-04
0.0153325       	-1.07002488e-04
0.0153331       	-1.07002488e-04
0.0153338       	-1.07002488e-04
0.0153345       	-1.07002488e-04
0.0153352       	-1.07002488e-04
0.0153358       	-1.07002488e-04
0.0153365       	-1.07002488e-04
0.0153372       	-1.07002488e-04
0.0153379       	-1.07002488e-04
0.0153386       	-1.07002488e-04
0.0153393       	-1.07002488e-04
0.0153399       	-1.07002488e-04
0.0153406       	-1.07002488e-04
0.0153413       	-1.07002488e-04
0.015342        	-1.07002488e-04
0.0153427       	-1.07002488e-04
0.0153434       	-1.07002488e-04
0.015344        	-1.07002488e-04
0.0153447       	-1.07002488e-04
0.0153454       	-1.07002488e-04
0.0153461       	-1.07002488e-04
0.0153468       	-1.07002488e-04
0.0153475       	-1.07002488e-04
0.0153481       	-1.07002488e-04
0.0153488       	-1.07002488e-04
0.0153495       	-1.07002488e-04
0.0153502       	-1.07002488e-04
0.0153509       	-1.07002488e-04
0.0153515       	-1.07002488e-04
0.0153522       	-1.07002488e-04
0.0153529       	-1.07002488e-04
0.0153536       	-1.07002488e-04
0.0153543       	-1.07002488e-04
0.015355        	-1.07002488e-04
0.0153556       	-1.07002488e-04
0.0153563       	-1.07002488e-04
0.015357        	-1.07002488e-04
0.0153576       	-1.07002488e-04
0.0153583       	-1.07002488e-04
0.015359        	-1.07002488e-04
0.0153597       	-1.07002488e-04
0.0153603       	-1.07002488e-04
0.015361        	-1.07002488e-04
0.0153617       	-1.07002488e-04
0.0153624       	-1.07002488e-04
0.015363        	-1.07002488e-04
0.0153637       	-1.07002488e-04
0.0153644       	-1.07002488e-04
0.015365        	-1.07002488e-04
0.0153657       	-1.07002488e-04
0.0153664       	-1.07002488e-04
0.0153671       	-1.07002488e-04
0.0153677       	-1.07002488e-04
0.0153684       	-1.07002488e-04
0.0153691       	-1.07002488e-04
0.0153697       	-1.07002488e-04
0.0153704       	-1.07002488e-04
0.0153711       	-1.07002488e-04
0.0153718       	-1.07002488e-04
0.0153724       	-1.07002488e-04
0.0153731       	-1.07002488e-04
0.0153738       	-1.07002488e-04
0.0153745       	-1.07002488e-04
0.0153751       	-1.07002488e-04
0.0153758       	-1.07002488e-04
0.0153765       	-1.07002488e-04
0.0153771       	-1.07002488e-04
0.0153778       	-1.07002488e-04
0.0153785       	-1.07002488e-04
0.0153792       	-1.07002488e-04
0.0153798       	-1.07002488e-04
0.0153805       	-1.07002488e-04
0.0153812       	-1.07002488e-04
0.0153818       	-1.07002488e-04
0.0153825       	-1.07002488e-04
0.0153832       	-1.07002488e-04
0.0153839       	-1.07002488e-04
0.0153845       	-1.07002488e-04
0.0153852       	-1.07002488e-04
0.0153859       	-1.07002488e-04
0.0153866       	-1.07002488e-04
0.0153872       	-1.07002488e-04
0.0153879       	-1.07002488e-04
0.0153886       	-1.07002488e-04
0.0153892       	-1.07002488e-04
0.0153899       	-1.07002488e-04
0.0153906       	-1.07002488e-04
0.0153913       	-1.07002488e-04
0.0153919       	-1.07002488e-04
0.0153926       	-1.07002488e-04
0.0153933       	-1.07002488e-04
0.0153939       	-1.07002488e-04
0.0153946       	-1.07002488e-04
0.0153953       	-1.07002488e-04
0.015396        	-1.07002488e-04
0.0153966       	-1.07002488e-04
0.0153973       	-1.07002488e-04
0.015398        	-1.07002488e-04
0.0153987       	-1.07002488e-04
0.0153993       	-1.07002488e-04
0.0154          	-1.07002488e-04
0.0154007       	-1.07002488e-04
0.0154013       	-1.07002488e-04
0.015402        	-1.07002488e-04
0.0154027       	-1.07002488e-04
0.0154033       	-1.07002488e-04
0.015404        	-1.07002488e-04
0.0154047       	-1.07002488e-04
0.0154053       	-1.07002488e-04
0.015406        	-1.07002488e-04
0.0154067       	-1.07002488e-04
0.0154074       	-1.07002488e-04
0.015408        	-1.07002488e-04
0.0154087       	-1.07002488e-04
0.0154094       	-1.07002488e-04
0.01541         	-1.07002488e-04
0.0154107       	-1.07002488e-04
0.0154114       	-1.07002488e-04
0.0154121       	-1.07002488e-04
0.0154127       	-1.07002488e-04
0.0154134       	-1.07002488e-04
0.0154141       	-1.07002488e-04
0.0154148       	-1.07002488e-04
0.0154154       	-1.07002488e-04
0.0154161       	-1.07002488e-04
0.0154168       	-1.07002488e-04
0.0154174       	-1.07002488e-04
0.0154181       	-1.07002488e-04
0.0154188       	-1.07002488e-04
0.0154195       	-1.07002488e-04
0.0154201       	-1.07002488e-04
0.0154208       	-1.07002488e-04
0.0154215       	-1.07002488e-04
0.0154222       	-1.07002488e-04
0.0154228       	-1.07002488e-04
0.0154235       	-1.07002488e-04
0.0154242       	-1.07002488e-04
0.0154249       	-1.07002488e-04
0.0154255       	-1.07002488e-04
0.0154262       	-1.07002488e-04
0.0154269       	-1.07002488e-04
0.0154276       	-1.07002488e-04
0.0154282       	-1.07002488e-04
0.0154289       	-1.07002488e-04
0.0154296       	-1.07002488e-04
0.0154302       	-1.07002488e-04
0.0154309       	-1.07002488e-04
0.0154316       	-1.07002488e-04
0.0154323       	-1.07002488e-04
0.0154329       	-1.07002488e-04
0.0154336       	-1.07002488e-04
0.0154343       	-1.07002488e-04
0.015435        	-1.07002488e-04
0.0154356       	-1.07002488e-04
0.0154363       	-1.07002488e-04
0.015437        	-1.07002488e-04
0.0154376       	-1.07002488e-04
0.0154383       	-1.07002488e-04
0.015439        	-1.07002488e-04
0.0154396       	-1.07002488e-04
0.0154403       	-1.07002488e-04
0.015441        	-1.07002488e-04
0.0154416       	-1.07002488e-04
0.0154423       	-1.07002488e-04
0.015443        	-1.07002488e-04
0.0154436       	-1.07002488e-04
0.0154443       	-1.07002488e-04
0.015445        	-1.07002488e-04
0.0154456       	-1.07002488e-04
0.0154463       	-1.07002488e-04
0.0154469       	-1.07002488e-04
0.0154476       	-1.07002488e-04
0.0154483       	-1.07002488e-04
0.0154489       	-1.07002488e-04
0.0154496       	-1.07002488e-04
0.0154502       	-1.07002488e-04
0.0154509       	-1.07002488e-04
0.0154516       	-1.07002488e-04
0.0154522       	-1.07002488e-04
0.0154529       	-1.07002488e-04
0.0154535       	-1.07002488e-04
0.0154542       	-1.07002488e-04
0.0154548       	-1.07002488e-04
0.0154555       	-1.07002488e-04
0.0154561       	-1.07002488e-04
0.0154568       	-1.07002488e-04
0.0154574       	-1.07002488e-04
0.0154581       	-1.07002488e-04
0.0154587       	-1.07002488e-04
0.0154594       	-1.07002488e-04
0.01546         	-1.07002488e-04
0.0154607       	-1.07002488e-04
0.0154613       	-1.07002488e-04
0.015462        	-1.07002488e-04
0.0154626       	-1.07002488e-04
0.0154633       	-1.07002488e-04
0.0154639       	-1.07002488e-04
0.0154646       	-1.07002488e-04
0.0154652       	-1.07002488e-04
0.0154658       	-1.07002488e-04
0.0154665       	-1.07002488e-04
0.0154671       	-1.07002488e-04
0.0154678       	-1.07002488e-04
0.0154684       	-1.07002488e-04
0.0154691       	-1.07002488e-04
0.0154697       	-1.07002488e-04
0.0154704       	-1.07002488e-04
0.015471        	-1.07002488e-04
0.0154716       	-1.07002488e-04
0.0154723       	-1.07002488e-04
0.0154729       	-1.07002488e-04
0.0154736       	-1.07002488e-04
0.0154742       	-1.07002488e-04
0.0154749       	-1.07002488e-04
0.0154755       	-1.07002488e-04
0.0154761       	-1.07002488e-04
0.0154768       	-1.07002488e-04
0.0154774       	-1.07002488e-04
0.0154781       	-1.07002488e-04
0.0154787       	-1.07002488e-04
0.0154794       	-1.07002488e-04
0.01548         	-1.07002488e-04
0.0154807       	-1.07002488e-04
0.0154813       	-1.07002488e-04
0.015482        	-1.07002488e-04
0.0154826       	-1.07002488e-04
0.0154833       	-1.07002488e-04
0.0154839       	-1.07002488e-04
0.0154845       	-1.07002488e-04
0.0154852       	-1.07002488e-04
0.0154858       	-1.07002488e-04
0.0154865       	-1.07002488e-04
0.0154871       	-1.07002488e-04
0.0154878       	-1.07002488e-04
0.0154884       	-1.07002488e-04
0.0154891       	-1.07002488e-04
0.0154897       	-1.07002488e-04
0.0154904       	-1.07002488e-04
0.015491        	-1.07002488e-04
0.0154917       	-1.07002488e-04
0.0154924       	-1.07002488e-04
0.015493        	-1.07002488e-04
0.0154937       	-1.07002488e-04
0.0154943       	-1.07002488e-04
0.015495        	-1.07002488e-04
0.0154956       	-1.07002488e-04
0.0154963       	-1.07002488e-04
0.0154969       	-1.07002488e-04
0.0154976       	-1.07002488e-04
0.0154982       	-1.07002488e-04
0.0154989       	-1.07002488e-04
0.0154996       	-1.07002488e-04
0.0155002       	-1.07002488e-04
0.0155009       	-1.07002488e-04
0.0155015       	-1.07002488e-04
0.0155022       	-1.07002488e-04
0.0155028       	-1.07002488e-04
0.0155035       	-1.07002488e-04
0.0155042       	-1.07002488e-04
0.0155048       	-1.07002488e-04
0.0155055       	-1.07002488e-04
0.0155061       	-1.07002488e-04
0.0155068       	-1.07002488e-04
0.0155074       	-1.07002488e-04
0.0155081       	-1.07002488e-04
0.0155087       	-1.07002488e-04
0.0155094       	-1.07002488e-04
0.0155101       	-1.07002488e-04
0.0155107       	-1.07002488e-04
0.0155114       	-1.07002488e-04
0.015512        	-1.07002488e-04
0.0155127       	-1.07002488e-04
0.0155133       	-1.07002488e-04
0.015514        	-1.07002488e-04
0.0155147       	-1.07002488e-04
0.0155153       	-1.07002488e-04
0.015516        	-1.07002488e-04
0.0155166       	-1.07002488e-04
0.0155173       	-1.07002488e-04
0.0155179       	-1.07002488e-04
0.0155186       	-1.07002488e-04
0.0155192       	-1.07002488e-04
0.0155199       	-1.07002488e-04
0.0155205       	-1.07002488e-04
0.0155212       	-1.07002488e-04
0.0155218       	-1.07002488e-04
0.0155225       	-1.07002488e-04
0.0155231       	-1.07002488e-04
0.0155238       	-1.07002488e-04
0.0155244       	-1.07002488e-04
0.0155251       	-1.07002488e-04
0.0155257       	-1.07002488e-04
0.0155264       	-1.07002488e-04
0.015527        	-1.07002488e-04
0.0155277       	-1.07002488e-04
0.0155283       	-1.07002488e-04
0.015529        	-1.07002488e-04
0.0155296       	-1.07002488e-04
0.0155303       	-1.07002488e-04
0.0155309       	-1.07002488e-04
0.0155315       	-1.07002488e-04
0.0155322       	-1.07002488e-04
0.0155328       	-1.07002488e-04
0.0155335       	-1.07002488e-04
0.0155341       	-1.07002488e-04
0.0155347       	-1.07002488e-04
0.0155354       	-1.07002488e-04
0.015536        	-1.07002488e-04
0.0155367       	-1.07002488e-04
0.0155373       	-1.07002488e-04
0.0155379       	-1.07002488e-04
0.0155386       	-1.07002488e-04
0.0155392       	-1.07002488e-04
0.0155399       	-1.07002488e-04
0.0155405       	-1.07002488e-04
0.0155411       	-1.07002488e-04
0.0155418       	-1.07002488e-04
0.0155424       	-1.07002488e-04
0.015543        	-1.07002488e-04
0.0155437       	-1.07002488e-04
0.0155443       	-1.07002488e-04
0.0155449       	-1.07002488e-04
0.0155456       	-1.07002488e-04
0.0155462       	-1.07002488e-04
0.0155468       	-1.07002488e-04
0.0155475       	-1.07002488e-04
0.0155481       	-1.07002488e-04
0.0155487       	-1.07002488e-04
0.0155493       	-1.07002488e-04
0.01555         	-1.07002488e-04
0.0155506       	-1.07002488e-04
0.0155512       	-1.07002488e-04
0.0155519       	-1.07002488e-04
0.0155525       	-1.07002488e-04
0.0155531       	-1.07002488e-04
0.0155538       	-1.07002488e-04
0.0155544       	-1.07002488e-04
0.015555        	-1.07002488e-04
0.0155557       	-1.07002488e-04
0.0155563       	-1.07002488e-04
0.0155569       	-1.07002488e-04
0.0155576       	-1.07002488e-04
0.0155582       	-1.07002488e-04
0.0155588       	-1.07002488e-04
0.0155595       	-1.07002488e-04
0.0155601       	-1.07002488e-04
0.0155607       	-1.07002488e-04
0.0155614       	-1.07002488e-04
0.015562        	-1.07002488e-04
0.0155626       	-1.07002488e-04
0.0155633       	-1.07002488e-04
0.0155639       	-1.07002488e-04
0.0155645       	-1.07002488e-04
0.0155652       	-1.07002488e-04
0.0155658       	-1.07002488e-04
0.0155664       	-1.07002488e-04
0.0155671       	-1.07002488e-04
0.0155677       	-1.07002488e-04
0.0155683       	-1.07002488e-04
0.015569        	-1.07002488e-04
0.0155696       	-1.07002488e-04
0.0155702       	-1.07002488e-04
0.0155709       	-1.07002488e-04
0.0155715       	-1.07002488e-04
0.0155721       	-1.07002488e-04
0.0155728       	-1.07002488e-04
0.0155734       	-1.07002488e-04
0.015574        	-1.07002488e-04
0.0155747       	-1.07002488e-04
0.0155753       	-1.07002488e-04
0.0155759       	-1.07002488e-04
0.0155766       	-1.07002488e-04
0.0155772       	-1.07002488e-04
0.0155778       	-1.07002488e-04
0.0155785       	-1.07002488e-04
0.0155791       	-1.07002488e-04
0.0155797       	-1.07002488e-04
0.0155804       	-1.07002488e-04
0.015581        	-1.07002488e-04
0.0155816       	-1.07002488e-04
0.0155823       	-1.07002488e-04
0.0155829       	-1.07002488e-04
0.0155835       	-1.07002488e-04
0.0155842       	-1.07002488e-04
0.0155848       	-1.07002488e-04
0.0155854       	-1.07002488e-04
0.0155861       	-1.07002488e-04
0.0155867       	-1.07002488e-04
0.0155873       	-1.07002488e-04
0.015588        	-1.07002488e-04
0.0155886       	-1.07002488e-04
0.0155892       	-1.07002488e-04
0.0155899       	-1.07002488e-04
0.0155905       	-1.07002488e-04
0.0155911       	-1.07002488e-04
0.0155918       	-1.07002488e-04
0.0155924       	-1.07002488e-04
0.015593        	-1.07002488e-04
0.0155937       	-1.07002488e-04
0.0155943       	-1.07002488e-04
0.0155949       	-1.07002488e-04
0.0155956       	-1.07002488e-04
0.0155962       	-1.07002488e-04
0.0155968       	-1.07002488e-04
0.0155975       	-1.07002488e-04
0.0155981       	-1.07002488e-04
0.0155987       	-1.07002488e-04
0.0155994       	-1.07002488e-04
0.0156          	-1.07002488e-04
0.0156006       	-1.07002488e-04
0.0156013       	-1.07002488e-04
0.0156019       	-1.07002488e-04
0.0156026       	-1.07002488e-04
0.0156032       	-1.07002488e-04
0.0156038       	-1.07002488e-04
0.0156045       	-1.07002488e-04
0.0156051       	-1.07002488e-04
0.0156057       	-1.07002488e-04
0.0156064       	-1.07002488e-04
0.015607        	-1.07002488e-04
0.0156076       	-1.07002488e-04
0.0156083       	-1.07002488e-04
0.0156089       	-1.07002488e-04
0.0156095       	-1.07002488e-04
0.0156102       	-1.07002488e-04
0.0156108       	-1.07002488e-04
0.0156114       	-1.07002488e-04
0.0156121       	-1.07002488e-04
0.0156127       	-1.07002488e-04
0.0156133       	-1.07002488e-04
0.015614        	-1.07002488e-04
0.0156146       	-1.07002488e-04
0.0156152       	-1.07002488e-04
0.0156159       	-1.07002488e-04
0.0156165       	-1.07002488e-04
0.0156171       	-1.07002488e-04
0.0156177       	-1.07002488e-04
0.0156184       	-1.07002488e-04
0.015619        	-1.07002488e-04
0.0156196       	-1.07002488e-04
0.0156202       	-1.07002488e-04
0.0156209       	-1.07002488e-04
0.0156215       	-1.07002488e-04
0.0156221       	-1.07002488e-04
0.0156227       	-1.07002488e-04
0.0156234       	-1.07002488e-04
0.015624        	-1.07002488e-04
0.0156246       	-1.07002488e-04
0.0156252       	-1.07002488e-04
0.0156259       	-1.07002488e-04
0.0156265       	-1.07002488e-04
0.0156271       	-1.07002488e-04
0.0156277       	-1.07002488e-04
0.0156284       	-1.07002488e-04
0.015629        	-1.07002488e-04
0.0156296       	-1.07002488e-04
0.0156302       	-1.07002488e-04
0.0156308       	-1.07002488e-04
0.0156315       	-1.07002488e-04
0.0156321       	-1.07002488e-04
0.0156327       	-1.07002488e-04
0.0156333       	-1.07002488e-04
0.0156339       	-1.07002488e-04
0.0156346       	-1.07002488e-04
0.0156352       	-1.07002488e-04
0.0156358       	-1.07002488e-04
0.0156364       	-1.07002488e-04
0.0156371       	-1.07002488e-04
0.0156377       	-1.07002488e-04
0.0156383       	-1.07002488e-04
0.0156389       	-1.07002488e-04
0.0156395       	-1.07002488e-04
0.0156402       	-1.07002488e-04
0.0156408       	-1.07002488e-04
0.0156414       	-1.07002488e-04
0.015642        	-1.07002488e-04
0.0156426       	-1.07002488e-04
0.0156433       	-1.07002488e-04
0.0156439       	-1.07002488e-04
0.0156445       	-1.07002488e-04
0.0156451       	-1.07002488e-04
0.0156458       	-1.07002488e-04
0.0156464       	-1.07002488e-04
0.015647        	-1.07002488e-04
0.0156476       	-1.07002488e-04
0.0156483       	-1.07002488e-04
0.0156489       	-1.07002488e-04
0.0156495       	-1.07002488e-04
0.0156501       	-1.07002488e-04
0.0156508       	-1.07002488e-04
0.0156514       	-1.07002488e-04
0.015652        	-1.07002488e-04
0.0156527       	-1.07002488e-04
0.0156533       	-1.07002488e-04
0.0156539       	-1.07002488e-04
0.0156545       	-1.07002488e-04
0.0156552       	-1.07002488e-04
0.0156558       	-1.07002488e-04
0.0156564       	-1.07002488e-04
0.015657        	-1.07002488e-04
0.0156577       	-1.07002488e-04
0.0156583       	-1.07002488e-04
0.0156589       	-1.07002488e-04
0.0156596       	-1.07002488e-04
0.0156602       	-1.07002488e-04
0.0156608       	-1.07002488e-04
0.0156615       	-1.07002488e-04
0.0156621       	-1.07002488e-04
0.0156627       	-1.07002488e-04
0.0156633       	-1.07002488e-04
0.015664        	-1.07002488e-04
0.0156646       	-1.07002488e-04
0.0156652       	-1.07002488e-04
0.0156659       	-1.07002488e-04
0.0156665       	-1.07002488e-04
0.0156671       	-1.07002488e-04
0.0156678       	-1.07002488e-04
0.0156684       	-1.07002488e-04
0.015669        	-1.07002488e-04
0.0156696       	-1.07002488e-04
0.0156703       	-1.07002488e-04
0.0156709       	-1.07002488e-04
0.0156715       	-1.07002488e-04
0.0156722       	-1.07002488e-04
0.0156728       	-1.07002488e-04
0.0156734       	-1.07002488e-04
0.015674        	-1.07002488e-04
0.0156747       	-1.07002488e-04
0.0156753       	-1.07002488e-04
0.0156759       	-1.07002488e-04
0.0156765       	-1.07002488e-04
0.0156772       	-1.07002488e-04
0.0156778       	-1.07002488e-04
0.0156784       	-1.07002488e-04
0.015679        	-1.07002488e-04
0.0156797       	-1.07002488e-04
0.0156803       	-1.07002488e-04
0.0156809       	-1.07002488e-04
0.0156815       	-1.07002488e-04
0.0156821       	-1.07002488e-04
0.0156828       	-1.07002488e-04
0.0156834       	-1.07002488e-04
0.015684        	-1.07002488e-04
0.0156846       	-1.07002488e-04
0.0156853       	-1.07002488e-04
0.0156859       	-1.07002488e-04
0.0156865       	-1.07002488e-04
0.0156871       	-1.07002488e-04
0.0156877       	-1.07002488e-04
0.0156884       	-1.07002488e-04
0.015689        	-1.07002488e-04
0.0156896       	-1.07002488e-04
0.0156902       	-1.07002488e-04
0.0156908       	-1.07002488e-04
0.0156914       	-1.07002488e-04
0.0156921       	-1.07002488e-04
0.0156927       	-1.07002488e-04
0.0156933       	-1.07002488e-04
0.0156939       	-1.07002488e-04
0.0156945       	-1.07002488e-04
0.0156951       	-1.07002488e-04
0.0156958       	-1.07002488e-04
0.0156964       	-1.07002488e-04
0.015697        	-1.07002488e-04
0.0156976       	-1.07002488e-04
0.0156982       	-1.07002488e-04
0.0156988       	-1.07002488e-04
0.0156995       	-1.07002488e-04
0.0157001       	-1.07002488e-04
0.0157007       	-1.07002488e-04
0.0157013       	-1.07002488e-04
0.0157019       	-1.07002488e-04
0.0157026       	-1.07002488e-04
0.0157032       	-1.07002488e-04
0.0157038       	-1.07002488e-04
0.0157044       	-1.07002488e-04
0.015705        	-1.07002488e-04
0.0157057       	-1.07002488e-04
0.0157063       	-1.07002488e-04
0.0157069       	-1.07002488e-04
0.0157075       	-1.07002488e-04
0.0157081       	-1.07002488e-04
0.0157088       	-1.07002488e-04
0.0157094       	-1.07002488e-04
0.01571         	-1.07002488e-04
0.0157106       	-1.07002488e-04
0.0157113       	-1.07002488e-04
0.0157119       	-1.07002488e-04
0.0157125       	-1.07002488e-04
0.0157131       	-1.07002488e-04
0.0157138       	-1.07002488e-04
0.0157144       	-1.07002488e-04
0.015715        	-1.07002488e-04
0.0157156       	-1.07002488e-04
0.0157163       	-1.07002488e-04
0.0157169       	-1.07002488e-04
0.0157175       	-1.07002488e-04
0.0157182       	-1.07002488e-04
0.0157188       	-1.07002488e-04
0.0157194       	-1.07002488e-04
0.01572         	-1.07002488e-04
0.0157207       	-1.07002488e-04
0.0157213       	-1.07002488e-04
0.0157219       	-1.07002488e-04
0.0157226       	-1.07002488e-04
0.0157232       	-1.07002488e-04
0.0157238       	-1.07002488e-04
0.0157245       	-1.07002488e-04
0.0157251       	-1.07002488e-04
0.0157257       	-1.07002488e-04
0.0157264       	-1.07002488e-04
0.015727        	-1.07002488e-04
0.0157276       	-1.07002488e-04
0.0157283       	-1.07002488e-04
0.0157289       	-1.07002488e-04
0.0157295       	-1.07002488e-04
0.0157302       	-1.07002488e-04
0.0157308       	-1.07002488e-04
0.0157314       	-1.07002488e-04
0.0157321       	-1.07002488e-04
0.0157327       	-1.07002488e-04
0.0157334       	-1.07002488e-04
0.015734        	-1.07002488e-04
0.0157346       	-1.07002488e-04
0.0157353       	-1.07002488e-04
0.0157359       	-1.07002488e-04
0.0157365       	-1.07002488e-04
0.0157372       	-1.07002488e-04
0.0157378       	-1.07002488e-04
0.0157385       	-1.07002488e-04
0.0157391       	-1.07002488e-04
0.0157397       	-1.07002488e-04
0.0157404       	-1.07002488e-04
0.015741        	-1.07002488e-04
0.0157417       	-1.07002488e-04
0.0157423       	-1.07002488e-04
0.0157429       	-1.07002488e-04
0.0157436       	-1.07002488e-04
0.0157442       	-1.07002488e-04
0.0157449       	-1.07002488e-04
0.0157455       	-1.07002488e-04
0.0157461       	-1.07002488e-04
0.0157468       	-1.07002488e-04
0.0157474       	-1.07002488e-04
0.0157481       	-1.07002488e-04
0.0157487       	-1.07002488e-04
0.0157493       	-1.07002488e-04
0.01575         	-1.07002488e-04
0.0157506       	-1.07002488e-04
0.0157513       	-1.07002488e-04
0.0157519       	-1.07002488e-04
0.0157526       	-1.07002488e-04
0.0157532       	-1.07002488e-04
0.0157538       	-1.07002488e-04
0.0157545       	-1.07002488e-04
0.0157551       	-1.07002488e-04
0.0157558       	-1.07002488e-04
0.0157564       	-1.07002488e-04
0.015757        	-1.07002488e-04
0.0157577       	-1.07002488e-04
0.0157583       	-1.07002488e-04
0.015759        	-1.07002488e-04
0.0157596       	-1.07002488e-04
0.0157602       	-1.07002488e-04
0.0157609       	-1.07002488e-04
0.0157616       	-1.07002488e-04
0.0157622       	-1.07002488e-04
0.0157629       	-1.07002488e-04
0.0157635       	-1.07002488e-04
0.0157642       	-1.07002488e-04
0.0157648       	-1.07002488e-04
0.0157655       	-1.07002488e-04
0.0157661       	-1.07002488e-04
0.0157668       	-1.07002488e-04
0.0157674       	-1.07002488e-04
0.0157681       	-1.07002488e-04
0.0157687       	-1.07002488e-04
0.0157694       	-1.07002488e-04
0.01577         	-1.07002488e-04
0.0157707       	-1.07002488e-04
0.0157713       	-1.07002488e-04
0.015772        	-1.07002488e-04
0.0157726       	-1.07002488e-04
0.0157733       	-1.07002488e-04
0.015774        	-1.07002488e-04
0.0157746       	-1.07002488e-04
0.0157753       	-1.07002488e-04
0.015776        	-1.07002488e-04
0.0157766       	-1.07002488e-04
0.0157773       	-1.07002488e-04
0.015778        	-1.07002488e-04
0.0157786       	-1.07002488e-04
0.0157793       	-1.07002488e-04
0.01578         	-1.07002488e-04
0.0157806       	-1.07002488e-04
0.0157813       	-1.07002488e-04
0.015782        	-1.07002488e-04
0.0157826       	-1.07002488e-04
0.0157833       	-1.07002488e-04
0.015784        	-1.07002488e-04
0.0157846       	-1.07002488e-04
0.0157853       	-1.07002488e-04
0.015786        	-1.07002488e-04
0.0157866       	-1.07002488e-04
0.0157873       	-1.07002488e-04
0.015788        	-1.07002488e-04
0.0157887       	-1.07002488e-04
0.0157893       	-1.07002488e-04
0.01579         	-1.07002488e-04
0.0157907       	-1.07002488e-04
0.0157913       	-1.07002488e-04
0.015792        	-1.07002488e-04
0.0157927       	-1.07002488e-04
0.0157933       	-1.07002488e-04
0.015794        	-1.07002488e-04
0.0157947       	-1.07002488e-04
0.0157953       	-1.07002488e-04
0.015796        	-1.07002488e-04
0.0157967       	-1.07002488e-04
0.0157973       	-1.07002488e-04
0.015798        	-1.07002488e-04
0.0157987       	-1.07002488e-04
0.0157993       	-1.07002488e-04
0.0158          	-1.07002488e-04
0.0158007       	-1.07002488e-04
0.0158014       	-1.07002488e-04
0.0158021       	-1.07002488e-04
0.0158028       	-1.07002488e-04
0.0158035       	-1.07002488e-04
0.0158042       	-1.07002488e-04
0.0158049       	-1.07002488e-04
0.0158056       	-1.07002488e-04
0.0158063       	-1.07002488e-04
0.015807        	-1.07002488e-04
0.0158077       	-1.07002488e-04
0.0158084       	-1.07002488e-04
0.0158091       	-1.07002488e-04
0.0158099       	-1.07002488e-04
0.0158106       	-1.07002488e-04
0.0158113       	-1.07002488e-04
0.015812        	-1.07002488e-04
0.0158127       	-1.07002488e-04
0.0158134       	-1.07002488e-04
0.0158141       	-1.07002488e-04
0.0158148       	-1.07002488e-04
0.0158155       	-1.07002488e-04
0.0158162       	-1.07002488e-04
0.0158169       	-1.07002488e-04
0.0158177       	-1.07002488e-04
0.0158184       	-1.07002488e-04
0.0158191       	-1.07002488e-04
0.0158198       	-1.07002488e-04
0.0158205       	-1.07002488e-04
0.0158212       	-1.07002488e-04
0.0158219       	-1.07002488e-04
0.0158226       	-1.07002488e-04
0.0158234       	-1.07002488e-04
0.0158241       	-1.07002488e-04
0.0158248       	-1.07002488e-04
0.0158255       	-1.07002488e-04
0.0158262       	-1.07002488e-04
0.0158269       	-1.07002488e-04
0.0158276       	-1.07002488e-04
0.0158284       	-1.07002488e-04
0.0158291       	-1.07002488e-04
0.0158298       	-1.07002488e-04
0.0158305       	-1.07002488e-04
0.0158312       	-1.07002488e-04
0.0158319       	-1.07002488e-04
0.0158327       	-1.07002488e-04
0.0158334       	-1.07002488e-04
0.0158341       	-1.07002488e-04
0.0158348       	-1.07002488e-04
0.0158355       	-1.07002488e-04
0.0158363       	-1.07002488e-04
0.015837        	-1.07002488e-04
0.0158377       	-1.07002488e-04
0.0158384       	-1.07002488e-04
0.0158391       	-1.07002488e-04
0.0158399       	-1.07002488e-04
0.0158406       	-1.07002488e-04
0.0158413       	-1.07002488e-04
0.015842        	-1.07002488e-04
0.0158427       	-1.07002488e-04
0.0158435       	-1.07002488e-04
0.0158442       	-1.07002488e-04
0.0158449       	-1.07002488e-04
0.0158456       	-1.07002488e-04
0.0158464       	-1.07002488e-04
0.0158471       	-1.07002488e-04
0.0158478       	-1.07002488e-04
0.0158485       	-1.07002488e-04
0.0158493       	-1.07002488e-04
0.01585         	-1.07002488e-04
0.0158507       	-1.07002488e-04
0.0158515       	-1.07002488e-04
0.0158522       	-1.07002488e-04
0.0158529       	-1.07002488e-04
0.0158537       	-1.07002488e-04
0.0158544       	-1.07002488e-04
0.0158551       	-1.07002488e-04
0.0158559       	-1.07002488e-04
0.0158566       	-1.07002488e-04
0.0158573       	-1.07002488e-04
0.0158581       	-1.07002488e-04
0.0158588       	-1.07002488e-04
0.0158595       	-1.07002488e-04
0.0158603       	-1.07002488e-04
0.015861        	-1.07002488e-04
0.0158618       	-1.07002488e-04
0.0158625       	-1.07002488e-04
0.0158633       	-1.07002488e-04
0.015864        	-1.07002488e-04
0.0158647       	-1.07002488e-04
0.0158655       	-1.07002488e-04
0.0158662       	-1.07002488e-04
0.015867        	-1.07002488e-04
0.0158677       	-1.07002488e-04
0.0158685       	-1.07002488e-04
0.0158692       	-1.07002488e-04
0.01587         	-1.07002488e-04
0.0158707       	-1.07002488e-04
0.0158715       	-1.07002488e-04
0.0158723       	-1.07002488e-04
0.015873        	-1.07002488e-04
0.0158738       	-1.07002488e-04
0.0158745       	-1.07002488e-04
0.0158753       	-1.07002488e-04
0.015876        	-1.07002488e-04
0.0158768       	-1.07002488e-04
0.0158776       	-1.07002488e-04
0.0158783       	-1.07002488e-04
0.0158791       	-1.07002488e-04
0.0158798       	-1.07002488e-04
0.0158806       	-1.07002488e-04
0.0158814       	-1.07002488e-04
0.0158821       	-1.07002488e-04
0.0158829       	-1.07002488e-04
0.0158837       	-1.07002488e-04
0.0158844       	-1.07002488e-04
0.0158852       	-1.07002488e-04
0.015886        	-1.07002488e-04
0.0158867       	-1.07002488e-04
0.0158875       	-1.07002488e-04
0.0158883       	-1.07002488e-04
0.015889        	-1.07002488e-04
0.0158898       	-1.07002488e-04
0.0158906       	-1.07002488e-04
0.0158913       	-1.07002488e-04
0.0158921       	-1.07002488e-04
0.0158929       	-1.07002488e-04
0.0158936       	-1.07002488e-04
0.0158944       	-1.07002488e-04
0.0158952       	-1.07002488e-04
0.015896        	-1.07002488e-04
0.0158967       	-1.07002488e-04
0.0158975       	-1.07002488e-04
0.0158983       	-1.07002488e-04
0.015899        	-1.07002488e-04
0.0158998       	-1.07002488e-04
0.0159006       	-1.07002488e-04
0.0159013       	-1.07002488e-04
0.0159021       	-1.07002488e-04
0.0159029       	-1.07002488e-04
0.0159036       	-1.07002488e-04
0.0159044       	-1.07002488e-04
0.0159052       	-1.07002488e-04
0.0159059       	-1.07002488e-04
0.0159067       	-1.07002488e-04
0.0159075       	-1.07002488e-04
0.0159082       	-1.07002488e-04
0.015909        	-1.07002488e-04
0.0159098       	-1.07002488e-04
0.0159105       	-1.07002488e-04
0.0159113       	-1.07002488e-04
0.0159121       	-1.07002488e-04
0.0159128       	-1.07002488e-04
0.0159136       	-1.07002488e-04
0.0159143       	-1.07002488e-04
0.0159151       	-1.07002488e-04
0.0159159       	-1.07002488e-04
0.0159166       	-1.07002488e-04
0.0159174       	-1.07002488e-04
0.0159181       	-1.07002488e-04
0.0159189       	-1.07002488e-04
0.0159197       	-1.07002488e-04
0.0159204       	-1.07002488e-04
0.0159212       	-1.07002488e-04
0.0159219       	-1.07002488e-04
0.0159227       	-1.07002488e-04
0.0159234       	-1.07002488e-04
0.0159242       	-1.07002488e-04
0.015925        	-1.07002488e-04
0.0159257       	-1.07002488e-04
0.0159265       	-1.07002488e-04
0.0159272       	-1.07002488e-04
0.015928        	-1.07002488e-04
0.0159287       	-1.07002488e-04
0.0159295       	-1.07002488e-04
0.0159302       	-1.07002488e-04
0.015931        	-1.07002488e-04
0.0159317       	-1.07002488e-04
0.0159325       	-1.07002488e-04
0.0159332       	-1.07002488e-04
0.015934        	-1.07002488e-04
0.0159347       	-1.07002488e-04
0.0159355       	-1.07002488e-04
0.0159362       	-1.07002488e-04
0.0159369       	-1.07002488e-04
0.0159377       	-1.07002488e-04
0.0159384       	-1.07002488e-04
0.0159392       	-1.07002488e-04
0.0159399       	-1.07002488e-04
0.0159406       	-1.07002488e-04
0.0159414       	-1.07002488e-04
0.0159421       	-1.07002488e-04
0.0159429       	-1.07002488e-04
0.0159436       	-1.07002488e-04
0.0159444       	-1.07002488e-04
0.0159451       	-1.07002488e-04
0.0159458       	-1.07002488e-04
0.0159466       	-1.07002488e-04
0.0159473       	-1.07002488e-04
0.015948        	-1.07002488e-04
0.0159488       	-1.07002488e-04
0.0159495       	-1.07002488e-04
0.0159502       	-1.07002488e-04
0.0159509       	-1.07002488e-04
0.0159517       	-1.07002488e-04
0.0159524       	-1.07002488e-04
0.0159531       	-1.07002488e-04
0.0159539       	-1.07002488e-04
0.0159546       	-1.07002488e-04
0.0159553       	-1.07002488e-04
0.0159561       	-1.07002488e-04
0.0159568       	-1.07002488e-04
0.0159575       	-1.07002488e-04
0.0159583       	-1.07002488e-04
0.015959        	-1.07002488e-04
0.0159597       	-1.07002488e-04
0.0159605       	-1.07002488e-04
0.0159612       	-1.07002488e-04
0.0159619       	-1.07002488e-04
0.0159627       	-1.07002488e-04
0.0159634       	-1.07002488e-04
0.0159641       	-1.07002488e-04
0.0159649       	-1.07002488e-04
0.0159656       	-1.07002488e-04
0.0159663       	-1.07002488e-04
0.0159671       	-1.07002488e-04
0.0159678       	-1.07002488e-04
0.0159685       	-1.07002488e-04
0.0159693       	-1.07002488e-04
0.01597         	-1.07002488e-04
0.0159707       	-1.07002488e-04
0.0159714       	-1.07002488e-04
0.0159722       	-1.07002488e-04
0.0159729       	-1.07002488e-04
0.0159736       	-1.07002488e-04
0.0159744       	-1.07002488e-04
0.0159751       	-1.07002488e-04
0.0159758       	-1.07002488e-04
0.0159766       	-1.07002488e-04
0.0159773       	-1.07002488e-04
0.015978        	-1.07002488e-04
0.0159788       	-1.07002488e-04
0.0159795       	-1.07002488e-04
0.0159802       	-1.07002488e-04
0.015981        	-1.07002488e-04
0.0159817       	-1.07002488e-04
0.0159824       	-1.07002488e-04
0.0159832       	-1.07002488e-04
0.0159839       	-1.07002488e-04
0.0159846       	-1.07002488e-04
0.0159854       	-1.07002488e-04
0.0159861       	-1.07002488e-04
0.0159868       	-1.07002488e-04
0.0159876       	-1.07002488e-04
0.0159883       	-1.07002488e-04
0.015989        	-1.07002488e-04
0.0159898       	-1.07002488e-04
0.0159905       	-1.07002488e-04
0.0159912       	-1.07002488e-04
0.0159919       	-1.07002488e-04
0.0159927       	-1.07002488e-04
0.0159934       	-1.07002488e-04
0.0159941       	-1.07002488e-04
0.0159949       	-1.07002488e-04
0.0159956       	-1.07002488e-04
0.0159963       	-1.07002488e-04
0.0159971       	-1.07002488e-04
0.0159978       	-1.07002488e-04
0.0159985       	-1.07002488e-04
0.0159993       	-1.07002488e-04
0.016           	-1.07002488e-04
0.0160007       	-1.07002488e-04
0.0160014       	-1.07002488e-04
0.0160021       	-1.07002488e-04
0.0160028       	-1.07002488e-04
0.0160036       	-1.07002488e-04
0.0160043       	-1.07002488e-04
0.016005        	-1.07002488e-04
0.0160057       	-1.07002488e-04
0.0160064       	-1.07002488e-04
0.0160071       	-1.07002488e-04
0.0160078       	-1.07002488e-04
0.0160085       	-1.07002488e-04
0.0160092       	-1.07002488e-04
0.0160099       	-1.07002488e-04
0.0160106       	-1.07002488e-04
0.0160113       	-1.07002488e-04
0.016012        	-1.07002488e-04
0.0160127       	-1.07002488e-04
0.0160134       	-1.07002488e-04
0.0160141       	-1.07002488e-04
0.0160148       	-1.07002488e-04
0.0160155       	-1.07002488e-04
0.0160161       	-1.07002488e-04
0.0160168       	-1.07002488e-04
0.0160175       	-1.07002488e-04
0.0160182       	-1.07002488e-04
0.0160189       	-1.07002488e-04
0.0160196       	-1.07002488e-04
0.0160203       	-1.07002488e-04
0.0160209       	-1.07002488e-04
0.0160216       	-1.07002488e-04
0.0160223       	-1.07002488e-04
0.016023        	-1.07002488e-04
0.0160237       	-1.07002488e-04
0.0160243       	-1.07002488e-04
0.016025        	-1.07002488e-04
0.0160257       	-1.07002488e-04
0.0160264       	-1.07002488e-04
0.016027        	-1.07002488e-04
0.0160277       	-1.07002488e-04
0.0160284       	-1.07002488e-04
0.016029        	-1.07002488e-04
0.0160297       	-1.07002488e-04
0.0160304       	-1.07002488e-04
0.016031        	-1.07002488e-04
0.0160317       	-1.07002488e-04
0.0160324       	-1.07002488e-04
0.016033        	-1.07002488e-04
0.0160337       	-1.07002488e-04
0.0160344       	-1.07002488e-04
0.016035        	-1.07002488e-04
0.0160357       	-1.07002488e-04
0.0160363       	-1.07002488e-04
0.016037        	-1.07002488e-04
0.0160377       	-1.07002488e-04
0.0160383       	-1.07002488e-04
0.016039        	-1.07002488e-04
0.0160396       	-1.07002488e-04
0.0160403       	-1.07002488e-04
0.0160409       	-1.07002488e-04
0.0160416       	-1.07002488e-04
0.0160422       	-1.07002488e-04
0.0160429       	-1.07002488e-04
0.0160435       	-1.07002488e-04
0.0160442       	-1.07002488e-04
0.0160448       	-1.07002488e-04
0.0160455       	-1.07002488e-04
0.0160461       	-1.07002488e-04
0.0160468       	-1.07002488e-04
0.0160474       	-1.07002488e-04
0.0160481       	-1.07002488e-04
0.0160487       	-1.07002488e-04
0.0160493       	-1.07002488e-04
0.01605         	-1.07002488e-04
0.0160506       	-1.07002488e-04
0.0160513       	-1.07002488e-04
0.0160519       	-1.07002488e-04
0.0160526       	-1.07002488e-04
0.0160532       	-1.07002488e-04
0.0160538       	-1.07002488e-04
0.0160545       	-1.07002488e-04
0.0160551       	-1.07002488e-04
0.0160558       	-1.07002488e-04
0.0160564       	-1.07002488e-04
0.016057        	-1.07002488e-04
0.0160577       	-1.07002488e-04
0.0160583       	-1.07002488e-04
0.0160589       	-1.07002488e-04
0.0160596       	-1.07002488e-04
0.0160602       	-1.07002488e-04
0.0160609       	-1.07002488e-04
0.0160615       	-1.07002488e-04
0.0160621       	-1.07002488e-04
0.0160628       	-1.07002488e-04
0.0160634       	-1.07002488e-04
0.016064        	-1.07002488e-04
0.0160647       	-1.07002488e-04
0.0160653       	-1.07002488e-04
0.0160659       	-1.07002488e-04
0.0160666       	-1.07002488e-04
0.0160672       	-1.07002488e-04
0.0160679       	-1.07002488e-04
0.0160685       	-1.07002488e-04
0.0160691       	-1.07002488e-04
0.0160698       	-1.07002488e-04
0.0160704       	-1.07002488e-04
0.016071        	-1.07002488e-04
0.0160717       	-1.07002488e-04
0.0160723       	-1.07002488e-04
0.0160729       	-1.07002488e-04
0.0160736       	-1.07002488e-04
0.0160742       	-1.07002488e-04
0.0160748       	-1.07002488e-04
0.0160755       	-1.07002488e-04
0.0160761       	-1.07002488e-04
0.0160767       	-1.07002488e-04
0.0160774       	-1.07002488e-04
0.016078        	-1.07002488e-04
0.0160787       	-1.07002488e-04
0.0160793       	-1.07002488e-04
0.0160799       	-1.07002488e-04
0.0160806       	-1.07002488e-04
0.0160812       	-1.07002488e-04
0.0160818       	-1.07002488e-04
0.0160825       	-1.07002488e-04
0.0160831       	-1.07002488e-04
0.0160837       	-1.07002488e-04
0.0160844       	-1.07002488e-04
0.016085        	-1.07002488e-04
0.0160856       	-1.07002488e-04
0.0160863       	-1.07002488e-04
0.0160869       	-1.07002488e-04
0.0160875       	-1.07002488e-04
0.0160882       	-1.07002488e-04
0.0160888       	-1.07002488e-04
0.0160894       	-1.07002488e-04
0.01609         	-1.07002488e-04
0.0160907       	-1.07002488e-04
0.0160913       	-1.07002488e-04
0.0160919       	-1.07002488e-04
0.0160926       	-1.07002488e-04
0.0160932       	-1.07002488e-04
0.0160938       	-1.07002488e-04
0.0160945       	-1.07002488e-04
0.0160951       	-1.07002488e-04
0.0160957       	-1.07002488e-04
0.0160963       	-1.07002488e-04
0.016097        	-1.07002488e-04
0.0160976       	-1.07002488e-04
0.0160982       	-1.07002488e-04
0.0160988       	-1.07002488e-04
0.0160995       	-1.07002488e-04
0.0161001       	-1.07002488e-04
0.0161007       	-1.07002488e-04
0.0161013       	-1.07002488e-04
0.016102        	-1.07002488e-04
0.0161026       	-1.07002488e-04
0.0161032       	-1.07002488e-04
0.0161038       	-1.07002488e-04
0.0161044       	-1.07002488e-04
0.0161051       	-1.07002488e-04
0.0161057       	-1.07002488e-04
0.0161063       	-1.07002488e-04
0.0161069       	-1.07002488e-04
0.0161075       	-1.07002488e-04
0.0161081       	-1.07002488e-04
0.0161087       	-1.07002488e-04
0.0161094       	-1.07002488e-04
0.01611         	-1.07002488e-04
0.0161106       	-1.07002488e-04
0.0161112       	-1.07002488e-04
0.0161118       	-1.07002488e-04
0.0161124       	-1.07002488e-04
0.016113        	-1.07002488e-04
0.0161136       	-1.07002488e-04
0.0161142       	-1.07002488e-04
0.0161148       	-1.07002488e-04
0.0161154       	-1.07002488e-04
0.0161161       	-1.07002488e-04
0.0161167       	-1.07002488e-04
0.0161173       	-1.07002488e-04
0.0161179       	-1.07002488e-04
0.0161185       	-1.07002488e-04
0.0161191       	-1.07002488e-04
0.0161197       	-1.07002488e-04
0.0161203       	-1.07002488e-04
0.0161209       	-1.07002488e-04
0.0161215       	-1.07002488e-04
0.0161221       	-1.07002488e-04
0.0161227       	-1.07002488e-04
0.0161233       	-1.07002488e-04
0.0161239       	-1.07002488e-04
0.0161245       	-1.07002488e-04
0.0161251       	-1.07002488e-04
0.0161257       	-1.07002488e-04
0.0161263       	-1.07002488e-04
0.0161269       	-1.07002488e-04
0.0161275       	-1.07002488e-04
0.016128        	-1.07002488e-04
0.0161286       	-1.07002488e-04
0.0161292       	-1.07002488e-04
0.0161298       	-1.07002488e-04
0.0161304       	-1.07002488e-04
0.016131        	-1.07002488e-04
0.0161316       	-1.07002488e-04
0.0161322       	-1.07002488e-04
0.0161328       	-1.07002488e-04
0.0161334       	-1.07002488e-04
0.016134        	-1.07002488e-04
0.0161346       	-1.07002488e-04
0.0161352       	-1.07002488e-04
0.0161358       	-1.07002488e-04
0.0161364       	-1.07002488e-04
0.016137        	-1.07002488e-04
0.0161376       	-1.07002488e-04
0.0161382       	-1.07002488e-04
0.0161388       	-1.07002488e-04
0.0161393       	-1.07002488e-04
0.0161399       	-1.07002488e-04
0.0161405       	-1.07002488e-04
0.0161411       	-1.07002488e-04
0.0161417       	-1.07002488e-04
0.0161423       	-1.07002488e-04
0.0161429       	-1.07002488e-04
0.0161435       	-1.07002488e-04
0.0161441       	-1.07002488e-04
0.0161447       	-1.07002488e-04
0.0161453       	-1.07002488e-04
0.0161459       	-1.07002488e-04
0.0161465       	-1.07002488e-04
0.0161471       	-1.07002488e-04
0.0161477       	-1.07002488e-04
0.0161483       	-1.07002488e-04
0.0161489       	-1.07002488e-04
0.0161495       	-1.07002488e-04
0.0161501       	-1.07002488e-04
0.0161507       	-1.07002488e-04
0.0161513       	-1.07002488e-04
0.0161519       	-1.07002488e-04
0.0161525       	-1.07002488e-04
0.0161531       	-1.07002488e-04
0.0161537       	-1.07002488e-04
0.0161543       	-1.07002488e-04
0.0161549       	-1.07002488e-04
0.0161555       	-1.07002488e-04
0.0161561       	-1.07002488e-04
0.0161567       	-1.07002488e-04
0.0161573       	-1.07002488e-04
0.0161579       	-1.07002488e-04
0.0161585       	-1.07002488e-04
0.0161591       	-1.07002488e-04
0.0161597       	-1.07002488e-04
0.0161603       	-1.07002488e-04
0.0161609       	-1.07002488e-04
0.0161615       	-1.07002488e-04
0.0161621       	-1.07002488e-04
0.0161627       	-1.07002488e-04
0.0161633       	-1.07002488e-04
0.0161639       	-1.07002488e-04
0.0161645       	-1.07002488e-04
0.0161651       	-1.07002488e-04
0.0161657       	-1.07002488e-04
0.0161663       	-1.07002488e-04
0.016167        	-1.07002488e-04
0.0161676       	-1.07002488e-04
0.0161682       	-1.07002488e-04
0.0161688       	-1.07002488e-04
0.0161694       	-1.07002488e-04
0.01617         	-1.07002488e-04
0.0161706       	-1.07002488e-04
0.0161712       	-1.07002488e-04
0.0161718       	-1.07002488e-04
0.0161724       	-1.07002488e-04
0.016173        	-1.07002488e-04
0.0161736       	-1.07002488e-04
0.0161742       	-1.07002488e-04
0.0161748       	-1.07002488e-04
0.0161754       	-1.07002488e-04
0.016176        	-1.07002488e-04
0.0161766       	-1.07002488e-04
0.0161772       	-1.07002488e-04
0.0161778       	-1.07002488e-04
0.0161784       	-1.07002488e-04
0.016179        	-1.07002488e-04
0.0161796       	-1.07002488e-04
0.0161802       	-1.07002488e-04
0.0161808       	-1.07002488e-04
0.0161814       	-1.07002488e-04
0.016182        	-1.07002488e-04
0.0161826       	-1.07002488e-04
0.0161832       	-1.07002488e-04
0.0161838       	-1.07002488e-04
0.0161844       	-1.07002488e-04
0.016185        	-1.07002488e-04
0.0161856       	-1.07002488e-04
0.0161862       	-1.07002488e-04
0.0161868       	-1.07002488e-04
0.0161874       	-1.07002488e-04
0.016188        	-1.07002488e-04
0.0161886       	-1.07002488e-04
0.0161892       	-1.07002488e-04
0.0161898       	-1.07002488e-04
0.0161904       	-1.07002488e-04
0.016191        	-1.07002488e-04
0.0161916       	-1.07002488e-04
0.0161922       	-1.07002488e-04
0.0161928       	-1.07002488e-04
0.0161934       	-1.07002488e-04
0.016194        	-1.07002488e-04
0.0161946       	-1.07002488e-04
0.0161952       	-1.07002488e-04
0.0161958       	-1.07002488e-04
0.0161964       	-1.07002488e-04
0.016197        	-1.07002488e-04
0.0161976       	-1.07002488e-04
0.0161982       	-1.07002488e-04
0.0161988       	-1.07002488e-04
0.0161994       	-1.07002488e-04
0.0162          	-1.07002488e-04
0.0162006       	-1.07002488e-04
0.0162012       	-1.07002488e-04
0.0162018       	-1.07002488e-04
0.0162024       	-1.07002488e-04
0.016203        	-1.07002488e-04
0.0162036       	-1.07002488e-04
0.0162042       	-1.07002488e-04
0.0162047       	-1.07002488e-04
0.0162053       	-1.07002488e-04
0.0162059       	-1.07002488e-04
0.0162065       	-1.07002488e-04
0.0162071       	-1.07002488e-04
0.0162077       	-1.07002488e-04
0.0162083       	-1.07002488e-04
0.0162089       	-1.07002488e-04
0.0162095       	-1.07002488e-04
0.0162101       	-1.07002488e-04
0.0162107       	-1.07002488e-04
0.0162113       	-1.07002488e-04
0.0162119       	-1.07002488e-04
0.0162125       	-1.07002488e-04
0.0162131       	-1.07002488e-04
0.0162137       	-1.07002488e-04
0.0162143       	-1.07002488e-04
0.0162149       	-1.07002488e-04
0.0162155       	-1.07002488e-04
0.0162161       	-1.07002488e-04
0.0162167       	-1.07002488e-04
0.0162173       	-1.07002488e-04
0.0162179       	-1.07002488e-04
0.0162185       	-1.07002488e-04
0.0162191       	-1.07002488e-04
0.0162197       	-1.07002488e-04
0.0162203       	-1.07002488e-04
0.0162209       	-1.07002488e-04
0.0162215       	-1.07002488e-04
0.0162222       	-1.07002488e-04
0.0162228       	-1.07002488e-04
0.0162234       	-1.07002488e-04
0.016224        	-1.07002488e-04
0.0162246       	-1.07002488e-04
0.0162252       	-1.07002488e-04
0.0162258       	-1.07002488e-04
0.0162264       	-1.07002488e-04
0.016227        	-1.07002488e-04
0.0162276       	-1.07002488e-04
0.0162282       	-1.07002488e-04
0.0162289       	-1.07002488e-04
0.0162295       	-1.07002488e-04
0.0162301       	-1.07002488e-04
0.0162307       	-1.07002488e-04
0.0162313       	-1.07002488e-04
0.0162319       	-1.07002488e-04
0.0162325       	-1.07002488e-04
0.0162331       	-1.07002488e-04
0.0162338       	-1.07002488e-04
0.0162344       	-1.07002488e-04
0.016235        	-1.07002488e-04
0.0162356       	-1.07002488e-04
0.0162362       	-1.07002488e-04
0.0162368       	-1.07002488e-04
0.0162374       	-1.07002488e-04
0.016238        	-1.07002488e-04
0.0162387       	-1.07002488e-04
0.0162393       	-1.07002488e-04
0.0162399       	-1.07002488e-04
0.0162405       	-1.07002488e-04
0.0162411       	-1.07002488e-04
0.0162417       	-1.07002488e-04
0.0162423       	-1.07002488e-04
0.016243        	-1.07002488e-04
0.0162436       	-1.07002488e-04
0.0162442       	-1.07002488e-04
0.0162448       	-1.07002488e-04
0.0162454       	-1.07002488e-04
0.016246        	-1.07002488e-04
0.0162466       	-1.07002488e-04
0.0162473       	-1.07002488e-04
0.0162479       	-1.07002488e-04
0.0162485       	-1.07002488e-04
0.0162491       	-1.07002488e-04
0.0162497       	-1.07002488e-04
0.0162503       	-1.07002488e-04
0.0162509       	-1.07002488e-04
0.0162515       	-1.07002488e-04
0.0162522       	-1.07002488e-04
0.0162528       	-1.07002488e-04
0.0162534       	-1.07002488e-04
0.016254        	-1.07002488e-04
0.0162546       	-1.07002488e-04
0.0162552       	-1.07002488e-04
0.0162558       	-1.07002488e-04
0.0162565       	-1.07002488e-04
0.0162571       	-1.07002488e-04
0.0162577       	-1.07002488e-04
0.0162583       	-1.07002488e-04
0.0162589       	-1.07002488e-04
0.0162595       	-1.07002488e-04
0.0162602       	-1.07002488e-04
0.0162608       	-1.07002488e-04
0.0162614       	-1.07002488e-04
0.016262        	-1.07002488e-04
0.0162626       	-1.07002488e-04
0.0162632       	-1.07002488e-04
0.0162639       	-1.07002488e-04
0.0162645       	-1.07002488e-04
0.0162651       	-1.07002488e-04
0.0162657       	-1.07002488e-04
0.0162663       	-1.07002488e-04
0.0162669       	-1.07002488e-04
0.0162676       	-1.07002488e-04
0.0162682       	-1.07002488e-04
0.0162688       	-1.07002488e-04
0.0162694       	-1.07002488e-04
0.01627         	-1.07002488e-04
0.0162707       	-1.07002488e-04
0.0162713       	-1.07002488e-04
0.0162719       	-1.07002488e-04
0.0162725       	-1.07002488e-04
0.0162732       	-1.07002488e-04
0.0162738       	-1.07002488e-04
0.0162744       	-1.07002488e-04
0.016275        	-1.07002488e-04
0.0162757       	-1.07002488e-04
0.0162763       	-1.07002488e-04
0.0162769       	-1.07002488e-04
0.0162776       	-1.07002488e-04
0.0162782       	-1.07002488e-04
0.0162788       	-1.07002488e-04
0.0162794       	-1.07002488e-04
0.0162801       	-1.07002488e-04
0.0162807       	-1.07002488e-04
0.0162813       	-1.07002488e-04
0.016282        	-1.07002488e-04
0.0162826       	-1.07002488e-04
0.0162832       	-1.07002488e-04
0.0162839       	-1.07002488e-04
0.0162845       	-1.07002488e-04
0.0162851       	-1.07002488e-04
0.0162858       	-1.07002488e-04
0.0162864       	-1.07002488e-04
0.016287        	-1.07002488e-04
0.0162877       	-1.07002488e-04
0.0162883       	-1.07002488e-04
0.0162889       	-1.07002488e-04
0.0162896       	-1.07002488e-04
0.0162902       	-1.07002488e-04
0.0162909       	-1.07002488e-04
0.0162915       	-1.07002488e-04
0.0162921       	-1.07002488e-04
0.0162928       	-1.07002488e-04
0.0162934       	-1.07002488e-04
0.016294        	-1.07002488e-04
0.0162947       	-1.07002488e-04
0.0162953       	-1.07002488e-04
0.016296        	-1.07002488e-04
0.0162966       	-1.07002488e-04
0.0162973       	-1.07002488e-04
0.0162979       	-1.07002488e-04
0.0162985       	-1.07002488e-04
0.0162992       	-1.07002488e-04
0.0162998       	-1.07002488e-04
0.0163005       	-1.07002488e-04
0.0163011       	-1.07002488e-04
0.0163018       	-1.07002488e-04
0.0163024       	-1.07002488e-04
0.016303        	-1.07002488e-04
0.0163037       	-1.07002488e-04
0.0163043       	-1.07002488e-04
0.016305        	-1.07002488e-04
0.0163056       	-1.07002488e-04
0.0163062       	-1.07002488e-04
0.0163069       	-1.07002488e-04
0.0163075       	-1.07002488e-04
0.0163082       	-1.07002488e-04
0.0163088       	-1.07002488e-04
0.0163095       	-1.07002488e-04
0.0163101       	-1.07002488e-04
0.0163107       	-1.07002488e-04
0.0163114       	-1.07002488e-04
0.016312        	-1.07002488e-04
0.0163127       	-1.07002488e-04
0.0163133       	-1.07002488e-04
0.016314        	-1.07002488e-04
0.0163146       	-1.07002488e-04
0.0163152       	-1.07002488e-04
0.0163159       	-1.07002488e-04
0.0163165       	-1.07002488e-04
0.0163172       	-1.07002488e-04
0.0163178       	-1.07002488e-04
0.0163184       	-1.07002488e-04
0.0163191       	-1.07002488e-04
0.0163197       	-1.07002488e-04
0.0163204       	-1.07002488e-04
0.016321        	-1.07002488e-04
0.0163217       	-1.07002488e-04
0.0163223       	-1.07002488e-04
0.0163229       	-1.07002488e-04
0.0163236       	-1.07002488e-04
0.0163242       	-1.07002488e-04
0.0163249       	-1.07002488e-04
0.0163255       	-1.07002488e-04
0.0163262       	-1.07002488e-04
0.0163268       	-1.07002488e-04
0.0163274       	-1.07002488e-04
0.0163281       	-1.07002488e-04
0.0163287       	-1.07002488e-04
0.0163294       	-1.07002488e-04
0.01633         	-1.07002488e-04
0.0163306       	-1.07002488e-04
0.0163313       	-1.07002488e-04
0.0163319       	-1.07002488e-04
0.0163326       	-1.07002488e-04
0.0163332       	-1.07002488e-04
0.0163339       	-1.07002488e-04
0.0163345       	-1.07002488e-04
0.0163351       	-1.07002488e-04
0.0163358       	-1.07002488e-04
0.0163364       	-1.07002488e-04
0.0163371       	-1.07002488e-04
0.0163377       	-1.07002488e-04
0.0163384       	-1.07002488e-04
0.016339        	-1.07002488e-04
0.0163397       	-1.07002488e-04
0.0163403       	-1.07002488e-04
0.016341        	-1.07002488e-04
0.0163416       	-1.07002488e-04
0.0163423       	-1.07002488e-04
0.0163429       	-1.07002488e-04
0.0163436       	-1.07002488e-04
0.0163442       	-1.07002488e-04
0.0163449       	-1.07002488e-04
0.0163455       	-1.07002488e-04
0.0163462       	-1.07002488e-04
0.0163468       	-1.07002488e-04
0.0163475       	-1.07002488e-04
0.0163481       	-1.07002488e-04
0.0163488       	-1.07002488e-04
0.0163495       	-1.07002488e-04
0.0163501       	-1.07002488e-04
0.0163508       	-1.07002488e-04
0.0163514       	-1.07002488e-04
0.0163521       	-1.07002488e-04
0.0163527       	-1.07002488e-04
0.0163534       	-1.07002488e-04
0.0163541       	-1.07002488e-04
0.0163547       	-1.07002488e-04
0.0163554       	-1.07002488e-04
0.0163561       	-1.07002488e-04
0.0163567       	-1.07002488e-04
0.0163574       	-1.07002488e-04
0.0163581       	-1.07002488e-04
0.0163587       	-1.07002488e-04
0.0163594       	-1.07002488e-04
0.0163601       	-1.07002488e-04
0.0163607       	-1.07002488e-04
0.0163614       	-1.07002488e-04
0.0163621       	-1.07002488e-04
0.0163627       	-1.07002488e-04
0.0163634       	-1.07002488e-04
0.0163641       	-1.07002488e-04
0.0163647       	-1.07002488e-04
0.0163654       	-1.07002488e-04
0.0163661       	-1.07002488e-04
0.0163668       	-1.07002488e-04
0.0163674       	-1.07002488e-04
0.0163681       	-1.07002488e-04
0.0163688       	-1.07002488e-04
0.0163695       	-1.07002488e-04
0.0163702       	-1.07002488e-04
0.0163708       	-1.07002488e-04
0.0163715       	-1.07002488e-04
0.0163722       	-1.07002488e-04
0.0163729       	-1.07002488e-04
0.0163735       	-1.07002488e-04
0.0163742       	-1.07002488e-04
0.0163749       	-1.07002488e-04
0.0163756       	-1.07002488e-04
0.0163763       	-1.07002488e-04
0.0163769       	-1.07002488e-04
0.0163776       	-1.07002488e-04
0.0163783       	-1.07002488e-04
0.016379        	-1.07002488e-04
0.0163797       	-1.07002488e-04
0.0163803       	-1.07002488e-04
0.016381        	-1.07002488e-04
0.0163817       	-1.07002488e-04
0.0163824       	-1.07002488e-04
0.016383        	-1.07002488e-04
0.0163837       	-1.07002488e-04
0.0163844       	-1.07002488e-04
0.0163851       	-1.07002488e-04
0.0163858       	-1.07002488e-04
0.0163864       	-1.07002488e-04
0.0163871       	-1.07002488e-04
0.0163878       	-1.07002488e-04
0.0163885       	-1.07002488e-04
0.0163891       	-1.07002488e-04
0.0163898       	-1.07002488e-04
0.0163905       	-1.07002488e-04
0.0163912       	-1.07002488e-04
0.0163919       	-1.07002488e-04
0.0163925       	-1.07002488e-04
0.0163932       	-1.07002488e-04
0.0163939       	-1.07002488e-04
0.0163946       	-1.07002488e-04
0.0163953       	-1.07002488e-04
0.0163959       	-1.07002488e-04
0.0163966       	-1.07002488e-04
0.0163973       	-1.07002488e-04
0.016398        	-1.07002488e-04
0.0163986       	-1.07002488e-04
0.0163993       	-1.07002488e-04
0.0164          	-1.07002488e-04
0.0164007       	-1.07002488e-04
0.0164014       	-1.07002488e-04
0.0164021       	-1.07002488e-04
0.0164027       	-1.07002488e-04
0.0164034       	-1.07002488e-04
0.0164041       	-1.07002488e-04
0.0164048       	-1.07002488e-04
0.0164055       	-1.07002488e-04
0.0164062       	-1.07002488e-04
0.0164068       	-1.07002488e-04
0.0164075       	-1.07002488e-04
0.0164082       	-1.07002488e-04
0.0164089       	-1.07002488e-04
0.0164096       	-1.07002488e-04
0.0164103       	-1.07002488e-04
0.016411        	-1.07002488e-04
0.0164117       	-1.07002488e-04
0.0164123       	-1.07002488e-04
0.016413        	-1.07002488e-04
0.0164137       	-1.07002488e-04
0.0164144       	-1.07002488e-04
0.0164151       	-1.07002488e-04
0.0164158       	-1.07002488e-04
0.0164165       	-1.07002488e-04
0.0164172       	-1.07002488e-04
0.0164179       	-1.07002488e-04
0.0164185       	-1.07002488e-04
0.0164192       	-1.07002488e-04
0.0164199       	-1.07002488e-04
0.0164206       	-1.07002488e-04
0.0164213       	-1.07002488e-04
0.016422        	-1.07002488e-04
0.0164227       	-1.07002488e-04
0.0164234       	-1.07002488e-04
0.0164241       	-1.07002488e-04
0.0164248       	-1.07002488e-04
0.0164255       	-1.07002488e-04
0.0164262       	-1.07002488e-04
0.0164269       	-1.07002488e-04
0.0164276       	-1.07002488e-04
0.0164283       	-1.07002488e-04
0.016429        	-1.07002488e-04
0.0164297       	-1.07002488e-04
0.0164304       	-1.07002488e-04
0.0164311       	-1.07002488e-04
0.0164318       	-1.07002488e-04
0.0164325       	-1.07002488e-04
0.0164332       	-1.07002488e-04
0.0164339       	-1.07002488e-04
0.0164346       	-1.07002488e-04
0.0164353       	-1.07002488e-04
0.016436        	-1.07002488e-04
0.0164367       	-1.07002488e-04
0.0164374       	-1.07002488e-04
0.0164381       	-1.07002488e-04
0.0164388       	-1.07002488e-04
0.0164396       	-1.07002488e-04
0.0164403       	-1.07002488e-04
0.016441        	-1.07002488e-04
0.0164417       	-1.07002488e-04
0.0164424       	-1.07002488e-04
0.0164431       	-1.07002488e-04
0.0164438       	-1.07002488e-04
0.0164446       	-1.07002488e-04
0.0164453       	-1.07002488e-04
0.016446        	-1.07002488e-04
0.0164467       	-1.07002488e-04
0.0164475       	-1.07002488e-04
0.0164482       	-1.07002488e-04
0.0164489       	-1.07002488e-04
0.0164496       	-1.07002488e-04
0.0164504       	-1.07002488e-04
0.0164511       	-1.07002488e-04
0.0164518       	-1.07002488e-04
0.0164525       	-1.07002488e-04
0.0164533       	-1.07002488e-04
0.016454        	-1.07002488e-04
0.0164547       	-1.07002488e-04
0.0164555       	-1.07002488e-04
0.0164562       	-1.07002488e-04
0.0164569       	-1.07002488e-04
0.0164577       	-1.07002488e-04
0.0164584       	-1.07002488e-04
0.0164592       	-1.07002488e-04
0.0164599       	-1.07002488e-04
0.0164606       	-1.07002488e-04
0.0164614       	-1.07002488e-04
0.0164621       	-1.07002488e-04
0.0164629       	-1.07002488e-04
0.0164636       	-1.07002488e-04
0.0164643       	-1.07002488e-04
0.0164651       	-1.07002488e-04
0.0164658       	-1.07002488e-04
0.0164666       	-1.07002488e-04
0.0164673       	-1.07002488e-04
0.0164681       	-1.07002488e-04
0.0164688       	-1.07002488e-04
0.0164696       	-1.07002488e-04
0.0164703       	-1.07002488e-04
0.016471        	-1.07002488e-04
0.0164718       	-1.07002488e-04
0.0164725       	-1.07002488e-04
0.0164733       	-1.07002488e-04
0.016474        	-1.07002488e-04
0.0164748       	-1.07002488e-04
0.0164755       	-1.07002488e-04
0.0164763       	-1.07002488e-04
0.016477        	-1.07002488e-04
0.0164778       	-1.07002488e-04
0.0164785       	-1.07002488e-04
0.0164793       	-1.07002488e-04
0.01648         	-1.07002488e-04
0.0164808       	-1.07002488e-04
0.0164815       	-1.07002488e-04
0.0164823       	-1.07002488e-04
0.016483        	-1.07002488e-04
0.0164838       	-1.07002488e-04
0.0164845       	-1.07002488e-04
0.0164853       	-1.07002488e-04
0.016486        	-1.07002488e-04
0.0164868       	-1.07002488e-04
0.0164875       	-1.07002488e-04
0.0164883       	-1.07002488e-04
0.016489        	-1.07002488e-04
0.0164898       	-1.07002488e-04
0.0164905       	-1.07002488e-04
0.0164913       	-1.07002488e-04
0.016492        	-1.07002488e-04
0.0164928       	-1.07002488e-04
0.0164935       	-1.07002488e-04
0.0164943       	-1.07002488e-04
0.016495        	-1.07002488e-04
0.0164958       	-1.07002488e-04
0.0164965       	-1.07002488e-04
0.0164973       	-1.07002488e-04
0.016498        	-1.07002488e-04
0.0164988       	-1.07002488e-04
0.0164995       	-1.07002488e-04
0.0165003       	-1.07002488e-04
0.016501        	-1.07002488e-04
0.0165018       	-1.07002488e-04
0.0165025       	-1.07002488e-04
0.0165033       	-1.07002488e-04
0.016504        	-1.07002488e-04
0.0165048       	-1.07002488e-04
0.0165055       	-1.07002488e-04
0.0165063       	-1.07002488e-04
0.016507        	-1.07002488e-04
0.0165078       	-1.07002488e-04
0.0165085       	-1.07002488e-04
0.0165093       	-1.07002488e-04
0.01651         	-1.07002488e-04
0.0165108       	-1.07002488e-04
0.0165115       	-1.07002488e-04
0.0165123       	-1.07002488e-04
0.016513        	-1.07002488e-04
0.0165138       	-1.07002488e-04
0.0165145       	-1.07002488e-04
0.0165153       	-1.07002488e-04
0.016516        	-1.07002488e-04
0.0165168       	-1.07002488e-04
0.0165175       	-1.07002488e-04
0.0165183       	-1.07002488e-04
0.016519        	-1.07002488e-04
0.0165198       	-1.07002488e-04
0.0165205       	-1.07002488e-04
0.0165213       	-1.07002488e-04
0.016522        	-1.07002488e-04
0.0165228       	-1.07002488e-04
0.0165235       	-1.07002488e-04
0.0165243       	-1.07002488e-04
0.016525        	-1.07002488e-04
0.0165258       	-1.07002488e-04
0.0165265       	-1.07002488e-04
0.0165273       	-1.07002488e-04
0.016528        	-1.07002488e-04
0.0165288       	-1.07002488e-04
0.0165295       	-1.07002488e-04
0.0165303       	-1.07002488e-04
0.0165311       	-1.07002488e-04
0.0165318       	-1.07002488e-04
0.0165326       	-1.07002488e-04
0.0165333       	-1.07002488e-04
0.0165341       	-1.07002488e-04
0.0165348       	-1.07002488e-04
0.0165356       	-1.07002488e-04
0.0165364       	-1.07002488e-04
0.0165371       	-1.07002488e-04
0.0165379       	-1.07002488e-04
0.0165386       	-1.07002488e-04
0.0165394       	-1.07002488e-04
0.0165402       	-1.07002488e-04
0.0165409       	-1.07002488e-04
0.0165417       	-1.07002488e-04
0.0165425       	-1.07002488e-04
0.0165432       	-1.07002488e-04
0.016544        	-1.07002488e-04
0.0165448       	-1.07002488e-04
0.0165455       	-1.07002488e-04
0.0165463       	-1.07002488e-04
0.0165471       	-1.07002488e-04
0.0165478       	-1.07002488e-04
0.0165486       	-1.07002488e-04
0.0165494       	-1.07002488e-04
0.0165501       	-1.07002488e-04
0.0165509       	-1.07002488e-04
0.0165517       	-1.07002488e-04
0.0165524       	-1.07002488e-04
0.0165532       	-1.07002488e-04
0.016554        	-1.07002488e-04
0.0165548       	-1.07002488e-04
0.0165555       	-1.07002488e-04
0.0165563       	-1.07002488e-04
0.0165571       	-1.07002488e-04
0.0165578       	-1.07002488e-04
0.0165586       	-1.07002488e-04
0.0165594       	-1.07002488e-04
0.0165602       	-1.07002488e-04
0.016561        	-1.07002488e-04
0.0165617       	-1.07002488e-04
0.0165625       	-1.07002488e-04
0.0165633       	-1.07002488e-04
0.0165641       	-1.07002488e-04
0.0165649       	-1.07002488e-04
0.0165656       	-1.07002488e-04
0.0165664       	-1.07002488e-04
0.0165672       	-1.07002488e-04
0.016568        	-1.07002488e-04
0.0165688       	-1.07002488e-04
0.0165695       	-1.07002488e-04
0.0165703       	-1.07002488e-04
0.0165711       	-1.07002488e-04
0.0165719       	-1.07002488e-04
0.0165727       	-1.07002488e-04
0.0165734       	-1.07002488e-04
0.0165742       	-1.07002488e-04
0.016575        	-1.07002488e-04
0.0165758       	-1.07002488e-04
0.0165765       	-1.07002488e-04
0.0165773       	-1.07002488e-04
0.0165781       	-1.07002488e-04
0.0165788       	-1.07002488e-04
0.0165796       	-1.07002488e-04
0.0165803       	-1.07002488e-04
0.0165811       	-1.07002488e-04
0.0165818       	-1.07002488e-04
0.0165826       	-1.07002488e-04
0.0165834       	-1.07002488e-04
0.0165841       	-1.07002488e-04
0.0165849       	-1.07002488e-04
0.0165856       	-1.07002488e-04
0.0165864       	-1.07002488e-04
0.0165871       	-1.07002488e-04
0.0165879       	-1.07002488e-04
0.0165887       	-1.07002488e-04
0.0165894       	-1.07002488e-04
0.0165902       	-1.07002488e-04
0.0165909       	-1.07002488e-04
0.0165917       	-1.07002488e-04
0.0165924       	-1.07002488e-04
0.0165932       	-1.07002488e-04
0.0165939       	-1.07002488e-04
0.0165947       	-1.07002488e-04
0.0165955       	-1.07002488e-04
0.0165962       	-1.07002488e-04
0.016597        	-1.07002488e-04
0.0165977       	-1.07002488e-04
0.0165985       	-1.07002488e-04
0.0165992       	-1.07002488e-04
0.0166          	-1.07002488e-04
0.0166007       	-1.07002488e-04
0.0166015       	-1.07002488e-04
0.0166022       	-1.07002488e-04
0.016603        	-1.07002488e-04
0.0166037       	-1.07002488e-04
0.0166044       	-1.07002488e-04
0.0166052       	-1.07002488e-04
0.0166059       	-1.07002488e-04
0.0166067       	-1.07002488e-04
0.0166074       	-1.07002488e-04
0.0166081       	-1.07002488e-04
0.0166089       	-1.07002488e-04
0.0166096       	-1.07002488e-04
0.0166103       	-1.07002488e-04
0.0166111       	-1.07002488e-04
0.0166118       	-1.07002488e-04
0.0166125       	-1.07002488e-04
0.0166132       	-1.07002488e-04
0.016614        	-1.07002488e-04
0.0166147       	-1.07002488e-04
0.0166154       	-1.07002488e-04
0.0166162       	-1.07002488e-04
0.0166169       	-1.07002488e-04
0.0166176       	-1.07002488e-04
0.0166183       	-1.07002488e-04
0.016619        	-1.07002488e-04
0.0166198       	-1.07002488e-04
0.0166205       	-1.07002488e-04
0.0166212       	-1.07002488e-04
0.0166219       	-1.07002488e-04
0.0166226       	-1.07002488e-04
0.0166234       	-1.07002488e-04
0.0166241       	-1.07002488e-04
0.0166248       	-1.07002488e-04
0.0166255       	-1.07002488e-04
0.0166262       	-1.07002488e-04
0.0166269       	-1.07002488e-04
0.0166277       	-1.07002488e-04
0.0166284       	-1.07002488e-04
0.0166291       	-1.07002488e-04
0.0166298       	-1.07002488e-04
0.0166305       	-1.07002488e-04
0.0166312       	-1.07002488e-04
0.0166319       	-1.07002488e-04
0.0166326       	-1.07002488e-04
0.0166333       	-1.07002488e-04
0.0166341       	-1.07002488e-04
0.0166348       	-1.07002488e-04
0.0166355       	-1.07002488e-04
0.0166362       	-1.07002488e-04
0.0166369       	-1.07002488e-04
0.0166376       	-1.07002488e-04
0.0166383       	-1.07002488e-04
0.016639        	-1.07002488e-04
0.0166397       	-1.07002488e-04
0.0166404       	-1.07002488e-04
0.0166411       	-1.07002488e-04
0.0166419       	-1.07002488e-04
0.0166426       	-1.07002488e-04
0.0166433       	-1.07002488e-04
0.016644        	-1.07002488e-04
0.0166447       	-1.07002488e-04
0.0166454       	-1.07002488e-04
0.0166461       	-1.07002488e-04
0.0166468       	-1.07002488e-04
0.0166475       	-1.07002488e-04
0.0166482       	-1.07002488e-04
0.0166489       	-1.07002488e-04
0.0166496       	-1.07002488e-04
0.0166503       	-1.07002488e-04
0.016651        	-1.07002488e-04
0.0166517       	-1.07002488e-04
0.0166524       	-1.07002488e-04
0.0166531       	-1.07002488e-04
0.0166539       	-1.07002488e-04
0.0166546       	-1.07002488e-04
0.0166553       	-1.07002488e-04
0.016656        	-1.07002488e-04
0.0166567       	-1.07002488e-04
0.0166574       	-1.07002488e-04
0.0166581       	-1.07002488e-04
0.0166588       	-1.07002488e-04
0.0166595       	-1.07002488e-04
0.0166602       	-1.07002488e-04
0.0166609       	-1.07002488e-04
0.0166616       	-1.07002488e-04
0.0166623       	-1.07002488e-04
0.016663        	-1.07002488e-04
0.0166637       	-1.07002488e-04
0.0166644       	-1.07002488e-04
0.0166651       	-1.07002488e-04
0.0166658       	-1.07002488e-04
0.0166665       	-1.07002488e-04
0.0166672       	-1.07002488e-04
0.0166679       	-1.07002488e-04
0.0166686       	-1.07002488e-04
0.0166693       	-1.07002488e-04
0.0166701       	-1.07002488e-04
0.0166708       	-1.07002488e-04
0.0166715       	-1.07002488e-04
0.0166722       	-1.07002488e-04
0.0166729       	-1.07002488e-04
0.0166736       	-1.07002488e-04
0.0166743       	-1.07002488e-04
0.016675        	-1.07002488e-04
0.0166757       	-1.07002488e-04
0.0166764       	-1.07002488e-04
0.0166771       	-1.07002488e-04
0.0166778       	-1.07002488e-04
0.0166785       	-1.07002488e-04
0.0166792       	-1.07002488e-04
0.0166798       	-1.07002488e-04
0.0166805       	-1.07002488e-04
0.0166812       	-1.07002488e-04
0.0166819       	-1.07002488e-04
0.0166826       	-1.07002488e-04
0.0166833       	-1.07002488e-04
0.016684        	-1.07002488e-04
0.0166847       	-1.07002488e-04
0.0166854       	-1.07002488e-04
0.0166861       	-1.07002488e-04
0.0166868       	-1.07002488e-04
0.0166875       	-1.07002488e-04
0.0166881       	-1.07002488e-04
0.0166888       	-1.07002488e-04
0.0166895       	-1.07002488e-04
0.0166902       	-1.07002488e-04
0.0166909       	-1.07002488e-04
0.0166916       	-1.07002488e-04
0.0166922       	-1.07002488e-04
0.0166929       	-1.07002488e-04
0.0166936       	-1.07002488e-04
0.0166943       	-1.07002488e-04
0.016695        	-1.07002488e-04
0.0166956       	-1.07002488e-04
0.0166963       	-1.07002488e-04
0.016697        	-1.07002488e-04
0.0166977       	-1.07002488e-04
0.0166983       	-1.07002488e-04
0.016699        	-1.07002488e-04
0.0166997       	-1.07002488e-04
0.0167004       	-1.07002488e-04
0.016701        	-1.07002488e-04
0.0167017       	-1.07002488e-04
0.0167024       	-1.07002488e-04
0.016703        	-1.07002488e-04
0.0167037       	-1.07002488e-04
0.0167044       	-1.07002488e-04
0.016705        	-1.07002488e-04
0.0167057       	-1.07002488e-04
0.0167064       	-1.07002488e-04
0.016707        	-1.07002488e-04
0.0167077       	-1.07002488e-04
0.0167083       	-1.07002488e-04
0.016709        	-1.07002488e-04
0.0167097       	-1.07002488e-04
0.0167103       	-1.07002488e-04
0.016711        	-1.07002488e-04
0.0167116       	-1.07002488e-04
0.0167123       	-1.07002488e-04
0.0167129       	-1.07002488e-04
0.0167136       	-1.07002488e-04
0.0167143       	-1.07002488e-04
0.0167149       	-1.07002488e-04
0.0167156       	-1.07002488e-04
0.0167162       	-1.07002488e-04
0.0167169       	-1.07002488e-04
0.0167175       	-1.07002488e-04
0.0167182       	-1.07002488e-04
0.0167188       	-1.07002488e-04
0.0167194       	-1.07002488e-04
0.0167201       	-1.07002488e-04
0.0167207       	-1.07002488e-04
0.0167214       	-1.07002488e-04
0.016722        	-1.07002488e-04
0.0167227       	-1.07002488e-04
0.0167233       	-1.07002488e-04
0.0167239       	-1.07002488e-04
0.0167246       	-1.07002488e-04
0.0167252       	-1.07002488e-04
0.0167259       	-1.07002488e-04
0.0167265       	-1.07002488e-04
0.0167271       	-1.07002488e-04
0.0167278       	-1.07002488e-04
0.0167284       	-1.07002488e-04
0.0167291       	-1.07002488e-04
0.0167297       	-1.07002488e-04
0.0167303       	-1.07002488e-04
0.016731        	-1.07002488e-04
0.0167316       	-1.07002488e-04
0.0167322       	-1.07002488e-04
0.0167329       	-1.07002488e-04
0.0167335       	-1.07002488e-04
0.0167341       	-1.07002488e-04
0.0167348       	-1.07002488e-04
0.0167354       	-1.07002488e-04
0.016736        	-1.07002488e-04
0.0167367       	-1.07002488e-04
0.0167373       	-1.07002488e-04
0.0167379       	-1.07002488e-04
0.0167386       	-1.07002488e-04
0.0167392       	-1.07002488e-04
0.0167398       	-1.07002488e-04
0.0167405       	-1.07002488e-04
0.0167411       	-1.07002488e-04
0.0167417       	-1.07002488e-04
0.0167424       	-1.07002488e-04
0.016743        	-1.07002488e-04
0.0167436       	-1.07002488e-04
0.0167443       	-1.07002488e-04
0.0167449       	-1.07002488e-04
0.0167455       	-1.07002488e-04
0.0167462       	-1.07002488e-04
0.0167468       	-1.07002488e-04
0.0167474       	-1.07002488e-04
0.0167481       	-1.07002488e-04
0.0167487       	-1.07002488e-04
0.0167493       	-1.07002488e-04
0.01675         	-1.07002488e-04
0.0167506       	-1.07002488e-04
0.0167512       	-1.07002488e-04
0.0167519       	-1.07002488e-04
0.0167525       	-1.07002488e-04
0.0167531       	-1.07002488e-04
0.0167538       	-1.07002488e-04
0.0167544       	-1.07002488e-04
0.016755        	-1.07002488e-04
0.0167557       	-1.07002488e-04
0.0167563       	-1.07002488e-04
0.0167569       	-1.07002488e-04
0.0167576       	-1.07002488e-04
0.0167582       	-1.07002488e-04
0.0167588       	-1.07002488e-04
0.0167595       	-1.07002488e-04
0.0167601       	-1.07002488e-04
0.0167607       	-1.07002488e-04
0.0167614       	-1.07002488e-04
0.016762        	-1.07002488e-04
0.0167626       	-1.07002488e-04
0.0167633       	-1.07002488e-04
0.0167639       	-1.07002488e-04
0.0167645       	-1.07002488e-04
0.0167652       	-1.07002488e-04
0.0167658       	-1.07002488e-04
0.0167664       	-1.07002488e-04
0.0167671       	-1.07002488e-04
0.0167677       	-1.07002488e-04
0.0167683       	-1.07002488e-04
0.016769        	-1.07002488e-04
0.0167696       	-1.07002488e-04
0.0167702       	-1.07002488e-04
0.0167709       	-1.07002488e-04
0.0167715       	-1.07002488e-04
0.0167721       	-1.07002488e-04
0.0167728       	-1.07002488e-04
0.0167734       	-1.07002488e-04
0.016774        	-1.07002488e-04
0.0167747       	-1.07002488e-04
0.0167753       	-1.07002488e-04
0.0167759       	-1.07002488e-04
0.0167766       	-1.07002488e-04
0.0167772       	-1.07002488e-04
0.0167778       	-1.07002488e-04
0.0167785       	-1.07002488e-04
0.0167791       	-1.07002488e-04
0.0167797       	-1.07002488e-04
0.0167804       	-1.07002488e-04
0.016781        	-1.07002488e-04
0.0167816       	-1.07002488e-04
0.0167823       	-1.07002488e-04
0.0167829       	-1.07002488e-04
0.0167835       	-1.07002488e-04
0.0167842       	-1.07002488e-04
0.0167848       	-1.07002488e-04
0.0167854       	-1.07002488e-04
0.0167861       	-1.07002488e-04
0.0167867       	-1.07002488e-04
0.0167873       	-1.07002488e-04
0.016788        	-1.07002488e-04
0.0167886       	-1.07002488e-04
0.0167892       	-1.07002488e-04
0.0167899       	-1.07002488e-04
0.0167905       	-1.07002488e-04
0.0167911       	-1.07002488e-04
0.0167918       	-1.07002488e-04
0.0167924       	-1.07002488e-04
0.016793        	-1.07002488e-04
0.0167937       	-1.07002488e-04
0.0167943       	-1.07002488e-04
0.0167949       	-1.07002488e-04
0.0167956       	-1.07002488e-04
0.0167962       	-1.07002488e-04
0.0167968       	-1.07002488e-04
0.0167975       	-1.07002488e-04
0.0167981       	-1.07002488e-04
0.0167987       	-1.07002488e-04
0.0167994       	-1.07002488e-04
0.0168          	-1.07002488e-04
0.0168006       	-1.07002488e-04
0.0168012       	-1.07002488e-04
0.0168019       	-1.07002488e-04
0.0168025       	-1.07002488e-04
0.0168031       	-1.07002488e-04
0.0168037       	-1.07002488e-04
0.0168043       	-1.07002488e-04
0.0168049       	-1.07002488e-04
0.0168055       	-1.07002488e-04
0.0168062       	-1.07002488e-04
0.0168068       	-1.07002488e-04
0.0168074       	-1.07002488e-04
0.016808        	-1.07002488e-04
0.0168086       	-1.07002488e-04
0.0168092       	-1.07002488e-04
0.0168098       	-1.07002488e-04
0.0168104       	-1.07002488e-04
0.0168111       	-1.07002488e-04
0.0168117       	-1.07002488e-04
0.0168123       	-1.07002488e-04
0.0168129       	-1.07002488e-04
0.0168135       	-1.07002488e-04
0.0168141       	-1.07002488e-04
0.0168147       	-1.07002488e-04
0.0168153       	-1.07002488e-04
0.0168159       	-1.07002488e-04
0.0168165       	-1.07002488e-04
0.0168172       	-1.07002488e-04
0.0168178       	-1.07002488e-04
0.0168184       	-1.07002488e-04
0.016819        	-1.07002488e-04
0.0168196       	-1.07002488e-04
0.0168202       	-1.07002488e-04
0.0168208       	-1.07002488e-04
0.0168214       	-1.07002488e-04
0.016822        	-1.07002488e-04
0.0168226       	-1.07002488e-04
0.0168233       	-1.07002488e-04
0.0168239       	-1.07002488e-04
0.0168245       	-1.07002488e-04
0.0168251       	-1.07002488e-04
0.0168257       	-1.07002488e-04
0.0168263       	-1.07002488e-04
0.0168269       	-1.07002488e-04
0.0168275       	-1.07002488e-04
0.0168281       	-1.07002488e-04
0.0168287       	-1.07002488e-04
0.0168293       	-1.07002488e-04
0.01683         	-1.07002488e-04
0.0168306       	-1.07002488e-04
0.0168312       	-1.07002488e-04
0.0168318       	-1.07002488e-04
0.0168324       	-1.07002488e-04
0.016833        	-1.07002488e-04
0.0168336       	-1.07002488e-04
0.0168342       	-1.07002488e-04
0.0168348       	-1.07002488e-04
0.0168354       	-1.07002488e-04
0.016836        	-1.07002488e-04
0.0168367       	-1.07002488e-04
0.0168373       	-1.07002488e-04
0.0168379       	-1.07002488e-04
0.0168385       	-1.07002488e-04
0.0168391       	-1.07002488e-04
0.0168397       	-1.07002488e-04
0.0168403       	-1.07002488e-04
0.0168409       	-1.07002488e-04
0.0168415       	-1.07002488e-04
0.0168421       	-1.07002488e-04
0.0168428       	-1.07002488e-04
0.0168434       	-1.07002488e-04
0.016844        	-1.07002488e-04
0.0168446       	-1.07002488e-04
0.0168452       	-1.07002488e-04
0.0168458       	-1.07002488e-04
0.0168464       	-1.07002488e-04
0.016847        	-1.07002488e-04
0.0168476       	-1.07002488e-04
0.0168483       	-1.07002488e-04
0.0168489       	-1.07002488e-04
0.0168495       	-1.07002488e-04
0.0168501       	-1.07002488e-04
0.0168507       	-1.07002488e-04
0.0168513       	-1.07002488e-04
0.0168519       	-1.07002488e-04
0.0168525       	-1.07002488e-04
0.0168532       	-1.07002488e-04
0.0168538       	-1.07002488e-04
0.0168544       	-1.07002488e-04
0.016855        	-1.07002488e-04
0.0168556       	-1.07002488e-04
0.0168562       	-1.07002488e-04
0.0168568       	-1.07002488e-04
0.0168574       	-1.07002488e-04
0.0168581       	-1.07002488e-04
0.0168587       	-1.07002488e-04
0.0168593       	-1.07002488e-04
0.0168599       	-1.07002488e-04
0.0168605       	-1.07002488e-04
0.0168611       	-1.07002488e-04
0.0168617       	-1.07002488e-04
0.0168623       	-1.07002488e-04
0.0168629       	-1.07002488e-04
0.0168636       	-1.07002488e-04
0.0168642       	-1.07002488e-04
0.0168648       	-1.07002488e-04
0.0168654       	-1.07002488e-04
0.016866        	-1.07002488e-04
0.0168666       	-1.07002488e-04
0.0168672       	-1.07002488e-04
0.0168678       	-1.07002488e-04
0.0168684       	-1.07002488e-04
0.016869        	-1.07002488e-04
0.0168696       	-1.07002488e-04
0.0168703       	-1.07002488e-04
0.0168709       	-1.07002488e-04
0.0168715       	-1.07002488e-04
0.0168721       	-1.07002488e-04
0.0168727       	-1.07002488e-04
0.0168733       	-1.07002488e-04
0.0168739       	-1.07002488e-04
0.0168745       	-1.07002488e-04
0.0168751       	-1.07002488e-04
0.0168757       	-1.07002488e-04
0.0168763       	-1.07002488e-04
0.016877        	-1.07002488e-04
0.0168776       	-1.07002488e-04
0.0168782       	-1.07002488e-04
0.0168788       	-1.07002488e-04
0.0168794       	-1.07002488e-04
0.01688         	-1.07002488e-04
0.0168806       	-1.07002488e-04
0.0168812       	-1.07002488e-04
0.0168818       	-1.07002488e-04
0.0168825       	-1.07002488e-04
0.0168831       	-1.07002488e-04
0.0168837       	-1.07002488e-04
0.0168843       	-1.07002488e-04
0.0168849       	-1.07002488e-04
0.0168855       	-1.07002488e-04
0.0168861       	-1.07002488e-04
0.0168868       	-1.07002488e-04
0.0168874       	-1.07002488e-04
0.016888        	-1.07002488e-04
0.0168886       	-1.07002488e-04
0.0168892       	-1.07002488e-04
0.0168898       	-1.07002488e-04
0.0168904       	-1.07002488e-04
0.0168911       	-1.07002488e-04
0.0168917       	-1.07002488e-04
0.0168923       	-1.07002488e-04
0.0168929       	-1.07002488e-04
0.0168935       	-1.07002488e-04
0.0168942       	-1.07002488e-04
0.0168948       	-1.07002488e-04
0.0168954       	-1.07002488e-04
0.016896        	-1.07002488e-04
0.0168966       	-1.07002488e-04
0.0168973       	-1.07002488e-04
0.0168979       	-1.07002488e-04
0.0168985       	-1.07002488e-04
0.0168991       	-1.07002488e-04
0.0168998       	-1.07002488e-04
0.0169004       	-1.07002488e-04
0.016901        	-1.07002488e-04
0.0169016       	-1.07002488e-04
0.0169023       	-1.07002488e-04
0.0169029       	-1.07002488e-04
0.0169035       	-1.07002488e-04
0.0169041       	-1.07002488e-04
0.0169048       	-1.07002488e-04
0.0169054       	-1.07002488e-04
0.016906        	-1.07002488e-04
0.0169066       	-1.07002488e-04
0.0169073       	-1.07002488e-04
0.0169079       	-1.07002488e-04
0.0169085       	-1.07002488e-04
0.0169092       	-1.07002488e-04
0.0169098       	-1.07002488e-04
0.0169104       	-1.07002488e-04
0.0169111       	-1.07002488e-04
0.0169117       	-1.07002488e-04
0.0169123       	-1.07002488e-04
0.0169129       	-1.07002488e-04
0.0169136       	-1.07002488e-04
0.0169142       	-1.07002488e-04
0.0169148       	-1.07002488e-04
0.0169155       	-1.07002488e-04
0.0169161       	-1.07002488e-04
0.0169168       	-1.07002488e-04
0.0169174       	-1.07002488e-04
0.016918        	-1.07002488e-04
0.0169187       	-1.07002488e-04
0.0169193       	-1.07002488e-04
0.0169199       	-1.07002488e-04
0.0169206       	-1.07002488e-04
0.0169212       	-1.07002488e-04
0.0169218       	-1.07002488e-04
0.0169225       	-1.07002488e-04
0.0169231       	-1.07002488e-04
0.0169237       	-1.07002488e-04
0.0169244       	-1.07002488e-04
0.016925        	-1.07002488e-04
0.0169257       	-1.07002488e-04
0.0169263       	-1.07002488e-04
0.0169269       	-1.07002488e-04
0.0169276       	-1.07002488e-04
0.0169282       	-1.07002488e-04
0.0169289       	-1.07002488e-04
0.0169295       	-1.07002488e-04
0.0169301       	-1.07002488e-04
0.0169308       	-1.07002488e-04
0.0169314       	-1.07002488e-04
0.0169321       	-1.07002488e-04
0.0169327       	-1.07002488e-04
0.0169334       	-1.07002488e-04
0.016934        	-1.07002488e-04
0.0169346       	-1.07002488e-04
0.0169353       	-1.07002488e-04
0.0169359       	-1.07002488e-04
0.0169366       	-1.07002488e-04
0.0169372       	-1.07002488e-04
0.0169379       	-1.07002488e-04
0.0169385       	-1.07002488e-04
0.0169392       	-1.07002488e-04
0.0169398       	-1.07002488e-04
0.0169405       	-1.07002488e-04
0.0169411       	-1.07002488e-04
0.0169418       	-1.07002488e-04
0.0169424       	-1.07002488e-04
0.0169431       	-1.07002488e-04
0.0169437       	-1.07002488e-04
0.0169444       	-1.07002488e-04
0.016945        	-1.07002488e-04
0.0169457       	-1.07002488e-04
0.0169463       	-1.07002488e-04
0.016947        	-1.07002488e-04
0.0169476       	-1.07002488e-04
0.0169483       	-1.07002488e-04
0.016949        	-1.07002488e-04
0.0169496       	-1.07002488e-04
0.0169503       	-1.07002488e-04
0.0169509       	-1.07002488e-04
0.0169516       	-1.07002488e-04
0.0169523       	-1.07002488e-04
0.0169529       	-1.07002488e-04
0.0169536       	-1.07002488e-04
0.0169543       	-1.07002488e-04
0.0169549       	-1.07002488e-04
0.0169556       	-1.07002488e-04
0.0169563       	-1.07002488e-04
0.0169569       	-1.07002488e-04
0.0169576       	-1.07002488e-04
0.0169583       	-1.07002488e-04
0.016959        	-1.07002488e-04
0.0169596       	-1.07002488e-04
0.0169603       	-1.07002488e-04
0.016961        	-1.07002488e-04
0.0169617       	-1.07002488e-04
0.0169623       	-1.07002488e-04
0.016963        	-1.07002488e-04
0.0169637       	-1.07002488e-04
0.0169644       	-1.07002488e-04
0.0169651       	-1.07002488e-04
0.0169658       	-1.07002488e-04
0.0169665       	-1.07002488e-04
0.0169671       	-1.07002488e-04
0.0169678       	-1.07002488e-04
0.0169685       	-1.07002488e-04
0.0169692       	-1.07002488e-04
0.0169699       	-1.07002488e-04
0.0169706       	-1.07002488e-04
0.0169712       	-1.07002488e-04
0.0169719       	-1.07002488e-04
0.0169726       	-1.07002488e-04
0.0169733       	-1.07002488e-04
0.016974        	-1.07002488e-04
0.0169747       	-1.07002488e-04
0.0169754       	-1.07002488e-04
0.0169761       	-1.07002488e-04
0.0169768       	-1.07002488e-04
0.0169775       	-1.07002488e-04
0.0169782       	-1.07002488e-04
0.0169789       	-1.07002488e-04
0.0169796       	-1.07002488e-04
0.0169803       	-1.07002488e-04
0.0169811       	-1.07002488e-04
0.0169818       	-1.07002488e-04
0.0169825       	-1.07002488e-04
0.0169832       	-1.07002488e-04
0.0169839       	-1.07002488e-04
0.0169846       	-1.07002488e-04
0.0169853       	-1.07002488e-04
0.016986        	-1.07002488e-04
0.0169867       	-1.07002488e-04
0.0169874       	-1.07002488e-04
0.0169881       	-1.07002488e-04
0.0169888       	-1.07002488e-04
0.0169895       	-1.07002488e-04
0.0169902       	-1.07002488e-04
0.0169909       	-1.07002488e-04
0.0169916       	-1.07002488e-04
0.0169923       	-1.07002488e-04
0.016993        	-1.07002488e-04
0.0169937       	-1.07002488e-04
0.0169944       	-1.07002488e-04
0.0169951       	-1.07002488e-04
0.0169958       	-1.07002488e-04
0.0169965       	-1.07002488e-04
0.0169972       	-1.07002488e-04
0.0169979       	-1.07002488e-04
0.0169986       	-1.07002488e-04
0.0169993       	-1.07002488e-04
0.017           	-1.07002488e-04
0.0170007       	-1.07002488e-04
0.0170014       	-1.07002488e-04
0.0170021       	-1.07002488e-04
0.0170028       	-1.07002488e-04
0.0170036       	-1.07002488e-04
0.0170043       	-1.07002488e-04
0.017005        	-1.07002488e-04
0.0170057       	-1.07002488e-04
0.0170064       	-1.07002488e-04
0.0170071       	-1.07002488e-04
0.0170078       	-1.07002488e-04
0.0170085       	-1.07002488e-04
0.0170093       	-1.07002488e-04
0.01701         	-1.07002488e-04
0.0170107       	-1.07002488e-04
0.0170114       	-1.07002488e-04
0.0170121       	-1.07002488e-04
0.0170128       	-1.07002488e-04
0.0170135       	-1.07002488e-04
0.0170143       	-1.07002488e-04
0.017015        	-1.07002488e-04
0.0170157       	-1.07002488e-04
0.0170164       	-1.07002488e-04
0.0170171       	-1.07002488e-04
0.0170179       	-1.07002488e-04
0.0170186       	-1.07002488e-04
0.0170193       	-1.07002488e-04
0.01702         	-1.07002488e-04
0.0170207       	-1.07002488e-04
0.0170215       	-1.07002488e-04
0.0170222       	-1.07002488e-04
0.0170229       	-1.07002488e-04
0.0170236       	-1.07002488e-04
0.0170244       	-1.07002488e-04
0.0170251       	-1.07002488e-04
0.0170258       	-1.07002488e-04
0.0170265       	-1.07002488e-04
0.0170273       	-1.07002488e-04
0.017028        	-1.07002488e-04
0.0170287       	-1.07002488e-04
0.0170295       	-1.07002488e-04
0.0170302       	-1.07002488e-04
0.0170309       	-1.07002488e-04
0.0170317       	-1.07002488e-04
0.0170324       	-1.07002488e-04
0.0170331       	-1.07002488e-04
0.0170339       	-1.07002488e-04
0.0170346       	-1.07002488e-04
0.0170354       	-1.07002488e-04
0.0170361       	-1.07002488e-04
0.0170368       	-1.07002488e-04
0.0170376       	-1.07002488e-04
0.0170383       	-1.07002488e-04
0.0170391       	-1.07002488e-04
0.0170398       	-1.07002488e-04
0.0170406       	-1.07002488e-04
0.0170413       	-1.07002488e-04
0.017042        	-1.07002488e-04
0.0170428       	-1.07002488e-04
0.0170435       	-1.07002488e-04
0.0170443       	-1.07002488e-04
0.017045        	-1.07002488e-04
0.0170458       	-1.07002488e-04
0.0170465       	-1.07002488e-04
0.0170473       	-1.07002488e-04
0.017048        	-1.07002488e-04
0.0170488       	-1.07002488e-04
0.0170495       	-1.07002488e-04
0.0170503       	-1.07002488e-04
0.017051        	-1.07002488e-04
0.0170518       	-1.07002488e-04
0.0170526       	-1.07002488e-04
0.0170533       	-1.07002488e-04
0.0170541       	-1.07002488e-04
0.0170548       	-1.07002488e-04
0.0170556       	-1.07002488e-04
0.0170563       	-1.07002488e-04
0.0170571       	-1.07002488e-04
0.0170579       	-1.07002488e-04
0.0170586       	-1.07002488e-04
0.0170594       	-1.07002488e-04
0.0170601       	-1.07002488e-04
0.0170609       	-1.07002488e-04
0.0170617       	-1.07002488e-04
0.0170624       	-1.07002488e-04
0.0170632       	-1.07002488e-04
0.0170639       	-1.07002488e-04
0.0170647       	-1.07002488e-04
0.0170655       	-1.07002488e-04
0.0170662       	-1.07002488e-04
0.017067        	-1.07002488e-04
0.0170677       	-1.07002488e-04
0.0170685       	-1.07002488e-04
0.0170693       	-1.07002488e-04
0.01707         	-1.07002488e-04
0.0170708       	-1.07002488e-04
0.0170715       	-1.07002488e-04
0.0170723       	-1.07002488e-04
0.0170731       	-1.07002488e-04
0.0170738       	-1.07002488e-04
0.0170746       	-1.07002488e-04
0.0170753       	-1.07002488e-04
0.0170761       	-1.07002488e-04
0.0170769       	-1.07002488e-04
0.0170776       	-1.07002488e-04
0.0170784       	-1.07002488e-04
0.0170791       	-1.07002488e-04
0.0170799       	-1.07002488e-04
0.0170806       	-1.07002488e-04
0.0170814       	-1.07002488e-04
0.0170822       	-1.07002488e-04
0.0170829       	-1.07002488e-04
0.0170837       	-1.07002488e-04
0.0170844       	-1.07002488e-04
0.0170852       	-1.07002488e-04
0.0170859       	-1.07002488e-04
0.0170867       	-1.07002488e-04
0.0170874       	-1.07002488e-04
0.0170882       	-1.07002488e-04
0.0170889       	-1.07002488e-04
0.0170897       	-1.07002488e-04
0.0170904       	-1.07002488e-04
0.0170912       	-1.07002488e-04
0.0170919       	-1.07002488e-04
0.0170927       	-1.07002488e-04
0.0170934       	-1.07002488e-04
0.0170942       	-1.07002488e-04
0.0170949       	-1.07002488e-04
0.0170956       	-1.07002488e-04
0.0170964       	-1.07002488e-04
0.0170971       	-1.07002488e-04
0.0170979       	-1.07002488e-04
0.0170986       	-1.07002488e-04
0.0170994       	-1.07002488e-04
0.0171001       	-1.07002488e-04
0.0171008       	-1.07002488e-04
0.0171016       	-1.07002488e-04
0.0171023       	-1.07002488e-04
0.0171031       	-1.07002488e-04
0.0171038       	-1.07002488e-04
0.0171045       	-1.07002488e-04
0.0171053       	-1.07002488e-04
0.017106        	-1.07002488e-04
0.0171067       	-1.07002488e-04
0.0171075       	-1.07002488e-04
0.0171082       	-1.07002488e-04
0.0171089       	-1.07002488e-04
0.0171097       	-1.07002488e-04
0.0171104       	-1.07002488e-04
0.0171111       	-1.07002488e-04
0.0171119       	-1.07002488e-04
0.0171126       	-1.07002488e-04
0.0171133       	-1.07002488e-04
0.017114        	-1.07002488e-04
0.0171148       	-1.07002488e-04
0.0171155       	-1.07002488e-04
0.0171162       	-1.07002488e-04
0.017117        	-1.07002488e-04
0.0171177       	-1.07002488e-04
0.0171184       	-1.07002488e-04
0.0171191       	-1.07002488e-04
0.0171198       	-1.07002488e-04
0.0171206       	-1.07002488e-04
0.0171213       	-1.07002488e-04
0.017122        	-1.07002488e-04
0.0171227       	-1.07002488e-04
0.0171235       	-1.07002488e-04
0.0171242       	-1.07002488e-04
0.0171249       	-1.07002488e-04
0.0171256       	-1.07002488e-04
0.0171263       	-1.07002488e-04
0.0171271       	-1.07002488e-04
0.0171278       	-1.07002488e-04
0.0171285       	-1.07002488e-04
0.0171292       	-1.07002488e-04
0.0171299       	-1.07002488e-04
0.0171307       	-1.07002488e-04
0.0171314       	-1.07002488e-04
0.0171321       	-1.07002488e-04
0.0171328       	-1.07002488e-04
0.0171335       	-1.07002488e-04
0.0171342       	-1.07002488e-04
0.0171349       	-1.07002488e-04
0.0171357       	-1.07002488e-04
0.0171364       	-1.07002488e-04
0.0171371       	-1.07002488e-04
0.0171378       	-1.07002488e-04
0.0171385       	-1.07002488e-04
0.0171392       	-1.07002488e-04
0.01714         	-1.07002488e-04
0.0171407       	-1.07002488e-04
0.0171414       	-1.07002488e-04
0.0171421       	-1.07002488e-04
0.0171428       	-1.07002488e-04
0.0171435       	-1.07002488e-04
0.0171442       	-1.07002488e-04
0.017145        	-1.07002488e-04
0.0171457       	-1.07002488e-04
0.0171464       	-1.07002488e-04
0.0171471       	-1.07002488e-04
0.0171478       	-1.07002488e-04
0.0171485       	-1.07002488e-04
0.0171492       	-1.07002488e-04
0.0171499       	-1.07002488e-04
0.0171507       	-1.07002488e-04
0.0171514       	-1.07002488e-04
0.0171521       	-1.07002488e-04
0.0171528       	-1.07002488e-04
0.0171535       	-1.07002488e-04
0.0171542       	-1.07002488e-04
0.0171549       	-1.07002488e-04
0.0171556       	-1.07002488e-04
0.0171563       	-1.07002488e-04
0.017157        	-1.07002488e-04
0.0171577       	-1.07002488e-04
0.0171584       	-1.07002488e-04
0.0171591       	-1.07002488e-04
0.0171598       	-1.07002488e-04
0.0171605       	-1.07002488e-04
0.0171612       	-1.07002488e-04
0.0171619       	-1.07002488e-04
0.0171626       	-1.07002488e-04
0.0171633       	-1.07002488e-04
0.017164        	-1.07002488e-04
0.0171648       	-1.07002488e-04
0.0171655       	-1.07002488e-04
0.0171662       	-1.07002488e-04
0.0171669       	-1.07002488e-04
0.0171675       	-1.07002488e-04
0.0171682       	-1.07002488e-04
0.0171689       	-1.07002488e-04
0.0171696       	-1.07002488e-04
0.0171703       	-1.07002488e-04
0.017171        	-1.07002488e-04
0.0171717       	-1.07002488e-04
0.0171724       	-1.07002488e-04
0.0171731       	-1.07002488e-04
0.0171738       	-1.07002488e-04
0.0171744       	-1.07002488e-04
0.0171751       	-1.07002488e-04
0.0171758       	-1.07002488e-04
0.0171765       	-1.07002488e-04
0.0171772       	-1.07002488e-04
0.0171779       	-1.07002488e-04
0.0171786       	-1.07002488e-04
0.0171793       	-1.07002488e-04
0.01718         	-1.07002488e-04
0.0171806       	-1.07002488e-04
0.0171813       	-1.07002488e-04
0.017182        	-1.07002488e-04
0.0171826       	-1.07002488e-04
0.0171833       	-1.07002488e-04
0.017184        	-1.07002488e-04
0.0171846       	-1.07002488e-04
0.0171853       	-1.07002488e-04
0.017186        	-1.07002488e-04
0.0171866       	-1.07002488e-04
0.0171873       	-1.07002488e-04
0.017188        	-1.07002488e-04
0.0171887       	-1.07002488e-04
0.0171893       	-1.07002488e-04
0.01719         	-1.07002488e-04
0.0171907       	-1.07002488e-04
0.0171913       	-1.07002488e-04
0.017192        	-1.07002488e-04
0.0171927       	-1.07002488e-04
0.0171933       	-1.07002488e-04
0.017194        	-1.07002488e-04
0.0171947       	-1.07002488e-04
0.0171953       	-1.07002488e-04
0.017196        	-1.07002488e-04
0.0171967       	-1.07002488e-04
0.0171973       	-1.07002488e-04
0.017198        	-1.07002488e-04
0.0171987       	-1.07002488e-04
0.0171993       	-1.07002488e-04
0.0172          	-1.07002488e-04
0.0172006       	-1.07002488e-04
0.0172013       	-1.07002488e-04
0.0172019       	-1.07002488e-04
0.0172026       	-1.07002488e-04
0.0172032       	-1.07002488e-04
0.0172039       	-1.07002488e-04
0.0172045       	-1.07002488e-04
0.0172052       	-1.07002488e-04
0.0172058       	-1.07002488e-04
0.0172064       	-1.07002488e-04
0.0172071       	-1.07002488e-04
0.0172077       	-1.07002488e-04
0.0172083       	-1.07002488e-04
0.017209        	-1.07002488e-04
0.0172096       	-1.07002488e-04
0.0172102       	-1.07002488e-04
0.0172109       	-1.07002488e-04
0.0172115       	-1.07002488e-04
0.0172121       	-1.07002488e-04
0.0172128       	-1.07002488e-04
0.0172134       	-1.07002488e-04
0.017214        	-1.07002488e-04
0.0172147       	-1.07002488e-04
0.0172153       	-1.07002488e-04
0.0172159       	-1.07002488e-04
0.0172165       	-1.07002488e-04
0.0172172       	-1.07002488e-04
0.0172178       	-1.07002488e-04
0.0172184       	-1.07002488e-04
0.017219        	-1.07002488e-04
0.0172197       	-1.07002488e-04
0.0172203       	-1.07002488e-04
0.0172209       	-1.07002488e-04
0.0172215       	-1.07002488e-04
0.0172221       	-1.07002488e-04
0.0172228       	-1.07002488e-04
0.0172234       	-1.07002488e-04
0.017224        	-1.07002488e-04
0.0172246       	-1.07002488e-04
0.0172252       	-1.07002488e-04
0.0172259       	-1.07002488e-04
0.0172265       	-1.07002488e-04
0.0172271       	-1.07002488e-04
0.0172277       	-1.07002488e-04
0.0172283       	-1.07002488e-04
0.017229        	-1.07002488e-04
0.0172296       	-1.07002488e-04
0.0172302       	-1.07002488e-04
0.0172308       	-1.07002488e-04
0.0172314       	-1.07002488e-04
0.017232        	-1.07002488e-04
0.0172327       	-1.07002488e-04
0.0172333       	-1.07002488e-04
0.0172339       	-1.07002488e-04
0.0172345       	-1.07002488e-04
0.0172351       	-1.07002488e-04
0.0172357       	-1.07002488e-04
0.0172363       	-1.07002488e-04
0.017237        	-1.07002488e-04
0.0172376       	-1.07002488e-04
0.0172382       	-1.07002488e-04
0.0172388       	-1.07002488e-04
0.0172394       	-1.07002488e-04
0.01724         	-1.07002488e-04
0.0172406       	-1.07002488e-04
0.0172412       	-1.07002488e-04
0.0172419       	-1.07002488e-04
0.0172425       	-1.07002488e-04
0.0172431       	-1.07002488e-04
0.0172437       	-1.07002488e-04
0.0172443       	-1.07002488e-04
0.0172449       	-1.07002488e-04
0.0172455       	-1.07002488e-04
0.0172461       	-1.07002488e-04
0.0172467       	-1.07002488e-04
0.0172473       	-1.07002488e-04
0.017248        	-1.07002488e-04
0.0172486       	-1.07002488e-04
0.0172492       	-1.07002488e-04
0.0172498       	-1.07002488e-04
0.0172504       	-1.07002488e-04
0.017251        	-1.07002488e-04
0.0172516       	-1.07002488e-04
0.0172522       	-1.07002488e-04
0.0172528       	-1.07002488e-04
0.0172534       	-1.07002488e-04
0.017254        	-1.07002488e-04
0.0172546       	-1.07002488e-04
0.0172552       	-1.07002488e-04
0.0172558       	-1.07002488e-04
0.0172564       	-1.07002488e-04
0.017257        	-1.07002488e-04
0.0172576       	-1.07002488e-04
0.0172582       	-1.07002488e-04
0.0172588       	-1.07002488e-04
0.0172594       	-1.07002488e-04
0.01726         	-1.07002488e-04
0.0172606       	-1.07002488e-04
0.0172612       	-1.07002488e-04
0.0172618       	-1.07002488e-04
0.0172624       	-1.07002488e-04
0.017263        	-1.07002488e-04
0.0172636       	-1.07002488e-04
0.0172642       	-1.07002488e-04
0.0172648       	-1.07002488e-04
0.0172654       	-1.07002488e-04
0.017266        	-1.07002488e-04
0.0172666       	-1.07002488e-04
0.0172672       	-1.07002488e-04
0.0172678       	-1.07002488e-04
0.0172684       	-1.07002488e-04
0.017269        	-1.07002488e-04
0.0172696       	-1.07002488e-04
0.0172702       	-1.07002488e-04
0.0172708       	-1.07002488e-04
0.0172714       	-1.07002488e-04
0.0172719       	-1.07002488e-04
0.0172725       	-1.07002488e-04
0.0172731       	-1.07002488e-04
0.0172737       	-1.07002488e-04
0.0172743       	-1.07002488e-04
0.0172749       	-1.07002488e-04
0.0172755       	-1.07002488e-04
0.0172761       	-1.07002488e-04
0.0172766       	-1.07002488e-04
0.0172772       	-1.07002488e-04
0.0172778       	-1.07002488e-04
0.0172784       	-1.07002488e-04
0.017279        	-1.07002488e-04
0.0172796       	-1.07002488e-04
0.0172801       	-1.07002488e-04
0.0172807       	-1.07002488e-04
0.0172813       	-1.07002488e-04
0.0172819       	-1.07002488e-04
0.0172825       	-1.07002488e-04
0.017283        	-1.07002488e-04
0.0172836       	-1.07002488e-04
0.0172842       	-1.07002488e-04
0.0172848       	-1.07002488e-04
0.0172853       	-1.07002488e-04
0.0172859       	-1.07002488e-04
0.0172865       	-1.07002488e-04
0.0172871       	-1.07002488e-04
0.0172877       	-1.07002488e-04
0.0172882       	-1.07002488e-04
0.0172888       	-1.07002488e-04
0.0172894       	-1.07002488e-04
0.0172899       	-1.07002488e-04
0.0172905       	-1.07002488e-04
0.0172911       	-1.07002488e-04
0.0172917       	-1.07002488e-04
0.0172922       	-1.07002488e-04
0.0172928       	-1.07002488e-04
0.0172934       	-1.07002488e-04
0.0172939       	-1.07002488e-04
0.0172945       	-1.07002488e-04
0.0172951       	-1.07002488e-04
0.0172957       	-1.07002488e-04
0.0172962       	-1.07002488e-04
0.0172968       	-1.07002488e-04
0.0172974       	-1.07002488e-04
0.0172979       	-1.07002488e-04
0.0172985       	-1.07002488e-04
0.0172991       	-1.07002488e-04
0.0172996       	-1.07002488e-04
0.0173002       	-1.07002488e-04
0.0173008       	-1.07002488e-04
0.0173013       	-1.07002488e-04
0.0173019       	-1.07002488e-04
0.0173025       	-1.07002488e-04
0.017303        	-1.07002488e-04
0.0173036       	-1.07002488e-04
0.0173042       	-1.07002488e-04
0.0173047       	-1.07002488e-04
0.0173053       	-1.07002488e-04
0.0173059       	-1.07002488e-04
0.0173064       	-1.07002488e-04
0.017307        	-1.07002488e-04
0.0173076       	-1.07002488e-04
0.0173081       	-1.07002488e-04
0.0173087       	-1.07002488e-04
0.0173093       	-1.07002488e-04
0.0173098       	-1.07002488e-04
0.0173104       	-1.07002488e-04
0.017311        	-1.07002488e-04
0.0173115       	-1.07002488e-04
0.0173121       	-1.07002488e-04
0.0173127       	-1.07002488e-04
0.0173132       	-1.07002488e-04
0.0173138       	-1.07002488e-04
0.0173144       	-1.07002488e-04
0.0173149       	-1.07002488e-04
0.0173155       	-1.07002488e-04
0.0173161       	-1.07002488e-04
0.0173166       	-1.07002488e-04
0.0173172       	-1.07002488e-04
0.0173178       	-1.07002488e-04
0.0173183       	-1.07002488e-04
0.0173189       	-1.07002488e-04
0.0173195       	-1.07002488e-04
0.01732         	-1.07002488e-04
0.0173206       	-1.07002488e-04
0.0173212       	-1.07002488e-04
0.0173217       	-1.07002488e-04
0.0173223       	-1.07002488e-04
0.0173229       	-1.07002488e-04
0.0173234       	-1.07002488e-04
0.017324        	-1.07002488e-04
0.0173246       	-1.07002488e-04
0.0173251       	-1.07002488e-04
0.0173257       	-1.07002488e-04
0.0173263       	-1.07002488e-04
0.0173268       	-1.07002488e-04
0.0173274       	-1.07002488e-04
0.017328        	-1.07002488e-04
0.0173286       	-1.07002488e-04
0.0173291       	-1.07002488e-04
0.0173297       	-1.07002488e-04
0.0173303       	-1.07002488e-04
0.0173308       	-1.07002488e-04
0.0173314       	-1.07002488e-04
0.017332        	-1.07002488e-04
0.0173326       	-1.07002488e-04
0.0173331       	-1.07002488e-04
0.0173337       	-1.07002488e-04
0.0173343       	-1.07002488e-04
0.0173348       	-1.07002488e-04
0.0173354       	-1.07002488e-04
0.017336        	-1.07002488e-04
0.0173366       	-1.07002488e-04
0.0173371       	-1.07002488e-04
0.0173377       	-1.07002488e-04
0.0173383       	-1.07002488e-04
0.0173388       	-1.07002488e-04
0.0173394       	-1.07002488e-04
0.01734         	-1.07002488e-04
0.0173405       	-1.07002488e-04
0.0173411       	-1.07002488e-04
0.0173417       	-1.07002488e-04
0.0173422       	-1.07002488e-04
0.0173428       	-1.07002488e-04
0.0173434       	-1.07002488e-04
0.0173439       	-1.07002488e-04
0.0173445       	-1.07002488e-04
0.0173451       	-1.07002488e-04
0.0173456       	-1.07002488e-04
0.0173462       	-1.07002488e-04
0.0173468       	-1.07002488e-04
0.0173473       	-1.07002488e-04
0.0173479       	-1.07002488e-04
0.0173485       	-1.07002488e-04
0.017349        	-1.07002488e-04
0.0173496       	-1.07002488e-04
0.0173501       	-1.07002488e-04
0.0173507       	-1.07002488e-04
0.0173513       	-1.07002488e-04
0.0173518       	-1.07002488e-04
0.0173524       	-1.07002488e-04
0.0173529       	-1.07002488e-04
0.0173535       	-1.07002488e-04
0.0173541       	-1.07002488e-04
0.0173546       	-1.07002488e-04
0.0173552       	-1.07002488e-04
0.0173557       	-1.07002488e-04
0.0173563       	-1.07002488e-04
0.0173569       	-1.07002488e-04
0.0173574       	-1.07002488e-04
0.017358        	-1.07002488e-04
0.0173585       	-1.07002488e-04
0.0173591       	-1.07002488e-04
0.0173597       	-1.07002488e-04
0.0173602       	-1.07002488e-04
0.0173608       	-1.07002488e-04
0.0173613       	-1.07002488e-04
0.0173619       	-1.07002488e-04
0.0173625       	-1.07002488e-04
0.017363        	-1.07002488e-04
0.0173636       	-1.07002488e-04
0.0173641       	-1.07002488e-04
0.0173647       	-1.07002488e-04
0.0173653       	-1.07002488e-04
0.0173658       	-1.07002488e-04
0.0173664       	-1.07002488e-04
0.0173669       	-1.07002488e-04
0.0173675       	-1.07002488e-04
0.0173681       	-1.07002488e-04
0.0173686       	-1.07002488e-04
0.0173692       	-1.07002488e-04
0.0173698       	-1.07002488e-04
0.0173703       	-1.07002488e-04
0.0173709       	-1.07002488e-04
0.0173714       	-1.07002488e-04
0.017372        	-1.07002488e-04
0.0173726       	-1.07002488e-04
0.0173731       	-1.07002488e-04
0.0173737       	-1.07002488e-04
0.0173742       	-1.07002488e-04
0.0173748       	-1.07002488e-04
0.0173754       	-1.07002488e-04
0.0173759       	-1.07002488e-04
0.0173765       	-1.07002488e-04
0.017377        	-1.07002488e-04
0.0173776       	-1.07002488e-04
0.0173782       	-1.07002488e-04
0.0173787       	-1.07002488e-04
0.0173793       	-1.07002488e-04
0.0173798       	-1.07002488e-04
0.0173804       	-1.07002488e-04
0.017381        	-1.07002488e-04
0.0173815       	-1.07002488e-04
0.0173821       	-1.07002488e-04
0.0173827       	-1.07002488e-04
0.0173833       	-1.07002488e-04
0.0173839       	-1.07002488e-04
0.0173844       	-1.07002488e-04
0.017385        	-1.07002488e-04
0.0173856       	-1.07002488e-04
0.0173862       	-1.07002488e-04
0.0173867       	-1.07002488e-04
0.0173873       	-1.07002488e-04
0.0173879       	-1.07002488e-04
0.0173885       	-1.07002488e-04
0.017389        	-1.07002488e-04
0.0173896       	-1.07002488e-04
0.0173902       	-1.07002488e-04
0.0173908       	-1.07002488e-04
0.0173914       	-1.07002488e-04
0.0173919       	-1.07002488e-04
0.0173925       	-1.07002488e-04
0.0173931       	-1.07002488e-04
0.0173937       	-1.07002488e-04
0.0173942       	-1.07002488e-04
0.0173948       	-1.07002488e-04
0.0173954       	-1.07002488e-04
0.017396        	-1.07002488e-04
0.0173965       	-1.07002488e-04
0.0173971       	-1.07002488e-04
0.0173977       	-1.07002488e-04
0.0173983       	-1.07002488e-04
0.0173988       	-1.07002488e-04
0.0173994       	-1.07002488e-04
0.0174          	-1.07002488e-04
0.0174006       	-1.07002488e-04
0.0174012       	-1.07002488e-04
0.0174017       	-1.07002488e-04
0.0174023       	-1.07002488e-04
0.0174029       	-1.07002488e-04
0.0174035       	-1.07002488e-04
0.0174041       	-1.07002488e-04
0.0174047       	-1.07002488e-04
0.0174052       	-1.07002488e-04
0.0174058       	-1.07002488e-04
0.0174064       	-1.07002488e-04
0.017407        	-1.07002488e-04
0.0174076       	-1.07002488e-04
0.0174082       	-1.07002488e-04
0.0174088       	-1.07002488e-04
0.0174093       	-1.07002488e-04
0.0174099       	-1.07002488e-04
0.0174105       	-1.07002488e-04
0.0174111       	-1.07002488e-04
0.0174117       	-1.07002488e-04
0.0174123       	-1.07002488e-04
0.0174128       	-1.07002488e-04
0.0174134       	-1.07002488e-04
0.017414        	-1.07002488e-04
0.0174146       	-1.07002488e-04
0.0174152       	-1.07002488e-04
0.0174158       	-1.07002488e-04
0.0174164       	-1.07002488e-04
0.017417        	-1.07002488e-04
0.0174176       	-1.07002488e-04
0.0174181       	-1.07002488e-04
0.0174187       	-1.07002488e-04
0.0174193       	-1.07002488e-04
0.0174199       	-1.07002488e-04
0.0174205       	-1.07002488e-04
0.0174211       	-1.07002488e-04
0.0174217       	-1.07002488e-04
0.0174223       	-1.07002488e-04
0.0174229       	-1.07002488e-04
0.0174235       	-1.07002488e-04
0.0174241       	-1.07002488e-04
0.0174247       	-1.07002488e-04
0.0174253       	-1.07002488e-04
0.0174259       	-1.07002488e-04
0.0174265       	-1.07002488e-04
0.017427        	-1.07002488e-04
0.0174276       	-1.07002488e-04
0.0174283       	-1.07002488e-04
0.0174289       	-1.07002488e-04
0.0174295       	-1.07002488e-04
0.0174301       	-1.07002488e-04
0.0174307       	-1.07002488e-04
0.0174313       	-1.07002488e-04
0.0174319       	-1.07002488e-04
0.0174325       	-1.07002488e-04
0.0174331       	-1.07002488e-04
0.0174337       	-1.07002488e-04
0.0174343       	-1.07002488e-04
0.0174349       	-1.07002488e-04
0.0174355       	-1.07002488e-04
0.0174361       	-1.07002488e-04
0.0174367       	-1.07002488e-04
0.0174374       	-1.07002488e-04
0.017438        	-1.07002488e-04
0.0174386       	-1.07002488e-04
0.0174392       	-1.07002488e-04
0.0174398       	-1.07002488e-04
0.0174404       	-1.07002488e-04
0.017441        	-1.07002488e-04
0.0174417       	-1.07002488e-04
0.0174423       	-1.07002488e-04
0.0174429       	-1.07002488e-04
0.0174435       	-1.07002488e-04
0.0174441       	-1.07002488e-04
0.0174448       	-1.07002488e-04
0.0174454       	-1.07002488e-04
0.017446        	-1.07002488e-04
0.0174466       	-1.07002488e-04
0.0174473       	-1.07002488e-04
0.0174479       	-1.07002488e-04
0.0174485       	-1.07002488e-04
0.0174492       	-1.07002488e-04
0.0174498       	-1.07002488e-04
0.0174504       	-1.07002488e-04
0.017451        	-1.07002488e-04
0.0174517       	-1.07002488e-04
0.0174523       	-1.07002488e-04
0.0174529       	-1.07002488e-04
0.0174536       	-1.07002488e-04
0.0174542       	-1.07002488e-04
0.0174548       	-1.07002488e-04
0.0174555       	-1.07002488e-04
0.0174561       	-1.07002488e-04
0.0174567       	-1.07002488e-04
0.0174574       	-1.07002488e-04
0.017458        	-1.07002488e-04
0.0174586       	-1.07002488e-04
0.0174593       	-1.07002488e-04
0.0174599       	-1.07002488e-04
0.0174606       	-1.07002488e-04
0.0174612       	-1.07002488e-04
0.0174618       	-1.07002488e-04
0.0174625       	-1.07002488e-04
0.0174631       	-1.07002488e-04
0.0174637       	-1.07002488e-04
0.0174644       	-1.07002488e-04
0.017465        	-1.07002488e-04
0.0174657       	-1.07002488e-04
0.0174663       	-1.07002488e-04
0.017467        	-1.07002488e-04
0.0174676       	-1.07002488e-04
0.0174683       	-1.07002488e-04
0.0174689       	-1.07002488e-04
0.0174695       	-1.07002488e-04
0.0174702       	-1.07002488e-04
0.0174708       	-1.07002488e-04
0.0174715       	-1.07002488e-04
0.0174721       	-1.07002488e-04
0.0174728       	-1.07002488e-04
0.0174734       	-1.07002488e-04
0.0174741       	-1.07002488e-04
0.0174747       	-1.07002488e-04
0.0174754       	-1.07002488e-04
0.017476        	-1.07002488e-04
0.0174767       	-1.07002488e-04
0.0174773       	-1.07002488e-04
0.017478        	-1.07002488e-04
0.0174787       	-1.07002488e-04
0.0174793       	-1.07002488e-04
0.01748         	-1.07002488e-04
0.0174806       	-1.07002488e-04
0.0174813       	-1.07002488e-04
0.017482        	-1.07002488e-04
0.0174826       	-1.07002488e-04
0.0174833       	-1.07002488e-04
0.0174839       	-1.07002488e-04
0.0174846       	-1.07002488e-04
0.0174853       	-1.07002488e-04
0.0174859       	-1.07002488e-04
0.0174866       	-1.07002488e-04
0.0174873       	-1.07002488e-04
0.017488        	-1.07002488e-04
0.0174886       	-1.07002488e-04
0.0174893       	-1.07002488e-04
0.01749         	-1.07002488e-04
0.0174907       	-1.07002488e-04
0.0174913       	-1.07002488e-04
0.017492        	-1.07002488e-04
0.0174927       	-1.07002488e-04
0.0174934       	-1.07002488e-04
0.0174941       	-1.07002488e-04
0.0174947       	-1.07002488e-04
0.0174954       	-1.07002488e-04
0.0174961       	-1.07002488e-04
0.0174968       	-1.07002488e-04
0.0174975       	-1.07002488e-04
0.0174982       	-1.07002488e-04
0.0174989       	-1.07002488e-04
0.0174996       	-1.07002488e-04
0.0175002       	-1.07002488e-04
0.0175009       	-1.07002488e-04
0.0175016       	-1.07002488e-04
0.0175023       	-1.07002488e-04
0.017503        	-1.07002488e-04
0.0175037       	-1.07002488e-04
0.0175044       	-1.07002488e-04
0.0175051       	-1.07002488e-04
0.0175058       	-1.07002488e-04
0.0175065       	-1.07002488e-04
0.0175072       	-1.07002488e-04
0.017508        	-1.07002488e-04
0.0175087       	-1.07002488e-04
0.0175094       	-1.07002488e-04
0.0175101       	-1.07002488e-04
0.0175108       	-1.07002488e-04
0.0175115       	-1.07002488e-04
0.0175122       	-1.07002488e-04
0.0175129       	-1.07002488e-04
0.0175136       	-1.07002488e-04
0.0175143       	-1.07002488e-04
0.0175151       	-1.07002488e-04
0.0175158       	-1.07002488e-04
0.0175165       	-1.07002488e-04
0.0175172       	-1.07002488e-04
0.0175179       	-1.07002488e-04
0.0175186       	-1.07002488e-04
0.0175194       	-1.07002488e-04
0.0175201       	-1.07002488e-04
0.0175208       	-1.07002488e-04
0.0175215       	-1.07002488e-04
0.0175222       	-1.07002488e-04
0.017523        	-1.07002488e-04
0.0175237       	-1.07002488e-04
0.0175244       	-1.07002488e-04
0.0175251       	-1.07002488e-04
0.0175259       	-1.07002488e-04
0.0175266       	-1.07002488e-04
0.0175273       	-1.07002488e-04
0.017528        	-1.07002488e-04
0.0175288       	-1.07002488e-04
0.0175295       	-1.07002488e-04
0.0175302       	-1.07002488e-04
0.017531        	-1.07002488e-04
0.0175317       	-1.07002488e-04
0.0175324       	-1.07002488e-04
0.0175331       	-1.07002488e-04
0.0175339       	-1.07002488e-04
0.0175346       	-1.07002488e-04
0.0175353       	-1.07002488e-04
0.0175361       	-1.07002488e-04
0.0175368       	-1.07002488e-04
0.0175375       	-1.07002488e-04
0.0175383       	-1.07002488e-04
0.017539        	-1.07002488e-04
0.0175397       	-1.07002488e-04
0.0175405       	-1.07002488e-04
0.0175412       	-1.07002488e-04
0.0175419       	-1.07002488e-04
0.0175427       	-1.07002488e-04
0.0175434       	-1.07002488e-04
0.0175441       	-1.07002488e-04
0.0175449       	-1.07002488e-04
0.0175456       	-1.07002488e-04
0.0175463       	-1.07002488e-04
0.0175471       	-1.07002488e-04
0.0175478       	-1.07002488e-04
0.0175485       	-1.07002488e-04
0.0175493       	-1.07002488e-04
0.01755         	-1.07002488e-04
0.0175508       	-1.07002488e-04
0.0175515       	-1.07002488e-04
0.0175523       	-1.07002488e-04
0.017553        	-1.07002488e-04
0.0175538       	-1.07002488e-04
0.0175545       	-1.07002488e-04
0.0175552       	-1.07002488e-04
0.017556        	-1.07002488e-04
0.0175567       	-1.07002488e-04
0.0175575       	-1.07002488e-04
0.0175582       	-1.07002488e-04
0.017559        	-1.07002488e-04
0.0175597       	-1.07002488e-04
0.0175605       	-1.07002488e-04
0.0175612       	-1.07002488e-04
0.017562        	-1.07002488e-04
0.0175627       	-1.07002488e-04
0.0175635       	-1.07002488e-04
0.0175642       	-1.07002488e-04
0.017565        	-1.07002488e-04
0.0175658       	-1.07002488e-04
0.0175665       	-1.07002488e-04
0.0175673       	-1.07002488e-04
0.017568        	-1.07002488e-04
0.0175688       	-1.07002488e-04
0.0175696       	-1.07002488e-04
0.0175703       	-1.07002488e-04
0.0175711       	-1.07002488e-04
0.0175719       	-1.07002488e-04
0.0175726       	-1.07002488e-04
0.0175734       	-1.07002488e-04
0.0175741       	-1.07002488e-04
0.0175749       	-1.07002488e-04
0.0175757       	-1.07002488e-04
0.0175764       	-1.07002488e-04
0.0175772       	-1.07002488e-04
0.017578        	-1.07002488e-04
0.0175788       	-1.07002488e-04
0.0175795       	-1.07002488e-04
0.0175803       	-1.07002488e-04
0.0175811       	-1.07002488e-04
0.0175819       	-1.07002488e-04
0.0175827       	-1.07002488e-04
0.0175835       	-1.07002488e-04
0.0175843       	-1.07002488e-04
0.017585        	-1.07002488e-04
0.0175858       	-1.07002488e-04
0.0175866       	-1.07002488e-04
0.0175874       	-1.07002488e-04
0.0175882       	-1.07002488e-04
0.017589        	-1.07002488e-04
0.0175898       	-1.07002488e-04
0.0175906       	-1.07002488e-04
0.0175913       	-1.07002488e-04
0.0175921       	-1.07002488e-04
0.0175929       	-1.07002488e-04
0.0175937       	-1.07002488e-04
0.0175945       	-1.07002488e-04
0.0175953       	-1.07002488e-04
0.0175961       	-1.07002488e-04
0.0175969       	-1.07002488e-04
0.0175976       	-1.07002488e-04
0.0175984       	-1.07002488e-04
0.0175992       	-1.07002488e-04
0.0176          	-1.07002488e-04
0.0176008       	-1.07002488e-04
0.0176016       	-1.07002488e-04
0.0176024       	-1.07002488e-04
0.0176032       	-1.07002488e-04
0.017604        	-1.07002488e-04
0.0176048       	-1.07002488e-04
0.0176056       	-1.07002488e-04
0.0176063       	-1.07002488e-04
0.0176071       	-1.07002488e-04
0.0176079       	-1.07002488e-04
0.0176087       	-1.07002488e-04
0.0176095       	-1.07002488e-04
0.0176103       	-1.07002488e-04
0.0176111       	-1.07002488e-04
0.0176119       	-1.07002488e-04
0.0176127       	-1.07002488e-04
0.0176135       	-1.07002488e-04
0.0176142       	-1.07002488e-04
0.017615        	-1.07002488e-04
0.0176158       	-1.07002488e-04
0.0176166       	-1.07002488e-04
0.0176174       	-1.07002488e-04
0.0176182       	-1.07002488e-04
0.017619        	-1.07002488e-04
0.0176197       	-1.07002488e-04
0.0176205       	-1.07002488e-04
0.0176213       	-1.07002488e-04
0.0176221       	-1.07002488e-04
0.0176229       	-1.07002488e-04
0.0176236       	-1.07002488e-04
0.0176244       	-1.07002488e-04
0.0176252       	-1.07002488e-04
0.017626        	-1.07002488e-04
0.0176268       	-1.07002488e-04
0.0176275       	-1.07002488e-04
0.0176283       	-1.07002488e-04
0.0176291       	-1.07002488e-04
0.0176299       	-1.07002488e-04
0.0176306       	-1.07002488e-04
0.0176314       	-1.07002488e-04
0.0176322       	-1.07002488e-04
0.0176329       	-1.07002488e-04
0.0176337       	-1.07002488e-04
0.0176345       	-1.07002488e-04
0.0176353       	-1.07002488e-04
0.017636        	-1.07002488e-04
0.0176368       	-1.07002488e-04
0.0176376       	-1.07002488e-04
0.0176383       	-1.07002488e-04
0.0176391       	-1.07002488e-04
0.0176399       	-1.07002488e-04
0.0176406       	-1.07002488e-04
0.0176414       	-1.07002488e-04
0.0176421       	-1.07002488e-04
0.0176429       	-1.07002488e-04
0.0176437       	-1.07002488e-04
0.0176444       	-1.07002488e-04
0.0176452       	-1.07002488e-04
0.0176459       	-1.07002488e-04
0.0176467       	-1.07002488e-04
0.0176475       	-1.07002488e-04
0.0176482       	-1.07002488e-04
0.017649        	-1.07002488e-04
0.0176497       	-1.07002488e-04
0.0176505       	-1.07002488e-04
0.0176512       	-1.07002488e-04
0.017652        	-1.07002488e-04
0.0176527       	-1.07002488e-04
0.0176535       	-1.07002488e-04
0.0176543       	-1.07002488e-04
0.017655        	-1.07002488e-04
0.0176558       	-1.07002488e-04
0.0176565       	-1.07002488e-04
0.0176572       	-1.07002488e-04
0.017658        	-1.07002488e-04
0.0176587       	-1.07002488e-04
0.0176595       	-1.07002488e-04
0.0176602       	-1.07002488e-04
0.017661        	-1.07002488e-04
0.0176617       	-1.07002488e-04
0.0176625       	-1.07002488e-04
0.0176632       	-1.07002488e-04
0.017664        	-1.07002488e-04
0.0176647       	-1.07002488e-04
0.0176654       	-1.07002488e-04
0.0176662       	-1.07002488e-04
0.0176669       	-1.07002488e-04
0.0176677       	-1.07002488e-04
0.0176684       	-1.07002488e-04
0.0176691       	-1.07002488e-04
0.0176699       	-1.07002488e-04
0.0176706       	-1.07002488e-04
0.0176713       	-1.07002488e-04
0.0176721       	-1.07002488e-04
0.0176728       	-1.07002488e-04
0.0176735       	-1.07002488e-04
0.0176743       	-1.07002488e-04
0.017675        	-1.07002488e-04
0.0176757       	-1.07002488e-04
0.0176765       	-1.07002488e-04
0.0176772       	-1.07002488e-04
0.0176779       	-1.07002488e-04
0.0176787       	-1.07002488e-04
0.0176794       	-1.07002488e-04
0.0176801       	-1.07002488e-04
0.0176809       	-1.07002488e-04
0.0176816       	-1.07002488e-04
0.0176823       	-1.07002488e-04
0.017683        	-1.07002488e-04
0.0176838       	-1.07002488e-04
0.0176845       	-1.07002488e-04
0.0176852       	-1.07002488e-04
0.0176859       	-1.07002488e-04
0.0176867       	-1.07002488e-04
0.0176874       	-1.07002488e-04
0.0176881       	-1.07002488e-04
0.0176889       	-1.07002488e-04
0.0176896       	-1.07002488e-04
0.0176903       	-1.07002488e-04
0.017691        	-1.07002488e-04
0.0176917       	-1.07002488e-04
0.0176925       	-1.07002488e-04
0.0176932       	-1.07002488e-04
0.0176939       	-1.07002488e-04
0.0176946       	-1.07002488e-04
0.0176953       	-1.07002488e-04
0.0176961       	-1.07002488e-04
0.0176968       	-1.07002488e-04
0.0176975       	-1.07002488e-04
0.0176982       	-1.07002488e-04
0.0176989       	-1.07002488e-04
0.0176996       	-1.07002488e-04
0.0177004       	-1.07002488e-04
0.0177011       	-1.07002488e-04
0.0177018       	-1.07002488e-04
0.0177025       	-1.07002488e-04
0.0177032       	-1.07002488e-04
0.0177039       	-1.07002488e-04
0.0177046       	-1.07002488e-04
0.0177053       	-1.07002488e-04
0.0177061       	-1.07002488e-04
0.0177068       	-1.07002488e-04
0.0177075       	-1.07002488e-04
0.0177082       	-1.07002488e-04
0.0177089       	-1.07002488e-04
0.0177096       	-1.07002488e-04
0.0177103       	-1.07002488e-04
0.017711        	-1.07002488e-04
0.0177117       	-1.07002488e-04
0.0177124       	-1.07002488e-04
0.0177131       	-1.07002488e-04
0.0177138       	-1.07002488e-04
0.0177145       	-1.07002488e-04
0.0177152       	-1.07002488e-04
0.0177159       	-1.07002488e-04
0.0177166       	-1.07002488e-04
0.0177173       	-1.07002488e-04
0.017718        	-1.07002488e-04
0.0177187       	-1.07002488e-04
0.0177194       	-1.07002488e-04
0.0177201       	-1.07002488e-04
0.0177208       	-1.07002488e-04
0.0177215       	-1.07002488e-04
0.0177222       	-1.07002488e-04
0.0177229       	-1.07002488e-04
0.0177236       	-1.07002488e-04
0.0177243       	-1.07002488e-04
0.017725        	-1.07002488e-04
0.0177257       	-1.07002488e-04
0.0177264       	-1.07002488e-04
0.0177271       	-1.07002488e-04
0.0177278       	-1.07002488e-04
0.0177285       	-1.07002488e-04
0.0177292       	-1.07002488e-04
0.0177299       	-1.07002488e-04
0.0177306       	-1.07002488e-04
0.0177312       	-1.07002488e-04
0.0177319       	-1.07002488e-04
0.0177326       	-1.07002488e-04
0.0177333       	-1.07002488e-04
0.017734        	-1.07002488e-04
0.0177347       	-1.07002488e-04
0.0177354       	-1.07002488e-04
0.0177361       	-1.07002488e-04
0.0177367       	-1.07002488e-04
0.0177374       	-1.07002488e-04
0.0177381       	-1.07002488e-04
0.0177388       	-1.07002488e-04
0.0177395       	-1.07002488e-04
0.0177401       	-1.07002488e-04
0.0177408       	-1.07002488e-04
0.0177415       	-1.07002488e-04
0.0177422       	-1.07002488e-04
0.0177429       	-1.07002488e-04
0.0177435       	-1.07002488e-04
0.0177442       	-1.07002488e-04
0.0177449       	-1.07002488e-04
0.0177456       	-1.07002488e-04
0.0177463       	-1.07002488e-04
0.0177469       	-1.07002488e-04
0.0177476       	-1.07002488e-04
0.0177483       	-1.07002488e-04
0.0177489       	-1.07002488e-04
0.0177496       	-1.07002488e-04
0.0177503       	-1.07002488e-04
0.017751        	-1.07002488e-04
0.0177516       	-1.07002488e-04
0.0177523       	-1.07002488e-04
0.017753        	-1.07002488e-04
0.0177536       	-1.07002488e-04
0.0177543       	-1.07002488e-04
0.017755        	-1.07002488e-04
0.0177556       	-1.07002488e-04
0.0177563       	-1.07002488e-04
0.0177569       	-1.07002488e-04
0.0177576       	-1.07002488e-04
0.0177583       	-1.07002488e-04
0.0177589       	-1.07002488e-04
0.0177596       	-1.07002488e-04
0.0177603       	-1.07002488e-04
0.0177609       	-1.07002488e-04
0.0177616       	-1.07002488e-04
0.0177622       	-1.07002488e-04
0.0177629       	-1.07002488e-04
0.0177635       	-1.07002488e-04
0.0177642       	-1.07002488e-04
0.0177648       	-1.07002488e-04
0.0177655       	-1.07002488e-04
0.0177662       	-1.07002488e-04
0.0177668       	-1.07002488e-04
0.0177675       	-1.07002488e-04
0.0177681       	-1.07002488e-04
0.0177688       	-1.07002488e-04
0.0177694       	-1.07002488e-04
0.0177701       	-1.07002488e-04
0.0177707       	-1.07002488e-04
0.0177714       	-1.07002488e-04
0.017772        	-1.07002488e-04
0.0177727       	-1.07002488e-04
0.0177733       	-1.07002488e-04
0.017774        	-1.07002488e-04
0.0177746       	-1.07002488e-04
0.0177753       	-1.07002488e-04
0.0177759       	-1.07002488e-04
0.0177766       	-1.07002488e-04
0.0177772       	-1.07002488e-04
0.0177779       	-1.07002488e-04
0.0177785       	-1.07002488e-04
0.0177792       	-1.07002488e-04
0.0177798       	-1.07002488e-04
0.0177804       	-1.07002488e-04
0.017781        	-1.07002488e-04
0.0177817       	-1.07002488e-04
0.0177823       	-1.07002488e-04
0.0177829       	-1.07002488e-04
0.0177836       	-1.07002488e-04
0.0177842       	-1.07002488e-04
0.0177848       	-1.07002488e-04
0.0177855       	-1.07002488e-04
0.0177861       	-1.07002488e-04
0.0177867       	-1.07002488e-04
0.0177874       	-1.07002488e-04
0.017788        	-1.07002488e-04
0.0177886       	-1.07002488e-04
0.0177893       	-1.07002488e-04
0.0177899       	-1.07002488e-04
0.0177905       	-1.07002488e-04
0.0177912       	-1.07002488e-04
0.0177918       	-1.07002488e-04
0.0177924       	-1.07002488e-04
0.0177931       	-1.07002488e-04
0.0177937       	-1.07002488e-04
0.0177943       	-1.07002488e-04
0.0177949       	-1.07002488e-04
0.0177956       	-1.07002488e-04
0.0177962       	-1.07002488e-04
0.0177968       	-1.07002488e-04
0.0177975       	-1.07002488e-04
0.0177981       	-1.07002488e-04
0.0177987       	-1.07002488e-04
0.0177994       	-1.07002488e-04
0.0178          	-1.07002488e-04
0.0178006       	-1.07002488e-04
0.0178013       	-1.07002488e-04
0.0178019       	-1.07002488e-04
0.0178025       	-1.07002488e-04
0.0178032       	-1.07002488e-04
0.0178038       	-1.07002488e-04
0.0178045       	-1.07002488e-04
0.0178051       	-1.07002488e-04
0.0178057       	-1.07002488e-04
0.0178064       	-1.07002488e-04
0.017807        	-1.07002488e-04
0.0178076       	-1.07002488e-04
0.0178083       	-1.07002488e-04
0.0178089       	-1.07002488e-04
0.0178096       	-1.07002488e-04
0.0178102       	-1.07002488e-04
0.0178108       	-1.07002488e-04
0.0178115       	-1.07002488e-04
0.0178121       	-1.07002488e-04
0.0178127       	-1.07002488e-04
0.0178134       	-1.07002488e-04
0.017814        	-1.07002488e-04
0.0178146       	-1.07002488e-04
0.0178153       	-1.07002488e-04
0.0178159       	-1.07002488e-04
0.0178166       	-1.07002488e-04
0.0178172       	-1.07002488e-04
0.0178178       	-1.07002488e-04
0.0178185       	-1.07002488e-04
0.0178191       	-1.07002488e-04
0.0178197       	-1.07002488e-04
0.0178204       	-1.07002488e-04
0.017821        	-1.07002488e-04
0.0178216       	-1.07002488e-04
0.0178223       	-1.07002488e-04
0.0178229       	-1.07002488e-04
0.0178235       	-1.07002488e-04
0.0178242       	-1.07002488e-04
0.0178248       	-1.07002488e-04
0.0178254       	-1.07002488e-04
0.0178261       	-1.07002488e-04
0.0178267       	-1.07002488e-04
0.0178273       	-1.07002488e-04
0.017828        	-1.07002488e-04
0.0178286       	-1.07002488e-04
0.0178292       	-1.07002488e-04
0.0178298       	-1.07002488e-04
0.0178305       	-1.07002488e-04
0.0178311       	-1.07002488e-04
0.0178317       	-1.07002488e-04
0.0178323       	-1.07002488e-04
0.017833        	-1.07002488e-04
0.0178336       	-1.07002488e-04
0.0178342       	-1.07002488e-04
0.0178348       	-1.07002488e-04
0.0178355       	-1.07002488e-04
0.0178361       	-1.07002488e-04
0.0178367       	-1.07002488e-04
0.0178373       	-1.07002488e-04
0.017838        	-1.07002488e-04
0.0178386       	-1.07002488e-04
0.0178392       	-1.07002488e-04
0.0178398       	-1.07002488e-04
0.0178404       	-1.07002488e-04
0.0178411       	-1.07002488e-04
0.0178417       	-1.07002488e-04
0.0178423       	-1.07002488e-04
0.0178429       	-1.07002488e-04
0.0178435       	-1.07002488e-04
0.0178441       	-1.07002488e-04
0.0178448       	-1.07002488e-04
0.0178454       	-1.07002488e-04
0.017846        	-1.07002488e-04
0.0178466       	-1.07002488e-04
0.0178472       	-1.07002488e-04
0.0178478       	-1.07002488e-04
0.0178484       	-1.07002488e-04
0.0178491       	-1.07002488e-04
0.0178497       	-1.07002488e-04
0.0178503       	-1.07002488e-04
0.0178509       	-1.07002488e-04
0.0178515       	-1.07002488e-04
0.0178521       	-1.07002488e-04
0.0178527       	-1.07002488e-04
0.0178533       	-1.07002488e-04
0.017854        	-1.07002488e-04
0.0178546       	-1.07002488e-04
0.0178552       	-1.07002488e-04
0.0178558       	-1.07002488e-04
0.0178564       	-1.07002488e-04
0.017857        	-1.07002488e-04
0.0178576       	-1.07002488e-04
0.0178582       	-1.07002488e-04
0.0178588       	-1.07002488e-04
0.0178595       	-1.07002488e-04
0.0178601       	-1.07002488e-04
0.0178607       	-1.07002488e-04
0.0178613       	-1.07002488e-04
0.0178619       	-1.07002488e-04
0.0178625       	-1.07002488e-04
0.0178631       	-1.07002488e-04
0.0178637       	-1.07002488e-04
0.0178643       	-1.07002488e-04
0.017865        	-1.07002488e-04
0.0178656       	-1.07002488e-04
0.0178662       	-1.07002488e-04
0.0178668       	-1.07002488e-04
0.0178674       	-1.07002488e-04
0.017868        	-1.07002488e-04
0.0178686       	-1.07002488e-04
0.0178692       	-1.07002488e-04
0.0178698       	-1.07002488e-04
0.0178705       	-1.07002488e-04
0.0178711       	-1.07002488e-04
0.0178717       	-1.07002488e-04
0.0178723       	-1.07002488e-04
0.0178729       	-1.07002488e-04
0.0178735       	-1.07002488e-04
0.0178741       	-1.07002488e-04
0.0178748       	-1.07002488e-04
0.0178754       	-1.07002488e-04
0.017876        	-1.07002488e-04
0.0178766       	-1.07002488e-04
0.0178772       	-1.07002488e-04
0.0178778       	-1.07002488e-04
0.0178784       	-1.07002488e-04
0.0178791       	-1.07002488e-04
0.0178797       	-1.07002488e-04
0.0178803       	-1.07002488e-04
0.0178809       	-1.07002488e-04
0.0178815       	-1.07002488e-04
0.0178821       	-1.07002488e-04
0.0178828       	-1.07002488e-04
0.0178834       	-1.07002488e-04
0.017884        	-1.07002488e-04
0.0178846       	-1.07002488e-04
0.0178852       	-1.07002488e-04
0.0178858       	-1.07002488e-04
0.0178865       	-1.07002488e-04
0.0178871       	-1.07002488e-04
0.0178877       	-1.07002488e-04
0.0178883       	-1.07002488e-04
0.0178889       	-1.07002488e-04
0.0178895       	-1.07002488e-04
0.0178902       	-1.07002488e-04
0.0178908       	-1.07002488e-04
0.0178914       	-1.07002488e-04
0.017892        	-1.07002488e-04
0.0178926       	-1.07002488e-04
0.0178932       	-1.07002488e-04
0.0178939       	-1.07002488e-04
0.0178945       	-1.07002488e-04
0.0178951       	-1.07002488e-04
0.0178957       	-1.07002488e-04
0.0178963       	-1.07002488e-04
0.0178969       	-1.07002488e-04
0.0178976       	-1.07002488e-04
0.0178982       	-1.07002488e-04
0.0178988       	-1.07002488e-04
0.0178994       	-1.07002488e-04
0.0179          	-1.07002488e-04
0.0179006       	-1.07002488e-04
0.0179013       	-1.07002488e-04
0.0179019       	-1.07002488e-04
0.0179025       	-1.07002488e-04
0.0179031       	-1.07002488e-04
0.0179037       	-1.07002488e-04
0.0179043       	-1.07002488e-04
0.0179049       	-1.07002488e-04
0.0179055       	-1.07002488e-04
0.0179062       	-1.07002488e-04
0.0179068       	-1.07002488e-04
0.0179074       	-1.07002488e-04
0.017908        	-1.07002488e-04
0.0179086       	-1.07002488e-04
0.0179092       	-1.07002488e-04
0.0179098       	-1.07002488e-04
0.0179104       	-1.07002488e-04
0.017911        	-1.07002488e-04
0.0179116       	-1.07002488e-04
0.0179122       	-1.07002488e-04
0.0179129       	-1.07002488e-04
0.0179135       	-1.07002488e-04
0.0179141       	-1.07002488e-04
0.0179147       	-1.07002488e-04
0.0179153       	-1.07002488e-04
0.0179159       	-1.07002488e-04
0.0179165       	-1.07002488e-04
0.0179171       	-1.07002488e-04
0.0179177       	-1.07002488e-04
0.0179183       	-1.07002488e-04
0.0179189       	-1.07002488e-04
0.0179195       	-1.07002488e-04
0.0179201       	-1.07002488e-04
0.0179207       	-1.07002488e-04
0.0179213       	-1.07002488e-04
0.0179219       	-1.07002488e-04
0.0179225       	-1.07002488e-04
0.0179231       	-1.07002488e-04
0.0179237       	-1.07002488e-04
0.0179243       	-1.07002488e-04
0.0179249       	-1.07002488e-04
0.0179255       	-1.07002488e-04
0.0179261       	-1.07002488e-04
0.0179267       	-1.07002488e-04
0.0179273       	-1.07002488e-04
0.0179279       	-1.07002488e-04
0.0179285       	-1.07002488e-04
0.0179291       	-1.07002488e-04
0.0179297       	-1.07002488e-04
0.0179304       	-1.07002488e-04
0.017931        	-1.07002488e-04
0.0179316       	-1.07002488e-04
0.0179322       	-1.07002488e-04
0.0179328       	-1.07002488e-04
0.0179334       	-1.07002488e-04
0.017934        	-1.07002488e-04
0.0179346       	-1.07002488e-04
0.0179352       	-1.07002488e-04
0.0179358       	-1.07002488e-04
0.0179364       	-1.07002488e-04
0.017937        	-1.07002488e-04
0.0179376       	-1.07002488e-04
0.0179382       	-1.07002488e-04
0.0179388       	-1.07002488e-04
0.0179394       	-1.07002488e-04
0.01794         	-1.07002488e-04
0.0179406       	-1.07002488e-04
0.0179413       	-1.07002488e-04
0.0179419       	-1.07002488e-04
0.0179425       	-1.07002488e-04
0.0179431       	-1.07002488e-04
0.0179437       	-1.07002488e-04
0.0179443       	-1.07002488e-04
0.0179449       	-1.07002488e-04
0.0179455       	-1.07002488e-04
0.0179461       	-1.07002488e-04
0.0179467       	-1.07002488e-04
0.0179473       	-1.07002488e-04
0.0179479       	-1.07002488e-04
0.0179485       	-1.07002488e-04
0.0179491       	-1.07002488e-04
0.0179498       	-1.07002488e-04
0.0179504       	-1.07002488e-04
0.017951        	-1.07002488e-04
0.0179516       	-1.07002488e-04
0.0179522       	-1.07002488e-04
0.0179528       	-1.07002488e-04
0.0179534       	-1.07002488e-04
0.017954        	-1.07002488e-04
0.0179547       	-1.07002488e-04
0.0179553       	-1.07002488e-04
0.0179559       	-1.07002488e-04
0.0179565       	-1.07002488e-04
0.0179571       	-1.07002488e-04
0.0179577       	-1.07002488e-04
0.0179583       	-1.07002488e-04
0.0179589       	-1.07002488e-04
0.0179596       	-1.07002488e-04
0.0179602       	-1.07002488e-04
0.0179608       	-1.07002488e-04
0.0179614       	-1.07002488e-04
0.017962        	-1.07002488e-04
0.0179626       	-1.07002488e-04
0.0179632       	-1.07002488e-04
0.0179638       	-1.07002488e-04
0.0179644       	-1.07002488e-04
0.017965        	-1.07002488e-04
0.0179656       	-1.07002488e-04
0.0179662       	-1.07002488e-04
0.0179669       	-1.07002488e-04
0.0179675       	-1.07002488e-04
0.0179681       	-1.07002488e-04
0.0179687       	-1.07002488e-04
0.0179693       	-1.07002488e-04
0.0179699       	-1.07002488e-04
0.0179705       	-1.07002488e-04
0.0179711       	-1.07002488e-04
0.0179717       	-1.07002488e-04
0.0179723       	-1.07002488e-04
0.0179729       	-1.07002488e-04
0.0179735       	-1.07002488e-04
0.0179741       	-1.07002488e-04
0.0179747       	-1.07002488e-04
0.0179753       	-1.07002488e-04
0.0179759       	-1.07002488e-04
0.0179765       	-1.07002488e-04
0.0179771       	-1.07002488e-04
0.0179777       	-1.07002488e-04
0.0179783       	-1.07002488e-04
0.0179789       	-1.07002488e-04
0.0179795       	-1.07002488e-04
0.0179801       	-1.07002488e-04
0.0179807       	-1.07002488e-04
0.0179813       	-1.07002488e-04
0.0179819       	-1.07002488e-04
0.0179825       	-1.07002488e-04
0.0179831       	-1.07002488e-04
0.0179837       	-1.07002488e-04
0.0179843       	-1.07002488e-04
0.0179849       	-1.07002488e-04
0.0179855       	-1.07002488e-04
0.0179861       	-1.07002488e-04
0.0179867       	-1.07002488e-04
0.0179873       	-1.07002488e-04
0.0179879       	-1.07002488e-04
0.0179885       	-1.07002488e-04
0.0179892       	-1.07002488e-04
0.0179898       	-1.07002488e-04
0.0179904       	-1.07002488e-04
0.017991        	-1.07002488e-04
0.0179916       	-1.07002488e-04
0.0179922       	-1.07002488e-04
0.0179928       	-1.07002488e-04
0.0179934       	-1.07002488e-04
0.017994        	-1.07002488e-04
0.0179946       	-1.07002488e-04
0.0179952       	-1.07002488e-04
0.0179958       	-1.07002488e-04
0.0179964       	-1.07002488e-04
0.017997        	-1.07002488e-04
0.0179976       	-1.07002488e-04
0.0179982       	-1.07002488e-04
0.0179988       	-1.07002488e-04
0.0179994       	-1.07002488e-04
0.018           	-1.07002488e-04
0.0180006       	-1.07002488e-04
0.0180012       	-1.07002488e-04
0.0180018       	-1.07002488e-04
0.0180024       	-1.07002488e-04
0.018003        	-1.07002488e-04
0.0180036       	-1.07002488e-04
0.0180043       	-1.07002488e-04
0.0180049       	-1.07002488e-04
0.0180055       	-1.07002488e-04
0.0180061       	-1.07002488e-04
0.0180067       	-1.07002488e-04
0.0180073       	-1.07002488e-04
0.0180079       	-1.07002488e-04
0.0180085       	-1.07002488e-04
0.0180091       	-1.07002488e-04
0.0180098       	-1.07002488e-04
0.0180104       	-1.07002488e-04
0.018011        	-1.07002488e-04
0.0180116       	-1.07002488e-04
0.0180122       	-1.07002488e-04
0.0180128       	-1.07002488e-04
0.0180134       	-1.07002488e-04
0.018014        	-1.07002488e-04
0.0180147       	-1.07002488e-04
0.0180153       	-1.07002488e-04
0.0180159       	-1.07002488e-04
0.0180165       	-1.07002488e-04
0.0180171       	-1.07002488e-04
0.0180177       	-1.07002488e-04
0.0180183       	-1.07002488e-04
0.018019        	-1.07002488e-04
0.0180196       	-1.07002488e-04
0.0180202       	-1.07002488e-04
0.0180208       	-1.07002488e-04
0.0180214       	-1.07002488e-04
0.018022        	-1.07002488e-04
0.0180226       	-1.07002488e-04
0.0180233       	-1.07002488e-04
0.0180239       	-1.07002488e-04
0.0180245       	-1.07002488e-04
0.0180251       	-1.07002488e-04
0.0180257       	-1.07002488e-04
0.0180263       	-1.07002488e-04
0.0180269       	-1.07002488e-04
0.0180276       	-1.07002488e-04
0.0180282       	-1.07002488e-04
0.0180288       	-1.07002488e-04
0.0180294       	-1.07002488e-04
0.01803         	-1.07002488e-04
0.0180306       	-1.07002488e-04
0.0180312       	-1.07002488e-04
0.0180319       	-1.07002488e-04
0.0180325       	-1.07002488e-04
0.0180331       	-1.07002488e-04
0.0180337       	-1.07002488e-04
0.0180343       	-1.07002488e-04
0.0180349       	-1.07002488e-04
0.0180355       	-1.07002488e-04
0.0180361       	-1.07002488e-04
0.0180368       	-1.07002488e-04
0.0180374       	-1.07002488e-04
0.018038        	-1.07002488e-04
0.0180386       	-1.07002488e-04
0.0180392       	-1.07002488e-04
0.0180398       	-1.07002488e-04
0.0180404       	-1.07002488e-04
0.0180411       	-1.07002488e-04
0.0180417       	-1.07002488e-04
0.0180423       	-1.07002488e-04
0.0180429       	-1.07002488e-04
0.0180435       	-1.07002488e-04
0.0180441       	-1.07002488e-04
0.0180447       	-1.07002488e-04
0.0180454       	-1.07002488e-04
0.018046        	-1.07002488e-04
0.0180466       	-1.07002488e-04
0.0180472       	-1.07002488e-04
0.0180478       	-1.07002488e-04
0.0180484       	-1.07002488e-04
0.018049        	-1.07002488e-04
0.0180497       	-1.07002488e-04
0.0180503       	-1.07002488e-04
0.0180509       	-1.07002488e-04
0.0180515       	-1.07002488e-04
0.0180521       	-1.07002488e-04
0.0180528       	-1.07002488e-04
0.0180534       	-1.07002488e-04
0.018054        	-1.07002488e-04
0.0180546       	-1.07002488e-04
0.0180552       	-1.07002488e-04
0.0180559       	-1.07002488e-04
0.0180565       	-1.07002488e-04
0.0180571       	-1.07002488e-04
0.0180577       	-1.07002488e-04
0.0180584       	-1.07002488e-04
0.018059        	-1.07002488e-04
0.0180596       	-1.07002488e-04
0.0180602       	-1.07002488e-04
0.0180609       	-1.07002488e-04
0.0180615       	-1.07002488e-04
0.0180621       	-1.07002488e-04
0.0180627       	-1.07002488e-04
0.0180634       	-1.07002488e-04
0.018064        	-1.07002488e-04
0.0180646       	-1.07002488e-04
0.0180653       	-1.07002488e-04
0.0180659       	-1.07002488e-04
0.0180665       	-1.07002488e-04
0.0180671       	-1.07002488e-04
0.0180678       	-1.07002488e-04
0.0180684       	-1.07002488e-04
0.018069        	-1.07002488e-04
0.0180697       	-1.07002488e-04
0.0180703       	-1.07002488e-04
0.0180709       	-1.07002488e-04
0.0180716       	-1.07002488e-04
0.0180722       	-1.07002488e-04
0.0180728       	-1.07002488e-04
0.0180735       	-1.07002488e-04
0.0180741       	-1.07002488e-04
0.0180748       	-1.07002488e-04
0.0180754       	-1.07002488e-04
0.018076        	-1.07002488e-04
0.0180767       	-1.07002488e-04
0.0180773       	-1.07002488e-04
0.0180779       	-1.07002488e-04
0.0180786       	-1.07002488e-04
0.0180792       	-1.07002488e-04
0.0180798       	-1.07002488e-04
0.0180805       	-1.07002488e-04
0.0180811       	-1.07002488e-04
0.0180818       	-1.07002488e-04
0.0180824       	-1.07002488e-04
0.018083        	-1.07002488e-04
0.0180837       	-1.07002488e-04
0.0180843       	-1.07002488e-04
0.018085        	-1.07002488e-04
0.0180856       	-1.07002488e-04
0.0180862       	-1.07002488e-04
0.0180869       	-1.07002488e-04
0.0180875       	-1.07002488e-04
0.0180881       	-1.07002488e-04
0.0180888       	-1.07002488e-04
0.0180894       	-1.07002488e-04
0.0180901       	-1.07002488e-04
0.0180907       	-1.07002488e-04
0.0180913       	-1.07002488e-04
0.018092        	-1.07002488e-04
0.0180926       	-1.07002488e-04
0.0180932       	-1.07002488e-04
0.0180939       	-1.07002488e-04
0.0180945       	-1.07002488e-04
0.0180951       	-1.07002488e-04
0.0180958       	-1.07002488e-04
0.0180964       	-1.07002488e-04
0.018097        	-1.07002488e-04
0.0180977       	-1.07002488e-04
0.0180983       	-1.07002488e-04
0.0180989       	-1.07002488e-04
0.0180996       	-1.07002488e-04
0.0181002       	-1.07002488e-04
0.0181009       	-1.07002488e-04
0.0181015       	-1.07002488e-04
0.0181021       	-1.07002488e-04
0.0181028       	-1.07002488e-04
0.0181034       	-1.07002488e-04
0.018104        	-1.07002488e-04
0.0181047       	-1.07002488e-04
0.0181053       	-1.07002488e-04
0.0181059       	-1.07002488e-04
0.0181066       	-1.07002488e-04
0.0181072       	-1.07002488e-04
0.0181078       	-1.07002488e-04
0.0181085       	-1.07002488e-04
0.0181091       	-1.07002488e-04
0.0181098       	-1.07002488e-04
0.0181104       	-1.07002488e-04
0.018111        	-1.07002488e-04
0.0181117       	-1.07002488e-04
0.0181123       	-1.07002488e-04
0.0181129       	-1.07002488e-04
0.0181136       	-1.07002488e-04
0.0181142       	-1.07002488e-04
0.0181149       	-1.07002488e-04
0.0181155       	-1.07002488e-04
0.0181161       	-1.07002488e-04
0.0181168       	-1.07002488e-04
0.0181174       	-1.07002488e-04
0.0181181       	-1.07002488e-04
0.0181187       	-1.07002488e-04
0.0181193       	-1.07002488e-04
0.01812         	-1.07002488e-04
0.0181206       	-1.07002488e-04
0.0181213       	-1.07002488e-04
0.0181219       	-1.07002488e-04
0.0181226       	-1.07002488e-04
0.0181232       	-1.07002488e-04
0.0181239       	-1.07002488e-04
0.0181245       	-1.07002488e-04
0.0181252       	-1.07002488e-04
0.0181258       	-1.07002488e-04
0.0181265       	-1.07002488e-04
0.0181271       	-1.07002488e-04
0.0181278       	-1.07002488e-04
0.0181284       	-1.07002488e-04
0.0181291       	-1.07002488e-04
0.0181297       	-1.07002488e-04
0.0181304       	-1.07002488e-04
0.0181311       	-1.07002488e-04
0.0181317       	-1.07002488e-04
0.0181324       	-1.07002488e-04
0.018133        	-1.07002488e-04
0.0181337       	-1.07002488e-04
0.0181344       	-1.07002488e-04
0.018135        	-1.07002488e-04
0.0181357       	-1.07002488e-04
0.0181364       	-1.07002488e-04
0.018137        	-1.07002488e-04
0.0181377       	-1.07002488e-04
0.0181383       	-1.07002488e-04
0.018139        	-1.07002488e-04
0.0181397       	-1.07002488e-04
0.0181404       	-1.07002488e-04
0.018141        	-1.07002488e-04
0.0181417       	-1.07002488e-04
0.0181424       	-1.07002488e-04
0.018143        	-1.07002488e-04
0.0181437       	-1.07002488e-04
0.0181444       	-1.07002488e-04
0.018145        	-1.07002488e-04
0.0181457       	-1.07002488e-04
0.0181464       	-1.07002488e-04
0.0181471       	-1.07002488e-04
0.0181477       	-1.07002488e-04
0.0181484       	-1.07002488e-04
0.0181491       	-1.07002488e-04
0.0181498       	-1.07002488e-04
0.0181504       	-1.07002488e-04
0.0181511       	-1.07002488e-04
0.0181518       	-1.07002488e-04
0.0181525       	-1.07002488e-04
0.0181532       	-1.07002488e-04
0.0181538       	-1.07002488e-04
0.0181545       	-1.07002488e-04
0.0181552       	-1.07002488e-04
0.0181559       	-1.07002488e-04
0.0181566       	-1.07002488e-04
0.0181572       	-1.07002488e-04
0.0181579       	-1.07002488e-04
0.0181586       	-1.07002488e-04
0.0181593       	-1.07002488e-04
0.01816         	-1.07002488e-04
0.0181606       	-1.07002488e-04
0.0181613       	-1.07002488e-04
0.018162        	-1.07002488e-04
0.0181627       	-1.07002488e-04
0.0181633       	-1.07002488e-04
0.018164        	-1.07002488e-04
0.0181647       	-1.07002488e-04
0.0181654       	-1.07002488e-04
0.0181661       	-1.07002488e-04
0.0181667       	-1.07002488e-04
0.0181674       	-1.07002488e-04
0.0181681       	-1.07002488e-04
0.0181688       	-1.07002488e-04
0.0181695       	-1.07002488e-04
0.0181701       	-1.07002488e-04
0.0181708       	-1.07002488e-04
0.0181715       	-1.07002488e-04
0.0181722       	-1.07002488e-04
0.0181728       	-1.07002488e-04
0.0181735       	-1.07002488e-04
0.0181742       	-1.07002488e-04
0.0181749       	-1.07002488e-04
0.0181756       	-1.07002488e-04
0.0181762       	-1.07002488e-04
0.0181769       	-1.07002488e-04
0.0181776       	-1.07002488e-04
0.0181783       	-1.07002488e-04
0.018179        	-1.07002488e-04
0.0181796       	-1.07002488e-04
0.0181803       	-1.07002488e-04
0.018181        	-1.07002488e-04
0.0181817       	-1.07002488e-04
0.0181824       	-1.07002488e-04
0.018183        	-1.07002488e-04
0.0181837       	-1.07002488e-04
0.0181844       	-1.07002488e-04
0.0181851       	-1.07002488e-04
0.0181857       	-1.07002488e-04
0.0181864       	-1.07002488e-04
0.0181871       	-1.07002488e-04
0.0181878       	-1.07002488e-04
0.0181885       	-1.07002488e-04
0.0181891       	-1.07002488e-04
0.0181898       	-1.07002488e-04
0.0181905       	-1.07002488e-04
0.0181912       	-1.07002488e-04
0.0181919       	-1.07002488e-04
0.0181925       	-1.07002488e-04
0.0181932       	-1.07002488e-04
0.0181939       	-1.07002488e-04
0.0181946       	-1.07002488e-04
0.0181952       	-1.07002488e-04
0.0181959       	-1.07002488e-04
0.0181966       	-1.07002488e-04
0.0181973       	-1.07002488e-04
0.018198        	-1.07002488e-04
0.0181986       	-1.07002488e-04
0.0181993       	-1.07002488e-04
0.0182          	-1.07002488e-04
0.0182007       	-1.07002488e-04
0.0182014       	-1.07002488e-04
0.0182021       	-1.07002488e-04
0.0182028       	-1.07002488e-04
0.0182035       	-1.07002488e-04
0.0182042       	-1.07002488e-04
0.0182049       	-1.07002488e-04
0.0182057       	-1.07002488e-04
0.0182064       	-1.07002488e-04
0.0182071       	-1.07002488e-04
0.0182078       	-1.07002488e-04
0.0182085       	-1.07002488e-04
0.0182092       	-1.07002488e-04
0.0182099       	-1.07002488e-04
0.0182107       	-1.07002488e-04
0.0182114       	-1.07002488e-04
0.0182121       	-1.07002488e-04
0.0182128       	-1.07002488e-04
0.0182135       	-1.07002488e-04
0.0182143       	-1.07002488e-04
0.018215        	-1.07002488e-04
0.0182157       	-1.07002488e-04
0.0182164       	-1.07002488e-04
0.0182172       	-1.07002488e-04
0.0182179       	-1.07002488e-04
0.0182186       	-1.07002488e-04
0.0182193       	-1.07002488e-04
0.0182201       	-1.07002488e-04
0.0182208       	-1.07002488e-04
0.0182215       	-1.07002488e-04
0.0182223       	-1.07002488e-04
0.018223        	-1.07002488e-04
0.0182237       	-1.07002488e-04
0.0182245       	-1.07002488e-04
0.0182252       	-1.07002488e-04
0.0182259       	-1.07002488e-04
0.0182267       	-1.07002488e-04
0.0182274       	-1.07002488e-04
0.0182282       	-1.07002488e-04
0.0182289       	-1.07002488e-04
0.0182296       	-1.07002488e-04
0.0182304       	-1.07002488e-04
0.0182311       	-1.07002488e-04
0.0182319       	-1.07002488e-04
0.0182326       	-1.07002488e-04
0.0182333       	-1.07002488e-04
0.0182341       	-1.07002488e-04
0.0182348       	-1.07002488e-04
0.0182356       	-1.07002488e-04
0.0182363       	-1.07002488e-04
0.018237        	-1.07002488e-04
0.0182378       	-1.07002488e-04
0.0182385       	-1.07002488e-04
0.0182393       	-1.07002488e-04
0.01824         	-1.07002488e-04
0.0182408       	-1.07002488e-04
0.0182415       	-1.07002488e-04
0.0182423       	-1.07002488e-04
0.018243        	-1.07002488e-04
0.0182437       	-1.07002488e-04
0.0182445       	-1.07002488e-04
0.0182452       	-1.07002488e-04
0.018246        	-1.07002488e-04
0.0182467       	-1.07002488e-04
0.0182475       	-1.07002488e-04
0.0182482       	-1.07002488e-04
0.018249        	-1.07002488e-04
0.0182497       	-1.07002488e-04
0.0182504       	-1.07002488e-04
0.0182512       	-1.07002488e-04
0.0182519       	-1.07002488e-04
0.0182527       	-1.07002488e-04
0.0182534       	-1.07002488e-04
0.0182541       	-1.07002488e-04
0.0182549       	-1.07002488e-04
0.0182556       	-1.07002488e-04
0.0182564       	-1.07002488e-04
0.0182571       	-1.07002488e-04
0.0182578       	-1.07002488e-04
0.0182586       	-1.07002488e-04
0.0182593       	-1.07002488e-04
0.0182601       	-1.07002488e-04
0.0182608       	-1.07002488e-04
0.0182615       	-1.07002488e-04
0.0182623       	-1.07002488e-04
0.018263        	-1.07002488e-04
0.0182638       	-1.07002488e-04
0.0182645       	-1.07002488e-04
0.0182652       	-1.07002488e-04
0.018266        	-1.07002488e-04
0.0182667       	-1.07002488e-04
0.0182675       	-1.07002488e-04
0.0182682       	-1.07002488e-04
0.0182689       	-1.07002488e-04
0.0182697       	-1.07002488e-04
0.0182704       	-1.07002488e-04
0.0182712       	-1.07002488e-04
0.0182719       	-1.07002488e-04
0.0182726       	-1.07002488e-04
0.0182734       	-1.07002488e-04
0.0182741       	-1.07002488e-04
0.0182749       	-1.07002488e-04
0.0182756       	-1.07002488e-04
0.0182764       	-1.07002488e-04
0.0182771       	-1.07002488e-04
0.0182778       	-1.07002488e-04
0.0182786       	-1.07002488e-04
0.0182793       	-1.07002488e-04
0.0182801       	-1.07002488e-04
0.0182808       	-1.07002488e-04
0.0182815       	-1.07002488e-04
0.0182823       	-1.07002488e-04
0.018283        	-1.07002488e-04
0.0182838       	-1.07002488e-04
0.0182845       	-1.07002488e-04
0.0182852       	-1.07002488e-04
0.018286        	-1.07002488e-04
0.0182867       	-1.07002488e-04
0.0182875       	-1.07002488e-04
0.0182882       	-1.07002488e-04
0.018289        	-1.07002488e-04
0.0182897       	-1.07002488e-04
0.0182905       	-1.07002488e-04
0.0182912       	-1.07002488e-04
0.018292        	-1.07002488e-04
0.0182927       	-1.07002488e-04
0.0182934       	-1.07002488e-04
0.0182942       	-1.07002488e-04
0.0182949       	-1.07002488e-04
0.0182957       	-1.07002488e-04
0.0182964       	-1.07002488e-04
0.0182972       	-1.07002488e-04
0.0182979       	-1.07002488e-04
0.0182987       	-1.07002488e-04
0.0182994       	-1.07002488e-04
0.0183002       	-1.07002488e-04
0.0183009       	-1.07002488e-04
0.0183017       	-1.07002488e-04
0.0183024       	-1.07002488e-04
0.0183032       	-1.07002488e-04
0.0183039       	-1.07002488e-04
0.0183047       	-1.07002488e-04
0.0183054       	-1.07002488e-04
0.0183062       	-1.07002488e-04
0.0183069       	-1.07002488e-04
0.0183077       	-1.07002488e-04
0.0183084       	-1.07002488e-04
0.0183092       	-1.07002488e-04
0.0183099       	-1.07002488e-04
0.0183107       	-1.07002488e-04
0.0183115       	-1.07002488e-04
0.0183122       	-1.07002488e-04
0.018313        	-1.07002488e-04
0.0183137       	-1.07002488e-04
0.0183145       	-1.07002488e-04
0.0183152       	-1.07002488e-04
0.018316        	-1.07002488e-04
0.0183168       	-1.07002488e-04
0.0183175       	-1.07002488e-04
0.0183183       	-1.07002488e-04
0.018319        	-1.07002488e-04
0.0183198       	-1.07002488e-04
0.0183205       	-1.07002488e-04
0.0183213       	-1.07002488e-04
0.018322        	-1.07002488e-04
0.0183228       	-1.07002488e-04
0.0183236       	-1.07002488e-04
0.0183243       	-1.07002488e-04
0.0183251       	-1.07002488e-04
0.0183258       	-1.07002488e-04
0.0183266       	-1.07002488e-04
0.0183273       	-1.07002488e-04
0.0183281       	-1.07002488e-04
0.0183288       	-1.07002488e-04
0.0183296       	-1.07002488e-04
0.0183303       	-1.07002488e-04
0.0183311       	-1.07002488e-04
0.0183318       	-1.07002488e-04
0.0183326       	-1.07002488e-04
0.0183333       	-1.07002488e-04
0.0183341       	-1.07002488e-04
0.0183348       	-1.07002488e-04
0.0183356       	-1.07002488e-04
0.0183363       	-1.07002488e-04
0.0183371       	-1.07002488e-04
0.0183378       	-1.07002488e-04
0.0183386       	-1.07002488e-04
0.0183393       	-1.07002488e-04
0.0183401       	-1.07002488e-04
0.0183408       	-1.07002488e-04
0.0183416       	-1.07002488e-04
0.0183423       	-1.07002488e-04
0.018343        	-1.07002488e-04
0.0183438       	-1.07002488e-04
0.0183445       	-1.07002488e-04
0.0183453       	-1.07002488e-04
0.018346        	-1.07002488e-04
0.0183467       	-1.07002488e-04
0.0183475       	-1.07002488e-04
0.0183482       	-1.07002488e-04
0.018349        	-1.07002488e-04
0.0183497       	-1.07002488e-04
0.0183504       	-1.07002488e-04
0.0183512       	-1.07002488e-04
0.0183519       	-1.07002488e-04
0.0183527       	-1.07002488e-04
0.0183534       	-1.07002488e-04
0.0183541       	-1.07002488e-04
0.0183548       	-1.07002488e-04
0.0183556       	-1.07002488e-04
0.0183563       	-1.07002488e-04
0.018357        	-1.07002488e-04
0.0183578       	-1.07002488e-04
0.0183585       	-1.07002488e-04
0.0183592       	-1.07002488e-04
0.0183599       	-1.07002488e-04
0.0183607       	-1.07002488e-04
0.0183614       	-1.07002488e-04
0.0183621       	-1.07002488e-04
0.0183629       	-1.07002488e-04
0.0183636       	-1.07002488e-04
0.0183643       	-1.07002488e-04
0.018365        	-1.07002488e-04
0.0183658       	-1.07002488e-04
0.0183665       	-1.07002488e-04
0.0183672       	-1.07002488e-04
0.0183679       	-1.07002488e-04
0.0183686       	-1.07002488e-04
0.0183693       	-1.07002488e-04
0.01837         	-1.07002488e-04
0.0183708       	-1.07002488e-04
0.0183715       	-1.07002488e-04
0.0183722       	-1.07002488e-04
0.0183729       	-1.07002488e-04
0.0183736       	-1.07002488e-04
0.0183743       	-1.07002488e-04
0.018375        	-1.07002488e-04
0.0183757       	-1.07002488e-04
0.0183765       	-1.07002488e-04
0.0183772       	-1.07002488e-04
0.0183779       	-1.07002488e-04
0.0183786       	-1.07002488e-04
0.0183793       	-1.07002488e-04
0.01838         	-1.07002488e-04
0.0183807       	-1.07002488e-04
0.0183815       	-1.07002488e-04
0.0183822       	-1.07002488e-04
0.0183829       	-1.07002488e-04
0.0183836       	-1.07002488e-04
0.0183843       	-1.07002488e-04
0.018385        	-1.07002488e-04
0.0183857       	-1.07002488e-04
0.0183864       	-1.07002488e-04
0.0183872       	-1.07002488e-04
0.0183879       	-1.07002488e-04
0.0183886       	-1.07002488e-04
0.0183893       	-1.07002488e-04
0.01839         	-1.07002488e-04
0.0183907       	-1.07002488e-04
0.0183914       	-1.07002488e-04
0.0183922       	-1.07002488e-04
0.0183929       	-1.07002488e-04
0.0183936       	-1.07002488e-04
0.0183943       	-1.07002488e-04
0.018395        	-1.07002488e-04
0.0183957       	-1.07002488e-04
0.0183964       	-1.07002488e-04
0.0183971       	-1.07002488e-04
0.0183979       	-1.07002488e-04
0.0183986       	-1.07002488e-04
0.0183993       	-1.07002488e-04
0.0184          	-1.07002488e-04
0.0184007       	-1.07002488e-04
0.0184014       	-1.07002488e-04
0.0184021       	-1.07002488e-04
0.0184027       	-1.07002488e-04
0.0184034       	-1.07002488e-04
0.0184041       	-1.07002488e-04
0.0184048       	-1.07002488e-04
0.0184055       	-1.07002488e-04
0.0184062       	-1.07002488e-04
0.0184068       	-1.07002488e-04
0.0184075       	-1.07002488e-04
0.0184082       	-1.07002488e-04
0.0184089       	-1.07002488e-04
0.0184096       	-1.07002488e-04
0.0184102       	-1.07002488e-04
0.0184109       	-1.07002488e-04
0.0184116       	-1.07002488e-04
0.0184123       	-1.07002488e-04
0.018413        	-1.07002488e-04
0.0184136       	-1.07002488e-04
0.0184143       	-1.07002488e-04
0.018415        	-1.07002488e-04
0.0184157       	-1.07002488e-04
0.0184164       	-1.07002488e-04
0.018417        	-1.07002488e-04
0.0184177       	-1.07002488e-04
0.0184184       	-1.07002488e-04
0.0184191       	-1.07002488e-04
0.0184197       	-1.07002488e-04
0.0184204       	-1.07002488e-04
0.0184211       	-1.07002488e-04
0.0184218       	-1.07002488e-04
0.0184224       	-1.07002488e-04
0.0184231       	-1.07002488e-04
0.0184238       	-1.07002488e-04
0.0184245       	-1.07002488e-04
0.0184251       	-1.07002488e-04
0.0184258       	-1.07002488e-04
0.0184265       	-1.07002488e-04
0.0184272       	-1.07002488e-04
0.0184278       	-1.07002488e-04
0.0184285       	-1.07002488e-04
0.0184292       	-1.07002488e-04
0.0184299       	-1.07002488e-04
0.0184305       	-1.07002488e-04
0.0184312       	-1.07002488e-04
0.0184319       	-1.07002488e-04
0.0184325       	-1.07002488e-04
0.0184332       	-1.07002488e-04
0.0184339       	-1.07002488e-04
0.0184346       	-1.07002488e-04
0.0184352       	-1.07002488e-04
0.0184359       	-1.07002488e-04
0.0184366       	-1.07002488e-04
0.0184372       	-1.07002488e-04
0.0184379       	-1.07002488e-04
0.0184386       	-1.07002488e-04
0.0184393       	-1.07002488e-04
0.0184399       	-1.07002488e-04
0.0184406       	-1.07002488e-04
0.0184413       	-1.07002488e-04
0.0184419       	-1.07002488e-04
0.0184426       	-1.07002488e-04
0.0184433       	-1.07002488e-04
0.0184439       	-1.07002488e-04
0.0184446       	-1.07002488e-04
0.0184453       	-1.07002488e-04
0.0184459       	-1.07002488e-04
0.0184466       	-1.07002488e-04
0.0184473       	-1.07002488e-04
0.0184479       	-1.07002488e-04
0.0184486       	-1.07002488e-04
0.0184493       	-1.07002488e-04
0.0184499       	-1.07002488e-04
0.0184506       	-1.07002488e-04
0.0184513       	-1.07002488e-04
0.0184519       	-1.07002488e-04
0.0184526       	-1.07002488e-04
0.0184532       	-1.07002488e-04
0.0184539       	-1.07002488e-04
0.0184545       	-1.07002488e-04
0.0184552       	-1.07002488e-04
0.0184559       	-1.07002488e-04
0.0184565       	-1.07002488e-04
0.0184572       	-1.07002488e-04
0.0184578       	-1.07002488e-04
0.0184585       	-1.07002488e-04
0.0184591       	-1.07002488e-04
0.0184598       	-1.07002488e-04
0.0184604       	-1.07002488e-04
0.0184611       	-1.07002488e-04
0.0184617       	-1.07002488e-04
0.0184624       	-1.07002488e-04
0.018463        	-1.07002488e-04
0.0184637       	-1.07002488e-04
0.0184643       	-1.07002488e-04
0.018465        	-1.07002488e-04
0.0184656       	-1.07002488e-04
0.0184663       	-1.07002488e-04
0.0184669       	-1.07002488e-04
0.0184675       	-1.07002488e-04
0.0184682       	-1.07002488e-04
0.0184688       	-1.07002488e-04
0.0184695       	-1.07002488e-04
0.0184701       	-1.07002488e-04
0.0184707       	-1.07002488e-04
0.0184714       	-1.07002488e-04
0.018472        	-1.07002488e-04
0.0184726       	-1.07002488e-04
0.0184733       	-1.07002488e-04
0.0184739       	-1.07002488e-04
0.0184745       	-1.07002488e-04
0.0184752       	-1.07002488e-04
0.0184758       	-1.07002488e-04
0.0184764       	-1.07002488e-04
0.0184771       	-1.07002488e-04
0.0184777       	-1.07002488e-04
0.0184783       	-1.07002488e-04
0.018479        	-1.07002488e-04
0.0184796       	-1.07002488e-04
0.0184802       	-1.07002488e-04
0.0184808       	-1.07002488e-04
0.0184815       	-1.07002488e-04
0.0184821       	-1.07002488e-04
0.0184827       	-1.07002488e-04
0.0184833       	-1.07002488e-04
0.018484        	-1.07002488e-04
0.0184846       	-1.07002488e-04
0.0184852       	-1.07002488e-04
0.0184858       	-1.07002488e-04
0.0184865       	-1.07002488e-04
0.0184871       	-1.07002488e-04
0.0184877       	-1.07002488e-04
0.0184883       	-1.07002488e-04
0.0184889       	-1.07002488e-04
0.0184896       	-1.07002488e-04
0.0184902       	-1.07002488e-04
0.0184908       	-1.07002488e-04
0.0184914       	-1.07002488e-04
0.0184921       	-1.07002488e-04
0.0184927       	-1.07002488e-04
0.0184933       	-1.07002488e-04
0.0184939       	-1.07002488e-04
0.0184945       	-1.07002488e-04
0.0184952       	-1.07002488e-04
0.0184958       	-1.07002488e-04
0.0184964       	-1.07002488e-04
0.018497        	-1.07002488e-04
0.0184976       	-1.07002488e-04
0.0184983       	-1.07002488e-04
0.0184989       	-1.07002488e-04
0.0184995       	-1.07002488e-04
0.0185001       	-1.07002488e-04
0.0185007       	-1.07002488e-04
0.0185014       	-1.07002488e-04
0.018502        	-1.07002488e-04
0.0185026       	-1.07002488e-04
0.0185032       	-1.07002488e-04
0.0185038       	-1.07002488e-04
0.0185045       	-1.07002488e-04
0.0185051       	-1.07002488e-04
0.0185057       	-1.07002488e-04
0.0185063       	-1.07002488e-04
0.0185069       	-1.07002488e-04
0.0185076       	-1.07002488e-04
0.0185082       	-1.07002488e-04
0.0185088       	-1.07002488e-04
0.0185094       	-1.07002488e-04
0.0185101       	-1.07002488e-04
0.0185107       	-1.07002488e-04
0.0185113       	-1.07002488e-04
0.0185119       	-1.07002488e-04
0.0185126       	-1.07002488e-04
0.0185132       	-1.07002488e-04
0.0185138       	-1.07002488e-04
0.0185144       	-1.07002488e-04
0.0185151       	-1.07002488e-04
0.0185157       	-1.07002488e-04
0.0185163       	-1.07002488e-04
0.0185169       	-1.07002488e-04
0.0185176       	-1.07002488e-04
0.0185182       	-1.07002488e-04
0.0185188       	-1.07002488e-04
0.0185194       	-1.07002488e-04
0.0185201       	-1.07002488e-04
0.0185207       	-1.07002488e-04
0.0185213       	-1.07002488e-04
0.0185219       	-1.07002488e-04
0.0185226       	-1.07002488e-04
0.0185232       	-1.07002488e-04
0.0185238       	-1.07002488e-04
0.0185244       	-1.07002488e-04
0.0185251       	-1.07002488e-04
0.0185257       	-1.07002488e-04
0.0185263       	-1.07002488e-04
0.0185269       	-1.07002488e-04
0.0185276       	-1.07002488e-04
0.0185282       	-1.07002488e-04
0.0185288       	-1.07002488e-04
0.0185294       	-1.07002488e-04
0.0185301       	-1.07002488e-04
0.0185307       	-1.07002488e-04
0.0185313       	-1.07002488e-04
0.0185319       	-1.07002488e-04
0.0185326       	-1.07002488e-04
0.0185332       	-1.07002488e-04
0.0185338       	-1.07002488e-04
0.0185344       	-1.07002488e-04
0.018535        	-1.07002488e-04
0.0185357       	-1.07002488e-04
0.0185363       	-1.07002488e-04
0.0185369       	-1.07002488e-04
0.0185375       	-1.07002488e-04
0.0185382       	-1.07002488e-04
0.0185388       	-1.07002488e-04
0.0185394       	-1.07002488e-04
0.01854         	-1.07002488e-04
0.0185407       	-1.07002488e-04
0.0185413       	-1.07002488e-04
0.0185419       	-1.07002488e-04
0.0185425       	-1.07002488e-04
0.0185431       	-1.07002488e-04
0.0185437       	-1.07002488e-04
0.0185444       	-1.07002488e-04
0.018545        	-1.07002488e-04
0.0185456       	-1.07002488e-04
0.0185462       	-1.07002488e-04
0.0185468       	-1.07002488e-04
0.0185475       	-1.07002488e-04
0.0185481       	-1.07002488e-04
0.0185487       	-1.07002488e-04
0.0185493       	-1.07002488e-04
0.0185499       	-1.07002488e-04
0.0185505       	-1.07002488e-04
0.0185512       	-1.07002488e-04
0.0185518       	-1.07002488e-04
0.0185524       	-1.07002488e-04
0.018553        	-1.07002488e-04
0.0185536       	-1.07002488e-04
0.0185543       	-1.07002488e-04
0.0185549       	-1.07002488e-04
0.0185555       	-1.07002488e-04
0.0185561       	-1.07002488e-04
0.0185567       	-1.07002488e-04
0.0185573       	-1.07002488e-04
0.0185579       	-1.07002488e-04
0.0185585       	-1.07002488e-04
0.0185591       	-1.07002488e-04
0.0185597       	-1.07002488e-04
0.0185604       	-1.07002488e-04
0.018561        	-1.07002488e-04
0.0185616       	-1.07002488e-04
0.0185622       	-1.07002488e-04
0.0185628       	-1.07002488e-04
0.0185634       	-1.07002488e-04
0.018564        	-1.07002488e-04
0.0185646       	-1.07002488e-04
0.0185652       	-1.07002488e-04
0.0185658       	-1.07002488e-04
0.0185665       	-1.07002488e-04
0.0185671       	-1.07002488e-04
0.0185677       	-1.07002488e-04
0.0185683       	-1.07002488e-04
0.0185689       	-1.07002488e-04
0.0185695       	-1.07002488e-04
0.0185701       	-1.07002488e-04
0.0185707       	-1.07002488e-04
0.0185713       	-1.07002488e-04
0.0185719       	-1.07002488e-04
0.0185726       	-1.07002488e-04
0.0185732       	-1.07002488e-04
0.0185738       	-1.07002488e-04
0.0185744       	-1.07002488e-04
0.018575        	-1.07002488e-04
0.0185756       	-1.07002488e-04
0.0185762       	-1.07002488e-04
0.0185768       	-1.07002488e-04
0.0185774       	-1.07002488e-04
0.018578        	-1.07002488e-04
0.0185787       	-1.07002488e-04
0.0185793       	-1.07002488e-04
0.0185799       	-1.07002488e-04
0.0185805       	-1.07002488e-04
0.0185811       	-1.07002488e-04
0.0185817       	-1.07002488e-04
0.0185823       	-1.07002488e-04
0.0185829       	-1.07002488e-04
0.0185835       	-1.07002488e-04
0.0185841       	-1.07002488e-04
0.0185848       	-1.07002488e-04
0.0185854       	-1.07002488e-04
0.018586        	-1.07002488e-04
0.0185866       	-1.07002488e-04
0.0185872       	-1.07002488e-04
0.0185878       	-1.07002488e-04
0.0185884       	-1.07002488e-04
0.018589        	-1.07002488e-04
0.0185896       	-1.07002488e-04
0.0185902       	-1.07002488e-04
0.0185909       	-1.07002488e-04
0.0185915       	-1.07002488e-04
0.0185921       	-1.07002488e-04
0.0185927       	-1.07002488e-04
0.0185933       	-1.07002488e-04
0.0185939       	-1.07002488e-04
0.0185945       	-1.07002488e-04
0.0185951       	-1.07002488e-04
0.0185957       	-1.07002488e-04
0.0185963       	-1.07002488e-04
0.018597        	-1.07002488e-04
0.0185976       	-1.07002488e-04
0.0185982       	-1.07002488e-04
0.0185988       	-1.07002488e-04
0.0185994       	-1.07002488e-04
0.0186          	-1.07002488e-04
0.0186006       	-1.07002488e-04
0.0186012       	-1.07002488e-04
0.0186019       	-1.07002488e-04
0.0186025       	-1.07002488e-04
0.0186031       	-1.07002488e-04
0.0186037       	-1.07002488e-04
0.0186043       	-1.07002488e-04
0.018605        	-1.07002488e-04
0.0186056       	-1.07002488e-04
0.0186062       	-1.07002488e-04
0.0186068       	-1.07002488e-04
0.0186075       	-1.07002488e-04
0.0186081       	-1.07002488e-04
0.0186087       	-1.07002488e-04
0.0186093       	-1.07002488e-04
0.0186099       	-1.07002488e-04
0.0186106       	-1.07002488e-04
0.0186112       	-1.07002488e-04
0.0186118       	-1.07002488e-04
0.0186124       	-1.07002488e-04
0.018613        	-1.07002488e-04
0.0186136       	-1.07002488e-04
0.0186143       	-1.07002488e-04
0.0186149       	-1.07002488e-04
0.0186155       	-1.07002488e-04
0.0186161       	-1.07002488e-04
0.0186167       	-1.07002488e-04
0.0186173       	-1.07002488e-04
0.018618        	-1.07002488e-04
0.0186186       	-1.07002488e-04
0.0186192       	-1.07002488e-04
0.0186198       	-1.07002488e-04
0.0186204       	-1.07002488e-04
0.018621        	-1.07002488e-04
0.0186217       	-1.07002488e-04
0.0186223       	-1.07002488e-04
0.0186229       	-1.07002488e-04
0.0186235       	-1.07002488e-04
0.0186241       	-1.07002488e-04
0.0186247       	-1.07002488e-04
0.0186253       	-1.07002488e-04
0.018626        	-1.07002488e-04
0.0186266       	-1.07002488e-04
0.0186272       	-1.07002488e-04
0.0186278       	-1.07002488e-04
0.0186284       	-1.07002488e-04
0.018629        	-1.07002488e-04
0.0186296       	-1.07002488e-04
0.0186303       	-1.07002488e-04
0.0186309       	-1.07002488e-04
0.0186315       	-1.07002488e-04
0.0186321       	-1.07002488e-04
0.0186327       	-1.07002488e-04
0.0186333       	-1.07002488e-04
0.018634        	-1.07002488e-04
0.0186346       	-1.07002488e-04
0.0186352       	-1.07002488e-04
0.0186358       	-1.07002488e-04
0.0186364       	-1.07002488e-04
0.018637        	-1.07002488e-04
0.0186377       	-1.07002488e-04
0.0186383       	-1.07002488e-04
0.0186389       	-1.07002488e-04
0.0186395       	-1.07002488e-04
0.0186401       	-1.07002488e-04
0.0186408       	-1.07002488e-04
0.0186414       	-1.07002488e-04
0.018642        	-1.07002488e-04
0.0186426       	-1.07002488e-04
0.0186433       	-1.07002488e-04
0.0186439       	-1.07002488e-04
0.0186445       	-1.07002488e-04
0.0186451       	-1.07002488e-04
0.0186458       	-1.07002488e-04
0.0186464       	-1.07002488e-04
0.018647        	-1.07002488e-04
0.0186476       	-1.07002488e-04
0.0186483       	-1.07002488e-04
0.0186489       	-1.07002488e-04
0.0186495       	-1.07002488e-04
0.0186502       	-1.07002488e-04
0.0186508       	-1.07002488e-04
0.0186514       	-1.07002488e-04
0.0186521       	-1.07002488e-04
0.0186527       	-1.07002488e-04
0.0186533       	-1.07002488e-04
0.0186539       	-1.07002488e-04
0.0186546       	-1.07002488e-04
0.0186552       	-1.07002488e-04
0.0186559       	-1.07002488e-04
0.0186565       	-1.07002488e-04
0.0186571       	-1.07002488e-04
0.0186578       	-1.07002488e-04
0.0186584       	-1.07002488e-04
0.018659        	-1.07002488e-04
0.0186597       	-1.07002488e-04
0.0186603       	-1.07002488e-04
0.0186609       	-1.07002488e-04
0.0186616       	-1.07002488e-04
0.0186622       	-1.07002488e-04
0.0186629       	-1.07002488e-04
0.0186635       	-1.07002488e-04
0.0186641       	-1.07002488e-04
0.0186648       	-1.07002488e-04
0.0186654       	-1.07002488e-04
0.0186661       	-1.07002488e-04
0.0186667       	-1.07002488e-04
0.0186673       	-1.07002488e-04
0.018668        	-1.07002488e-04
0.0186686       	-1.07002488e-04
0.0186693       	-1.07002488e-04
0.0186699       	-1.07002488e-04
0.0186705       	-1.07002488e-04
0.0186712       	-1.07002488e-04
0.0186718       	-1.07002488e-04
0.0186725       	-1.07002488e-04
0.0186731       	-1.07002488e-04
0.0186738       	-1.07002488e-04
0.0186744       	-1.07002488e-04
0.018675        	-1.07002488e-04
0.0186757       	-1.07002488e-04
0.0186763       	-1.07002488e-04
0.018677        	-1.07002488e-04
0.0186776       	-1.07002488e-04
0.0186782       	-1.07002488e-04
0.0186789       	-1.07002488e-04
0.0186795       	-1.07002488e-04
0.0186802       	-1.07002488e-04
0.0186808       	-1.07002488e-04
0.0186814       	-1.07002488e-04
0.0186821       	-1.07002488e-04
0.0186827       	-1.07002488e-04
0.0186834       	-1.07002488e-04
0.018684        	-1.07002488e-04
0.0186847       	-1.07002488e-04
0.0186853       	-1.07002488e-04
0.018686        	-1.07002488e-04
0.0186866       	-1.07002488e-04
0.0186872       	-1.07002488e-04
0.0186879       	-1.07002488e-04
0.0186885       	-1.07002488e-04
0.0186892       	-1.07002488e-04
0.0186898       	-1.07002488e-04
0.0186905       	-1.07002488e-04
0.0186911       	-1.07002488e-04
0.0186918       	-1.07002488e-04
0.0186924       	-1.07002488e-04
0.018693        	-1.07002488e-04
0.0186937       	-1.07002488e-04
0.0186943       	-1.07002488e-04
0.018695        	-1.07002488e-04
0.0186956       	-1.07002488e-04
0.0186963       	-1.07002488e-04
0.0186969       	-1.07002488e-04
0.0186976       	-1.07002488e-04
0.0186982       	-1.07002488e-04
0.0186989       	-1.07002488e-04
0.0186995       	-1.07002488e-04
0.0187002       	-1.07002488e-04
0.0187009       	-1.07002488e-04
0.0187015       	-1.07002488e-04
0.0187022       	-1.07002488e-04
0.0187028       	-1.07002488e-04
0.0187035       	-1.07002488e-04
0.0187041       	-1.07002488e-04
0.0187048       	-1.07002488e-04
0.0187055       	-1.07002488e-04
0.0187061       	-1.07002488e-04
0.0187068       	-1.07002488e-04
0.0187074       	-1.07002488e-04
0.0187081       	-1.07002488e-04
0.0187088       	-1.07002488e-04
0.0187094       	-1.07002488e-04
0.0187101       	-1.07002488e-04
0.0187108       	-1.07002488e-04
0.0187114       	-1.07002488e-04
0.0187121       	-1.07002488e-04
0.0187128       	-1.07002488e-04
0.0187134       	-1.07002488e-04
0.0187141       	-1.07002488e-04
0.0187148       	-1.07002488e-04
0.0187154       	-1.07002488e-04
0.0187161       	-1.07002488e-04
0.0187168       	-1.07002488e-04
0.0187175       	-1.07002488e-04
0.0187181       	-1.07002488e-04
0.0187188       	-1.07002488e-04
0.0187195       	-1.07002488e-04
0.0187202       	-1.07002488e-04
0.0187208       	-1.07002488e-04
0.0187215       	-1.07002488e-04
0.0187222       	-1.07002488e-04
0.0187229       	-1.07002488e-04
0.0187235       	-1.07002488e-04
0.0187242       	-1.07002488e-04
0.0187249       	-1.07002488e-04
0.0187256       	-1.07002488e-04
0.0187263       	-1.07002488e-04
0.018727        	-1.07002488e-04
0.0187276       	-1.07002488e-04
0.0187283       	-1.07002488e-04
0.018729        	-1.07002488e-04
0.0187297       	-1.07002488e-04
0.0187304       	-1.07002488e-04
0.0187311       	-1.07002488e-04
0.0187317       	-1.07002488e-04
0.0187324       	-1.07002488e-04
0.0187331       	-1.07002488e-04
0.0187338       	-1.07002488e-04
0.0187345       	-1.07002488e-04
0.0187352       	-1.07002488e-04
0.0187358       	-1.07002488e-04
0.0187365       	-1.07002488e-04
0.0187372       	-1.07002488e-04
0.0187379       	-1.07002488e-04
0.0187386       	-1.07002488e-04
0.0187392       	-1.07002488e-04
0.0187399       	-1.07002488e-04
0.0187406       	-1.07002488e-04
0.0187413       	-1.07002488e-04
0.018742        	-1.07002488e-04
0.0187427       	-1.07002488e-04
0.0187433       	-1.07002488e-04
0.018744        	-1.07002488e-04
0.0187447       	-1.07002488e-04
0.0187454       	-1.07002488e-04
0.0187461       	-1.07002488e-04
0.0187468       	-1.07002488e-04
0.0187474       	-1.07002488e-04
0.0187481       	-1.07002488e-04
0.0187488       	-1.07002488e-04
0.0187495       	-1.07002488e-04
0.0187502       	-1.07002488e-04
0.0187509       	-1.07002488e-04
0.0187515       	-1.07002488e-04
0.0187522       	-1.07002488e-04
0.0187529       	-1.07002488e-04
0.0187536       	-1.07002488e-04
0.0187543       	-1.07002488e-04
0.0187549       	-1.07002488e-04
0.0187556       	-1.07002488e-04
0.0187563       	-1.07002488e-04
0.018757        	-1.07002488e-04
0.0187577       	-1.07002488e-04
0.0187584       	-1.07002488e-04
0.018759        	-1.07002488e-04
0.0187597       	-1.07002488e-04
0.0187604       	-1.07002488e-04
0.0187611       	-1.07002488e-04
0.0187618       	-1.07002488e-04
0.0187625       	-1.07002488e-04
0.0187632       	-1.07002488e-04
0.0187639       	-1.07002488e-04
0.0187646       	-1.07002488e-04
0.0187653       	-1.07002488e-04
0.018766        	-1.07002488e-04
0.0187667       	-1.07002488e-04
0.0187674       	-1.07002488e-04
0.0187681       	-1.07002488e-04
0.0187688       	-1.07002488e-04
0.0187694       	-1.07002488e-04
0.0187701       	-1.07002488e-04
0.0187708       	-1.07002488e-04
0.0187715       	-1.07002488e-04
0.0187722       	-1.07002488e-04
0.0187729       	-1.07002488e-04
0.0187736       	-1.07002488e-04
0.0187743       	-1.07002488e-04
0.018775        	-1.07002488e-04
0.0187757       	-1.07002488e-04
0.0187764       	-1.07002488e-04
0.0187771       	-1.07002488e-04
0.0187778       	-1.07002488e-04
0.0187785       	-1.07002488e-04
0.0187792       	-1.07002488e-04
0.0187799       	-1.07002488e-04
0.0187806       	-1.07002488e-04
0.0187813       	-1.07002488e-04
0.018782        	-1.07002488e-04
0.0187827       	-1.07002488e-04
0.0187835       	-1.07002488e-04
0.0187842       	-1.07002488e-04
0.0187849       	-1.07002488e-04
0.0187856       	-1.07002488e-04
0.0187863       	-1.07002488e-04
0.0187871       	-1.07002488e-04
0.0187878       	-1.07002488e-04
0.0187885       	-1.07002488e-04
0.0187892       	-1.07002488e-04
0.0187899       	-1.07002488e-04
0.0187907       	-1.07002488e-04
0.0187914       	-1.07002488e-04
0.0187921       	-1.07002488e-04
0.0187928       	-1.07002488e-04
0.0187935       	-1.07002488e-04
0.0187942       	-1.07002488e-04
0.018795        	-1.07002488e-04
0.0187957       	-1.07002488e-04
0.0187964       	-1.07002488e-04
0.0187971       	-1.07002488e-04
0.0187978       	-1.07002488e-04
0.0187986       	-1.07002488e-04
0.0187993       	-1.07002488e-04
0.0188          	-1.07002488e-04
0.0188007       	-1.07002488e-04
0.0188015       	-1.07002488e-04
0.0188022       	-1.07002488e-04
0.0188029       	-1.07002488e-04
0.0188037       	-1.07002488e-04
0.0188044       	-1.07002488e-04
0.0188052       	-1.07002488e-04
0.0188059       	-1.07002488e-04
0.0188067       	-1.07002488e-04
0.0188074       	-1.07002488e-04
0.0188081       	-1.07002488e-04
0.0188089       	-1.07002488e-04
0.0188096       	-1.07002488e-04
0.0188104       	-1.07002488e-04
0.0188111       	-1.07002488e-04
0.0188119       	-1.07002488e-04
0.0188126       	-1.07002488e-04
0.0188134       	-1.07002488e-04
0.0188141       	-1.07002488e-04
0.0188149       	-1.07002488e-04
0.0188156       	-1.07002488e-04
0.0188164       	-1.07002488e-04
0.0188171       	-1.07002488e-04
0.0188179       	-1.07002488e-04
0.0188186       	-1.07002488e-04
0.0188194       	-1.07002488e-04
0.0188201       	-1.07002488e-04
0.0188209       	-1.07002488e-04
0.0188217       	-1.07002488e-04
0.0188224       	-1.07002488e-04
0.0188232       	-1.07002488e-04
0.0188239       	-1.07002488e-04
0.0188247       	-1.07002488e-04
0.0188254       	-1.07002488e-04
0.0188262       	-1.07002488e-04
0.0188269       	-1.07002488e-04
0.0188277       	-1.07002488e-04
0.0188285       	-1.07002488e-04
0.0188292       	-1.07002488e-04
0.01883         	-1.07002488e-04
0.0188307       	-1.07002488e-04
0.0188315       	-1.07002488e-04
0.0188322       	-1.07002488e-04
0.018833        	-1.07002488e-04
0.0188338       	-1.07002488e-04
0.0188345       	-1.07002488e-04
0.0188353       	-1.07002488e-04
0.018836        	-1.07002488e-04
0.0188368       	-1.07002488e-04
0.0188375       	-1.07002488e-04
0.0188383       	-1.07002488e-04
0.0188391       	-1.07002488e-04
0.0188398       	-1.07002488e-04
0.0188406       	-1.07002488e-04
0.0188413       	-1.07002488e-04
0.0188421       	-1.07002488e-04
0.0188429       	-1.07002488e-04
0.0188436       	-1.07002488e-04
0.0188444       	-1.07002488e-04
0.0188451       	-1.07002488e-04
0.0188459       	-1.07002488e-04
0.0188467       	-1.07002488e-04
0.0188474       	-1.07002488e-04
0.0188482       	-1.07002488e-04
0.0188489       	-1.07002488e-04
0.0188497       	-1.07002488e-04
0.0188505       	-1.07002488e-04
0.0188512       	-1.07002488e-04
0.018852        	-1.07002488e-04
0.0188527       	-1.07002488e-04
0.0188535       	-1.07002488e-04
0.0188542       	-1.07002488e-04
0.018855        	-1.07002488e-04
0.0188558       	-1.07002488e-04
0.0188565       	-1.07002488e-04
0.0188573       	-1.07002488e-04
0.018858        	-1.07002488e-04
0.0188588       	-1.07002488e-04
0.0188596       	-1.07002488e-04
0.0188603       	-1.07002488e-04
0.0188611       	-1.07002488e-04
0.0188618       	-1.07002488e-04
0.0188626       	-1.07002488e-04
0.0188634       	-1.07002488e-04
0.0188641       	-1.07002488e-04
0.0188649       	-1.07002488e-04
0.0188656       	-1.07002488e-04
0.0188664       	-1.07002488e-04
0.0188672       	-1.07002488e-04
0.0188679       	-1.07002488e-04
0.0188687       	-1.07002488e-04
0.0188694       	-1.07002488e-04
0.0188702       	-1.07002488e-04
0.0188709       	-1.07002488e-04
0.0188717       	-1.07002488e-04
0.0188725       	-1.07002488e-04
0.0188732       	-1.07002488e-04
0.018874        	-1.07002488e-04
0.0188747       	-1.07002488e-04
0.0188755       	-1.07002488e-04
0.0188763       	-1.07002488e-04
0.018877        	-1.07002488e-04
0.0188778       	-1.07002488e-04
0.0188785       	-1.07002488e-04
0.0188793       	-1.07002488e-04
0.0188801       	-1.07002488e-04
0.0188808       	-1.07002488e-04
0.0188816       	-1.07002488e-04
0.0188823       	-1.07002488e-04
0.0188831       	-1.07002488e-04
0.0188839       	-1.07002488e-04
0.0188846       	-1.07002488e-04
0.0188854       	-1.07002488e-04
0.0188861       	-1.07002488e-04
0.0188869       	-1.07002488e-04
0.0188876       	-1.07002488e-04
0.0188884       	-1.07002488e-04
0.0188892       	-1.07002488e-04
0.0188899       	-1.07002488e-04
0.0188907       	-1.07002488e-04
0.0188915       	-1.07002488e-04
0.0188922       	-1.07002488e-04
0.018893        	-1.07002488e-04
0.0188938       	-1.07002488e-04
0.0188945       	-1.07002488e-04
0.0188953       	-1.07002488e-04
0.0188961       	-1.07002488e-04
0.0188968       	-1.07002488e-04
0.0188976       	-1.07002488e-04
0.0188983       	-1.07002488e-04
0.0188991       	-1.07002488e-04
0.0188999       	-1.07002488e-04
0.0189007       	-1.07002488e-04
0.0189014       	-1.07002488e-04
0.0189022       	-1.07002488e-04
0.018903        	-1.07002488e-04
0.0189037       	-1.07002488e-04
0.0189045       	-1.07002488e-04
0.0189053       	-1.07002488e-04
0.018906        	-1.07002488e-04
0.0189068       	-1.07002488e-04
0.0189076       	-1.07002488e-04
0.0189084       	-1.07002488e-04
0.0189091       	-1.07002488e-04
0.0189099       	-1.07002488e-04
0.0189107       	-1.07002488e-04
0.0189114       	-1.07002488e-04
0.0189122       	-1.07002488e-04
0.018913        	-1.07002488e-04
0.0189138       	-1.07002488e-04
0.0189145       	-1.07002488e-04
0.0189153       	-1.07002488e-04
0.0189161       	-1.07002488e-04
0.0189169       	-1.07002488e-04
0.0189176       	-1.07002488e-04
0.0189184       	-1.07002488e-04
0.0189192       	-1.07002488e-04
0.01892         	-1.07002488e-04
0.0189208       	-1.07002488e-04
0.0189215       	-1.07002488e-04
0.0189223       	-1.07002488e-04
0.0189231       	-1.07002488e-04
0.0189239       	-1.07002488e-04
0.0189246       	-1.07002488e-04
0.0189254       	-1.07002488e-04
0.0189262       	-1.07002488e-04
0.018927        	-1.07002488e-04
0.0189277       	-1.07002488e-04
0.0189285       	-1.07002488e-04
0.0189293       	-1.07002488e-04
0.0189301       	-1.07002488e-04
0.0189309       	-1.07002488e-04
0.0189316       	-1.07002488e-04
0.0189324       	-1.07002488e-04
0.0189332       	-1.07002488e-04
0.018934        	-1.07002488e-04
0.0189347       	-1.07002488e-04
0.0189355       	-1.07002488e-04
0.0189363       	-1.07002488e-04
0.018937        	-1.07002488e-04
0.0189378       	-1.07002488e-04
0.0189386       	-1.07002488e-04
0.0189393       	-1.07002488e-04
0.0189401       	-1.07002488e-04
0.0189409       	-1.07002488e-04
0.0189416       	-1.07002488e-04
0.0189424       	-1.07002488e-04
0.0189432       	-1.07002488e-04
0.0189439       	-1.07002488e-04
0.0189447       	-1.07002488e-04
0.0189455       	-1.07002488e-04
0.0189462       	-1.07002488e-04
0.018947        	-1.07002488e-04
0.0189477       	-1.07002488e-04
0.0189485       	-1.07002488e-04
0.0189492       	-1.07002488e-04
0.01895         	-1.07002488e-04
0.0189508       	-1.07002488e-04
0.0189515       	-1.07002488e-04
0.0189523       	-1.07002488e-04
0.018953        	-1.07002488e-04
0.0189538       	-1.07002488e-04
0.0189545       	-1.07002488e-04
0.0189553       	-1.07002488e-04
0.018956        	-1.07002488e-04
0.0189568       	-1.07002488e-04
0.0189575       	-1.07002488e-04
0.0189583       	-1.07002488e-04
0.018959        	-1.07002488e-04
0.0189597       	-1.07002488e-04
0.0189605       	-1.07002488e-04
0.0189612       	-1.07002488e-04
0.018962        	-1.07002488e-04
0.0189627       	-1.07002488e-04
0.0189635       	-1.07002488e-04
0.0189642       	-1.07002488e-04
0.0189649       	-1.07002488e-04
0.0189657       	-1.07002488e-04
0.0189664       	-1.07002488e-04
0.0189671       	-1.07002488e-04
0.0189678       	-1.07002488e-04
0.0189686       	-1.07002488e-04
0.0189693       	-1.07002488e-04
0.01897         	-1.07002488e-04
0.0189708       	-1.07002488e-04
0.0189715       	-1.07002488e-04
0.0189722       	-1.07002488e-04
0.018973        	-1.07002488e-04
0.0189737       	-1.07002488e-04
0.0189744       	-1.07002488e-04
0.0189751       	-1.07002488e-04
0.0189758       	-1.07002488e-04
0.0189766       	-1.07002488e-04
0.0189773       	-1.07002488e-04
0.018978        	-1.07002488e-04
0.0189787       	-1.07002488e-04
0.0189794       	-1.07002488e-04
0.0189801       	-1.07002488e-04
0.0189808       	-1.07002488e-04
0.0189815       	-1.07002488e-04
0.0189822       	-1.07002488e-04
0.0189829       	-1.07002488e-04
0.0189837       	-1.07002488e-04
0.0189844       	-1.07002488e-04
0.0189851       	-1.07002488e-04
0.0189858       	-1.07002488e-04
0.0189865       	-1.07002488e-04
0.0189872       	-1.07002488e-04
0.0189879       	-1.07002488e-04
0.0189886       	-1.07002488e-04
0.0189893       	-1.07002488e-04
0.0189901       	-1.07002488e-04
0.0189908       	-1.07002488e-04
0.0189915       	-1.07002488e-04
0.0189922       	-1.07002488e-04
0.0189929       	-1.07002488e-04
0.0189936       	-1.07002488e-04
0.0189943       	-1.07002488e-04
0.018995        	-1.07002488e-04
0.0189957       	-1.07002488e-04
0.0189964       	-1.07002488e-04
0.0189972       	-1.07002488e-04
0.0189979       	-1.07002488e-04
0.0189986       	-1.07002488e-04
0.0189993       	-1.07002488e-04
0.019           	-1.07002488e-04
0.0190007       	-1.07002488e-04
0.0190014       	-1.07002488e-04
0.0190021       	-1.07002488e-04
0.0190028       	-1.07002488e-04
0.0190035       	-1.07002488e-04
0.0190042       	-1.07002488e-04
0.0190049       	-1.07002488e-04
0.0190056       	-1.07002488e-04
0.0190063       	-1.07002488e-04
0.0190069       	-1.07002488e-04
0.0190076       	-1.07002488e-04
0.0190083       	-1.07002488e-04
0.019009        	-1.07002488e-04
0.0190097       	-1.07002488e-04
0.0190104       	-1.07002488e-04
0.0190111       	-1.07002488e-04
0.0190118       	-1.07002488e-04
0.0190125       	-1.07002488e-04
0.0190132       	-1.07002488e-04
0.0190139       	-1.07002488e-04
0.0190146       	-1.07002488e-04
0.0190153       	-1.07002488e-04
0.019016        	-1.07002488e-04
0.0190167       	-1.07002488e-04
0.0190174       	-1.07002488e-04
0.0190181       	-1.07002488e-04
0.0190187       	-1.07002488e-04
0.0190194       	-1.07002488e-04
0.0190201       	-1.07002488e-04
0.0190208       	-1.07002488e-04
0.0190215       	-1.07002488e-04
0.0190222       	-1.07002488e-04
0.0190229       	-1.07002488e-04
0.0190236       	-1.07002488e-04
0.0190243       	-1.07002488e-04
0.019025        	-1.07002488e-04
0.0190257       	-1.07002488e-04
0.0190264       	-1.07002488e-04
0.019027        	-1.07002488e-04
0.0190277       	-1.07002488e-04
0.0190284       	-1.07002488e-04
0.0190291       	-1.07002488e-04
0.0190298       	-1.07002488e-04
0.0190305       	-1.07002488e-04
0.0190312       	-1.07002488e-04
0.0190319       	-1.07002488e-04
0.0190326       	-1.07002488e-04
0.0190332       	-1.07002488e-04
0.0190339       	-1.07002488e-04
0.0190346       	-1.07002488e-04
0.0190353       	-1.07002488e-04
0.019036        	-1.07002488e-04
0.0190367       	-1.07002488e-04
0.0190373       	-1.07002488e-04
0.019038        	-1.07002488e-04
0.0190387       	-1.07002488e-04
0.0190394       	-1.07002488e-04
0.0190401       	-1.07002488e-04
0.0190407       	-1.07002488e-04
0.0190414       	-1.07002488e-04
0.0190421       	-1.07002488e-04
0.0190428       	-1.07002488e-04
0.0190434       	-1.07002488e-04
0.0190441       	-1.07002488e-04
0.0190448       	-1.07002488e-04
0.0190455       	-1.07002488e-04
0.0190461       	-1.07002488e-04
0.0190468       	-1.07002488e-04
0.0190475       	-1.07002488e-04
0.0190481       	-1.07002488e-04
0.0190488       	-1.07002488e-04
0.0190495       	-1.07002488e-04
0.0190501       	-1.07002488e-04
0.0190508       	-1.07002488e-04
0.0190515       	-1.07002488e-04
0.0190521       	-1.07002488e-04
0.0190528       	-1.07002488e-04
0.0190535       	-1.07002488e-04
0.0190541       	-1.07002488e-04
0.0190548       	-1.07002488e-04
0.0190554       	-1.07002488e-04
0.0190561       	-1.07002488e-04
0.0190567       	-1.07002488e-04
0.0190574       	-1.07002488e-04
0.0190581       	-1.07002488e-04
0.0190587       	-1.07002488e-04
0.0190594       	-1.07002488e-04
0.01906         	-1.07002488e-04
0.0190607       	-1.07002488e-04
0.0190613       	-1.07002488e-04
0.019062        	-1.07002488e-04
0.0190626       	-1.07002488e-04
0.0190633       	-1.07002488e-04
0.0190639       	-1.07002488e-04
0.0190646       	-1.07002488e-04
0.0190652       	-1.07002488e-04
0.0190659       	-1.07002488e-04
0.0190665       	-1.07002488e-04
0.0190672       	-1.07002488e-04
0.0190678       	-1.07002488e-04
0.0190684       	-1.07002488e-04
0.0190691       	-1.07002488e-04
0.0190697       	-1.07002488e-04
0.0190704       	-1.07002488e-04
0.019071        	-1.07002488e-04
0.0190716       	-1.07002488e-04
0.0190723       	-1.07002488e-04
0.0190729       	-1.07002488e-04
0.0190736       	-1.07002488e-04
0.0190742       	-1.07002488e-04
0.0190748       	-1.07002488e-04
0.0190755       	-1.07002488e-04
0.0190761       	-1.07002488e-04
0.0190767       	-1.07002488e-04
0.0190774       	-1.07002488e-04
0.019078        	-1.07002488e-04
0.0190786       	-1.07002488e-04
0.0190793       	-1.07002488e-04
0.0190799       	-1.07002488e-04
0.0190805       	-1.07002488e-04
0.0190812       	-1.07002488e-04
0.0190818       	-1.07002488e-04
0.0190824       	-1.07002488e-04
0.019083        	-1.07002488e-04
0.0190837       	-1.07002488e-04
0.0190843       	-1.07002488e-04
0.0190849       	-1.07002488e-04
0.0190855       	-1.07002488e-04
0.0190862       	-1.07002488e-04
0.0190868       	-1.07002488e-04
0.0190874       	-1.07002488e-04
0.019088        	-1.07002488e-04
0.0190887       	-1.07002488e-04
0.0190893       	-1.07002488e-04
0.0190899       	-1.07002488e-04
0.0190905       	-1.07002488e-04
0.0190911       	-1.07002488e-04
0.0190918       	-1.07002488e-04
0.0190924       	-1.07002488e-04
0.019093        	-1.07002488e-04
0.0190936       	-1.07002488e-04
0.0190942       	-1.07002488e-04
0.0190949       	-1.07002488e-04
0.0190955       	-1.07002488e-04
0.0190961       	-1.07002488e-04
0.0190967       	-1.07002488e-04
0.0190973       	-1.07002488e-04
0.0190979       	-1.07002488e-04
0.0190986       	-1.07002488e-04
0.0190992       	-1.07002488e-04
0.0190998       	-1.07002488e-04
0.0191004       	-1.07002488e-04
0.019101        	-1.07002488e-04
0.0191017       	-1.07002488e-04
0.0191023       	-1.07002488e-04
0.0191029       	-1.07002488e-04
0.0191035       	-1.07002488e-04
0.0191041       	-1.07002488e-04
0.0191047       	-1.07002488e-04
0.0191054       	-1.07002488e-04
0.019106        	-1.07002488e-04
0.0191066       	-1.07002488e-04
0.0191072       	-1.07002488e-04
0.0191078       	-1.07002488e-04
0.0191084       	-1.07002488e-04
0.019109        	-1.07002488e-04
0.0191097       	-1.07002488e-04
0.0191103       	-1.07002488e-04
0.0191109       	-1.07002488e-04
0.0191115       	-1.07002488e-04
0.0191121       	-1.07002488e-04
0.0191127       	-1.07002488e-04
0.0191133       	-1.07002488e-04
0.019114        	-1.07002488e-04
0.0191146       	-1.07002488e-04
0.0191152       	-1.07002488e-04
0.0191158       	-1.07002488e-04
0.0191164       	-1.07002488e-04
0.019117        	-1.07002488e-04
0.0191176       	-1.07002488e-04
0.0191183       	-1.07002488e-04
0.0191189       	-1.07002488e-04
0.0191195       	-1.07002488e-04
0.0191201       	-1.07002488e-04
0.0191207       	-1.07002488e-04
0.0191213       	-1.07002488e-04
0.0191219       	-1.07002488e-04
0.0191226       	-1.07002488e-04
0.0191232       	-1.07002488e-04
0.0191238       	-1.07002488e-04
0.0191244       	-1.07002488e-04
0.019125        	-1.07002488e-04
0.0191256       	-1.07002488e-04
0.0191262       	-1.07002488e-04
0.0191268       	-1.07002488e-04
0.0191275       	-1.07002488e-04
0.0191281       	-1.07002488e-04
0.0191287       	-1.07002488e-04
0.0191293       	-1.07002488e-04
0.0191299       	-1.07002488e-04
0.0191305       	-1.07002488e-04
0.0191311       	-1.07002488e-04
0.0191317       	-1.07002488e-04
0.0191323       	-1.07002488e-04
0.0191329       	-1.07002488e-04
0.0191335       	-1.07002488e-04
0.0191341       	-1.07002488e-04
0.0191347       	-1.07002488e-04
0.0191354       	-1.07002488e-04
0.019136        	-1.07002488e-04
0.0191366       	-1.07002488e-04
0.0191372       	-1.07002488e-04
0.0191378       	-1.07002488e-04
0.0191384       	-1.07002488e-04
0.019139        	-1.07002488e-04
0.0191396       	-1.07002488e-04
0.0191402       	-1.07002488e-04
0.0191408       	-1.07002488e-04
0.0191414       	-1.07002488e-04
0.019142        	-1.07002488e-04
0.0191426       	-1.07002488e-04
0.0191432       	-1.07002488e-04
0.0191437       	-1.07002488e-04
0.0191443       	-1.07002488e-04
0.0191449       	-1.07002488e-04
0.0191455       	-1.07002488e-04
0.0191461       	-1.07002488e-04
0.0191467       	-1.07002488e-04
0.0191473       	-1.07002488e-04
0.0191479       	-1.07002488e-04
0.0191485       	-1.07002488e-04
0.0191491       	-1.07002488e-04
0.0191497       	-1.07002488e-04
0.0191503       	-1.07002488e-04
0.0191508       	-1.07002488e-04
0.0191514       	-1.07002488e-04
0.019152        	-1.07002488e-04
0.0191526       	-1.07002488e-04
0.0191532       	-1.07002488e-04
0.0191538       	-1.07002488e-04
0.0191544       	-1.07002488e-04
0.0191549       	-1.07002488e-04
0.0191555       	-1.07002488e-04
0.0191561       	-1.07002488e-04
0.0191567       	-1.07002488e-04
0.0191573       	-1.07002488e-04
0.0191579       	-1.07002488e-04
0.0191585       	-1.07002488e-04
0.019159        	-1.07002488e-04
0.0191596       	-1.07002488e-04
0.0191602       	-1.07002488e-04
0.0191608       	-1.07002488e-04
0.0191614       	-1.07002488e-04
0.019162        	-1.07002488e-04
0.0191625       	-1.07002488e-04
0.0191631       	-1.07002488e-04
0.0191637       	-1.07002488e-04
0.0191643       	-1.07002488e-04
0.0191649       	-1.07002488e-04
0.0191655       	-1.07002488e-04
0.0191661       	-1.07002488e-04
0.0191666       	-1.07002488e-04
0.0191672       	-1.07002488e-04
0.0191678       	-1.07002488e-04
0.0191684       	-1.07002488e-04
0.019169        	-1.07002488e-04
0.0191696       	-1.07002488e-04
0.0191702       	-1.07002488e-04
0.0191707       	-1.07002488e-04
0.0191713       	-1.07002488e-04
0.0191719       	-1.07002488e-04
0.0191725       	-1.07002488e-04
0.0191731       	-1.07002488e-04
0.0191737       	-1.07002488e-04
0.0191743       	-1.07002488e-04
0.0191748       	-1.07002488e-04
0.0191754       	-1.07002488e-04
0.019176        	-1.07002488e-04
0.0191766       	-1.07002488e-04
0.0191772       	-1.07002488e-04
0.0191778       	-1.07002488e-04
0.0191783       	-1.07002488e-04
0.0191789       	-1.07002488e-04
0.0191795       	-1.07002488e-04
0.0191801       	-1.07002488e-04
0.0191807       	-1.07002488e-04
0.0191813       	-1.07002488e-04
0.0191819       	-1.07002488e-04
0.0191824       	-1.07002488e-04
0.019183        	-1.07002488e-04
0.0191836       	-1.07002488e-04
0.0191842       	-1.07002488e-04
0.0191848       	-1.07002488e-04
0.0191854       	-1.07002488e-04
0.019186        	-1.07002488e-04
0.0191865       	-1.07002488e-04
0.0191871       	-1.07002488e-04
0.0191877       	-1.07002488e-04
0.0191883       	-1.07002488e-04
0.0191889       	-1.07002488e-04
0.0191895       	-1.07002488e-04
0.0191901       	-1.07002488e-04
0.0191906       	-1.07002488e-04
0.0191912       	-1.07002488e-04
0.0191918       	-1.07002488e-04
0.0191924       	-1.07002488e-04
0.019193        	-1.07002488e-04
0.0191936       	-1.07002488e-04
0.0191941       	-1.07002488e-04
0.0191947       	-1.07002488e-04
0.0191953       	-1.07002488e-04
0.0191959       	-1.07002488e-04
0.0191965       	-1.07002488e-04
0.0191971       	-1.07002488e-04
0.0191977       	-1.07002488e-04
0.0191982       	-1.07002488e-04
0.0191988       	-1.07002488e-04
0.0191994       	-1.07002488e-04
0.0192          	-1.07002488e-04
0.0192006       	-1.07002488e-04
0.0192012       	-1.07002488e-04
0.0192018       	-1.07002488e-04
0.0192024       	-1.07002488e-04
0.019203        	-1.07002488e-04
0.0192036       	-1.07002488e-04
0.0192041       	-1.07002488e-04
0.0192047       	-1.07002488e-04
0.0192053       	-1.07002488e-04
0.0192059       	-1.07002488e-04
0.0192065       	-1.07002488e-04
0.0192071       	-1.07002488e-04
0.0192077       	-1.07002488e-04
0.0192083       	-1.07002488e-04
0.0192089       	-1.07002488e-04
0.0192095       	-1.07002488e-04
0.01921         	-1.07002488e-04
0.0192106       	-1.07002488e-04
0.0192112       	-1.07002488e-04
0.0192118       	-1.07002488e-04
0.0192124       	-1.07002488e-04
0.019213        	-1.07002488e-04
0.0192136       	-1.07002488e-04
0.0192142       	-1.07002488e-04
0.0192147       	-1.07002488e-04
0.0192153       	-1.07002488e-04
0.0192159       	-1.07002488e-04
0.0192165       	-1.07002488e-04
0.0192171       	-1.07002488e-04
0.0192177       	-1.07002488e-04
0.0192183       	-1.07002488e-04
0.0192189       	-1.07002488e-04
0.0192195       	-1.07002488e-04
0.01922         	-1.07002488e-04
0.0192206       	-1.07002488e-04
0.0192212       	-1.07002488e-04
0.0192218       	-1.07002488e-04
0.0192224       	-1.07002488e-04
0.019223        	-1.07002488e-04
0.0192236       	-1.07002488e-04
0.0192242       	-1.07002488e-04
0.0192248       	-1.07002488e-04
0.0192253       	-1.07002488e-04
0.0192259       	-1.07002488e-04
0.0192265       	-1.07002488e-04
0.0192271       	-1.07002488e-04
0.0192277       	-1.07002488e-04
0.0192283       	-1.07002488e-04
0.0192289       	-1.07002488e-04
0.0192295       	-1.07002488e-04
0.0192301       	-1.07002488e-04
0.0192307       	-1.07002488e-04
0.0192313       	-1.07002488e-04
0.0192319       	-1.07002488e-04
0.0192325       	-1.07002488e-04
0.0192331       	-1.07002488e-04
0.0192337       	-1.07002488e-04
0.0192343       	-1.07002488e-04
0.0192349       	-1.07002488e-04
0.0192355       	-1.07002488e-04
0.019236        	-1.07002488e-04
0.0192366       	-1.07002488e-04
0.0192372       	-1.07002488e-04
0.0192379       	-1.07002488e-04
0.0192385       	-1.07002488e-04
0.0192391       	-1.07002488e-04
0.0192397       	-1.07002488e-04
0.0192403       	-1.07002488e-04
0.0192409       	-1.07002488e-04
0.0192415       	-1.07002488e-04
0.0192421       	-1.07002488e-04
0.0192427       	-1.07002488e-04
0.0192433       	-1.07002488e-04
0.0192439       	-1.07002488e-04
0.0192445       	-1.07002488e-04
0.0192451       	-1.07002488e-04
0.0192457       	-1.07002488e-04
0.0192463       	-1.07002488e-04
0.0192469       	-1.07002488e-04
0.0192475       	-1.07002488e-04
0.0192481       	-1.07002488e-04
0.0192488       	-1.07002488e-04
0.0192494       	-1.07002488e-04
0.01925         	-1.07002488e-04
0.0192506       	-1.07002488e-04
0.0192512       	-1.07002488e-04
0.0192518       	-1.07002488e-04
0.0192524       	-1.07002488e-04
0.019253        	-1.07002488e-04
0.0192536       	-1.07002488e-04
0.0192543       	-1.07002488e-04
0.0192549       	-1.07002488e-04
0.0192555       	-1.07002488e-04
0.0192561       	-1.07002488e-04
0.0192567       	-1.07002488e-04
0.0192573       	-1.07002488e-04
0.0192579       	-1.07002488e-04
0.0192586       	-1.07002488e-04
0.0192592       	-1.07002488e-04
0.0192598       	-1.07002488e-04
0.0192604       	-1.07002488e-04
0.019261        	-1.07002488e-04
0.0192616       	-1.07002488e-04
0.0192623       	-1.07002488e-04
0.0192629       	-1.07002488e-04
0.0192635       	-1.07002488e-04
0.0192641       	-1.07002488e-04
0.0192647       	-1.07002488e-04
0.0192653       	-1.07002488e-04
0.0192659       	-1.07002488e-04
0.0192666       	-1.07002488e-04
0.0192672       	-1.07002488e-04
0.0192678       	-1.07002488e-04
0.0192684       	-1.07002488e-04
0.019269        	-1.07002488e-04
0.0192696       	-1.07002488e-04
0.0192702       	-1.07002488e-04
0.0192709       	-1.07002488e-04
0.0192715       	-1.07002488e-04
0.0192721       	-1.07002488e-04
0.0192727       	-1.07002488e-04
0.0192733       	-1.07002488e-04
0.0192739       	-1.07002488e-04
0.0192746       	-1.07002488e-04
0.0192752       	-1.07002488e-04
0.0192758       	-1.07002488e-04
0.0192764       	-1.07002488e-04
0.019277        	-1.07002488e-04
0.0192776       	-1.07002488e-04
0.0192782       	-1.07002488e-04
0.0192789       	-1.07002488e-04
0.0192795       	-1.07002488e-04
0.0192801       	-1.07002488e-04
0.0192807       	-1.07002488e-04
0.0192813       	-1.07002488e-04
0.0192819       	-1.07002488e-04
0.0192826       	-1.07002488e-04
0.0192832       	-1.07002488e-04
0.0192838       	-1.07002488e-04
0.0192844       	-1.07002488e-04
0.019285        	-1.07002488e-04
0.0192857       	-1.07002488e-04
0.0192863       	-1.07002488e-04
0.0192869       	-1.07002488e-04
0.0192875       	-1.07002488e-04
0.0192882       	-1.07002488e-04
0.0192888       	-1.07002488e-04
0.0192894       	-1.07002488e-04
0.01929         	-1.07002488e-04
0.0192906       	-1.07002488e-04
0.0192913       	-1.07002488e-04
0.0192919       	-1.07002488e-04
0.0192925       	-1.07002488e-04
0.0192932       	-1.07002488e-04
0.0192938       	-1.07002488e-04
0.0192944       	-1.07002488e-04
0.0192951       	-1.07002488e-04
0.0192957       	-1.07002488e-04
0.0192963       	-1.07002488e-04
0.019297        	-1.07002488e-04
0.0192976       	-1.07002488e-04
0.0192982       	-1.07002488e-04
0.0192989       	-1.07002488e-04
0.0192995       	-1.07002488e-04
0.0193001       	-1.07002488e-04
0.0193008       	-1.07002488e-04
0.0193014       	-1.07002488e-04
0.0193021       	-1.07002488e-04
0.0193027       	-1.07002488e-04
0.0193033       	-1.07002488e-04
0.019304        	-1.07002488e-04
0.0193046       	-1.07002488e-04
0.0193053       	-1.07002488e-04
0.0193059       	-1.07002488e-04
0.0193065       	-1.07002488e-04
0.0193072       	-1.07002488e-04
0.0193078       	-1.07002488e-04
0.0193085       	-1.07002488e-04
0.0193091       	-1.07002488e-04
0.0193098       	-1.07002488e-04
0.0193104       	-1.07002488e-04
0.0193111       	-1.07002488e-04
0.0193117       	-1.07002488e-04
0.0193124       	-1.07002488e-04
0.019313        	-1.07002488e-04
0.0193137       	-1.07002488e-04
0.0193143       	-1.07002488e-04
0.019315        	-1.07002488e-04
0.0193156       	-1.07002488e-04
0.0193163       	-1.07002488e-04
0.0193169       	-1.07002488e-04
0.0193176       	-1.07002488e-04
0.0193182       	-1.07002488e-04
0.0193189       	-1.07002488e-04
0.0193196       	-1.07002488e-04
0.0193202       	-1.07002488e-04
0.0193209       	-1.07002488e-04
0.0193215       	-1.07002488e-04
0.0193222       	-1.07002488e-04
0.0193228       	-1.07002488e-04
0.0193235       	-1.07002488e-04
0.0193241       	-1.07002488e-04
0.0193248       	-1.07002488e-04
0.0193254       	-1.07002488e-04
0.0193261       	-1.07002488e-04
0.0193268       	-1.07002488e-04
0.0193274       	-1.07002488e-04
0.0193281       	-1.07002488e-04
0.0193287       	-1.07002488e-04
0.0193294       	-1.07002488e-04
0.01933         	-1.07002488e-04
0.0193307       	-1.07002488e-04
0.0193313       	-1.07002488e-04
0.019332        	-1.07002488e-04
0.0193326       	-1.07002488e-04
0.0193333       	-1.07002488e-04
0.0193339       	-1.07002488e-04
0.0193346       	-1.07002488e-04
0.0193353       	-1.07002488e-04
0.0193359       	-1.07002488e-04
0.0193366       	-1.07002488e-04
0.0193372       	-1.07002488e-04
0.0193379       	-1.07002488e-04
0.0193385       	-1.07002488e-04
0.0193392       	-1.07002488e-04
0.0193398       	-1.07002488e-04
0.0193405       	-1.07002488e-04
0.0193411       	-1.07002488e-04
0.0193418       	-1.07002488e-04
0.0193424       	-1.07002488e-04
0.0193431       	-1.07002488e-04
0.0193438       	-1.07002488e-04
0.0193444       	-1.07002488e-04
0.0193451       	-1.07002488e-04
0.0193457       	-1.07002488e-04
0.0193464       	-1.07002488e-04
0.019347        	-1.07002488e-04
0.0193477       	-1.07002488e-04
0.0193483       	-1.07002488e-04
0.019349        	-1.07002488e-04
0.0193496       	-1.07002488e-04
0.0193503       	-1.07002488e-04
0.0193509       	-1.07002488e-04
0.0193516       	-1.07002488e-04
0.0193523       	-1.07002488e-04
0.0193529       	-1.07002488e-04
0.0193536       	-1.07002488e-04
0.0193542       	-1.07002488e-04
0.0193549       	-1.07002488e-04
0.0193556       	-1.07002488e-04
0.0193562       	-1.07002488e-04
0.0193569       	-1.07002488e-04
0.0193576       	-1.07002488e-04
0.0193582       	-1.07002488e-04
0.0193589       	-1.07002488e-04
0.0193595       	-1.07002488e-04
0.0193602       	-1.07002488e-04
0.0193609       	-1.07002488e-04
0.0193615       	-1.07002488e-04
0.0193622       	-1.07002488e-04
0.0193629       	-1.07002488e-04
0.0193635       	-1.07002488e-04
0.0193642       	-1.07002488e-04
0.0193649       	-1.07002488e-04
0.0193655       	-1.07002488e-04
0.0193662       	-1.07002488e-04
0.0193669       	-1.07002488e-04
0.0193676       	-1.07002488e-04
0.0193683       	-1.07002488e-04
0.0193689       	-1.07002488e-04
0.0193696       	-1.07002488e-04
0.0193703       	-1.07002488e-04
0.019371        	-1.07002488e-04
0.0193716       	-1.07002488e-04
0.0193723       	-1.07002488e-04
0.019373        	-1.07002488e-04
0.0193737       	-1.07002488e-04
0.0193743       	-1.07002488e-04
0.019375        	-1.07002488e-04
0.0193757       	-1.07002488e-04
0.0193764       	-1.07002488e-04
0.019377        	-1.07002488e-04
0.0193777       	-1.07002488e-04
0.0193784       	-1.07002488e-04
0.0193791       	-1.07002488e-04
0.0193798       	-1.07002488e-04
0.0193805       	-1.07002488e-04
0.0193812       	-1.07002488e-04
0.0193819       	-1.07002488e-04
0.0193826       	-1.07002488e-04
0.0193833       	-1.07002488e-04
0.019384        	-1.07002488e-04
0.0193847       	-1.07002488e-04
0.0193854       	-1.07002488e-04
0.0193861       	-1.07002488e-04
0.0193868       	-1.07002488e-04
0.0193875       	-1.07002488e-04
0.0193882       	-1.07002488e-04
0.0193889       	-1.07002488e-04
0.0193896       	-1.07002488e-04
0.0193903       	-1.07002488e-04
0.019391        	-1.07002488e-04
0.0193916       	-1.07002488e-04
0.0193923       	-1.07002488e-04
0.019393        	-1.07002488e-04
0.0193937       	-1.07002488e-04
0.0193944       	-1.07002488e-04
0.0193951       	-1.07002488e-04
0.0193958       	-1.07002488e-04
0.0193965       	-1.07002488e-04
0.0193972       	-1.07002488e-04
0.0193979       	-1.07002488e-04
0.0193986       	-1.07002488e-04
0.0193993       	-1.07002488e-04
0.0194          	-1.07002488e-04
0.0194007       	-1.07002488e-04
0.0194014       	-1.07002488e-04
0.0194021       	-1.07002488e-04
0.0194028       	-1.07002488e-04
0.0194035       	-1.07002488e-04
0.0194042       	-1.07002488e-04
0.0194049       	-1.07002488e-04
0.0194056       	-1.07002488e-04
0.0194063       	-1.07002488e-04
0.019407        	-1.07002488e-04
0.0194077       	-1.07002488e-04
0.0194084       	-1.07002488e-04
0.0194091       	-1.07002488e-04
0.0194098       	-1.07002488e-04
0.0194105       	-1.07002488e-04
0.0194112       	-1.07002488e-04
0.0194119       	-1.07002488e-04
0.0194126       	-1.07002488e-04
0.0194132       	-1.07002488e-04
0.0194139       	-1.07002488e-04
0.0194146       	-1.07002488e-04
0.0194153       	-1.07002488e-04
0.019416        	-1.07002488e-04
0.0194167       	-1.07002488e-04
0.0194174       	-1.07002488e-04
0.0194181       	-1.07002488e-04
0.0194188       	-1.07002488e-04
0.0194195       	-1.07002488e-04
0.0194202       	-1.07002488e-04
0.0194209       	-1.07002488e-04
0.0194216       	-1.07002488e-04
0.0194223       	-1.07002488e-04
0.019423        	-1.07002488e-04
0.0194237       	-1.07002488e-04
0.0194243       	-1.07002488e-04
0.019425        	-1.07002488e-04
0.0194257       	-1.07002488e-04
0.0194264       	-1.07002488e-04
0.0194271       	-1.07002488e-04
0.0194278       	-1.07002488e-04
0.0194285       	-1.07002488e-04
0.0194292       	-1.07002488e-04
0.0194299       	-1.07002488e-04
0.0194306       	-1.07002488e-04
0.0194313       	-1.07002488e-04
0.0194319       	-1.07002488e-04
0.0194326       	-1.07002488e-04
0.0194333       	-1.07002488e-04
0.019434        	-1.07002488e-04
0.0194347       	-1.07002488e-04
0.0194354       	-1.07002488e-04
0.0194361       	-1.07002488e-04
0.0194368       	-1.07002488e-04
0.0194375       	-1.07002488e-04
0.0194382       	-1.07002488e-04
0.0194389       	-1.07002488e-04
0.0194396       	-1.07002488e-04
0.0194402       	-1.07002488e-04
0.0194409       	-1.07002488e-04
0.0194416       	-1.07002488e-04
0.0194423       	-1.07002488e-04
0.019443        	-1.07002488e-04
0.0194437       	-1.07002488e-04
0.0194444       	-1.07002488e-04
0.0194451       	-1.07002488e-04
0.0194458       	-1.07002488e-04
0.0194465       	-1.07002488e-04
0.0194472       	-1.07002488e-04
0.0194479       	-1.07002488e-04
0.0194485       	-1.07002488e-04
0.0194492       	-1.07002488e-04
0.0194499       	-1.07002488e-04
0.0194506       	-1.07002488e-04
0.0194513       	-1.07002488e-04
0.019452        	-1.07002488e-04
0.0194527       	-1.07002488e-04
0.0194534       	-1.07002488e-04
0.0194541       	-1.07002488e-04
0.0194548       	-1.07002488e-04
0.0194555       	-1.07002488e-04
0.0194562       	-1.07002488e-04
0.0194569       	-1.07002488e-04
0.0194576       	-1.07002488e-04
0.0194583       	-1.07002488e-04
0.019459        	-1.07002488e-04
0.0194597       	-1.07002488e-04
0.0194604       	-1.07002488e-04
0.0194611       	-1.07002488e-04
0.0194618       	-1.07002488e-04
0.0194625       	-1.07002488e-04
0.0194632       	-1.07002488e-04
0.0194639       	-1.07002488e-04
0.0194646       	-1.07002488e-04
0.0194652       	-1.07002488e-04
0.019466        	-1.07002488e-04
0.0194667       	-1.07002488e-04
0.0194674       	-1.07002488e-04
0.0194681       	-1.07002488e-04
0.0194688       	-1.07002488e-04
0.0194695       	-1.07002488e-04
0.0194702       	-1.07002488e-04
0.0194709       	-1.07002488e-04
0.0194716       	-1.07002488e-04
0.0194723       	-1.07002488e-04
0.019473        	-1.07002488e-04
0.0194737       	-1.07002488e-04
0.0194744       	-1.07002488e-04
0.0194751       	-1.07002488e-04
0.0194758       	-1.07002488e-04
0.0194765       	-1.07002488e-04
0.0194772       	-1.07002488e-04
0.0194779       	-1.07002488e-04
0.0194786       	-1.07002488e-04
0.0194793       	-1.07002488e-04
0.01948         	-1.07002488e-04
0.0194807       	-1.07002488e-04
0.0194814       	-1.07002488e-04
0.0194821       	-1.07002488e-04
0.0194828       	-1.07002488e-04
0.0194835       	-1.07002488e-04
0.0194843       	-1.07002488e-04
0.019485        	-1.07002488e-04
0.0194857       	-1.07002488e-04
0.0194864       	-1.07002488e-04
0.0194871       	-1.07002488e-04
0.0194878       	-1.07002488e-04
0.0194885       	-1.07002488e-04
0.0194892       	-1.07002488e-04
0.0194899       	-1.07002488e-04
0.0194906       	-1.07002488e-04
0.0194913       	-1.07002488e-04
0.019492        	-1.07002488e-04
0.0194927       	-1.07002488e-04
0.0194934       	-1.07002488e-04
0.0194941       	-1.07002488e-04
0.0194948       	-1.07002488e-04
0.0194955       	-1.07002488e-04
0.0194962       	-1.07002488e-04
0.0194969       	-1.07002488e-04
0.0194976       	-1.07002488e-04
0.0194983       	-1.07002488e-04
0.019499        	-1.07002488e-04
0.0194997       	-1.07002488e-04
0.0195004       	-1.07002488e-04
0.0195011       	-1.07002488e-04
0.0195018       	-1.07002488e-04
0.0195025       	-1.07002488e-04
0.0195032       	-1.07002488e-04
0.0195039       	-1.07002488e-04
0.0195046       	-1.07002488e-04
0.0195053       	-1.07002488e-04
0.0195059       	-1.07002488e-04
0.0195066       	-1.07002488e-04
0.0195073       	-1.07002488e-04
0.019508        	-1.07002488e-04
0.0195087       	-1.07002488e-04
0.0195094       	-1.07002488e-04
0.0195101       	-1.07002488e-04
0.0195108       	-1.07002488e-04
0.0195114       	-1.07002488e-04
0.0195121       	-1.07002488e-04
0.0195128       	-1.07002488e-04
0.0195135       	-1.07002488e-04
0.0195142       	-1.07002488e-04
0.0195149       	-1.07002488e-04
0.0195155       	-1.07002488e-04
0.0195162       	-1.07002488e-04
0.0195169       	-1.07002488e-04
0.0195176       	-1.07002488e-04
0.0195183       	-1.07002488e-04
0.0195189       	-1.07002488e-04
0.0195196       	-1.07002488e-04
0.0195203       	-1.07002488e-04
0.019521        	-1.07002488e-04
0.0195216       	-1.07002488e-04
0.0195223       	-1.07002488e-04
0.019523        	-1.07002488e-04
0.0195236       	-1.07002488e-04
0.0195243       	-1.07002488e-04
0.019525        	-1.07002488e-04
0.0195257       	-1.07002488e-04
0.0195263       	-1.07002488e-04
0.019527        	-1.07002488e-04
0.0195277       	-1.07002488e-04
0.0195283       	-1.07002488e-04
0.019529        	-1.07002488e-04
0.0195297       	-1.07002488e-04
0.0195303       	-1.07002488e-04
0.019531        	-1.07002488e-04
0.0195317       	-1.07002488e-04
0.0195323       	-1.07002488e-04
0.019533        	-1.07002488e-04
0.0195337       	-1.07002488e-04
0.0195343       	-1.07002488e-04
0.019535        	-1.07002488e-04
0.0195356       	-1.07002488e-04
0.0195363       	-1.07002488e-04
0.019537        	-1.07002488e-04
0.0195376       	-1.07002488e-04
0.0195383       	-1.07002488e-04
0.019539        	-1.07002488e-04
0.0195396       	-1.07002488e-04
0.0195403       	-1.07002488e-04
0.0195409       	-1.07002488e-04
0.0195416       	-1.07002488e-04
0.0195422       	-1.07002488e-04
0.0195429       	-1.07002488e-04
0.0195435       	-1.07002488e-04
0.0195442       	-1.07002488e-04
0.0195449       	-1.07002488e-04
0.0195455       	-1.07002488e-04
0.0195462       	-1.07002488e-04
0.0195468       	-1.07002488e-04
0.0195475       	-1.07002488e-04
0.0195481       	-1.07002488e-04
0.0195488       	-1.07002488e-04
0.0195495       	-1.07002488e-04
0.0195501       	-1.07002488e-04
0.0195508       	-1.07002488e-04
0.0195514       	-1.07002488e-04
0.0195521       	-1.07002488e-04
0.0195527       	-1.07002488e-04
0.0195534       	-1.07002488e-04
0.019554        	-1.07002488e-04
0.0195547       	-1.07002488e-04
0.0195554       	-1.07002488e-04
0.019556        	-1.07002488e-04
0.0195567       	-1.07002488e-04
0.0195573       	-1.07002488e-04
0.019558        	-1.07002488e-04
0.0195586       	-1.07002488e-04
0.0195593       	-1.07002488e-04
0.01956         	-1.07002488e-04
0.0195606       	-1.07002488e-04
0.0195613       	-1.07002488e-04
0.0195619       	-1.07002488e-04
0.0195626       	-1.07002488e-04
0.0195632       	-1.07002488e-04
0.0195639       	-1.07002488e-04
0.0195646       	-1.07002488e-04
0.0195652       	-1.07002488e-04
0.0195659       	-1.07002488e-04
0.0195665       	-1.07002488e-04
0.0195672       	-1.07002488e-04
0.0195678       	-1.07002488e-04
0.0195685       	-1.07002488e-04
0.0195691       	-1.07002488e-04
0.0195698       	-1.07002488e-04
0.0195705       	-1.07002488e-04
0.0195711       	-1.07002488e-04
0.0195718       	-1.07002488e-04
0.0195724       	-1.07002488e-04
0.0195731       	-1.07002488e-04
0.0195737       	-1.07002488e-04
0.0195744       	-1.07002488e-04
0.0195751       	-1.07002488e-04
0.0195757       	-1.07002488e-04
0.0195764       	-1.07002488e-04
0.019577        	-1.07002488e-04
0.0195777       	-1.07002488e-04
0.0195783       	-1.07002488e-04
0.019579        	-1.07002488e-04
0.0195797       	-1.07002488e-04
0.0195803       	-1.07002488e-04
0.019581        	-1.07002488e-04
0.0195816       	-1.07002488e-04
0.0195823       	-1.07002488e-04
0.0195829       	-1.07002488e-04
0.0195836       	-1.07002488e-04
0.0195842       	-1.07002488e-04
0.0195849       	-1.07002488e-04
0.0195856       	-1.07002488e-04
0.0195862       	-1.07002488e-04
0.0195869       	-1.07002488e-04
0.0195875       	-1.07002488e-04
0.0195882       	-1.07002488e-04
0.0195888       	-1.07002488e-04
0.0195895       	-1.07002488e-04
0.0195902       	-1.07002488e-04
0.0195908       	-1.07002488e-04
0.0195915       	-1.07002488e-04
0.0195921       	-1.07002488e-04
0.0195928       	-1.07002488e-04
0.0195934       	-1.07002488e-04
0.0195941       	-1.07002488e-04
0.0195947       	-1.07002488e-04
0.0195954       	-1.07002488e-04
0.0195961       	-1.07002488e-04
0.0195967       	-1.07002488e-04
0.0195974       	-1.07002488e-04
0.019598        	-1.07002488e-04
0.0195987       	-1.07002488e-04
0.0195993       	-1.07002488e-04
0.0196          	-1.07002488e-04
0.0196007       	-1.07002488e-04
0.0196013       	-1.07002488e-04
0.019602        	-1.07002488e-04
0.0196026       	-1.07002488e-04
0.0196033       	-1.07002488e-04
0.0196039       	-1.07002488e-04
0.0196046       	-1.07002488e-04
0.0196052       	-1.07002488e-04
0.0196059       	-1.07002488e-04
0.0196065       	-1.07002488e-04
0.0196072       	-1.07002488e-04
0.0196078       	-1.07002488e-04
0.0196085       	-1.07002488e-04
0.0196091       	-1.07002488e-04
0.0196098       	-1.07002488e-04
0.0196104       	-1.07002488e-04
0.0196111       	-1.07002488e-04
0.0196117       	-1.07002488e-04
0.0196123       	-1.07002488e-04
0.019613        	-1.07002488e-04
0.0196136       	-1.07002488e-04
0.0196143       	-1.07002488e-04
0.0196149       	-1.07002488e-04
0.0196156       	-1.07002488e-04
0.0196162       	-1.07002488e-04
0.0196169       	-1.07002488e-04
0.0196175       	-1.07002488e-04
0.0196181       	-1.07002488e-04
0.0196188       	-1.07002488e-04
0.0196194       	-1.07002488e-04
0.0196201       	-1.07002488e-04
0.0196207       	-1.07002488e-04
0.0196213       	-1.07002488e-04
0.019622        	-1.07002488e-04
0.0196226       	-1.07002488e-04
0.0196233       	-1.07002488e-04
0.0196239       	-1.07002488e-04
0.0196245       	-1.07002488e-04
0.0196252       	-1.07002488e-04
0.0196258       	-1.07002488e-04
0.0196265       	-1.07002488e-04
0.0196271       	-1.07002488e-04
0.0196277       	-1.07002488e-04
0.0196284       	-1.07002488e-04
0.019629        	-1.07002488e-04
0.0196297       	-1.07002488e-04
0.0196303       	-1.07002488e-04
0.0196309       	-1.07002488e-04
0.0196316       	-1.07002488e-04
0.0196322       	-1.07002488e-04
0.0196328       	-1.07002488e-04
0.0196335       	-1.07002488e-04
0.0196341       	-1.07002488e-04
0.0196347       	-1.07002488e-04
0.0196354       	-1.07002488e-04
0.019636        	-1.07002488e-04
0.0196367       	-1.07002488e-04
0.0196373       	-1.07002488e-04
0.0196379       	-1.07002488e-04
0.0196386       	-1.07002488e-04
0.0196392       	-1.07002488e-04
0.0196398       	-1.07002488e-04
0.0196405       	-1.07002488e-04
0.0196411       	-1.07002488e-04
0.0196418       	-1.07002488e-04
0.0196424       	-1.07002488e-04
0.019643        	-1.07002488e-04
0.0196437       	-1.07002488e-04
0.0196443       	-1.07002488e-04
0.019645        	-1.07002488e-04
0.0196456       	-1.07002488e-04
0.0196463       	-1.07002488e-04
0.0196469       	-1.07002488e-04
0.0196475       	-1.07002488e-04
0.0196482       	-1.07002488e-04
0.0196488       	-1.07002488e-04
0.0196495       	-1.07002488e-04
0.0196501       	-1.07002488e-04
0.0196508       	-1.07002488e-04
0.0196514       	-1.07002488e-04
0.0196521       	-1.07002488e-04
0.0196527       	-1.07002488e-04
0.0196534       	-1.07002488e-04
0.019654        	-1.07002488e-04
0.0196547       	-1.07002488e-04
0.0196553       	-1.07002488e-04
0.019656        	-1.07002488e-04
0.0196566       	-1.07002488e-04
0.0196573       	-1.07002488e-04
0.0196579       	-1.07002488e-04
0.0196586       	-1.07002488e-04
0.0196592       	-1.07002488e-04
0.0196599       	-1.07002488e-04
0.0196605       	-1.07002488e-04
0.0196612       	-1.07002488e-04
0.0196618       	-1.07002488e-04
0.0196625       	-1.07002488e-04
0.0196631       	-1.07002488e-04
0.0196638       	-1.07002488e-04
0.0196645       	-1.07002488e-04
0.0196651       	-1.07002488e-04
0.0196658       	-1.07002488e-04
0.0196664       	-1.07002488e-04
0.0196671       	-1.07002488e-04
0.0196678       	-1.07002488e-04
0.0196684       	-1.07002488e-04
0.0196691       	-1.07002488e-04
0.0196697       	-1.07002488e-04
0.0196704       	-1.07002488e-04
0.0196711       	-1.07002488e-04
0.0196717       	-1.07002488e-04
0.0196724       	-1.07002488e-04
0.019673        	-1.07002488e-04
0.0196737       	-1.07002488e-04
0.0196744       	-1.07002488e-04
0.019675        	-1.07002488e-04
0.0196757       	-1.07002488e-04
0.0196764       	-1.07002488e-04
0.019677        	-1.07002488e-04
0.0196777       	-1.07002488e-04
0.0196784       	-1.07002488e-04
0.019679        	-1.07002488e-04
0.0196797       	-1.07002488e-04
0.0196804       	-1.07002488e-04
0.019681        	-1.07002488e-04
0.0196817       	-1.07002488e-04
0.0196823       	-1.07002488e-04
0.019683        	-1.07002488e-04
0.0196837       	-1.07002488e-04
0.0196843       	-1.07002488e-04
0.019685        	-1.07002488e-04
0.0196857       	-1.07002488e-04
0.0196863       	-1.07002488e-04
0.019687        	-1.07002488e-04
0.0196877       	-1.07002488e-04
0.0196883       	-1.07002488e-04
0.019689        	-1.07002488e-04
0.0196897       	-1.07002488e-04
0.0196903       	-1.07002488e-04
0.019691        	-1.07002488e-04
0.0196917       	-1.07002488e-04
0.0196923       	-1.07002488e-04
0.019693        	-1.07002488e-04
0.0196936       	-1.07002488e-04
0.0196943       	-1.07002488e-04
0.019695        	-1.07002488e-04
0.0196956       	-1.07002488e-04
0.0196963       	-1.07002488e-04
0.019697        	-1.07002488e-04
0.0196976       	-1.07002488e-04
0.0196983       	-1.07002488e-04
0.019699        	-1.07002488e-04
0.0196996       	-1.07002488e-04
0.0197003       	-1.07002488e-04
0.019701        	-1.07002488e-04
0.0197017       	-1.07002488e-04
0.0197023       	-1.07002488e-04
0.019703        	-1.07002488e-04
0.0197037       	-1.07002488e-04
0.0197043       	-1.07002488e-04
0.019705        	-1.07002488e-04
0.0197057       	-1.07002488e-04
0.0197063       	-1.07002488e-04
0.019707        	-1.07002488e-04
0.0197077       	-1.07002488e-04
0.0197083       	-1.07002488e-04
0.019709        	-1.07002488e-04
0.0197097       	-1.07002488e-04
0.0197104       	-1.07002488e-04
0.019711        	-1.07002488e-04
0.0197117       	-1.07002488e-04
0.0197124       	-1.07002488e-04
0.0197131       	-1.07002488e-04
0.0197137       	-1.07002488e-04
0.0197144       	-1.07002488e-04
0.0197151       	-1.07002488e-04
0.0197157       	-1.07002488e-04
0.0197164       	-1.07002488e-04
0.0197171       	-1.07002488e-04
0.0197178       	-1.07002488e-04
0.0197185       	-1.07002488e-04
0.0197191       	-1.07002488e-04
0.0197198       	-1.07002488e-04
0.0197205       	-1.07002488e-04
0.0197212       	-1.07002488e-04
0.0197219       	-1.07002488e-04
0.0197225       	-1.07002488e-04
0.0197232       	-1.07002488e-04
0.0197239       	-1.07002488e-04
0.0197246       	-1.07002488e-04
0.0197253       	-1.07002488e-04
0.019726        	-1.07002488e-04
0.0197267       	-1.07002488e-04
0.0197273       	-1.07002488e-04
0.019728        	-1.07002488e-04
0.0197287       	-1.07002488e-04
0.0197294       	-1.07002488e-04
0.0197301       	-1.07002488e-04
0.0197308       	-1.07002488e-04
0.0197315       	-1.07002488e-04
0.0197322       	-1.07002488e-04
0.0197329       	-1.07002488e-04
0.0197336       	-1.07002488e-04
0.0197343       	-1.07002488e-04
0.0197349       	-1.07002488e-04
0.0197356       	-1.07002488e-04
0.0197363       	-1.07002488e-04
0.019737        	-1.07002488e-04
0.0197377       	-1.07002488e-04
0.0197384       	-1.07002488e-04
0.0197391       	-1.07002488e-04
0.0197398       	-1.07002488e-04
0.0197405       	-1.07002488e-04
0.0197412       	-1.07002488e-04
0.0197419       	-1.07002488e-04
0.0197426       	-1.07002488e-04
0.0197433       	-1.07002488e-04
0.019744        	-1.07002488e-04
0.0197447       	-1.07002488e-04
0.0197454       	-1.07002488e-04
0.0197462       	-1.07002488e-04
0.0197469       	-1.07002488e-04
0.0197476       	-1.07002488e-04
0.0197483       	-1.07002488e-04
0.019749        	-1.07002488e-04
0.0197497       	-1.07002488e-04
0.0197504       	-1.07002488e-04
0.0197511       	-1.07002488e-04
0.0197518       	-1.07002488e-04
0.0197525       	-1.07002488e-04
0.0197532       	-1.07002488e-04
0.0197539       	-1.07002488e-04
0.0197547       	-1.07002488e-04
0.0197554       	-1.07002488e-04
0.0197561       	-1.07002488e-04
0.0197568       	-1.07002488e-04
0.0197575       	-1.07002488e-04
0.0197582       	-1.07002488e-04
0.0197589       	-1.07002488e-04
0.0197596       	-1.07002488e-04
0.0197603       	-1.07002488e-04
0.019761        	-1.07002488e-04
0.0197617       	-1.07002488e-04
0.0197624       	-1.07002488e-04
0.0197632       	-1.07002488e-04
0.0197639       	-1.07002488e-04
0.0197646       	-1.07002488e-04
0.0197653       	-1.07002488e-04
0.019766        	-1.07002488e-04
0.0197667       	-1.07002488e-04
0.0197674       	-1.07002488e-04
0.0197681       	-1.07002488e-04
0.0197688       	-1.07002488e-04
0.0197695       	-1.07002488e-04
0.0197702       	-1.07002488e-04
0.0197709       	-1.07002488e-04
0.0197717       	-1.07002488e-04
0.0197724       	-1.07002488e-04
0.0197731       	-1.07002488e-04
0.0197738       	-1.07002488e-04
0.0197745       	-1.07002488e-04
0.0197752       	-1.07002488e-04
0.0197759       	-1.07002488e-04
0.0197766       	-1.07002488e-04
0.0197773       	-1.07002488e-04
0.019778        	-1.07002488e-04
0.0197787       	-1.07002488e-04
0.0197795       	-1.07002488e-04
0.0197802       	-1.07002488e-04
0.0197809       	-1.07002488e-04
0.0197816       	-1.07002488e-04
0.0197823       	-1.07002488e-04
0.019783        	-1.07002488e-04
0.0197837       	-1.07002488e-04
0.0197844       	-1.07002488e-04
0.0197851       	-1.07002488e-04
0.0197858       	-1.07002488e-04
0.0197865       	-1.07002488e-04
0.0197872       	-1.07002488e-04
0.019788        	-1.07002488e-04
0.0197887       	-1.07002488e-04
0.0197894       	-1.07002488e-04
0.0197901       	-1.07002488e-04
0.0197908       	-1.07002488e-04
0.0197915       	-1.07002488e-04
0.0197922       	-1.07002488e-04
0.0197929       	-1.07002488e-04
0.0197936       	-1.07002488e-04
0.0197943       	-1.07002488e-04
0.019795        	-1.07002488e-04
0.0197957       	-1.07002488e-04
0.0197965       	-1.07002488e-04
0.0197972       	-1.07002488e-04
0.0197979       	-1.07002488e-04
0.0197986       	-1.07002488e-04
0.0197993       	-1.07002488e-04
0.0198          	-1.07002488e-04
0.0198007       	-1.07002488e-04
0.0198014       	-1.07002488e-04
0.0198021       	-1.07002488e-04
0.0198029       	-1.07002488e-04
0.0198036       	-1.07002488e-04
0.0198043       	-1.07002488e-04
0.019805        	-1.07002488e-04
0.0198057       	-1.07002488e-04
0.0198064       	-1.07002488e-04
0.0198072       	-1.07002488e-04
0.0198079       	-1.07002488e-04
0.0198086       	-1.07002488e-04
0.0198093       	-1.07002488e-04
0.01981         	-1.07002488e-04
0.0198108       	-1.07002488e-04
0.0198115       	-1.07002488e-04
0.0198122       	-1.07002488e-04
0.0198129       	-1.07002488e-04
0.0198136       	-1.07002488e-04
0.0198144       	-1.07002488e-04
0.0198151       	-1.07002488e-04
0.0198158       	-1.07002488e-04
0.0198165       	-1.07002488e-04
0.0198172       	-1.07002488e-04
0.019818        	-1.07002488e-04
0.0198187       	-1.07002488e-04
0.0198194       	-1.07002488e-04
0.0198201       	-1.07002488e-04
0.0198209       	-1.07002488e-04
0.0198216       	-1.07002488e-04
0.0198223       	-1.07002488e-04
0.019823        	-1.07002488e-04
0.0198237       	-1.07002488e-04
0.0198245       	-1.07002488e-04
0.0198252       	-1.07002488e-04
0.0198259       	-1.07002488e-04
0.0198266       	-1.07002488e-04
0.0198274       	-1.07002488e-04
0.0198281       	-1.07002488e-04
0.0198288       	-1.07002488e-04
0.0198295       	-1.07002488e-04
0.0198302       	-1.07002488e-04
0.019831        	-1.07002488e-04
0.0198317       	-1.07002488e-04
0.0198324       	-1.07002488e-04
0.0198331       	-1.07002488e-04
0.0198339       	-1.07002488e-04
0.0198346       	-1.07002488e-04
0.0198353       	-1.07002488e-04
0.019836        	-1.07002488e-04
0.0198367       	-1.07002488e-04
0.0198375       	-1.07002488e-04
0.0198382       	-1.07002488e-04
0.0198389       	-1.07002488e-04
0.0198396       	-1.07002488e-04
0.0198404       	-1.07002488e-04
0.0198411       	-1.07002488e-04
0.0198418       	-1.07002488e-04
0.0198425       	-1.07002488e-04
0.0198433       	-1.07002488e-04
0.019844        	-1.07002488e-04
0.0198447       	-1.07002488e-04
0.0198454       	-1.07002488e-04
0.0198462       	-1.07002488e-04
0.0198469       	-1.07002488e-04
0.0198476       	-1.07002488e-04
0.0198483       	-1.07002488e-04
0.019849        	-1.07002488e-04
0.0198498       	-1.07002488e-04
0.0198505       	-1.07002488e-04
0.0198512       	-1.07002488e-04
0.0198519       	-1.07002488e-04
0.0198527       	-1.07002488e-04
0.0198534       	-1.07002488e-04
0.0198541       	-1.07002488e-04
0.0198548       	-1.07002488e-04
0.0198555       	-1.07002488e-04
0.0198563       	-1.07002488e-04
0.019857        	-1.07002488e-04
0.0198577       	-1.07002488e-04
0.0198584       	-1.07002488e-04
0.0198592       	-1.07002488e-04
0.0198599       	-1.07002488e-04
0.0198606       	-1.07002488e-04
0.0198613       	-1.07002488e-04
0.019862        	-1.07002488e-04
0.0198628       	-1.07002488e-04
0.0198635       	-1.07002488e-04
0.0198642       	-1.07002488e-04
0.0198649       	-1.07002488e-04
0.0198656       	-1.07002488e-04
0.0198664       	-1.07002488e-04
0.0198671       	-1.07002488e-04
0.0198678       	-1.07002488e-04
0.0198685       	-1.07002488e-04
0.0198692       	-1.07002488e-04
0.01987         	-1.07002488e-04
0.0198707       	-1.07002488e-04
0.0198714       	-1.07002488e-04
0.0198721       	-1.07002488e-04
0.0198728       	-1.07002488e-04
0.0198736       	-1.07002488e-04
0.0198743       	-1.07002488e-04
0.019875        	-1.07002488e-04
0.0198757       	-1.07002488e-04
0.0198764       	-1.07002488e-04
0.0198771       	-1.07002488e-04
0.0198778       	-1.07002488e-04
0.0198786       	-1.07002488e-04
0.0198793       	-1.07002488e-04
0.01988         	-1.07002488e-04
0.0198807       	-1.07002488e-04
0.0198814       	-1.07002488e-04
0.0198821       	-1.07002488e-04
0.0198828       	-1.07002488e-04
0.0198836       	-1.07002488e-04
0.0198843       	-1.07002488e-04
0.019885        	-1.07002488e-04
0.0198857       	-1.07002488e-04
0.0198864       	-1.07002488e-04
0.0198871       	-1.07002488e-04
0.0198878       	-1.07002488e-04
0.0198885       	-1.07002488e-04
0.0198892       	-1.07002488e-04
0.01989         	-1.07002488e-04
0.0198907       	-1.07002488e-04
0.0198914       	-1.07002488e-04
0.0198921       	-1.07002488e-04
0.0198928       	-1.07002488e-04
0.0198935       	-1.07002488e-04
0.0198942       	-1.07002488e-04
0.0198949       	-1.07002488e-04
0.0198956       	-1.07002488e-04
0.0198963       	-1.07002488e-04
0.0198971       	-1.07002488e-04
0.0198978       	-1.07002488e-04
0.0198985       	-1.07002488e-04
0.0198992       	-1.07002488e-04
0.0198999       	-1.07002488e-04
0.0199006       	-1.07002488e-04
0.0199013       	-1.07002488e-04
0.019902        	-1.07002488e-04
0.0199027       	-1.07002488e-04
0.0199034       	-1.07002488e-04
0.0199042       	-1.07002488e-04
0.0199049       	-1.07002488e-04
0.0199056       	-1.07002488e-04
0.0199063       	-1.07002488e-04
0.019907        	-1.07002488e-04
0.0199077       	-1.07002488e-04
0.0199084       	-1.07002488e-04
0.0199091       	-1.07002488e-04
0.0199098       	-1.07002488e-04
0.0199105       	-1.07002488e-04
0.0199113       	-1.07002488e-04
0.019912        	-1.07002488e-04
0.0199127       	-1.07002488e-04
0.0199134       	-1.07002488e-04
0.0199141       	-1.07002488e-04
0.0199148       	-1.07002488e-04
0.0199155       	-1.07002488e-04
0.0199162       	-1.07002488e-04
0.0199169       	-1.07002488e-04
0.0199176       	-1.07002488e-04
0.0199184       	-1.07002488e-04
0.0199191       	-1.07002488e-04
0.0199198       	-1.07002488e-04
0.0199205       	-1.07002488e-04
0.0199212       	-1.07002488e-04
0.0199219       	-1.07002488e-04
0.0199226       	-1.07002488e-04
0.0199233       	-1.07002488e-04
0.019924        	-1.07002488e-04
0.0199248       	-1.07002488e-04
0.0199255       	-1.07002488e-04
0.0199262       	-1.07002488e-04
0.0199269       	-1.07002488e-04
0.0199276       	-1.07002488e-04
0.0199283       	-1.07002488e-04
0.0199291       	-1.07002488e-04
0.0199298       	-1.07002488e-04
0.0199305       	-1.07002488e-04
0.0199312       	-1.07002488e-04
0.0199319       	-1.07002488e-04
0.0199326       	-1.07002488e-04
0.0199334       	-1.07002488e-04
0.0199341       	-1.07002488e-04
0.0199348       	-1.07002488e-04
0.0199355       	-1.07002488e-04
0.0199362       	-1.07002488e-04
0.0199369       	-1.07002488e-04
0.0199377       	-1.07002488e-04
0.0199384       	-1.07002488e-04
0.0199391       	-1.07002488e-04
0.0199398       	-1.07002488e-04
0.0199405       	-1.07002488e-04
0.0199412       	-1.07002488e-04
0.019942        	-1.07002488e-04
0.0199427       	-1.07002488e-04
0.0199434       	-1.07002488e-04
0.0199441       	-1.07002488e-04
0.0199448       	-1.07002488e-04
0.0199455       	-1.07002488e-04
0.0199463       	-1.07002488e-04
0.019947        	-1.07002488e-04
0.0199477       	-1.07002488e-04
0.0199484       	-1.07002488e-04
0.0199491       	-1.07002488e-04
0.0199498       	-1.07002488e-04
0.0199506       	-1.07002488e-04
0.0199513       	-1.07002488e-04
0.019952        	-1.07002488e-04
0.0199527       	-1.07002488e-04
0.0199534       	-1.07002488e-04
0.0199541       	-1.07002488e-04
0.0199549       	-1.07002488e-04
0.0199556       	-1.07002488e-04
0.0199563       	-1.07002488e-04
0.019957        	-1.07002488e-04
0.0199577       	-1.07002488e-04
0.0199584       	-1.07002488e-04
0.0199591       	-1.07002488e-04
0.0199599       	-1.07002488e-04
0.0199606       	-1.07002488e-04
0.0199613       	-1.07002488e-04
0.019962        	-1.07002488e-04
0.0199627       	-1.07002488e-04
0.0199634       	-1.07002488e-04
0.0199641       	-1.07002488e-04
0.0199648       	-1.07002488e-04
0.0199655       	-1.07002488e-04
0.0199662       	-1.07002488e-04
0.0199669       	-1.07002488e-04
0.0199676       	-1.07002488e-04
0.0199683       	-1.07002488e-04
0.019969        	-1.07002488e-04
0.0199697       	-1.07002488e-04
0.0199704       	-1.07002488e-04
0.0199711       	-1.07002488e-04
0.0199718       	-1.07002488e-04
0.0199725       	-1.07002488e-04
0.0199732       	-1.07002488e-04
0.0199739       	-1.07002488e-04
0.0199746       	-1.07002488e-04
0.0199753       	-1.07002488e-04
0.019976        	-1.07002488e-04
0.0199767       	-1.07002488e-04
0.0199774       	-1.07002488e-04
0.0199781       	-1.07002488e-04
0.0199788       	-1.07002488e-04
0.0199795       	-1.07002488e-04
0.0199801       	-1.07002488e-04
0.0199808       	-1.07002488e-04
0.0199815       	-1.07002488e-04
0.0199822       	-1.07002488e-04
0.0199829       	-1.07002488e-04
0.0199836       	-1.07002488e-04
0.0199842       	-1.07002488e-04
0.0199849       	-1.07002488e-04
0.0199856       	-1.07002488e-04
0.0199863       	-1.07002488e-04
0.019987        	-1.07002488e-04
0.0199877       	-1.07002488e-04
0.0199884       	-1.07002488e-04
0.019989        	-1.07002488e-04
0.0199897       	-1.07002488e-04
0.0199904       	-1.07002488e-04
0.0199911       	-1.07002488e-04
0.0199918       	-1.07002488e-04
0.0199925       	-1.07002488e-04
0.0199932       	-1.07002488e-04
0.0199938       	-1.07002488e-04
0.0199945       	-1.07002488e-04
0.0199952       	-1.07002488e-04
0.0199959       	-1.07002488e-04
0.0199966       	-1.07002488e-04
0.0199973       	-1.07002488e-04
0.0199979       	-1.07002488e-04
0.0199986       	-1.07002488e-04
0.0199993       	-1.07002488e-04
0.02            	-1.07002488e-04
